{"type":"FeatureCollection","features":[{"type":"Feature","properties":{"name":"Turkana"},"geometry":{"type":"MultiPolygon","coordinates":[[[[36.0506,4.4562],[35.9439,4.548],[35.9389,4.5844],[35.9493,4.6286],[35.8121,4.7824],[35.8118,5.0957],[35.8268,5.1123],[35.8285,5.1171],[35.8338,5.1219],[35.8379,5.1233],[35.8465,5.1396],[35.8499,5.1431],[35.8512,5.1472],[35.8577,5.1496],[35.859,5.1542],[35.8619,5.1574],[35.8614,5.1624],[35.8649,5.1717],[35.8641,5.1825],[35.8547,5.2021],[35.8526,5.2037],[35.8454,5.2048],[35.8387,5.2113],[35.8335,5.2285],[35.8282,5.2368],[35.8277,5.2422],[35.8302,5.2623],[35.8366,5.2699],[35.8427,5.2724],[35.8428,5.2762],[35.848,5.2799],[35.8534,5.2898],[35.8602,5.2912],[35.8593,5.2944],[35.8641,5.3016],[35.864,5.3091],[35.862,5.3136],[35.8632,5.3201],[35.8598,5.3209],[35.8558,5.3183],[35.8535,5.322],[35.8414,5.3286],[35.8407,5.3341],[35.8304,5.336],[35.8224,5.3352],[35.8199,5.3372],[35.819,5.3416],[35.8087,5.343],[35.8055,5.3471],[35.8016,5.3449],[35.7954,5.3445],[35.7933,5.3464],[35.7905,5.3454],[35.7852,5.3531],[35.7825,5.3549],[35.7796,5.3553],[35.7771,5.3533],[35.7749,5.3562],[35.773,5.3562],[35.7723,5.3538],[35.7752,5.3483],[35.7739,5.3472],[35.7695,5.3507],[35.7613,5.3532],[35.759,5.3561],[35.7542,5.3576],[35.7553,5.3616],[35.7517,5.3659],[35.7551,5.3669],[35.7553,5.3682],[35.7509,5.3733],[35.747,5.3691],[35.7457,5.3736],[35.7398,5.3756],[35.7386,5.3751],[35.7389,5.3725],[35.7373,5.3726],[35.7355,5.3781],[35.7294,5.3733],[35.7273,5.3776],[35.7249,5.373],[35.7222,5.3718],[35.7214,5.3737],[35.7237,5.379],[35.7224,5.3863],[35.7206,5.3877],[35.7172,5.3847],[35.7156,5.3852],[35.7166,5.3912],[35.7122,5.3892],[35.7076,5.3901],[35.7023,5.3889],[35.701,5.3913],[35.6986,5.3915],[35.6894,5.3851],[35.6871,5.3876],[35.682,5.386],[35.6796,5.3895],[35.677,5.3857],[35.6714,5.3844],[35.6659,5.3873],[35.6554,5.3873],[35.6545,5.3885],[35.6554,5.3909],[35.6537,5.3934],[35.6517,5.3936],[35.6483,5.3892],[35.6424,5.3887],[35.6389,5.3861],[35.6356,5.3857],[35.6322,5.3823],[35.6228,5.3832],[35.618,5.3805],[35.6168,5.3827],[35.6203,5.3925],[35.6199,5.3938],[35.6161,5.3952],[35.618,5.4013],[35.6167,5.4039],[35.6136,5.4048],[35.6099,5.4025],[35.6055,5.4038],[35.605,5.3986],[35.6006,5.3984],[35.595,5.4042],[35.5899,5.4069],[35.5925,5.4108],[35.5875,5.4155],[35.5598,5.4229],[35.485,5.4297],[35.2918,5.4306],[35.1946,5.2767],[34.3658,4.5766],[33.9928,4.2225],[34.039,4.1875],[34.0486,4.1783],[34.067,4.1422],[34.0508,4.1208],[34.064,4.0932],[34.0818,4.085],[34.0931,4.0687],[34.0931,4.047],[34.0904,4.0376],[34.0598,4.0279],[34.062,4.0094],[34.0815,4.0035],[34.0956,3.9865],[34.1059,3.9769],[34.1344,3.9616],[34.1341,3.9558],[34.1194,3.902],[34.1155,3.8976],[34.0912,3.8856],[34.0885,3.8616],[34.0926,3.8602],[34.1089,3.8687],[34.1278,3.8722],[34.1495,3.8689],[34.1672,3.8703],[34.1695,3.8756],[34.1754,3.88],[34.2044,3.8823],[34.2156,3.8815],[34.2254,3.8514],[34.2254,3.8308],[34.2132,3.832],[34.1795,3.8317],[34.1628,3.8104],[34.1532,3.8072],[34.1536,3.8003],[34.1592,3.8017],[34.1625,3.7978],[34.1707,3.8005],[34.1886,3.7954],[34.1881,3.7919],[34.1904,3.7834],[34.1653,3.7739],[34.1718,3.7677],[34.1885,3.7719],[34.2212,3.7845],[34.2258,3.7831],[34.2271,3.7742],[34.229,3.7746],[34.233,3.7811],[34.2455,3.7843],[34.259,3.7651],[34.2672,3.7474],[34.283,3.7314],[34.3078,3.7124],[34.306,3.697],[34.3026,3.6861],[34.3048,3.686],[34.306,3.6901],[34.3083,3.6908],[34.3101,3.6959],[34.309,3.6983],[34.3128,3.7015],[34.3115,3.7035],[34.3143,3.7132],[34.3178,3.7164],[34.3171,3.7197],[34.3242,3.7274],[34.336,3.7316],[34.3537,3.7353],[34.3699,3.7351],[34.3778,3.7307],[34.3998,3.7062],[34.4031,3.6929],[34.4249,3.688],[34.4548,3.6769],[34.463,3.6696],[34.4531,3.6118],[34.4565,3.5787],[34.451,3.5188],[34.4454,3.5108],[34.435,3.5002],[34.4235,3.4915],[34.3965,3.4886],[34.3907,3.4927],[34.3888,3.4919],[34.3911,3.4829],[34.4055,3.4677],[34.4167,3.4505],[34.419,3.4337],[34.4097,3.4179],[34.4014,3.4141],[34.4006,3.3713],[34.4292,3.3431],[34.4383,3.3079],[34.4477,3.2829],[34.4517,3.241],[34.4517,3.2275],[34.4552,3.2007],[34.4554,3.1828],[34.4607,3.1743],[34.4706,3.173],[34.4827,3.1648],[34.4892,3.1548],[34.4947,3.1415],[34.5133,3.1511],[34.5476,3.1388],[34.5593,3.113],[34.5755,3.0992],[34.5779,3.0699],[34.5774,3.0233],[34.5883,3.0041],[34.5894,2.982],[34.5991,2.9261],[34.6401,2.9076],[34.6535,2.8675],[34.6694,2.8636],[34.6852,2.8641],[34.6927,2.8629],[34.7023,2.8781],[34.7089,2.8739],[34.7123,2.8654],[34.7321,2.8582],[34.737,2.8552],[34.7493,2.8258],[34.7599,2.8288],[34.7666,2.8226],[34.7741,2.7987],[34.7812,2.7681],[34.7838,2.7499],[34.7838,2.7429],[34.7749,2.6978],[34.7895,2.684],[34.7985,2.6557],[34.8302,2.6207],[34.8376,2.6045],[34.8519,2.5835],[34.8673,2.5708],[34.8781,2.5727],[34.8794,2.5896],[34.893,2.5932],[34.897,2.5881],[34.9043,2.5492],[34.9127,2.5167],[34.9318,2.5166],[34.937,2.4989],[34.9473,2.4727],[34.9527,2.4725],[34.9512,2.4582],[34.9428,2.4555],[34.9408,2.4531],[34.9712,2.4365],[35.01,2.4035],[35.0117,2.4036],[35.0133,2.4077],[35.0088,2.42],[35.0087,2.4247],[35.0106,2.4272],[35.0149,2.4285],[35.0214,2.4338],[35.0199,2.4402],[35.0221,2.4433],[35.0161,2.4546],[35.0074,2.4608],[34.9997,2.4702],[34.9975,2.474],[34.997,2.4787],[34.9981,2.4884],[35.0045,2.5069],[35.0087,2.5507],[35.0124,2.5618],[35.0161,2.5676],[35.0216,2.5683],[35.0266,2.5644],[35.0296,2.543],[35.0316,2.5372],[35.0443,2.5169],[35.0578,2.4894],[35.0662,2.4637],[35.0692,2.4627],[35.0797,2.4682],[35.0933,2.4786],[35.101,2.4883],[35.1075,2.5051],[35.1074,2.5105],[35.1105,2.5206],[35.1092,2.5258],[35.1103,2.5289],[35.1081,2.5345],[35.1075,2.5422],[35.1045,2.5475],[35.1048,2.5548],[35.1076,2.5602],[35.1073,2.5689],[35.1161,2.6019],[35.1224,2.6102],[35.1276,2.623],[35.1281,2.6344],[35.1324,2.6489],[35.1344,2.6516],[35.1371,2.646],[35.1517,2.6491],[35.1605,2.6482],[35.1744,2.6368],[35.1982,2.5918],[35.2129,2.5507],[35.2249,2.5299],[35.222,2.5167],[35.2203,2.4875],[35.2226,2.4623],[35.2317,2.4414],[35.2266,2.4328],[35.2233,2.412],[35.2366,2.3786],[35.2321,2.3512],[35.239,2.3435],[35.2454,2.3415],[35.2613,2.3317],[35.2711,2.3197],[35.2856,2.2976],[35.298,2.2707],[35.3088,2.2342],[35.3183,2.1894],[35.3249,2.1668],[35.3403,2.125],[35.3596,2.0574],[35.362,2.0442],[35.3658,2.0362],[35.3749,1.9922],[35.3734,1.9662],[35.3792,1.948],[35.3749,1.9469],[35.3719,1.9438],[35.3696,1.9399],[35.369,1.9341],[35.365,1.9289],[35.4417,1.8519],[35.4436,1.8534],[35.4456,1.8493],[35.4492,1.8501],[35.4497,1.8451],[35.4516,1.8459],[35.4534,1.8444],[35.4588,1.8461],[35.4607,1.8428],[35.4637,1.8423],[35.4656,1.8397],[35.4663,1.8334],[35.4686,1.8308],[35.4671,1.8283],[35.4686,1.8258],[35.4644,1.8211],[35.4657,1.8181],[35.4686,1.8183],[35.4693,1.8171],[35.4672,1.8142],[35.467,1.8112],[35.4637,1.8101],[35.4635,1.8082],[35.4663,1.8084],[35.4699,1.8038],[35.477,1.8034],[35.4776,1.7956],[35.4814,1.797],[35.4805,1.7934],[35.4817,1.7909],[35.4855,1.7911],[35.4886,1.7883],[35.4911,1.7889],[35.4923,1.7844],[35.5008,1.7772],[35.5051,1.7754],[35.5099,1.7639],[35.5241,1.7682],[35.5422,1.7665],[35.5509,1.762],[35.5553,1.7624],[35.5722,1.7536],[35.5758,1.7553],[35.583,1.7514],[35.5933,1.7525],[35.6018,1.7582],[35.6052,1.756],[35.6091,1.7492],[35.6138,1.7484],[35.6173,1.745],[35.6213,1.7454],[35.6266,1.7434],[35.6273,1.7471],[35.6403,1.7419],[35.6568,1.738],[35.6634,1.7337],[35.6698,1.7243],[35.6821,1.719],[35.6979,1.7081],[35.7103,1.7055],[35.7167,1.7078],[35.72,1.7071],[35.7543,1.6765],[35.763,1.6721],[35.7624,1.6709],[35.7686,1.6685],[35.7741,1.6682],[35.7842,1.6639],[35.7919,1.6636],[36.0966,1.1694],[36.174,1.1709],[36.3169,0.9913],[36.3404,0.9931],[36.3417,0.988],[36.3452,0.9862],[36.346,0.9749],[36.3501,0.9661],[36.3525,0.9661],[36.3544,0.9638],[36.3577,0.9648],[36.3624,0.9635],[36.3638,0.9589],[36.3668,0.9559],[36.3735,0.9564],[36.3774,0.9539],[36.3816,0.9546],[36.3831,0.9513],[36.3878,0.9482],[36.3892,0.9413],[36.3869,0.9403],[36.3875,0.9338],[36.3857,0.9279],[36.3921,0.9188],[36.405,0.926],[36.4178,0.9369],[36.4365,0.9606],[36.4427,0.9711],[36.4454,0.9843],[36.4396,1.0025],[36.4411,1.0029],[36.4458,0.9998],[36.4485,0.9804],[36.4582,0.9773],[36.4594,0.9784],[36.457,0.9862],[36.4586,0.9967],[36.4532,0.9975],[36.4535,1.0147],[36.4416,1.0429],[36.4413,1.0481],[36.4438,1.0553],[36.4406,1.0673],[36.444,1.0733],[36.4413,1.0792],[36.4388,1.0807],[36.4373,1.0865],[36.4388,1.1019],[36.4445,1.1101],[36.4448,1.1134],[36.4421,1.1174],[36.4428,1.1199],[36.4391,1.1273],[36.4388,1.1323],[36.4333,1.1415],[36.4356,1.143],[36.4351,1.1562],[36.4401,1.1615],[36.4423,1.1729],[36.4386,1.1777],[36.4316,1.1779],[36.4289,1.1816],[36.4261,1.1831],[36.4239,1.1826],[36.4186,1.1866],[36.4156,1.1846],[36.4146,1.1816],[36.4079,1.1796],[36.399,1.1737],[36.3922,1.1732],[36.3902,1.1757],[36.39,1.1789],[36.3917,1.1814],[36.3915,1.1844],[36.387,1.1866],[36.3947,1.1901],[36.3964,1.194],[36.395,1.1981],[36.398,1.2068],[36.394,1.2138],[36.394,1.22],[36.398,1.224],[36.3987,1.2267],[36.4034,1.2272],[36.4062,1.23],[36.4094,1.229],[36.4124,1.2325],[36.4142,1.2265],[36.4181,1.227],[36.4216,1.2367],[36.4134,1.2467],[36.4134,1.2596],[36.4097,1.2601],[36.4072,1.2569],[36.4062,1.2524],[36.4039,1.2514],[36.4007,1.2549],[36.3965,1.2554],[36.3917,1.2626],[36.3877,1.2634],[36.3877,1.2656],[36.391,1.2696],[36.396,1.2696],[36.395,1.2768],[36.3975,1.2773],[36.4042,1.2726],[36.4082,1.2791],[36.4159,1.2748],[36.4229,1.2671],[36.4301,1.2673],[36.4318,1.2649],[36.4386,1.2614],[36.4408,1.2566],[36.4463,1.2511],[36.4535,1.2544],[36.4535,1.2616],[36.45,1.2661],[36.4508,1.2726],[36.444,1.2778],[36.4381,1.2888],[36.4356,1.2895],[36.4346,1.293],[36.4376,1.2975],[36.4378,1.3027],[36.4326,1.3042],[36.4306,1.3012],[36.4259,1.3002],[36.4194,1.2945],[36.4159,1.2985],[36.4077,1.3012],[36.4047,1.2997],[36.4034,1.3005],[36.4019,1.3082],[36.3957,1.308],[36.3905,1.3129],[36.3945,1.3169],[36.4039,1.3172],[36.4057,1.3189],[36.4062,1.3224],[36.4099,1.3241],[36.4102,1.3286],[36.4161,1.3314],[36.4174,1.3341],[36.4196,1.3346],[36.4211,1.3369],[36.4206,1.3458],[36.4224,1.3478],[36.4261,1.3478],[36.4289,1.3506],[36.4351,1.3521],[36.4376,1.36],[36.4488,1.365],[36.4533,1.3692],[36.4558,1.3677],[36.4582,1.3687],[36.4657,1.3874],[36.4642,1.3937],[36.4665,1.3986],[36.463,1.4029],[36.461,1.4034],[36.455,1.3981],[36.4535,1.4019],[36.4493,1.4061],[36.4473,1.4121],[36.4411,1.4096],[36.4383,1.4121],[36.4368,1.4101],[36.4316,1.4101],[36.4276,1.4081],[36.4266,1.4099],[36.4281,1.4136],[36.4269,1.4151],[36.4236,1.4173],[36.4211,1.4156],[36.4171,1.4176],[36.4154,1.4216],[36.4122,1.4221],[36.4089,1.4283],[36.4012,1.4325],[36.3955,1.44],[36.3895,1.445],[36.3803,1.4415],[36.3723,1.441],[36.3688,1.439],[36.3628,1.438],[36.3583,1.4395],[36.3559,1.436],[36.3511,1.4388],[36.3479,1.4388],[36.3227,1.4679],[36.3182,1.4699],[36.3105,1.4699],[36.3053,1.4689],[36.2941,1.4634],[36.2886,1.4639],[36.2863,1.4669],[36.2866,1.4699],[36.2898,1.4736],[36.2916,1.4816],[36.2976,1.4883],[36.2963,1.4971],[36.2938,1.502],[36.2961,1.506],[36.2948,1.5128],[36.2961,1.5332],[36.298,1.5347],[36.2998,1.5421],[36.312,1.5506],[36.321,1.5596],[36.3255,1.5666],[36.3312,1.571],[36.3369,1.5715],[36.3399,1.578],[36.3409,1.5708],[36.3511,1.5723],[36.3578,1.5708],[36.3601,1.572],[36.3618,1.5753],[36.3598,1.5783],[36.3606,1.5835],[36.3578,1.5877],[36.3596,1.5902],[36.3633,1.5912],[36.3668,1.5957],[36.3693,1.5952],[36.3723,1.5922],[36.3748,1.5848],[36.374,1.578],[36.3693,1.5636],[36.3696,1.5593],[36.372,1.5539],[36.372,1.5479],[36.3775,1.5404],[36.3793,1.5332],[36.3835,1.5312],[36.385,1.5227],[36.3935,1.5227],[36.3955,1.5242],[36.3985,1.5347],[36.4027,1.5429],[36.4057,1.5454],[36.4099,1.5611],[36.4132,1.5661],[36.4176,1.5663],[36.4199,1.5715],[36.4224,1.5715],[36.4244,1.5735],[36.4264,1.5833],[36.4313,1.5845],[36.4311,1.598],[36.4368,1.6029],[36.4368,1.6094],[36.4403,1.6156],[36.4426,1.6181],[36.4468,1.6184],[36.4488,1.6179],[36.4535,1.6124],[36.4555,1.6139],[36.464,1.6132],[36.4655,1.6147],[36.4657,1.6169],[36.462,1.6191],[36.462,1.6224],[36.4657,1.6264],[36.4655,1.6291],[36.4677,1.6313],[36.466,1.6356],[36.469,1.6383],[36.4705,1.6433],[36.4685,1.6525],[36.47,1.6583],[36.472,1.6632],[36.4754,1.6632],[36.4789,1.6685],[36.4769,1.6754],[36.4779,1.6774],[36.4854,1.6829],[36.4837,1.6886],[36.4837,1.6921],[36.4857,1.6946],[36.4842,1.7028],[36.4864,1.7043],[36.4989,1.7061],[36.5009,1.7086],[36.5016,1.7106],[36.4994,1.7175],[36.5048,1.7215],[36.5048,1.7258],[36.5063,1.7278],[36.5056,1.7312],[36.5136,1.74],[36.5185,1.741],[36.519,1.7459],[36.5138,1.7484],[36.5205,1.7504],[36.5253,1.7549],[36.524,1.7656],[36.5215,1.7666],[36.5193,1.7666],[36.5188,1.7594],[36.5133,1.7562],[36.5131,1.7584],[36.5151,1.7606],[36.5138,1.7631],[36.5103,1.7636],[36.5088,1.7656],[36.5076,1.7714],[36.5111,1.7666],[36.5165,1.7651],[36.5178,1.7734],[36.5136,1.7768],[36.5143,1.7786],[36.5195,1.7786],[36.5208,1.7851],[36.5223,1.7861],[36.5185,1.7913],[36.5255,1.7918],[36.5248,1.7973],[36.5293,1.7998],[36.5295,1.8052],[36.5273,1.8077],[36.5193,1.806],[36.5136,1.816],[36.5141,1.8224],[36.5113,1.8259],[36.5118,1.8269],[36.518,1.8234],[36.5193,1.8249],[36.5188,1.8279],[36.5215,1.8294],[36.5215,1.8319],[36.5175,1.8354],[36.523,1.8464],[36.52,1.8521],[36.518,1.8531],[36.5121,1.8496],[36.5128,1.8558],[36.5098,1.8596],[36.5123,1.8685],[36.5116,1.8765],[36.5121,1.8795],[36.5175,1.8792],[36.5195,1.8807],[36.5193,1.8822],[36.5233,1.8832],[36.5245,1.8867],[36.524,1.8922],[36.5265,1.891],[36.528,1.8937],[36.5352,1.8949],[36.5365,1.8987],[36.5352,1.9004],[36.536,1.9047],[36.534,1.9066],[36.5375,1.9134],[36.5365,1.9171],[36.5382,1.9186],[36.5395,1.9266],[36.536,1.9316],[36.538,1.9368],[36.5382,1.9428],[36.535,1.9463],[36.5355,1.951],[36.5385,1.957],[36.5362,1.9637],[36.5345,1.9635],[36.5288,1.9522],[36.5265,1.9535],[36.5295,1.9639],[36.5377,1.9712],[36.5377,1.9779],[36.542,1.9889],[36.5391,2.0019],[36.5402,2.0067],[36.5461,2.0071],[36.5465,2.0172],[36.5435,2.0227],[36.5447,2.0249],[36.5478,2.0254],[36.5448,2.0305],[36.5469,2.0326],[36.5493,2.0315],[36.555,2.043],[36.5557,2.0488],[36.5581,2.0507],[36.5599,2.0498],[36.5681,2.058],[36.5651,2.0791],[36.5668,2.0896],[36.5635,2.0986],[36.5635,2.1038],[36.5791,2.1208],[36.584,2.1407],[36.5879,2.1465],[36.5945,2.1465],[36.5986,2.1535],[36.6109,2.1632],[36.6124,2.1622],[36.6099,2.1561],[36.6194,2.1613],[36.6362,2.1639],[36.6563,2.1734],[36.6704,2.1864],[36.6818,2.1934],[36.6866,2.1957],[36.7008,2.1988],[36.7024,2.2035],[36.7005,2.2088],[36.6999,2.2183],[36.7113,2.2244],[36.712,2.2308],[36.7091,2.2377],[36.7134,2.2455],[36.7138,2.2523],[36.7124,2.2556],[36.7073,2.2597],[36.7066,2.2619],[36.7107,2.2663],[36.7145,2.2665],[36.7228,2.275],[36.7211,2.286],[36.7234,2.2921],[36.7222,2.2964],[36.7237,2.301],[36.601,2.36],[36.6009,2.4057],[36.5907,2.4141],[36.5849,2.4074],[36.5775,2.4071],[36.5745,2.4044],[36.5665,2.4049],[36.5648,2.4005],[36.5591,2.3971],[36.5513,2.3993],[36.5467,2.4031],[36.5404,2.4046],[36.5377,2.4078],[36.5308,2.4315],[36.5227,2.4484],[36.5246,2.4654],[36.5276,2.4744],[36.5255,2.4844],[36.5265,2.4938],[36.5293,2.5002],[36.5279,2.508],[36.5285,2.5222],[36.5228,2.5267],[36.5223,2.5333],[36.513,2.5607],[36.4923,2.575],[36.473,2.6005],[36.4709,2.6094],[36.4623,2.6093],[36.4518,2.6122],[36.4459,2.6209],[36.4414,2.6249],[36.4404,2.6294],[36.4368,2.6335],[36.4364,2.6427],[36.4333,2.6518],[36.4348,2.6699],[36.4324,2.6779],[36.4353,2.6876],[36.4452,2.7018],[36.4459,2.7052],[36.4308,2.714],[36.4271,2.7197],[36.4198,2.7359],[36.4201,2.7455],[36.4175,2.762],[36.4118,2.7689],[36.41,2.7744],[36.3945,2.7997],[36.386,2.8184],[36.3851,2.8272],[36.3789,2.8383],[36.3657,2.851],[36.3588,2.8608],[36.3446,2.8628],[36.319,2.8748],[36.2983,2.8871],[36.2898,2.8876],[36.2816,2.8912],[36.269,2.9078],[36.2655,2.9233],[36.2606,2.9337],[36.2597,2.9471],[36.2569,2.9605],[36.2537,2.9652],[36.2528,2.9644],[36.2545,2.9589],[36.2536,2.9545],[36.252,2.9519],[36.2466,2.9491],[36.2338,2.9569],[36.2302,2.9564],[36.2242,2.9586],[36.2239,2.9555],[36.2222,2.9549],[36.2167,2.9587],[36.2011,2.9617],[36.1913,2.9683],[36.1787,2.9662],[36.1703,2.9684],[36.1637,2.9667],[36.1521,2.969],[36.1384,2.9693],[36.1336,2.967],[36.1327,2.9686],[36.1352,2.9726],[36.1367,2.9792],[36.132,2.9775],[36.129,2.974],[36.1293,2.9808],[36.124,2.9795],[36.1241,2.9873],[36.1276,3.0028],[36.1326,3.0113],[36.1369,3.0146],[36.1374,3.0296],[36.1413,3.037],[36.1428,3.056],[36.142,3.0608],[36.1397,3.0638],[36.1413,3.073],[36.143,3.0747],[36.1488,3.0758],[36.1532,3.0858],[36.1534,3.0915],[36.1505,3.096],[36.1529,3.1159],[36.1524,3.1316],[36.1479,3.1435],[36.1435,3.1489],[36.144,3.1462],[36.1418,3.1484],[36.1408,3.1538],[36.1526,3.1899],[36.1544,3.2112],[36.1535,3.2169],[36.1516,3.2214],[36.1477,3.224],[36.1423,3.2161],[36.1447,3.2127],[36.1434,3.2101],[36.1408,3.2093],[36.1317,3.2111],[36.1229,3.214],[36.1176,3.2192],[36.1133,3.2213],[36.1035,3.2213],[36.0881,3.2262],[36.075,3.2273],[36.0521,3.2406],[36.0498,4.0566],[36.0506,4.4562]]]]}},{"type":"Feature","properties":{"name":"Marsabit"},"geometry":{"type":"MultiPolygon","coordinates":[[[[36.6009,2.4057],[36.6045,2.4017],[36.605,2.3981],[36.6089,2.3966],[36.619,2.3998],[36.6211,2.4045],[36.6205,2.4124],[36.6221,2.4155],[36.6303,2.4129],[36.6339,2.4053],[36.6372,2.4068],[36.6392,2.411],[36.6379,2.3918],[36.6408,2.3965],[36.6434,2.4058],[36.6435,2.4183],[36.6449,2.4182],[36.6469,2.4134],[36.6507,2.4194],[36.6562,2.4198],[36.6611,2.4303],[36.6711,2.4455],[36.6843,2.4579],[36.6873,2.4591],[36.6953,2.4546],[36.6986,2.4551],[36.6995,2.4582],[36.6975,2.4662],[36.7034,2.479],[36.7015,2.4852],[36.7022,2.4975],[36.6997,2.5124],[36.7044,2.5132],[36.7069,2.5117],[36.7079,2.5083],[36.7141,2.5085],[36.7393,2.515],[36.7468,2.5141],[36.7524,2.5165],[36.7567,2.5161],[36.8435,2.2748],[36.8658,2.2538],[36.8929,2.1975],[36.8969,2.1917],[36.903,2.1567],[36.9153,2.1257],[36.9127,2.1],[36.92,2.0995],[36.9182,2.0835],[36.921,2.0583],[36.9191,2.0526],[36.9189,2.0338],[36.9158,2.018],[36.9178,2.0166],[36.9244,2.0167],[36.9399,2.0248],[36.95,2.0251],[37.0072,1.9851],[37.0368,1.9825],[37.0967,1.9832],[37.1209,1.9761],[37.1298,1.971],[37.1509,1.9679],[37.1749,1.9582],[37.1795,1.9592],[37.1808,1.9497],[37.1869,1.9355],[37.1909,1.9304],[37.2107,1.9144],[37.2162,1.9119],[37.2199,1.907],[37.2321,1.9002],[37.2389,1.8923],[37.241,1.8858],[37.2445,1.8827],[37.2477,1.881],[37.266,1.8788],[37.3061,1.7655],[37.3505,1.7421],[37.443,1.5874],[37.4692,1.5543],[37.5578,1.3962],[37.5612,1.394],[37.5631,1.3905],[37.5696,1.3888],[37.573,1.381],[37.5771,1.3799],[37.5821,1.3708],[37.5794,1.3653],[37.5874,1.3682],[37.5894,1.3791],[37.5957,1.3846],[37.5962,1.3897],[37.598,1.3916],[37.5998,1.3896],[37.6023,1.3811],[37.6067,1.3762],[37.6101,1.3754],[37.6179,1.3781],[37.6215,1.3769],[37.6226,1.3837],[37.6297,1.3837],[37.6334,1.3892],[37.6394,1.3911],[37.6467,1.3992],[37.6529,1.4009],[37.6547,1.4003],[37.6573,1.3952],[37.6604,1.3981],[37.6646,1.3977],[37.6705,1.3995],[37.6739,1.4031],[37.6836,1.399],[37.71,1.4072],[37.7185,1.4075],[37.7249,1.4056],[37.7367,1.4074],[37.7476,1.4133],[37.7553,1.4118],[37.7614,1.414],[37.7684,1.414],[37.773,1.4097],[37.7749,1.4121],[37.7784,1.4118],[37.7821,1.4196],[37.7872,1.415],[37.7936,1.4141],[37.7997,1.4183],[37.8055,1.4175],[37.8109,1.4185],[37.817,1.4229],[37.8259,1.4208],[37.8315,1.4251],[37.8417,1.4255],[37.8444,1.4274],[37.8428,1.4308],[37.8464,1.4356],[37.846,1.4422],[37.8494,1.4466],[37.8488,1.4527],[37.8521,1.4591],[37.9506,1.387],[37.9453,1.2629],[38.3397,1.5774],[38.3832,1.7613],[38.9626,2.0974],[38.9542,2.1062],[38.9358,2.1612],[38.938,2.1768],[38.9371,2.1967],[38.9383,2.2148],[38.9343,2.2437],[38.9291,2.2619],[38.9288,2.2748],[38.9261,2.2841],[38.9361,2.3158],[38.9314,2.3458],[38.9342,2.36],[38.9347,2.3728],[38.9307,2.3814],[38.9306,2.3951],[38.928,2.4128],[38.9145,2.4408],[38.9135,2.4499],[38.9023,2.4783],[38.9013,2.4879],[38.8939,2.513],[38.8919,2.5346],[38.8886,2.5426],[38.968,2.5632],[38.9767,2.5669],[38.9817,2.5712],[39.0434,2.676],[39.0408,2.6817],[39.0362,2.6869],[39.0359,2.6899],[39.0368,2.692],[39.046,2.7001],[39.0483,2.7042],[39.0485,2.7121],[39.0525,2.7265],[39.0584,2.7336],[39.066,2.7376],[39.0651,2.8823],[39.1118,2.8833],[39.1167,2.9141],[39.1236,2.9313],[39.1267,2.9348],[39.1338,2.9362],[39.1375,2.9386],[39.1474,2.9528],[39.1533,2.9547],[39.2022,2.9569],[39.2481,2.9891],[39.2494,2.9959],[39.2824,3.0267],[39.2893,3.0353],[39.324,3.0528],[39.3468,3.0701],[39.3417,3.2554],[39.3383,3.2774],[39.3297,3.2853],[39.3282,3.2887],[39.3135,3.4068],[39.3017,3.4266],[39.2998,3.4407],[39.3045,3.4558],[39.3181,3.472],[39.3031,3.4747],[39.2921,3.4804],[39.2813,3.479],[39.2681,3.4725],[39.2596,3.4749],[39.2562,3.4776],[39.2495,3.4769],[39.2327,3.4794],[39.2272,3.4831],[39.2012,3.4798],[39.1931,3.48],[39.1916,3.4819],[39.1903,3.4941],[39.1797,3.4906],[39.169,3.4945],[39.1552,3.5032],[39.1523,3.5021],[39.1508,3.5055],[39.1527,3.5113],[39.1476,3.5131],[39.1425,3.5121],[39.1375,3.514],[39.1318,3.5128],[39.1062,3.5242],[39.0884,3.5413],[39.0796,3.5415],[39.0791,3.533],[39.0744,3.5327],[39.0725,3.53],[39.0685,3.5309],[39.0611,3.5281],[39.0557,3.523],[39.0475,3.5252],[39.0437,3.5285],[39.038,3.5301],[39.0328,3.5254],[39.0227,3.5255],[39.0221,3.516],[39.02,3.514],[39.0171,3.5151],[39.0133,3.5192],[39.0098,3.5184],[39.0073,3.5248],[39.0045,3.5265],[39.0001,3.5211],[38.9803,3.5172],[38.9788,3.5213],[38.9671,3.5239],[38.964,3.5236],[38.9581,3.519],[38.9574,3.5144],[38.9586,3.5089],[38.9043,3.5059],[38.8409,3.5282],[38.8381,3.5274],[38.7138,3.5656],[38.7115,3.5712],[38.7117,3.5754],[38.6926,3.6051],[38.6879,3.6174],[38.6823,3.6202],[38.6722,3.6154],[38.6763,3.6042],[38.6687,3.596],[38.6654,3.5872],[38.6113,3.6076],[38.5992,3.5999],[38.5761,3.6011],[38.5571,3.615],[38.5468,3.6396],[38.5343,3.6492],[38.5223,3.6483],[38.5157,3.6446],[38.5221,3.6354],[38.5223,3.6222],[38.5045,3.6178],[38.4476,3.5976],[38.1811,3.6158],[38.1472,3.6071],[38.1353,3.6063],[38.1282,3.6008],[38.1128,3.6182],[38.0338,3.6842],[37.9896,3.7292],[37.9184,3.7685],[37.9076,3.7778],[37.799,3.8495],[37.7665,3.8695],[37.6518,3.9503],[37.6463,3.9578],[37.5851,3.9987],[37.4934,4.0647],[37.4277,4.1077],[37.4234,4.1131],[37.4203,4.1113],[37.138,4.2954],[37.132,4.2938],[37.1136,4.3073],[37.0905,4.3431],[37.0778,4.3489],[37.0719,4.3495],[37.0649,4.3472],[37.0638,4.3526],[37.0544,4.3625],[37.0553,4.3657],[37.0489,4.3702],[37.0477,4.3762],[37.0435,4.3749],[37.0322,4.3857],[37.0312,4.3823],[37.0205,4.3719],[37.0146,4.3775],[37.0091,4.3805],[37.0043,4.3781],[36.9871,4.3925],[36.9852,4.3956],[36.9795,4.3959],[36.9744,4.3985],[36.9583,4.3982],[36.9586,4.4036],[36.9083,4.4251],[36.8783,4.4318],[36.8426,4.45],[36.679,4.4414],[36.6603,4.4419],[36.6433,4.4536],[36.6252,4.4541],[36.5459,4.4446],[36.2627,4.4509],[36.2458,4.4575],[36.2318,4.4512],[36.0506,4.4562],[36.0498,4.0566],[36.0521,3.2406],[36.075,3.2273],[36.0881,3.2262],[36.1035,3.2213],[36.1133,3.2213],[36.1176,3.2192],[36.1229,3.214],[36.1317,3.2111],[36.1408,3.2093],[36.1434,3.2101],[36.1447,3.2127],[36.1423,3.2161],[36.1477,3.224],[36.1516,3.2214],[36.1535,3.2169],[36.1544,3.2112],[36.1526,3.1899],[36.1408,3.1538],[36.1418,3.1484],[36.144,3.1462],[36.1435,3.1489],[36.1479,3.1435],[36.1524,3.1316],[36.1529,3.1159],[36.1505,3.096],[36.1534,3.0915],[36.1532,3.0858],[36.1488,3.0758],[36.143,3.0747],[36.1413,3.073],[36.1397,3.0638],[36.142,3.0608],[36.1428,3.056],[36.1413,3.037],[36.1374,3.0296],[36.1369,3.0146],[36.1326,3.0113],[36.1276,3.0028],[36.1241,2.9873],[36.124,2.9795],[36.1293,2.9808],[36.129,2.974],[36.132,2.9775],[36.1367,2.9792],[36.1352,2.9726],[36.1327,2.9686],[36.1336,2.967],[36.1384,2.9693],[36.1521,2.969],[36.1637,2.9667],[36.1703,2.9684],[36.1787,2.9662],[36.1913,2.9683],[36.2011,2.9617],[36.2167,2.9587],[36.2222,2.9549],[36.2239,2.9555],[36.2242,2.9586],[36.2302,2.9564],[36.2338,2.9569],[36.2466,2.9491],[36.252,2.9519],[36.2536,2.9545],[36.2545,2.9589],[36.2528,2.9644],[36.2537,2.9652],[36.2569,2.9605],[36.2597,2.9471],[36.2606,2.9337],[36.2655,2.9233],[36.269,2.9078],[36.2816,2.8912],[36.2898,2.8876],[36.2983,2.8871],[36.319,2.8748],[36.3446,2.8628],[36.3588,2.8608],[36.3657,2.851],[36.3789,2.8383],[36.3851,2.8272],[36.386,2.8184],[36.3945,2.7997],[36.41,2.7744],[36.4118,2.7689],[36.4175,2.762],[36.4201,2.7455],[36.4198,2.7359],[36.4271,2.7197],[36.4308,2.714],[36.4459,2.7052],[36.4452,2.7018],[36.4353,2.6876],[36.4324,2.6779],[36.4348,2.6699],[36.4333,2.6518],[36.4364,2.6427],[36.4368,2.6335],[36.4404,2.6294],[36.4414,2.6249],[36.4459,2.6209],[36.4518,2.6122],[36.4623,2.6093],[36.4709,2.6094],[36.473,2.6005],[36.4923,2.575],[36.513,2.5607],[36.5223,2.5333],[36.5228,2.5267],[36.5285,2.5222],[36.5279,2.508],[36.5293,2.5002],[36.5265,2.4938],[36.5255,2.4844],[36.5276,2.4744],[36.5246,2.4654],[36.5227,2.4484],[36.5308,2.4315],[36.5377,2.4078],[36.5404,2.4046],[36.5467,2.4031],[36.5513,2.3993],[36.5591,2.3971],[36.5648,2.4005],[36.5665,2.4049],[36.5745,2.4044],[36.5775,2.4071],[36.5849,2.4074],[36.5907,2.4141],[36.6009,2.4057]]]]}},{"type":"Feature","properties":{"name":"Mandera"},"geometry":{"type":"MultiPolygon","coordinates":[[[[40.992,2.1792],[40.9926,2.5232],[40.9925,2.8248],[41.3283,3.1537],[41.33,3.1584],[41.3333,3.1606],[41.6442,3.6014],[41.8914,3.9524],[41.9063,3.9764],[41.9011,3.9809],[41.8985,3.9811],[41.8839,3.9727],[41.882,3.9662],[41.8765,3.9665],[41.8744,3.9632],[41.8723,3.9625],[41.8685,3.9668],[41.8658,3.9598],[41.8548,3.9607],[41.8533,3.9578],[41.8545,3.9504],[41.8505,3.9477],[41.8456,3.9496],[41.8426,3.9545],[41.8396,3.9533],[41.8362,3.954],[41.8352,3.9521],[41.837,3.9477],[41.8353,3.9451],[41.8325,3.9498],[41.8286,3.9527],[41.8254,3.948],[41.8205,3.9506],[41.8186,3.9536],[41.8213,3.9567],[41.8209,3.9587],[41.8148,3.9591],[41.8107,3.9576],[41.808,3.961],[41.8031,3.9575],[41.7989,3.9588],[41.7974,3.966],[41.7947,3.9698],[41.7987,3.9699],[41.7995,3.9722],[41.794,3.9745],[41.7939,3.9831],[41.7875,3.9783],[41.7832,3.9829],[41.7806,3.9831],[41.778,3.9763],[41.7742,3.9744],[41.765,3.9762],[41.7553,3.9746],[41.7529,3.9763],[41.7549,3.9831],[41.754,3.9849],[41.7496,3.9849],[41.7394,3.9884],[41.7337,3.9846],[41.7355,3.9911],[41.7344,3.9942],[41.7301,3.9933],[41.7322,3.9889],[41.7307,3.9869],[41.7266,3.9895],[41.7214,3.989],[41.7214,3.9942],[41.7191,3.9954],[41.7158,3.9936],[41.7127,3.9866],[41.7056,3.9877],[41.6962,3.9822],[41.6923,3.9814],[41.6909,3.9764],[41.6877,3.9723],[41.6842,3.9774],[41.6822,3.9777],[41.6823,3.9713],[41.6798,3.9686],[41.6783,3.9617],[41.6764,3.9601],[41.6706,3.9688],[41.6669,3.9662],[41.6624,3.9691],[41.6553,3.9667],[41.6533,3.9718],[41.6461,3.9735],[41.6428,3.9796],[41.6386,3.9796],[41.6358,3.9778],[41.6383,3.9842],[41.6358,3.9865],[41.6319,3.9796],[41.6294,3.9792],[41.6293,3.9833],[41.6263,3.9844],[41.6213,3.9767],[41.6174,3.9748],[41.6007,3.9759],[41.5959,3.9715],[41.5797,3.9738],[41.5663,3.9693],[41.5624,3.9773],[41.5497,3.9856],[41.541,3.9818],[41.5361,3.9768],[41.5267,3.9741],[41.5217,3.9609],[41.5127,3.9552],[41.5057,3.957],[41.5076,3.9629],[41.5011,3.9697],[41.4958,3.9631],[41.4845,3.9634],[41.4828,3.9619],[41.4812,3.9554],[41.4796,3.9555],[41.4765,3.9591],[41.469,3.9558],[41.4633,3.9605],[41.4492,3.9562],[41.4397,3.9586],[41.4381,3.9556],[41.4395,3.952],[41.4386,3.9508],[41.4194,3.95],[41.4154,3.955],[41.409,3.9564],[41.3974,3.9656],[41.3952,3.9658],[41.3885,3.9601],[41.3816,3.9613],[41.3822,3.9562],[41.3792,3.9531],[41.3698,3.9567],[41.364,3.9568],[41.3611,3.9615],[41.3567,3.9617],[41.3544,3.9601],[41.3548,3.9566],[41.3525,3.9511],[41.3506,3.9499],[41.3449,3.9507],[41.339,3.946],[41.3334,3.9455],[41.3276,3.942],[41.3202,3.9451],[41.3171,3.948],[41.3178,3.9446],[41.3121,3.948],[41.3062,3.9468],[41.2974,3.9558],[41.294,3.9544],[41.2958,3.9479],[41.2892,3.9491],[41.281,3.948],[41.2825,3.9533],[41.2803,3.955],[41.2783,3.9544],[41.2773,3.9507],[41.2617,3.9561],[41.2552,3.9524],[41.2481,3.9555],[41.2462,3.9512],[41.2445,3.9503],[41.2421,3.9521],[41.2422,3.9579],[41.2395,3.9604],[41.2376,3.9598],[41.2306,3.9508],[41.227,3.9543],[41.2152,3.9534],[41.216,3.9493],[41.2105,3.9481],[41.2072,3.9454],[41.2069,3.9357],[41.1957,3.9368],[41.1896,3.9408],[41.1831,3.9418],[41.1788,3.9449],[41.1723,3.943],[41.1659,3.9515],[41.155,3.9581],[41.1389,3.9624],[41.1364,3.9664],[41.1306,3.9672],[41.1301,3.9701],[41.1353,3.9709],[41.1362,3.9723],[41.1318,3.9744],[41.1243,3.9746],[41.1262,3.9792],[41.1153,3.9888],[41.1083,3.9858],[41.1047,3.988],[41.1007,3.9933],[41.0997,4.0014],[41.1054,4.0078],[41.0981,4.0098],[41.0846,4.0175],[41.0825,4.0246],[41.072,4.0269],[41.0697,4.037],[41.0659,4.0447],[41.0617,4.0505],[41.0529,4.056],[41.0493,4.0599],[41.0424,4.0749],[41.0376,4.0774],[41.031,4.0749],[41.0288,4.0816],[41.02,4.0837],[41.0131,4.0961],[41.0055,4.103],[40.9996,4.1123],[40.9819,4.1138],[40.9804,4.121],[40.9756,4.1276],[40.963,4.1353],[40.9582,4.1426],[40.9556,4.1441],[40.9456,4.1474],[40.942,4.15],[40.9323,4.1489],[40.9236,4.1516],[40.9179,4.1564],[40.9063,4.1576],[40.9039,4.1628],[40.9036,4.1703],[40.8996,4.1838],[40.887,4.1933],[40.8873,4.1997],[40.8858,4.2045],[40.887,4.2118],[40.8856,4.2144],[40.8817,4.2191],[40.8679,4.2284],[40.8553,4.2291],[40.8513,4.2363],[40.8511,4.2434],[40.848,4.249],[40.8371,4.2523],[40.8353,4.2514],[40.835,4.2484],[40.8299,4.2525],[40.8241,4.2537],[40.8154,4.2598],[40.8073,4.2628],[40.804,4.2662],[40.792,4.2689],[40.788,4.2727],[40.7822,4.2828],[40.7761,4.2799],[40.7618,4.283],[40.7579,4.2817],[40.7459,4.2641],[40.7421,4.2631],[40.7407,4.2611],[40.7357,4.2605],[40.7273,4.252],[40.715,4.2507],[40.7108,4.2525],[40.7046,4.249],[40.7012,4.2489],[40.6984,4.2428],[40.4017,4.1227],[40.395,4.1139],[40.3874,4.116],[40.206,4.0422],[40.196,4.0476],[40.1901,4.0454],[40.1836,4.0323],[40.1622,4.0211],[40.1562,4.0137],[40.149,4.0139],[40.1207,4.0],[40.1175,3.9971],[39.8677,3.8675],[39.7753,3.6681],[39.7868,3.3335],[40.0351,3.2296],[40.0442,3.2242],[40.1827,3.0729],[40.2697,2.9706],[40.4929,2.8681],[40.4918,2.8644],[40.4948,2.8571],[40.4928,2.8548],[40.4965,2.8514],[40.4935,2.8454],[40.4939,2.8379],[40.4985,2.8336],[40.4956,2.827],[40.4955,2.8215],[40.4974,2.8211],[40.4974,2.8199],[40.4949,2.8195],[40.4945,2.818],[40.5027,2.8141],[40.5044,2.8114],[40.5033,2.8093],[40.4944,2.8037],[40.4933,2.7996],[40.4956,2.7973],[40.5049,2.7947],[40.5036,2.7868],[40.505,2.7843],[40.508,2.7828],[40.5111,2.7839],[40.5152,2.7778],[40.5196,2.7775],[40.5222,2.7756],[40.5194,2.7714],[40.5211,2.7642],[40.5195,2.7607],[40.5205,2.7511],[40.5194,2.7445],[40.5213,2.7411],[40.5204,2.7396],[40.5137,2.7384],[40.5121,2.7324],[40.5088,2.7276],[40.5064,2.725],[40.5013,2.7236],[40.5027,2.7165],[40.514,2.702],[40.5183,2.7004],[40.5212,2.6958],[40.5249,2.6778],[40.5283,2.6709],[40.528,2.6642],[40.5323,2.6601],[40.537,2.6506],[40.5383,2.6434],[40.5417,2.6405],[40.5435,2.6349],[40.5463,2.6319],[40.5451,2.6271],[40.5519,2.6097],[40.5506,2.6029],[40.5531,2.5986],[40.5539,2.5933],[40.5624,2.5864],[40.5594,2.5786],[40.5668,2.5652],[40.5698,2.564],[40.5814,2.5498],[40.5801,2.5347],[40.5817,2.5278],[40.5974,2.5123],[40.5969,2.5089],[40.5918,2.5055],[40.592,2.5013],[40.6036,2.4924],[40.6049,2.4879],[40.6035,2.4838],[40.6073,2.4764],[40.6163,2.4618],[40.6308,2.4489],[40.6336,2.4421],[40.6403,2.4415],[40.6401,2.4373],[40.6414,2.4357],[40.6543,2.4335],[40.661,2.4291],[40.6646,2.4231],[40.6649,2.4125],[40.6676,2.4061],[40.6656,2.3963],[40.6677,2.3909],[40.6762,2.3839],[40.6773,2.3752],[40.6821,2.37],[40.6862,2.3694],[40.6929,2.3657],[40.7,2.3576],[40.7009,2.3543],[40.7101,2.3487],[40.7134,2.3415],[40.7163,2.3388],[40.7167,2.3334],[40.7198,2.328],[40.7326,2.3178],[40.7404,2.3139],[40.7563,2.3145],[40.7798,2.3048],[40.799,2.2862],[40.8133,2.2779],[40.8208,2.2763],[40.8299,2.2767],[40.8387,2.2747],[40.8424,2.2639],[40.8625,2.243],[40.8763,2.2246],[40.8919,2.2103],[40.9157,2.1915],[40.9456,2.1771],[40.964,2.1763],[40.992,2.1792]]]]}},{"type":"Feature","properties":{"name":"Wajir"},"geometry":{"type":"MultiPolygon","coordinates":[[[[38.9626,2.0974],[38.9799,2.0777],[38.9813,2.0738],[38.9853,2.0696],[38.9843,2.0533],[38.9912,2.0454],[38.9929,2.0402],[38.9896,2.0278],[38.9942,2.0096],[39.0038,2.0005],[39.0197,1.9774],[39.0267,1.9743],[39.0351,1.9671],[39.0385,1.9583],[39.0489,1.9449],[39.0542,1.9336],[39.0633,1.9282],[39.0685,1.9146],[39.0765,1.908],[39.0838,1.8991],[39.0895,1.8966],[39.0951,1.89],[39.0985,1.889],[39.102,1.89],[39.1058,1.8835],[39.1121,1.8779],[39.1227,1.8739],[39.1261,1.8691],[39.1311,1.8662],[39.1393,1.8484],[39.1431,1.8459],[39.1447,1.8419],[39.1458,1.8353],[39.144,1.8304],[39.1498,1.8236],[39.154,1.8131],[39.1621,1.8054],[39.1657,1.7947],[39.1701,1.7911],[39.1797,1.762],[39.1803,1.7534],[39.1863,1.7422],[39.1908,1.737],[39.1944,1.7288],[39.1984,1.7258],[39.1983,1.7219],[39.2138,1.6974],[39.2177,1.6979],[39.2221,1.6955],[39.2305,1.6947],[39.2364,1.6888],[39.2426,1.6889],[39.2543,1.6832],[39.2659,1.6736],[39.2752,1.6735],[39.2854,1.6675],[39.2869,1.6625],[39.3005,1.6547],[39.3083,1.6545],[39.3134,1.6432],[39.319,1.6443],[39.3218,1.6426],[39.3262,1.6351],[39.3335,1.6335],[39.3369,1.6312],[39.34,1.6256],[39.3453,1.626],[39.3484,1.618],[39.3514,1.6177],[39.3537,1.6134],[39.358,1.6101],[39.3606,1.6037],[39.3665,1.5982],[39.3734,1.5853],[39.3791,1.5786],[39.386,1.5744],[39.3874,1.5658],[39.3897,1.5642],[39.3948,1.5652],[39.4,1.553],[39.4067,1.55],[39.411,1.5513],[39.4159,1.5504],[39.4193,1.5469],[39.422,1.5461],[39.4261,1.5403],[39.4385,1.5295],[39.4472,1.5272],[39.2743,1.4678],[39.3978,1.1463],[39.4622,0.9971],[39.4607,0.9947],[39.4662,0.9873],[39.4796,0.9802],[39.4925,0.9622],[39.4979,0.9339],[39.5145,0.9002],[39.5322,0.8573],[39.5457,0.8157],[39.5533,0.7852],[39.5614,0.768],[39.5635,0.7572],[39.5671,0.7535],[39.5689,0.7486],[39.5753,0.7422],[39.586,0.7222],[39.5973,0.713],[39.6003,0.7038],[39.607,0.6947],[39.6106,0.6925],[39.6145,0.6846],[39.6248,0.6773],[39.6281,0.67],[39.6354,0.6676],[39.6462,0.6579],[39.6538,0.6378],[39.6544,0.6326],[39.662,0.6222],[39.665,0.6145],[39.6736,0.6053],[39.6766,0.5977],[39.6856,0.5876],[39.6894,0.5798],[39.6963,0.5751],[39.7022,0.5657],[39.7118,0.5579],[39.7167,0.5511],[39.7177,0.5465],[39.7211,0.5468],[39.724,0.544],[39.7285,0.5346],[39.7316,0.5317],[39.7329,0.5259],[39.7372,0.5231],[39.7411,0.5235],[39.7468,0.5177],[39.7554,0.5149],[39.7588,0.5124],[39.7622,0.5122],[39.7645,0.5068],[39.767,0.5041],[39.7704,0.5034],[39.7737,0.4992],[39.775,0.4953],[39.7774,0.4955],[39.784,0.4904],[39.793,0.4884],[39.7997,0.4828],[39.8107,0.4835],[39.8207,0.4821],[39.8274,0.4779],[39.836,0.4801],[39.841,0.4774],[39.8503,0.4771],[39.8539,0.4745],[39.8566,0.4692],[39.8648,0.4659],[39.8704,0.4601],[39.8747,0.4583],[39.8799,0.4589],[39.8878,0.4629],[39.8957,0.4611],[39.905,0.4621],[39.9439,0.4297],[39.9791,0.4097],[39.9933,0.4041],[40.013,0.3989],[40.0484,0.3963],[40.0596,0.3926],[40.0963,0.367],[40.1282,0.3426],[40.1609,0.3259],[40.1781,0.3099],[40.2111,0.272],[40.2334,0.2526],[40.2589,0.2373],[40.2826,0.228],[40.3031,0.218],[40.3313,0.1994],[40.3583,0.1988],[40.3751,0.1968],[40.3832,0.1938],[40.3954,0.1859],[40.4022,0.1839],[40.4073,0.1841],[40.4194,0.1892],[40.4261,0.1903],[40.4484,0.1862],[40.4739,0.1865],[40.4827,0.1887],[40.495,0.1979],[40.4989,0.1972],[40.5037,0.1925],[40.5073,0.1928],[40.5125,0.2016],[40.514,0.2082],[40.5205,0.2129],[40.5245,0.2215],[40.5332,0.2263],[40.5407,0.2268],[40.565,0.2158],[40.5788,0.217],[40.5862,0.2154],[40.595,0.2256],[40.5988,0.2266],[40.6045,0.2254],[40.6093,0.2314],[40.6121,0.2328],[40.6188,0.2314],[40.63,0.2327],[40.6477,0.2321],[40.6818,0.2584],[40.6834,0.2613],[40.6835,0.2711],[40.6945,0.2781],[40.704,0.2949],[40.7102,0.3128],[40.7157,0.3201],[40.7352,0.3256],[40.7519,0.3436],[40.7731,0.354],[40.8193,0.3663],[40.8433,0.3709],[40.8626,0.3789],[40.886,0.3924],[40.9185,0.4239],[40.9333,0.4321],[40.9456,0.4369],[40.9612,0.4476],[40.9774,0.4529],[40.9918,0.4644],[40.9925,0.9517],[40.9922,1.4428],[40.9921,1.7101],[40.9904,1.9473],[40.992,2.1792],[40.964,2.1763],[40.9456,2.1771],[40.9157,2.1915],[40.8919,2.2103],[40.8763,2.2246],[40.8625,2.243],[40.8424,2.2639],[40.8387,2.2747],[40.8299,2.2767],[40.8208,2.2763],[40.8133,2.2779],[40.799,2.2862],[40.7798,2.3048],[40.7563,2.3145],[40.7404,2.3139],[40.7326,2.3178],[40.7198,2.328],[40.7167,2.3334],[40.7163,2.3388],[40.7134,2.3415],[40.7101,2.3487],[40.7009,2.3543],[40.7,2.3576],[40.6929,2.3657],[40.6862,2.3694],[40.6821,2.37],[40.6773,2.3752],[40.6762,2.3839],[40.6677,2.3909],[40.6656,2.3963],[40.6676,2.4061],[40.6649,2.4125],[40.6646,2.4231],[40.661,2.4291],[40.6543,2.4335],[40.6414,2.4357],[40.6401,2.4373],[40.6403,2.4415],[40.6336,2.4421],[40.6308,2.4489],[40.6163,2.4618],[40.6073,2.4764],[40.6035,2.4838],[40.6049,2.4879],[40.6036,2.4924],[40.592,2.5013],[40.5918,2.5055],[40.5969,2.5089],[40.5974,2.5123],[40.5817,2.5278],[40.5801,2.5347],[40.5814,2.5498],[40.5698,2.564],[40.5668,2.5652],[40.5594,2.5786],[40.5624,2.5864],[40.5539,2.5933],[40.5531,2.5986],[40.5506,2.6029],[40.5519,2.6097],[40.5451,2.6271],[40.5463,2.6319],[40.5435,2.6349],[40.5417,2.6405],[40.5383,2.6434],[40.537,2.6506],[40.5323,2.6601],[40.528,2.6642],[40.5283,2.6709],[40.5249,2.6778],[40.5212,2.6958],[40.5183,2.7004],[40.514,2.702],[40.5027,2.7165],[40.5013,2.7236],[40.5064,2.725],[40.5088,2.7276],[40.5121,2.7324],[40.5137,2.7384],[40.5204,2.7396],[40.5213,2.7411],[40.5194,2.7445],[40.5205,2.7511],[40.5195,2.7607],[40.5211,2.7642],[40.5194,2.7714],[40.5222,2.7756],[40.5196,2.7775],[40.5152,2.7778],[40.5111,2.7839],[40.508,2.7828],[40.505,2.7843],[40.5036,2.7868],[40.5049,2.7947],[40.4956,2.7973],[40.4933,2.7996],[40.4944,2.8037],[40.5033,2.8093],[40.5044,2.8114],[40.5027,2.8141],[40.4945,2.818],[40.4949,2.8195],[40.4974,2.8199],[40.4974,2.8211],[40.4955,2.8215],[40.4956,2.827],[40.4985,2.8336],[40.4939,2.8379],[40.4935,2.8454],[40.4965,2.8514],[40.4928,2.8548],[40.4948,2.8571],[40.4918,2.8644],[40.4929,2.8681],[40.2697,2.9706],[40.1827,3.0729],[40.0442,3.2242],[40.0351,3.2296],[39.7868,3.3335],[39.7753,3.6681],[39.7681,3.6581],[39.7659,3.6611],[39.6094,3.5011],[39.553,3.4661],[39.5481,3.4711],[39.5403,3.4728],[39.5321,3.4683],[39.5297,3.4688],[39.5253,3.4666],[39.5226,3.4686],[39.5015,3.4701],[39.4999,3.4649],[39.4932,3.4675],[39.4858,3.46],[39.4764,3.4603],[39.4735,3.4618],[39.4713,3.4594],[39.4665,3.4603],[39.4575,3.4559],[39.4456,3.4607],[39.4424,3.4562],[39.4381,3.4565],[39.4366,3.4606],[39.4313,3.4576],[39.429,3.4663],[39.4217,3.4612],[39.4179,3.4606],[39.4134,3.4667],[39.4077,3.4644],[39.4066,3.4657],[39.4034,3.4632],[39.3763,3.4682],[39.3359,3.4663],[39.3181,3.472],[39.3045,3.4558],[39.2998,3.4407],[39.3017,3.4266],[39.3135,3.4068],[39.3282,3.2887],[39.3297,3.2853],[39.3383,3.2774],[39.3417,3.2554],[39.3468,3.0701],[39.324,3.0528],[39.2893,3.0353],[39.2824,3.0267],[39.2494,2.9959],[39.2481,2.9891],[39.2022,2.9569],[39.1533,2.9547],[39.1474,2.9528],[39.1375,2.9386],[39.1338,2.9362],[39.1267,2.9348],[39.1236,2.9313],[39.1167,2.9141],[39.1118,2.8833],[39.0651,2.8823],[39.066,2.7376],[39.0584,2.7336],[39.0525,2.7265],[39.0485,2.7121],[39.0483,2.7042],[39.046,2.7001],[39.0368,2.692],[39.0359,2.6899],[39.0362,2.6869],[39.0408,2.6817],[39.0434,2.676],[38.9817,2.5712],[38.9767,2.5669],[38.968,2.5632],[38.8886,2.5426],[38.8919,2.5346],[38.8939,2.513],[38.9013,2.4879],[38.9023,2.4783],[38.9135,2.4499],[38.9145,2.4408],[38.928,2.4128],[38.9306,2.3951],[38.9307,2.3814],[38.9347,2.3728],[38.9342,2.36],[38.9314,2.3458],[38.9361,2.3158],[38.9261,2.2841],[38.9288,2.2748],[38.9291,2.2619],[38.9343,2.2437],[38.9383,2.2148],[38.9371,2.1967],[38.938,2.1768],[38.9358,2.1612],[38.9542,2.1062],[38.9626,2.0974]]]]}},{"type":"Feature","properties":{"name":"West Pokot"},"geometry":{"type":"MultiPolygon","coordinates":[[[[34.9428,2.4555],[34.9311,2.455],[34.9225,2.4527],[34.9004,2.4399],[34.8931,2.4331],[34.8829,2.4187],[34.88,2.4109],[34.8791,2.3979],[34.9042,2.3204],[34.9282,2.2611],[34.9339,2.248],[34.961,2.1981],[34.9751,2.1629],[34.9923,2.0929],[34.9638,2.0637],[34.9831,1.9993],[34.9839,1.9806],[34.9921,1.9671],[35.0258,1.9242],[35.0005,1.8383],[34.9878,1.6652],[34.9422,1.5762],[34.9203,1.5633],[34.91,1.5642],[34.9023,1.5524],[34.8868,1.5558],[34.8833,1.541],[34.8805,1.536],[34.8778,1.533],[34.8636,1.5266],[34.8603,1.5147],[34.8604,1.4572],[34.8584,1.4526],[34.8528,1.4504],[34.8424,1.4534],[34.8405,1.4528],[34.7973,1.4253],[34.7886,1.4163],[34.7889,1.4095],[34.804,1.3734],[34.7952,1.3657],[34.7932,1.3608],[34.8292,1.3113],[34.8313,1.3035],[34.8293,1.2956],[34.8303,1.2761],[34.8322,1.2716],[34.8285,1.2664],[34.8223,1.2626],[34.9107,1.2842],[34.9061,1.2521],[34.9419,1.2508],[34.972,1.2462],[34.9931,1.2576],[35.0121,1.2542],[35.023,1.2352],[35.0444,1.2154],[35.0353,1.2038],[35.0417,1.1945],[35.0468,1.1927],[35.0576,1.1822],[35.0762,1.1756],[35.0831,1.1692],[35.087,1.1833],[35.117,1.188],[35.1242,1.1838],[35.1521,1.1994],[35.3245,1.1164],[35.3556,1.132],[35.5439,1.2851],[35.5575,1.285],[35.5644,1.2899],[35.5758,1.2915],[35.5779,1.2912],[35.5853,1.2832],[35.602,1.2794],[35.608,1.2801],[35.6134,1.2827],[35.6173,1.2898],[35.6392,1.3032],[35.6731,1.3154],[35.696,1.319],[35.6968,1.3207],[35.6959,1.3229],[35.699,1.3254],[35.6991,1.3274],[35.6956,1.3286],[35.6972,1.3307],[35.6941,1.3349],[35.6946,1.3388],[35.6902,1.3389],[35.6876,1.3412],[35.6912,1.3424],[35.69,1.3444],[35.6876,1.3445],[35.6869,1.3472],[35.6895,1.3527],[35.687,1.3572],[35.6876,1.3596],[35.6902,1.361],[35.6905,1.3679],[35.6938,1.3677],[35.6926,1.3729],[35.7015,1.3845],[35.7014,1.3871],[35.6983,1.3881],[35.7017,1.3951],[35.7021,1.4003],[35.704,1.4019],[35.7109,1.4008],[35.7102,1.4039],[35.7058,1.4057],[35.7064,1.4093],[35.7094,1.4102],[35.7106,1.4127],[35.7061,1.416],[35.7055,1.42],[35.7071,1.4216],[35.7045,1.4278],[35.7077,1.4315],[35.7058,1.4384],[35.7109,1.4415],[35.7126,1.4482],[35.72,1.4515],[35.7198,1.4564],[35.7224,1.4581],[35.7226,1.461],[35.7186,1.4715],[35.7196,1.4733],[35.7236,1.4747],[35.7258,1.48],[35.7292,1.4815],[35.7283,1.4869],[35.7307,1.4874],[35.7341,1.4906],[35.7375,1.4967],[35.7592,1.5078],[35.7617,1.5144],[35.761,1.518],[35.7668,1.5217],[35.768,1.5328],[35.7717,1.536],[35.775,1.5431],[35.7751,1.5504],[35.7827,1.5598],[35.7849,1.5902],[35.7874,1.5968],[35.7869,1.6027],[35.7893,1.6098],[35.7899,1.62],[35.7932,1.6236],[35.7917,1.6255],[35.7797,1.6301],[35.7762,1.636],[35.7763,1.6435],[35.7787,1.6489],[35.7919,1.6636],[35.7842,1.6639],[35.7741,1.6682],[35.7686,1.6685],[35.7624,1.6709],[35.763,1.6721],[35.7543,1.6765],[35.72,1.7071],[35.7167,1.7078],[35.7103,1.7055],[35.6979,1.7081],[35.6821,1.719],[35.6698,1.7243],[35.6634,1.7337],[35.6568,1.738],[35.6403,1.7419],[35.6273,1.7471],[35.6266,1.7434],[35.6213,1.7454],[35.6173,1.745],[35.6138,1.7484],[35.6091,1.7492],[35.6052,1.756],[35.6018,1.7582],[35.5933,1.7525],[35.583,1.7514],[35.5758,1.7553],[35.5722,1.7536],[35.5553,1.7624],[35.5509,1.762],[35.5422,1.7665],[35.5241,1.7682],[35.5099,1.7639],[35.5051,1.7754],[35.5008,1.7772],[35.4923,1.7844],[35.4911,1.7889],[35.4886,1.7883],[35.4855,1.7911],[35.4817,1.7909],[35.4805,1.7934],[35.4814,1.797],[35.4776,1.7956],[35.477,1.8034],[35.4699,1.8038],[35.4663,1.8084],[35.4635,1.8082],[35.4637,1.8101],[35.467,1.8112],[35.4672,1.8142],[35.4693,1.8171],[35.4686,1.8183],[35.4657,1.8181],[35.4644,1.8211],[35.4686,1.8258],[35.4671,1.8283],[35.4686,1.8308],[35.4663,1.8334],[35.4656,1.8397],[35.4637,1.8423],[35.4607,1.8428],[35.4588,1.8461],[35.4534,1.8444],[35.4516,1.8459],[35.4497,1.8451],[35.4492,1.8501],[35.4456,1.8493],[35.4436,1.8534],[35.4417,1.8519],[35.365,1.9289],[35.369,1.9341],[35.3696,1.9399],[35.3719,1.9438],[35.3749,1.9469],[35.3792,1.948],[35.3734,1.9662],[35.3749,1.9922],[35.3658,2.0362],[35.362,2.0442],[35.3596,2.0574],[35.3403,2.125],[35.3249,2.1668],[35.3183,2.1894],[35.3088,2.2342],[35.298,2.2707],[35.2856,2.2976],[35.2711,2.3197],[35.2613,2.3317],[35.2454,2.3415],[35.239,2.3435],[35.2321,2.3512],[35.2366,2.3786],[35.2233,2.412],[35.2266,2.4328],[35.2317,2.4414],[35.2226,2.4623],[35.2203,2.4875],[35.222,2.5167],[35.2249,2.5299],[35.2129,2.5507],[35.1982,2.5918],[35.1744,2.6368],[35.1605,2.6482],[35.1517,2.6491],[35.1371,2.646],[35.1344,2.6516],[35.1324,2.6489],[35.1281,2.6344],[35.1276,2.623],[35.1224,2.6102],[35.1161,2.6019],[35.1073,2.5689],[35.1076,2.5602],[35.1048,2.5548],[35.1045,2.5475],[35.1075,2.5422],[35.1081,2.5345],[35.1103,2.5289],[35.1092,2.5258],[35.1105,2.5206],[35.1074,2.5105],[35.1075,2.5051],[35.101,2.4883],[35.0933,2.4786],[35.0797,2.4682],[35.0692,2.4627],[35.0662,2.4637],[35.0578,2.4894],[35.0443,2.5169],[35.0316,2.5372],[35.0296,2.543],[35.0266,2.5644],[35.0216,2.5683],[35.0161,2.5676],[35.0124,2.5618],[35.0087,2.5507],[35.0045,2.5069],[34.9981,2.4884],[34.997,2.4787],[34.9975,2.474],[34.9997,2.4702],[35.0074,2.4608],[35.0161,2.4546],[35.0221,2.4433],[35.0199,2.4402],[35.0214,2.4338],[35.0149,2.4285],[35.0106,2.4272],[35.0087,2.4247],[35.0088,2.42],[35.0133,2.4077],[35.0117,2.4036],[35.01,2.4035],[34.9712,2.4365],[34.9408,2.4531],[34.9428,2.4555]]]]}},{"type":"Feature","properties":{"name":"Samburu"},"geometry":{"type":"MultiPolygon","coordinates":[[[[36.3921,0.9188],[36.3915,0.9124],[36.3934,0.9118],[36.3925,0.9099],[36.395,0.9087],[36.3947,0.906],[36.3963,0.9045],[36.4024,0.9005],[36.4097,0.8997],[36.4174,0.9022],[36.4236,0.8973],[36.4227,0.8928],[36.4289,0.8846],[36.437,0.8775],[36.4441,0.8736],[36.4445,0.8716],[36.4476,0.873],[36.4536,0.8728],[36.4603,0.8699],[36.4633,0.8658],[36.4695,0.8637],[36.4701,0.8612],[36.4768,0.857],[36.4785,0.8543],[36.4845,0.8527],[36.4887,0.8468],[36.4828,0.8251],[36.483,0.8195],[36.4815,0.8168],[36.4824,0.8135],[36.6695,0.8133],[36.673,0.8167],[36.6872,0.8175],[36.705,0.8159],[36.7084,0.8144],[36.7347,0.825],[36.7561,0.8584],[36.7731,0.8656],[36.7934,0.8694],[36.8156,0.8559],[36.8198,0.839],[36.8316,0.8152],[36.834,0.8004],[36.8438,0.7949],[36.8409,0.79],[36.8567,0.7635],[36.863,0.7496],[36.8658,0.7377],[36.8777,0.7381],[36.8811,0.7332],[36.8865,0.7334],[36.889,0.7374],[36.8961,0.7401],[36.9032,0.7402],[36.9048,0.7382],[36.9084,0.7375],[36.9086,0.7316],[36.9104,0.7285],[36.9121,0.7295],[36.914,0.7286],[36.9171,0.7296],[36.9199,0.7381],[36.9244,0.7404],[36.928,0.7406],[36.9316,0.7434],[36.9346,0.7542],[36.9384,0.7523],[36.9424,0.7469],[36.9481,0.744],[36.9601,0.7441],[36.9663,0.7421],[36.971,0.7439],[36.974,0.747],[36.9806,0.7445],[36.9923,0.7479],[36.9963,0.751],[37.0021,0.75],[37.0087,0.7516],[37.0166,0.7557],[37.0466,0.7662],[37.0579,0.7722],[37.0598,0.772],[37.0631,0.7668],[37.0695,0.7658],[37.0721,0.773],[37.0708,0.777],[37.0724,0.7791],[37.0875,0.7828],[37.0928,0.7827],[37.0965,0.7857],[37.1031,0.7876],[37.1078,0.7859],[37.11,0.7808],[37.1175,0.7834],[37.1244,0.7781],[37.1283,0.7666],[37.1366,0.7595],[37.1517,0.7609],[37.1524,0.753],[37.1619,0.7516],[37.1634,0.7456],[37.1686,0.7427],[37.1748,0.7454],[37.1818,0.7426],[37.2022,0.7465],[37.2062,0.7415],[37.2199,0.7394],[37.2305,0.7499],[37.2358,0.7515],[37.2381,0.7556],[37.2433,0.7585],[37.2469,0.763],[37.2555,0.7645],[37.2647,0.7578],[37.2664,0.7536],[37.2703,0.7523],[37.275,0.7438],[37.2892,0.7365],[37.2909,0.7313],[37.2939,0.7293],[37.3002,0.7209],[37.3052,0.7032],[37.3083,0.701],[37.3144,0.6849],[37.3263,0.6684],[37.3267,0.6605],[37.3308,0.6542],[37.3317,0.6503],[37.3427,0.6458],[37.3433,0.6381],[37.3475,0.6329],[37.3495,0.6262],[37.3528,0.6216],[37.3518,0.6157],[37.354,0.6089],[37.3539,0.6007],[37.3562,0.5993],[37.3635,0.5993],[37.3649,0.587],[37.3745,0.5876],[37.3782,0.5838],[37.3826,0.5827],[37.3912,0.5766],[37.4061,0.5797],[37.424,0.5795],[37.428,0.5832],[37.4355,0.5803],[37.4407,0.5824],[37.447,0.5804],[37.4624,0.5864],[37.4659,0.591],[37.4703,0.5933],[37.4778,0.5881],[37.4917,0.5889],[37.4928,0.5856],[37.4905,0.5789],[37.4923,0.5762],[37.5024,0.5756],[37.5076,0.5697],[37.5143,0.5681],[37.5241,0.5703],[37.5319,0.5652],[37.545,0.578],[37.5471,0.5779],[37.5497,0.5742],[37.5574,0.571],[37.5647,0.5721],[37.5672,0.5707],[37.5765,0.5746],[37.5809,0.5728],[37.5833,0.5749],[37.5823,0.585],[37.5835,0.5884],[37.5912,0.5883],[37.5975,0.5917],[37.6058,0.5915],[37.6187,0.6001],[37.6226,0.5984],[37.6279,0.6],[37.6302,0.5969],[37.6328,0.5972],[37.6357,0.6012],[37.6365,0.6075],[37.6419,0.6127],[37.641,0.6148],[37.6374,0.6148],[37.6386,0.6214],[37.6439,0.6224],[37.6458,0.6285],[37.6504,0.6322],[37.6561,0.6313],[37.6611,0.6334],[37.6651,0.6328],[37.6736,0.6413],[37.6766,0.6398],[37.6784,0.6424],[37.6812,0.6426],[37.683,0.6514],[37.6862,0.6565],[37.6909,0.66],[37.6907,0.6631],[37.7028,0.6672],[37.7091,0.6672],[37.714,0.6601],[37.7238,0.6547],[37.7288,0.6565],[37.7292,0.6619],[37.7341,0.6623],[37.7399,0.6672],[37.7467,0.6762],[37.7529,0.6753],[37.7578,0.6726],[37.7686,0.6735],[37.7739,0.678],[37.7896,0.6722],[37.8035,0.6757],[37.8111,0.6744],[37.8249,0.6798],[37.8321,0.6798],[37.8446,0.6896],[37.8424,0.7035],[37.8464,0.7115],[37.8585,0.7182],[37.867,0.7267],[37.875,0.7303],[37.8724,0.7357],[37.8768,0.7442],[37.8885,0.7388],[37.8965,0.7276],[37.8992,0.729],[37.9023,0.7263],[37.9023,0.7209],[37.9081,0.7196],[37.9126,0.712],[37.9274,0.7218],[37.9363,0.7303],[37.9404,0.7388],[37.9538,0.7469],[37.9583,0.7513],[37.9645,0.7518],[37.9717,0.7545],[37.9721,0.7598],[37.9802,0.7697],[37.9882,0.7773],[37.9949,0.7791],[37.9994,0.7867],[38.0043,0.788],[38.0097,0.7925],[38.0075,0.8001],[38.0115,0.8037],[38.016,0.8023],[38.0155,0.797],[38.024,0.797],[38.0303,0.7907],[38.0468,0.7844],[38.05,0.7786],[38.0611,0.7786],[38.0647,0.7809],[38.0804,0.7804],[38.0809,0.7814],[38.0475,0.805],[38.0308,1.0851],[37.9482,1.1943],[37.9453,1.2629],[37.9506,1.387],[37.8521,1.4591],[37.8488,1.4527],[37.8494,1.4466],[37.846,1.4422],[37.8464,1.4356],[37.8428,1.4308],[37.8444,1.4274],[37.8417,1.4255],[37.8315,1.4251],[37.8259,1.4208],[37.817,1.4229],[37.8109,1.4185],[37.8055,1.4175],[37.7997,1.4183],[37.7936,1.4141],[37.7872,1.415],[37.7821,1.4196],[37.7784,1.4118],[37.7749,1.4121],[37.773,1.4097],[37.7684,1.414],[37.7614,1.414],[37.7553,1.4118],[37.7476,1.4133],[37.7367,1.4074],[37.7249,1.4056],[37.7185,1.4075],[37.71,1.4072],[37.6836,1.399],[37.6739,1.4031],[37.6705,1.3995],[37.6646,1.3977],[37.6604,1.3981],[37.6573,1.3952],[37.6547,1.4003],[37.6529,1.4009],[37.6467,1.3992],[37.6394,1.3911],[37.6334,1.3892],[37.6297,1.3837],[37.6226,1.3837],[37.6215,1.3769],[37.6179,1.3781],[37.6101,1.3754],[37.6067,1.3762],[37.6023,1.3811],[37.5998,1.3896],[37.598,1.3916],[37.5962,1.3897],[37.5957,1.3846],[37.5894,1.3791],[37.5874,1.3682],[37.5794,1.3653],[37.5821,1.3708],[37.5771,1.3799],[37.573,1.381],[37.5696,1.3888],[37.5631,1.3905],[37.5612,1.394],[37.5578,1.3962],[37.4692,1.5543],[37.443,1.5874],[37.3505,1.7421],[37.3061,1.7655],[37.266,1.8788],[37.2477,1.881],[37.2445,1.8827],[37.241,1.8858],[37.2389,1.8923],[37.2321,1.9002],[37.2199,1.907],[37.2162,1.9119],[37.2107,1.9144],[37.1909,1.9304],[37.1869,1.9355],[37.1808,1.9497],[37.1795,1.9592],[37.1749,1.9582],[37.1509,1.9679],[37.1298,1.971],[37.1209,1.9761],[37.0967,1.9832],[37.0368,1.9825],[37.0072,1.9851],[36.95,2.0251],[36.9399,2.0248],[36.9244,2.0167],[36.9178,2.0166],[36.9158,2.018],[36.9189,2.0338],[36.9191,2.0526],[36.921,2.0583],[36.9182,2.0835],[36.92,2.0995],[36.9127,2.1],[36.9153,2.1257],[36.903,2.1567],[36.8969,2.1917],[36.8929,2.1975],[36.8658,2.2538],[36.8435,2.2748],[36.7567,2.5161],[36.7524,2.5165],[36.7468,2.5141],[36.7393,2.515],[36.7141,2.5085],[36.7079,2.5083],[36.7069,2.5117],[36.7044,2.5132],[36.6997,2.5124],[36.7022,2.4975],[36.7015,2.4852],[36.7034,2.479],[36.6975,2.4662],[36.6995,2.4582],[36.6986,2.4551],[36.6953,2.4546],[36.6873,2.4591],[36.6843,2.4579],[36.6711,2.4455],[36.6611,2.4303],[36.6562,2.4198],[36.6507,2.4194],[36.6469,2.4134],[36.6449,2.4182],[36.6435,2.4183],[36.6434,2.4058],[36.6408,2.3965],[36.6379,2.3918],[36.6392,2.411],[36.6372,2.4068],[36.6339,2.4053],[36.6303,2.4129],[36.6221,2.4155],[36.6205,2.4124],[36.6211,2.4045],[36.619,2.3998],[36.6089,2.3966],[36.605,2.3981],[36.6045,2.4017],[36.6009,2.4057],[36.601,2.36],[36.7237,2.301],[36.7222,2.2964],[36.7234,2.2921],[36.7211,2.286],[36.7228,2.275],[36.7145,2.2665],[36.7107,2.2663],[36.7066,2.2619],[36.7073,2.2597],[36.7124,2.2556],[36.7138,2.2523],[36.7134,2.2455],[36.7091,2.2377],[36.712,2.2308],[36.7113,2.2244],[36.6999,2.2183],[36.7005,2.2088],[36.7024,2.2035],[36.7008,2.1988],[36.6866,2.1957],[36.6818,2.1934],[36.6704,2.1864],[36.6563,2.1734],[36.6362,2.1639],[36.6194,2.1613],[36.6099,2.1561],[36.6124,2.1622],[36.6109,2.1632],[36.5986,2.1535],[36.5945,2.1465],[36.5879,2.1465],[36.584,2.1407],[36.5791,2.1208],[36.5635,2.1038],[36.5635,2.0986],[36.5668,2.0896],[36.5651,2.0791],[36.5681,2.058],[36.5599,2.0498],[36.5581,2.0507],[36.5557,2.0488],[36.555,2.043],[36.5493,2.0315],[36.5469,2.0326],[36.5448,2.0305],[36.5478,2.0254],[36.5447,2.0249],[36.5435,2.0227],[36.5465,2.0172],[36.5461,2.0071],[36.5402,2.0067],[36.5391,2.0019],[36.542,1.9889],[36.5377,1.9779],[36.5377,1.9712],[36.5295,1.9639],[36.5265,1.9535],[36.5288,1.9522],[36.5345,1.9635],[36.5362,1.9637],[36.5385,1.957],[36.5355,1.951],[36.535,1.9463],[36.5382,1.9428],[36.538,1.9368],[36.536,1.9316],[36.5395,1.9266],[36.5382,1.9186],[36.5365,1.9171],[36.5375,1.9134],[36.534,1.9066],[36.536,1.9047],[36.5352,1.9004],[36.5365,1.8987],[36.5352,1.8949],[36.528,1.8937],[36.5265,1.891],[36.524,1.8922],[36.5245,1.8867],[36.5233,1.8832],[36.5193,1.8822],[36.5195,1.8807],[36.5175,1.8792],[36.5121,1.8795],[36.5116,1.8765],[36.5123,1.8685],[36.5098,1.8596],[36.5128,1.8558],[36.5121,1.8496],[36.518,1.8531],[36.52,1.8521],[36.523,1.8464],[36.5175,1.8354],[36.5215,1.8319],[36.5215,1.8294],[36.5188,1.8279],[36.5193,1.8249],[36.518,1.8234],[36.5118,1.8269],[36.5113,1.8259],[36.5141,1.8224],[36.5136,1.816],[36.5193,1.806],[36.5273,1.8077],[36.5295,1.8052],[36.5293,1.7998],[36.5248,1.7973],[36.5255,1.7918],[36.5185,1.7913],[36.5223,1.7861],[36.5208,1.7851],[36.5195,1.7786],[36.5143,1.7786],[36.5136,1.7768],[36.5178,1.7734],[36.5165,1.7651],[36.5111,1.7666],[36.5076,1.7714],[36.5088,1.7656],[36.5103,1.7636],[36.5138,1.7631],[36.5151,1.7606],[36.5131,1.7584],[36.5133,1.7562],[36.5188,1.7594],[36.5193,1.7666],[36.5215,1.7666],[36.524,1.7656],[36.5253,1.7549],[36.5205,1.7504],[36.5138,1.7484],[36.519,1.7459],[36.5185,1.741],[36.5136,1.74],[36.5056,1.7312],[36.5063,1.7278],[36.5048,1.7258],[36.5048,1.7215],[36.4994,1.7175],[36.5016,1.7106],[36.5009,1.7086],[36.4989,1.7061],[36.4864,1.7043],[36.4842,1.7028],[36.4857,1.6946],[36.4837,1.6921],[36.4837,1.6886],[36.4854,1.6829],[36.4779,1.6774],[36.4769,1.6754],[36.4789,1.6685],[36.4754,1.6632],[36.472,1.6632],[36.47,1.6583],[36.4685,1.6525],[36.4705,1.6433],[36.469,1.6383],[36.466,1.6356],[36.4677,1.6313],[36.4655,1.6291],[36.4657,1.6264],[36.462,1.6224],[36.462,1.6191],[36.4657,1.6169],[36.4655,1.6147],[36.464,1.6132],[36.4555,1.6139],[36.4535,1.6124],[36.4488,1.6179],[36.4468,1.6184],[36.4426,1.6181],[36.4403,1.6156],[36.4368,1.6094],[36.4368,1.6029],[36.4311,1.598],[36.4313,1.5845],[36.4264,1.5833],[36.4244,1.5735],[36.4224,1.5715],[36.4199,1.5715],[36.4176,1.5663],[36.4132,1.5661],[36.4099,1.5611],[36.4057,1.5454],[36.4027,1.5429],[36.3985,1.5347],[36.3955,1.5242],[36.3935,1.5227],[36.385,1.5227],[36.3835,1.5312],[36.3793,1.5332],[36.3775,1.5404],[36.372,1.5479],[36.372,1.5539],[36.3696,1.5593],[36.3693,1.5636],[36.374,1.578],[36.3748,1.5848],[36.3723,1.5922],[36.3693,1.5952],[36.3668,1.5957],[36.3633,1.5912],[36.3596,1.5902],[36.3578,1.5877],[36.3606,1.5835],[36.3598,1.5783],[36.3618,1.5753],[36.3601,1.572],[36.3578,1.5708],[36.3511,1.5723],[36.3409,1.5708],[36.3399,1.578],[36.3369,1.5715],[36.3312,1.571],[36.3255,1.5666],[36.321,1.5596],[36.312,1.5506],[36.2998,1.5421],[36.298,1.5347],[36.2961,1.5332],[36.2948,1.5128],[36.2961,1.506],[36.2938,1.502],[36.2963,1.4971],[36.2976,1.4883],[36.2916,1.4816],[36.2898,1.4736],[36.2866,1.4699],[36.2863,1.4669],[36.2886,1.4639],[36.2941,1.4634],[36.3053,1.4689],[36.3105,1.4699],[36.3182,1.4699],[36.3227,1.4679],[36.3479,1.4388],[36.3511,1.4388],[36.3559,1.436],[36.3583,1.4395],[36.3628,1.438],[36.3688,1.439],[36.3723,1.441],[36.3803,1.4415],[36.3895,1.445],[36.3955,1.44],[36.4012,1.4325],[36.4089,1.4283],[36.4122,1.4221],[36.4154,1.4216],[36.4171,1.4176],[36.4211,1.4156],[36.4236,1.4173],[36.4269,1.4151],[36.4281,1.4136],[36.4266,1.4099],[36.4276,1.4081],[36.4316,1.4101],[36.4368,1.4101],[36.4383,1.4121],[36.4411,1.4096],[36.4473,1.4121],[36.4493,1.4061],[36.4535,1.4019],[36.455,1.3981],[36.461,1.4034],[36.463,1.4029],[36.4665,1.3986],[36.4642,1.3937],[36.4657,1.3874],[36.4582,1.3687],[36.4558,1.3677],[36.4533,1.3692],[36.4488,1.365],[36.4376,1.36],[36.4351,1.3521],[36.4289,1.3506],[36.4261,1.3478],[36.4224,1.3478],[36.4206,1.3458],[36.4211,1.3369],[36.4196,1.3346],[36.4174,1.3341],[36.4161,1.3314],[36.4102,1.3286],[36.4099,1.3241],[36.4062,1.3224],[36.4057,1.3189],[36.4039,1.3172],[36.3945,1.3169],[36.3905,1.3129],[36.3957,1.308],[36.4019,1.3082],[36.4034,1.3005],[36.4047,1.2997],[36.4077,1.3012],[36.4159,1.2985],[36.4194,1.2945],[36.4259,1.3002],[36.4306,1.3012],[36.4326,1.3042],[36.4378,1.3027],[36.4376,1.2975],[36.4346,1.293],[36.4356,1.2895],[36.4381,1.2888],[36.444,1.2778],[36.4508,1.2726],[36.45,1.2661],[36.4535,1.2616],[36.4535,1.2544],[36.4463,1.2511],[36.4408,1.2566],[36.4386,1.2614],[36.4318,1.2649],[36.4301,1.2673],[36.4229,1.2671],[36.4159,1.2748],[36.4082,1.2791],[36.4042,1.2726],[36.3975,1.2773],[36.395,1.2768],[36.396,1.2696],[36.391,1.2696],[36.3877,1.2656],[36.3877,1.2634],[36.3917,1.2626],[36.3965,1.2554],[36.4007,1.2549],[36.4039,1.2514],[36.4062,1.2524],[36.4072,1.2569],[36.4097,1.2601],[36.4134,1.2596],[36.4134,1.2467],[36.4216,1.2367],[36.4181,1.227],[36.4142,1.2265],[36.4124,1.2325],[36.4094,1.229],[36.4062,1.23],[36.4034,1.2272],[36.3987,1.2267],[36.398,1.224],[36.394,1.22],[36.394,1.2138],[36.398,1.2068],[36.395,1.1981],[36.3964,1.194],[36.3947,1.1901],[36.387,1.1866],[36.3915,1.1844],[36.3917,1.1814],[36.39,1.1789],[36.3902,1.1757],[36.3922,1.1732],[36.399,1.1737],[36.4079,1.1796],[36.4146,1.1816],[36.4156,1.1846],[36.4186,1.1866],[36.4239,1.1826],[36.4261,1.1831],[36.4289,1.1816],[36.4316,1.1779],[36.4386,1.1777],[36.4423,1.1729],[36.4401,1.1615],[36.4351,1.1562],[36.4356,1.143],[36.4333,1.1415],[36.4388,1.1323],[36.4391,1.1273],[36.4428,1.1199],[36.4421,1.1174],[36.4448,1.1134],[36.4445,1.1101],[36.4388,1.1019],[36.4373,1.0865],[36.4388,1.0807],[36.4413,1.0792],[36.444,1.0733],[36.4406,1.0673],[36.4438,1.0553],[36.4413,1.0481],[36.4416,1.0429],[36.4535,1.0147],[36.4532,0.9975],[36.4586,0.9967],[36.457,0.9862],[36.4594,0.9784],[36.4582,0.9773],[36.4485,0.9804],[36.4458,0.9998],[36.4411,1.0029],[36.4396,1.0025],[36.4454,0.9843],[36.4427,0.9711],[36.4365,0.9606],[36.4178,0.9369],[36.405,0.926],[36.3921,0.9188]]]]}},{"type":"Feature","properties":{"name":"Isiolo"},"geometry":{"type":"MultiPolygon","coordinates":[[[[37.9453,1.2629],[37.9482,1.1943],[38.0308,1.0851],[38.0475,0.805],[38.0809,0.7814],[38.0804,0.7804],[38.0647,0.7809],[38.0611,0.7786],[38.05,0.7786],[38.0468,0.7844],[38.0303,0.7907],[38.024,0.797],[38.0155,0.797],[38.016,0.8023],[38.0115,0.8037],[38.0075,0.8001],[38.0097,0.7925],[38.0043,0.788],[37.9994,0.7867],[37.9949,0.7791],[37.9882,0.7773],[37.9802,0.7697],[37.9721,0.7598],[37.9717,0.7545],[37.9645,0.7518],[37.9583,0.7513],[37.9538,0.7469],[37.9404,0.7388],[37.9363,0.7303],[37.9274,0.7218],[37.9126,0.712],[37.9081,0.7196],[37.9023,0.7209],[37.9023,0.7263],[37.8992,0.729],[37.8965,0.7276],[37.8885,0.7388],[37.8768,0.7442],[37.8724,0.7357],[37.875,0.7303],[37.867,0.7267],[37.8585,0.7182],[37.8464,0.7115],[37.8424,0.7035],[37.8446,0.6896],[37.8321,0.6798],[37.8249,0.6798],[37.8111,0.6744],[37.8035,0.6757],[37.7896,0.6722],[37.7739,0.678],[37.7686,0.6735],[37.7578,0.6726],[37.7529,0.6753],[37.7467,0.6762],[37.7399,0.6672],[37.7341,0.6623],[37.7292,0.6619],[37.7288,0.6565],[37.7238,0.6547],[37.714,0.6601],[37.7091,0.6672],[37.7028,0.6672],[37.6907,0.6631],[37.6909,0.66],[37.6862,0.6565],[37.683,0.6514],[37.6812,0.6426],[37.6784,0.6424],[37.6766,0.6398],[37.6736,0.6413],[37.6651,0.6328],[37.6611,0.6334],[37.6561,0.6313],[37.6504,0.6322],[37.6458,0.6285],[37.6439,0.6224],[37.6386,0.6214],[37.6374,0.6148],[37.641,0.6148],[37.6419,0.6127],[37.6365,0.6075],[37.6357,0.6012],[37.6328,0.5972],[37.6302,0.5969],[37.6279,0.6],[37.6226,0.5984],[37.6187,0.6001],[37.6058,0.5915],[37.5975,0.5917],[37.5912,0.5883],[37.5835,0.5884],[37.5823,0.585],[37.5833,0.5749],[37.5809,0.5728],[37.5765,0.5746],[37.5672,0.5707],[37.5647,0.5721],[37.5574,0.571],[37.5497,0.5742],[37.5471,0.5779],[37.545,0.578],[37.5319,0.5652],[37.5241,0.5703],[37.5143,0.5681],[37.5076,0.5697],[37.5024,0.5756],[37.4923,0.5762],[37.4905,0.5789],[37.4928,0.5856],[37.4917,0.5889],[37.4778,0.5881],[37.4703,0.5933],[37.4659,0.591],[37.4624,0.5864],[37.447,0.5804],[37.4407,0.5824],[37.4355,0.5803],[37.428,0.5832],[37.424,0.5795],[37.4061,0.5797],[37.3912,0.5766],[37.3826,0.5827],[37.3782,0.5838],[37.3745,0.5876],[37.3649,0.587],[37.3635,0.5993],[37.3562,0.5993],[37.3539,0.6007],[37.354,0.6089],[37.3518,0.6157],[37.3528,0.6216],[37.3495,0.6262],[37.3475,0.6329],[37.3433,0.6381],[37.3427,0.6458],[37.3317,0.6503],[37.3308,0.6542],[37.3267,0.6605],[37.3263,0.6684],[37.3144,0.6849],[37.3083,0.701],[37.3052,0.7032],[37.3002,0.7209],[37.2939,0.7293],[37.2909,0.7313],[37.2892,0.7365],[37.275,0.7438],[37.2703,0.7523],[37.2664,0.7536],[37.2647,0.7578],[37.2555,0.7645],[37.2469,0.763],[37.2433,0.7585],[37.2381,0.7556],[37.2358,0.7515],[37.2305,0.7499],[37.2199,0.7394],[37.2062,0.7415],[37.2022,0.7465],[37.1818,0.7426],[37.1748,0.7454],[37.1686,0.7427],[37.1634,0.7456],[37.1619,0.7516],[37.1524,0.753],[37.1517,0.7609],[37.1366,0.7595],[37.1283,0.7666],[37.1244,0.7781],[37.1175,0.7834],[37.11,0.7808],[37.1078,0.7859],[37.1031,0.7876],[37.0965,0.7857],[37.0928,0.7827],[37.0875,0.7828],[37.0724,0.7791],[37.0708,0.777],[37.0721,0.773],[37.0695,0.7658],[37.0631,0.7668],[37.0598,0.772],[37.0579,0.7722],[37.0466,0.7662],[37.0166,0.7557],[37.0087,0.7516],[37.0021,0.75],[36.9963,0.751],[36.9923,0.7479],[36.9806,0.7445],[36.974,0.747],[36.971,0.7439],[36.9663,0.7421],[36.9601,0.7441],[36.9481,0.744],[36.9424,0.7469],[36.9384,0.7523],[36.9346,0.7542],[36.9316,0.7434],[36.9313,0.7333],[36.9273,0.7289],[36.9257,0.6888],[36.9271,0.6766],[36.9241,0.6716],[36.9237,0.6653],[36.9213,0.6606],[36.9134,0.6613],[36.9138,0.6587],[36.9117,0.6568],[36.9126,0.6506],[36.9095,0.6478],[36.9082,0.6436],[36.9096,0.6327],[36.8976,0.6307],[36.8935,0.622],[36.8902,0.6231],[36.8881,0.6096],[36.8836,0.6131],[36.8825,0.6089],[36.8802,0.6078],[36.8792,0.6054],[36.8757,0.6051],[36.8712,0.5984],[36.8671,0.5969],[36.8656,0.592],[36.8681,0.5874],[36.8677,0.5787],[36.8641,0.5723],[36.8644,0.5658],[37.2132,0.5297],[37.369,0.5116],[37.368,0.5085],[37.3611,0.5035],[37.3595,0.5002],[37.3584,0.492],[37.3611,0.4847],[37.359,0.4801],[37.3599,0.474],[37.3575,0.4718],[37.3569,0.4653],[37.3522,0.4612],[37.3489,0.4558],[37.3497,0.4528],[37.348,0.4492],[37.3483,0.4395],[37.3513,0.4315],[37.3541,0.4111],[37.3625,0.4074],[37.3688,0.3952],[37.3705,0.3873],[37.37,0.382],[37.3767,0.3798],[37.3793,0.3769],[37.3769,0.3678],[37.3781,0.3637],[37.3818,0.3604],[37.3836,0.3558],[37.3903,0.3549],[37.3919,0.3531],[37.3913,0.3455],[37.3927,0.3419],[37.3915,0.3363],[37.3928,0.3327],[37.3911,0.3246],[37.3937,0.3162],[37.3912,0.3122],[37.3938,0.3078],[37.3927,0.3036],[37.3956,0.2995],[37.3922,0.2965],[37.3945,0.2929],[37.394,0.2894],[37.3882,0.2857],[37.3864,0.2808],[37.3885,0.2784],[37.3858,0.2744],[37.3995,0.284],[37.3995,0.2962],[37.4278,0.2978],[37.4642,0.283],[37.5371,0.264],[37.5386,0.2694],[37.5429,0.2718],[37.5449,0.2742],[37.5448,0.2769],[37.5477,0.2791],[37.5485,0.2848],[37.5466,0.2874],[37.55,0.2954],[37.5504,0.3062],[37.5484,0.3081],[37.5473,0.3148],[37.5495,0.316],[37.5527,0.324],[37.5555,0.3278],[37.5808,0.3275],[37.5922,0.3401],[37.6032,0.3607],[37.5988,0.4015],[37.5856,0.4017],[37.5814,0.42],[37.581,0.4424],[37.5824,0.4501],[37.581,0.4518],[37.5824,0.4555],[37.5811,0.4571],[37.5812,0.4607],[37.5818,0.4634],[37.5866,0.4686],[37.5867,0.4737],[37.5844,0.4744],[37.5865,0.4812],[37.826,0.5618],[38.0613,0.6674],[38.0946,0.5631],[38.1765,0.3301],[38.1959,0.3225],[38.1965,0.2287],[38.1989,0.2252],[38.2018,0.2263],[38.2138,0.2215],[38.2214,0.2163],[38.229,0.2165],[38.2343,0.2129],[38.2399,0.2062],[38.2442,0.2071],[38.2456,0.2039],[38.2543,0.1996],[38.2588,0.1941],[38.2628,0.1922],[38.2638,0.1853],[38.2672,0.1821],[38.2791,0.1769],[38.2862,0.171],[38.2883,0.1665],[38.2987,0.1601],[38.307,0.1317],[38.3054,0.1224],[38.3082,0.1136],[38.3122,0.1096],[38.3192,0.1086],[38.3221,0.0999],[38.3298,0.0967],[38.3296,0.093],[38.3244,0.0817],[38.3248,0.078],[38.3305,0.0729],[38.336,0.0726],[38.341,0.0692],[38.3398,0.0649],[38.3412,0.0623],[38.3499,0.0627],[38.3451,0.0462],[38.3465,0.0446],[38.3505,0.0446],[38.3576,0.04],[38.3552,0.0327],[38.3555,0.0275],[38.3579,0.022],[38.3664,0.0167],[38.372,0.0071],[38.3777,0.0059],[38.3801,-0.0019],[38.3861,-0.003],[38.3948,-0.0076],[38.3936,-0.0108],[38.3987,-0.0141],[38.4016,-0.0141],[38.4023,-0.0174],[38.4,-0.0193],[38.4008,-0.0219],[38.4019,-0.024],[38.4074,-0.0271],[38.4048,-0.0281],[38.405,-0.0335],[38.4071,-0.037],[38.4067,-0.0414],[38.4107,-0.0455],[38.4106,-0.0497],[38.4136,-0.0508],[38.4106,-0.0557],[38.4128,-0.0594],[38.4115,-0.0621],[38.4147,-0.0652],[38.4195,-0.066],[38.4207,-0.0693],[38.4279,-0.074],[38.4342,-0.0748],[38.4382,-0.0702],[38.4534,-0.0838],[38.4587,-0.0848],[38.464,-0.0832],[38.4705,-0.078],[38.4759,-0.0775],[38.4822,-0.0747],[38.4864,-0.0694],[38.4881,-0.0613],[38.49,-0.0588],[38.5017,-0.0618],[38.5064,-0.0615],[38.5118,-0.0588],[38.5182,-0.0624],[38.5207,-0.0624],[38.5277,-0.0547],[38.5318,-0.0539],[38.531,-0.042],[38.5363,-0.0412],[38.5413,-0.0422],[38.5428,-0.0308],[38.5466,-0.0259],[38.5498,-0.0178],[38.5549,-0.0155],[38.5617,-0.0181],[38.5694,-0.0172],[38.58,-0.0228],[38.5893,-0.0247],[38.5946,-0.0302],[38.6027,-0.033],[38.6092,-0.028],[38.6128,-0.0287],[38.6255,-0.038],[38.6397,-0.0521],[38.6495,-0.0519],[38.6543,-0.0461],[38.6579,-0.0451],[38.6704,-0.0485],[38.6788,-0.0532],[38.6832,-0.0537],[38.6862,-0.0516],[38.687,-0.0424],[38.6905,-0.0397],[38.698,-0.0488],[38.7146,-0.06],[38.7292,-0.0628],[38.7401,-0.0694],[38.746,-0.0689],[38.7521,-0.0717],[38.7598,-0.0721],[38.7687,-0.0687],[38.7611,-0.0626],[38.7624,-0.0589],[38.7667,-0.055],[38.7661,-0.0538],[38.7594,-0.048],[38.7534,-0.0472],[38.755,-0.037],[38.7513,-0.032],[38.752,-0.0243],[38.7501,-0.0222],[38.7497,-0.018],[38.7441,-0.011],[38.7438,-0.0026],[38.7391,0.0062],[38.74,0.0168],[38.7385,0.0253],[38.7364,0.0277],[38.7327,0.0408],[38.7337,0.0455],[38.7312,0.0494],[38.7317,0.0618],[38.7294,0.0682],[38.7315,0.0778],[38.7291,0.0857],[38.7323,0.0953],[38.7314,0.1214],[38.7337,0.1284],[38.7334,0.1388],[38.7366,0.149],[38.7567,0.1731],[38.7556,0.1924],[38.7523,0.2084],[38.7322,0.2806],[38.6959,0.4201],[38.689,0.4516],[38.6786,0.476],[38.6764,0.4946],[38.6732,0.4995],[38.6654,0.502],[38.6616,0.5057],[38.6617,0.5091],[38.6795,0.5076],[38.6944,0.5101],[38.7015,0.5065],[38.705,0.5064],[38.7075,0.5083],[38.7096,0.5127],[38.7186,0.5105],[38.7224,0.511],[38.7207,0.5206],[38.7244,0.5245],[38.736,0.5181],[38.744,0.5229],[38.7513,0.5231],[38.7546,0.5209],[38.7557,0.5149],[38.7663,0.511],[38.7685,0.5161],[38.7743,0.5166],[38.7857,0.5268],[38.7913,0.5391],[38.799,0.5419],[38.8018,0.5485],[38.8075,0.5514],[38.8091,0.5584],[38.8148,0.5644],[38.8157,0.5691],[38.8218,0.5741],[38.825,0.5796],[38.8299,0.5815],[38.8325,0.5843],[38.8385,0.585],[38.8413,0.5881],[38.8594,0.5992],[38.8709,0.6],[38.872,0.5968],[38.8755,0.5944],[38.8854,0.5962],[38.8919,0.5944],[38.8948,0.5981],[38.9023,0.5963],[38.9073,0.5999],[38.9105,0.599],[38.9153,0.6025],[38.9258,0.606],[38.9355,0.6257],[38.9398,0.6284],[38.9459,0.626],[38.9522,0.6288],[38.9544,0.6259],[38.9569,0.6263],[38.9594,0.6244],[38.9693,0.6228],[38.9726,0.6238],[38.9775,0.6213],[38.986,0.6261],[39.0097,0.6244],[39.0127,0.6293],[39.0114,0.6348],[39.013,0.6397],[39.0153,0.6412],[39.0205,0.6409],[39.0233,0.6453],[39.0237,0.6495],[39.022,0.6551],[39.0259,0.6638],[39.0334,0.6648],[39.0425,0.6752],[39.0464,0.677],[39.0484,0.6833],[39.0535,0.6858],[39.0578,0.6857],[39.0603,0.6828],[39.0654,0.6831],[39.0715,0.6785],[39.0772,0.679],[39.0851,0.6751],[39.0895,0.6786],[39.0969,0.68],[39.0983,0.6819],[39.0978,0.6867],[39.101,0.6891],[39.114,0.691],[39.1217,0.6906],[39.1253,0.688],[39.1313,0.688],[39.1348,0.6909],[39.1409,0.6904],[39.1441,0.7012],[39.1476,0.7063],[39.1525,0.7072],[39.1559,0.7112],[39.1629,0.7135],[39.1676,0.7192],[39.1733,0.7194],[39.1752,0.7209],[39.1772,0.7254],[39.1747,0.7269],[39.1755,0.7378],[39.1792,0.7512],[39.1945,0.7819],[39.2014,0.793],[39.2142,0.8055],[39.2238,0.8187],[39.2357,0.8442],[39.2481,0.8594],[39.2659,0.8752],[39.3116,0.924],[39.3341,0.9369],[39.3582,0.9534],[39.4313,0.9822],[39.4548,0.9895],[39.4607,0.9947],[39.4622,0.9971],[39.3978,1.1463],[39.2743,1.4678],[39.4472,1.5272],[39.4385,1.5295],[39.4261,1.5403],[39.422,1.5461],[39.4193,1.5469],[39.4159,1.5504],[39.411,1.5513],[39.4067,1.55],[39.4,1.553],[39.3948,1.5652],[39.3897,1.5642],[39.3874,1.5658],[39.386,1.5744],[39.3791,1.5786],[39.3734,1.5853],[39.3665,1.5982],[39.3606,1.6037],[39.358,1.6101],[39.3537,1.6134],[39.3514,1.6177],[39.3484,1.618],[39.3453,1.626],[39.34,1.6256],[39.3369,1.6312],[39.3335,1.6335],[39.3262,1.6351],[39.3218,1.6426],[39.319,1.6443],[39.3134,1.6432],[39.3083,1.6545],[39.3005,1.6547],[39.2869,1.6625],[39.2854,1.6675],[39.2752,1.6735],[39.2659,1.6736],[39.2543,1.6832],[39.2426,1.6889],[39.2364,1.6888],[39.2305,1.6947],[39.2221,1.6955],[39.2177,1.6979],[39.2138,1.6974],[39.1983,1.7219],[39.1984,1.7258],[39.1944,1.7288],[39.1908,1.737],[39.1863,1.7422],[39.1803,1.7534],[39.1797,1.762],[39.1701,1.7911],[39.1657,1.7947],[39.1621,1.8054],[39.154,1.8131],[39.1498,1.8236],[39.144,1.8304],[39.1458,1.8353],[39.1447,1.8419],[39.1431,1.8459],[39.1393,1.8484],[39.1311,1.8662],[39.1261,1.8691],[39.1227,1.8739],[39.1121,1.8779],[39.1058,1.8835],[39.102,1.89],[39.0985,1.889],[39.0951,1.89],[39.0895,1.8966],[39.0838,1.8991],[39.0765,1.908],[39.0685,1.9146],[39.0633,1.9282],[39.0542,1.9336],[39.0489,1.9449],[39.0385,1.9583],[39.0351,1.9671],[39.0267,1.9743],[39.0197,1.9774],[39.0038,2.0005],[38.9942,2.0096],[38.9896,2.0278],[38.9929,2.0402],[38.9912,2.0454],[38.9843,2.0533],[38.9853,2.0696],[38.9813,2.0738],[38.9799,2.0777],[38.9626,2.0974],[38.3832,1.7613],[38.3397,1.5774],[37.9453,1.2629]]]]}},{"type":"Feature","properties":{"name":"Baringo"},"geometry":{"type":"MultiPolygon","coordinates":[[[[35.7919,1.6636],[35.7787,1.6489],[35.7763,1.6435],[35.7762,1.636],[35.7797,1.6301],[35.7917,1.6255],[35.7932,1.6236],[35.7899,1.62],[35.7893,1.6098],[35.7869,1.6027],[35.7874,1.5968],[35.7849,1.5902],[35.7827,1.5598],[35.7751,1.5504],[35.775,1.5431],[35.7717,1.536],[35.768,1.5328],[35.7668,1.5217],[35.761,1.518],[35.7617,1.5144],[35.7592,1.5078],[35.7375,1.4967],[35.7341,1.4906],[35.7307,1.4874],[35.7283,1.4869],[35.7292,1.4815],[35.7258,1.48],[35.7236,1.4747],[35.7196,1.4733],[35.7186,1.4715],[35.7226,1.461],[35.7224,1.4581],[35.7198,1.4564],[35.72,1.4515],[35.7126,1.4482],[35.7109,1.4415],[35.7058,1.4384],[35.7077,1.4315],[35.7045,1.4278],[35.7071,1.4216],[35.7055,1.42],[35.7061,1.416],[35.7106,1.4127],[35.7094,1.4102],[35.7064,1.4093],[35.7058,1.4057],[35.7102,1.4039],[35.7109,1.4008],[35.704,1.4019],[35.7021,1.4003],[35.7017,1.3951],[35.6983,1.3881],[35.7014,1.3871],[35.7015,1.3845],[35.6926,1.3729],[35.6938,1.3677],[35.6905,1.3679],[35.6902,1.361],[35.6876,1.3596],[35.687,1.3572],[35.6895,1.3527],[35.6869,1.3472],[35.6876,1.3445],[35.69,1.3444],[35.6912,1.3424],[35.6876,1.3412],[35.6902,1.3389],[35.6946,1.3388],[35.6941,1.3349],[35.6972,1.3307],[35.6956,1.3286],[35.6991,1.3274],[35.699,1.3254],[35.6959,1.3229],[35.6968,1.3207],[35.696,1.319],[35.6965,1.307],[35.6937,1.3047],[35.6946,1.3035],[35.6969,1.305],[35.6976,1.3041],[35.6934,1.2974],[35.6939,1.2957],[35.6964,1.2949],[35.6939,1.2881],[35.6944,1.2833],[35.6968,1.2842],[35.6964,1.2785],[35.7015,1.2746],[35.7017,1.2718],[35.7047,1.2727],[35.7063,1.2707],[35.7046,1.2638],[35.7023,1.2622],[35.7024,1.2596],[35.7004,1.2598],[35.6994,1.2584],[35.7008,1.2527],[35.7002,1.247],[35.7022,1.2476],[35.7028,1.2465],[35.7005,1.245],[35.7018,1.2436],[35.7016,1.2406],[35.6981,1.2384],[35.7008,1.2368],[35.6986,1.235],[35.7003,1.2323],[35.7025,1.2317],[35.7031,1.2266],[35.6972,1.2172],[35.6969,1.2054],[35.6958,1.2035],[35.6972,1.2006],[35.6991,1.2018],[35.702,1.1996],[35.7035,1.1911],[35.7019,1.1891],[35.7029,1.1796],[35.7055,1.1776],[35.7033,1.1751],[35.7044,1.1598],[35.7025,1.158],[35.7046,1.1556],[35.7029,1.1529],[35.7055,1.1508],[35.708,1.1511],[35.7087,1.1494],[35.7048,1.147],[35.7048,1.1347],[35.6999,1.1285],[35.7013,1.1238],[35.7007,1.1204],[35.697,1.1149],[35.6979,1.1049],[35.6948,1.1034],[35.6921,1.1049],[35.6906,1.1],[35.6882,1.0983],[35.6851,1.0984],[35.6857,1.0953],[35.6831,1.0959],[35.683,1.0888],[35.6789,1.0894],[35.6785,1.0867],[35.6766,1.0867],[35.6757,1.0764],[35.6715,1.0743],[35.6711,1.0691],[35.6738,1.07],[35.6734,1.0663],[35.6751,1.0648],[35.6737,1.0629],[35.6745,1.06],[35.6709,1.0569],[35.6717,1.0543],[35.6678,1.0493],[35.6708,1.0469],[35.6709,1.0453],[35.6692,1.0441],[35.6658,1.0443],[35.667,1.0408],[35.6644,1.0381],[35.6642,1.0356],[35.6601,1.0363],[35.658,1.0329],[35.6556,1.0333],[35.6547,1.0285],[35.6516,1.0302],[35.648,1.0298],[35.6442,1.0254],[35.6426,1.0252],[35.6437,1.0227],[35.6421,1.0209],[35.6445,1.0164],[35.6426,1.0151],[35.639,1.0047],[35.6363,1.0054],[35.6372,1.0011],[35.6333,0.9936],[35.6352,0.9888],[35.6372,0.9888],[35.6396,0.9824],[35.6392,0.9798],[35.6356,0.9785],[35.6351,0.9724],[35.6382,0.9685],[35.6378,0.9661],[35.6352,0.9651],[35.6368,0.9631],[35.6365,0.9601],[35.6301,0.9528],[35.6316,0.9471],[35.6315,0.9383],[35.6334,0.9369],[35.6357,0.93],[35.6344,0.9274],[35.6364,0.9184],[35.6338,0.9179],[35.6347,0.9139],[35.6327,0.9106],[35.63,0.9091],[35.6271,0.91],[35.6258,0.9086],[35.6275,0.8982],[35.6256,0.8951],[35.6276,0.8938],[35.6223,0.8868],[35.626,0.8809],[35.6244,0.8701],[35.6229,0.8688],[35.6257,0.8546],[35.6355,0.8495],[35.6364,0.848],[35.6352,0.8451],[35.643,0.8409],[35.6393,0.8365],[35.6361,0.8359],[35.6389,0.8347],[35.6391,0.8297],[35.6388,0.8273],[35.6363,0.8264],[35.6419,0.8231],[35.6427,0.8213],[35.6419,0.8165],[35.6341,0.8104],[35.6355,0.8081],[35.6346,0.8056],[35.6332,0.8068],[35.633,0.8048],[35.6361,0.7977],[35.6339,0.7933],[35.637,0.7913],[35.6374,0.7882],[35.6336,0.7858],[35.6353,0.7827],[35.6335,0.7793],[35.6345,0.7774],[35.6336,0.7751],[35.6309,0.7738],[35.6317,0.7712],[35.6293,0.7694],[35.6293,0.7652],[35.6278,0.7643],[35.6283,0.7609],[35.6258,0.7551],[35.6256,0.746],[35.6201,0.7393],[35.6205,0.7358],[35.6238,0.7352],[35.6224,0.7338],[35.6227,0.7296],[35.6264,0.7287],[35.6282,0.7262],[35.6262,0.7255],[35.6307,0.7222],[35.6313,0.7191],[35.6294,0.7169],[35.6315,0.7161],[35.6337,0.7125],[35.6322,0.7116],[35.6338,0.7089],[35.6335,0.7015],[35.6354,0.7017],[35.6309,0.6959],[35.6315,0.6921],[35.6273,0.6907],[35.6292,0.6876],[35.6254,0.6883],[35.6238,0.6866],[35.6253,0.6797],[35.6208,0.6795],[35.6192,0.6775],[35.6184,0.6794],[35.6156,0.679],[35.6083,0.673],[35.6054,0.6742],[35.6044,0.6669],[35.6065,0.662],[35.6058,0.6577],[35.6082,0.6553],[35.6077,0.6503],[35.6092,0.6462],[35.6067,0.6397],[35.6022,0.6373],[35.6002,0.6295],[35.5968,0.6259],[35.5975,0.6175],[35.5959,0.6137],[35.5983,0.6081],[35.5979,0.6043],[35.6127,0.5923],[35.6112,0.5892],[35.6133,0.5837],[35.6124,0.5752],[35.6103,0.5696],[35.602,0.5567],[35.6022,0.551],[35.6049,0.5434],[35.6022,0.535],[35.6035,0.5313],[35.6083,0.5288],[35.6118,0.5246],[35.6135,0.5195],[35.6118,0.518],[35.6133,0.5155],[35.6129,0.5109],[35.6208,0.5059],[35.6229,0.5059],[35.6243,0.5032],[35.6284,0.5021],[35.6308,0.503],[35.6294,0.4926],[35.6323,0.4939],[35.6331,0.4929],[35.6312,0.4869],[35.6315,0.4822],[35.6338,0.4804],[35.6343,0.4772],[35.6382,0.4745],[35.6391,0.4685],[35.6428,0.4667],[35.6424,0.4634],[35.646,0.4608],[35.6445,0.4567],[35.6447,0.4515],[35.651,0.4469],[35.6537,0.4345],[35.6517,0.43],[35.6536,0.4282],[35.6525,0.4261],[35.6596,0.4159],[35.6577,0.4142],[35.6602,0.4104],[35.6541,0.3989],[35.6565,0.3951],[35.6585,0.3946],[35.6595,0.3863],[35.6624,0.3878],[35.6639,0.3853],[35.6662,0.3866],[35.6656,0.3829],[35.6679,0.3786],[35.671,0.3783],[35.6726,0.375],[35.675,0.3761],[35.6787,0.3729],[35.6793,0.3704],[35.6831,0.3718],[35.6862,0.37],[35.6882,0.3709],[35.6895,0.3683],[35.6957,0.3637],[35.6968,0.3647],[35.695,0.3679],[35.698,0.3689],[35.6975,0.3673],[35.6993,0.3646],[35.7032,0.3632],[35.7056,0.3642],[35.7092,0.3568],[35.7129,0.3572],[35.7187,0.3553],[35.719,0.352],[35.7216,0.351],[35.7177,0.3455],[35.7211,0.3387],[35.7188,0.3377],[35.7176,0.3306],[35.7153,0.33],[35.7161,0.322],[35.712,0.3184],[35.7101,0.3113],[35.7123,0.3098],[35.7112,0.3061],[35.7121,0.3032],[35.7143,0.302],[35.712,0.2963],[35.7133,0.2863],[35.7107,0.2728],[35.7121,0.271],[35.7081,0.2682],[35.7097,0.2659],[35.7075,0.2592],[35.7083,0.2565],[35.7131,0.2517],[35.7159,0.2415],[35.7193,0.2351],[35.721,0.2133],[35.7206,0.212],[35.7167,0.2109],[35.7155,0.2065],[35.7119,0.2064],[35.7051,0.2033],[35.7042,0.2009],[35.6996,0.1982],[35.6913,0.1896],[35.6947,0.17],[35.5874,0.1695],[35.5896,0.1491],[35.5739,0.1139],[35.5727,0.0673],[35.5407,0.0899],[35.5394,0.0877],[35.5394,0.0801],[35.5447,0.0723],[35.539,0.0646],[35.5379,0.0585],[35.5385,0.0526],[35.5412,0.0476],[35.536,0.0483],[35.5326,0.0466],[35.5264,0.0468],[35.5228,0.0154],[35.5434,-0.0085],[35.5682,-0.0079],[35.5722,-0.0109],[35.5825,-0.0078],[35.6102,-0.0325],[35.6322,-0.0361],[35.6384,-0.0503],[35.6346,-0.0542],[35.6402,-0.061],[35.6415,-0.0669],[35.6493,-0.0811],[35.6585,-0.0763],[35.6683,-0.0738],[35.6887,-0.076],[35.69,-0.0861],[35.6878,-0.096],[35.6923,-0.1096],[35.7057,-0.1228],[35.7049,-0.1249],[35.7129,-0.1328],[35.7289,-0.1602],[35.7221,-0.1729],[35.722,-0.1981],[35.7247,-0.2124],[35.734,-0.2204],[35.744,-0.2192],[35.7546,-0.2263],[35.7632,-0.2249],[35.7801,-0.1948],[35.7719,-0.1923],[35.7897,-0.1621],[35.7892,-0.1116],[35.7962,-0.1097],[35.7999,-0.1032],[35.8058,-0.1001],[35.8161,-0.1149],[35.8167,-0.1177],[35.8205,-0.1195],[35.8504,-0.0758],[35.8755,-0.036],[35.893,-0.0515],[35.8991,-0.048],[35.9164,-0.0819],[35.9264,-0.0775],[35.926,-0.0721],[35.9334,-0.0674],[35.9358,-0.0647],[35.936,-0.0607],[35.9477,-0.0508],[35.9523,-0.0391],[35.9586,-0.032],[35.9593,-0.0255],[35.9677,-0.0159],[35.9721,-0.0036],[35.9713,0.0007],[35.9765,0.0131],[35.9742,0.0207],[35.9715,0.0238],[35.9682,0.0247],[35.9281,0.0698],[35.9389,0.0955],[35.9594,0.0877],[35.9597,0.0834],[35.9639,0.0782],[35.9615,0.0758],[35.9625,0.0747],[35.962,0.0718],[35.9642,0.0693],[35.9618,0.0647],[35.9637,0.0572],[35.9961,0.0599],[36.0053,0.0313],[36.0339,0.0213],[36.0395,0.0211],[36.0504,0.0046],[36.0926,-0.0137],[36.1112,0.0061],[36.1043,0.0614],[36.1264,0.0594],[36.1338,0.1119],[36.1392,0.1296],[36.1471,0.1857],[36.1967,0.1993],[36.1946,0.2164],[36.1911,0.2191],[36.1831,0.2202],[36.178,0.2248],[36.1775,0.2284],[36.2019,0.2347],[36.215,0.2522],[36.2104,0.2648],[36.1975,0.2856],[36.1933,0.3006],[36.1838,0.3144],[36.2294,0.4266],[36.294,0.5653],[36.2882,0.58],[36.2757,0.6317],[36.2886,0.6446],[36.3446,0.6593],[36.4045,0.7172],[36.4686,0.8275],[36.4733,0.8385],[36.4887,0.8468],[36.4845,0.8527],[36.4785,0.8543],[36.4768,0.857],[36.4701,0.8612],[36.4695,0.8637],[36.4633,0.8658],[36.4603,0.8699],[36.4536,0.8728],[36.4476,0.873],[36.4445,0.8716],[36.4441,0.8736],[36.437,0.8775],[36.4289,0.8846],[36.4227,0.8928],[36.4236,0.8973],[36.4174,0.9022],[36.4097,0.8997],[36.4024,0.9005],[36.3963,0.9045],[36.3947,0.906],[36.395,0.9087],[36.3925,0.9099],[36.3934,0.9118],[36.3915,0.9124],[36.3921,0.9188],[36.3857,0.9279],[36.3875,0.9338],[36.3869,0.9403],[36.3892,0.9413],[36.3878,0.9482],[36.3831,0.9513],[36.3816,0.9546],[36.3774,0.9539],[36.3735,0.9564],[36.3668,0.9559],[36.3638,0.9589],[36.3624,0.9635],[36.3577,0.9648],[36.3544,0.9638],[36.3525,0.9661],[36.3501,0.9661],[36.346,0.9749],[36.3452,0.9862],[36.3417,0.988],[36.3404,0.9931],[36.3169,0.9913],[36.174,1.1709],[36.0966,1.1694],[35.7919,1.6636]]]]}},{"type":"Feature","properties":{"name":"Elgeyo-Marakwet"},"geometry":{"type":"MultiPolygon","coordinates":[[[[35.1521,1.1994],[35.1602,1.1805],[35.1817,1.151],[35.2024,1.1174],[35.2188,1.1161],[35.2425,1.0745],[35.2751,1.0605],[35.3164,1.0333],[35.3594,1.0184],[35.3589,1.0086],[35.3416,1.0059],[35.3513,0.9788],[35.3386,0.9729],[35.336,0.9672],[35.3427,0.9656],[35.3397,0.9626],[35.3434,0.9464],[35.3596,0.9444],[35.378,0.9353],[35.385,0.9436],[35.4183,0.9375],[35.4128,0.9157],[35.4138,0.9072],[35.4678,0.8997],[35.4653,0.8978],[35.4625,0.8879],[35.4581,0.8829],[35.4551,0.8749],[35.487,0.8757],[35.4855,0.8739],[35.4881,0.8657],[35.4902,0.8637],[35.4912,0.8528],[35.4892,0.8482],[35.4888,0.8402],[35.4805,0.8196],[35.4926,0.8207],[35.4944,0.8177],[35.4973,0.8182],[35.5009,0.7706],[35.5027,0.7712],[35.504,0.7661],[35.5033,0.761],[35.4991,0.7606],[35.492,0.7266],[35.4976,0.7151],[35.5032,0.7107],[35.5025,0.7027],[35.4085,0.7038],[35.4113,0.6995],[35.4117,0.6953],[35.4798,0.589],[35.4634,0.5058],[35.4606,0.4499],[35.4621,0.4289],[35.4785,0.4107],[35.4796,0.3942],[35.4815,0.39],[35.479,0.3814],[35.4703,0.3772],[35.4681,0.3694],[35.4727,0.3631],[35.4797,0.3599],[35.4829,0.3498],[35.4881,0.3496],[35.496,0.3414],[35.4951,0.3258],[35.4968,0.3219],[35.4944,0.3131],[35.4999,0.3061],[35.4977,0.295],[35.4998,0.288],[35.4994,0.2775],[35.4968,0.2737],[35.4947,0.2742],[35.4911,0.2637],[35.4946,0.2582],[35.4853,0.2509],[35.4964,0.2321],[35.5051,0.2249],[35.5102,0.2282],[35.5273,0.2311],[35.5289,0.2282],[35.5346,0.2289],[35.5396,0.2258],[35.5367,0.2214],[35.5303,0.2165],[35.5295,0.2112],[35.5248,0.2105],[35.5191,0.2018],[35.5187,0.1965],[35.5117,0.1888],[35.5552,0.1894],[35.5665,0.197],[35.5671,0.187],[35.5753,0.1844],[35.5856,0.1695],[35.5874,0.1695],[35.6947,0.17],[35.6913,0.1896],[35.6996,0.1982],[35.7042,0.2009],[35.7051,0.2033],[35.7119,0.2064],[35.7155,0.2065],[35.7167,0.2109],[35.7206,0.212],[35.721,0.2133],[35.7193,0.2351],[35.7159,0.2415],[35.7131,0.2517],[35.7083,0.2565],[35.7075,0.2592],[35.7097,0.2659],[35.7081,0.2682],[35.7121,0.271],[35.7107,0.2728],[35.7133,0.2863],[35.712,0.2963],[35.7143,0.302],[35.7121,0.3032],[35.7112,0.3061],[35.7123,0.3098],[35.7101,0.3113],[35.712,0.3184],[35.7161,0.322],[35.7153,0.33],[35.7176,0.3306],[35.7188,0.3377],[35.7211,0.3387],[35.7177,0.3455],[35.7216,0.351],[35.719,0.352],[35.7187,0.3553],[35.7129,0.3572],[35.7092,0.3568],[35.7056,0.3642],[35.7032,0.3632],[35.6993,0.3646],[35.6975,0.3673],[35.698,0.3689],[35.695,0.3679],[35.6968,0.3647],[35.6957,0.3637],[35.6895,0.3683],[35.6882,0.3709],[35.6862,0.37],[35.6831,0.3718],[35.6793,0.3704],[35.6787,0.3729],[35.675,0.3761],[35.6726,0.375],[35.671,0.3783],[35.6679,0.3786],[35.6656,0.3829],[35.6662,0.3866],[35.6639,0.3853],[35.6624,0.3878],[35.6595,0.3863],[35.6585,0.3946],[35.6565,0.3951],[35.6541,0.3989],[35.6602,0.4104],[35.6577,0.4142],[35.6596,0.4159],[35.6525,0.4261],[35.6536,0.4282],[35.6517,0.43],[35.6537,0.4345],[35.651,0.4469],[35.6447,0.4515],[35.6445,0.4567],[35.646,0.4608],[35.6424,0.4634],[35.6428,0.4667],[35.6391,0.4685],[35.6382,0.4745],[35.6343,0.4772],[35.6338,0.4804],[35.6315,0.4822],[35.6312,0.4869],[35.6331,0.4929],[35.6323,0.4939],[35.6294,0.4926],[35.6308,0.503],[35.6284,0.5021],[35.6243,0.5032],[35.6229,0.5059],[35.6208,0.5059],[35.6129,0.5109],[35.6133,0.5155],[35.6118,0.518],[35.6135,0.5195],[35.6118,0.5246],[35.6083,0.5288],[35.6035,0.5313],[35.6022,0.535],[35.6049,0.5434],[35.6022,0.551],[35.602,0.5567],[35.6103,0.5696],[35.6124,0.5752],[35.6133,0.5837],[35.6112,0.5892],[35.6127,0.5923],[35.5979,0.6043],[35.5983,0.6081],[35.5959,0.6137],[35.5975,0.6175],[35.5968,0.6259],[35.6002,0.6295],[35.6022,0.6373],[35.6067,0.6397],[35.6092,0.6462],[35.6077,0.6503],[35.6082,0.6553],[35.6058,0.6577],[35.6065,0.662],[35.6044,0.6669],[35.6054,0.6742],[35.6083,0.673],[35.6156,0.679],[35.6184,0.6794],[35.6192,0.6775],[35.6208,0.6795],[35.6253,0.6797],[35.6238,0.6866],[35.6254,0.6883],[35.6292,0.6876],[35.6273,0.6907],[35.6315,0.6921],[35.6309,0.6959],[35.6354,0.7017],[35.6335,0.7015],[35.6338,0.7089],[35.6322,0.7116],[35.6337,0.7125],[35.6315,0.7161],[35.6294,0.7169],[35.6313,0.7191],[35.6307,0.7222],[35.6262,0.7255],[35.6282,0.7262],[35.6264,0.7287],[35.6227,0.7296],[35.6224,0.7338],[35.6238,0.7352],[35.6205,0.7358],[35.6201,0.7393],[35.6256,0.746],[35.6258,0.7551],[35.6283,0.7609],[35.6278,0.7643],[35.6293,0.7652],[35.6293,0.7694],[35.6317,0.7712],[35.6309,0.7738],[35.6336,0.7751],[35.6345,0.7774],[35.6335,0.7793],[35.6353,0.7827],[35.6336,0.7858],[35.6374,0.7882],[35.637,0.7913],[35.6339,0.7933],[35.6361,0.7977],[35.633,0.8048],[35.6332,0.8068],[35.6346,0.8056],[35.6355,0.8081],[35.6341,0.8104],[35.6419,0.8165],[35.6427,0.8213],[35.6419,0.8231],[35.6363,0.8264],[35.6388,0.8273],[35.6391,0.8297],[35.6389,0.8347],[35.6361,0.8359],[35.6393,0.8365],[35.643,0.8409],[35.6352,0.8451],[35.6364,0.848],[35.6355,0.8495],[35.6257,0.8546],[35.6229,0.8688],[35.6244,0.8701],[35.626,0.8809],[35.6223,0.8868],[35.6276,0.8938],[35.6256,0.8951],[35.6275,0.8982],[35.6258,0.9086],[35.6271,0.91],[35.63,0.9091],[35.6327,0.9106],[35.6347,0.9139],[35.6338,0.9179],[35.6364,0.9184],[35.6344,0.9274],[35.6357,0.93],[35.6334,0.9369],[35.6315,0.9383],[35.6316,0.9471],[35.6301,0.9528],[35.6365,0.9601],[35.6368,0.9631],[35.6352,0.9651],[35.6378,0.9661],[35.6382,0.9685],[35.6351,0.9724],[35.6356,0.9785],[35.6392,0.9798],[35.6396,0.9824],[35.6372,0.9888],[35.6352,0.9888],[35.6333,0.9936],[35.6372,1.0011],[35.6363,1.0054],[35.639,1.0047],[35.6426,1.0151],[35.6445,1.0164],[35.6421,1.0209],[35.6437,1.0227],[35.6426,1.0252],[35.6442,1.0254],[35.648,1.0298],[35.6516,1.0302],[35.6547,1.0285],[35.6556,1.0333],[35.658,1.0329],[35.6601,1.0363],[35.6642,1.0356],[35.6644,1.0381],[35.667,1.0408],[35.6658,1.0443],[35.6692,1.0441],[35.6709,1.0453],[35.6708,1.0469],[35.6678,1.0493],[35.6717,1.0543],[35.6709,1.0569],[35.6745,1.06],[35.6737,1.0629],[35.6751,1.0648],[35.6734,1.0663],[35.6738,1.07],[35.6711,1.0691],[35.6715,1.0743],[35.6757,1.0764],[35.6766,1.0867],[35.6785,1.0867],[35.6789,1.0894],[35.683,1.0888],[35.6831,1.0959],[35.6857,1.0953],[35.6851,1.0984],[35.6882,1.0983],[35.6906,1.1],[35.6921,1.1049],[35.6948,1.1034],[35.6979,1.1049],[35.697,1.1149],[35.7007,1.1204],[35.7013,1.1238],[35.6999,1.1285],[35.7048,1.1347],[35.7048,1.147],[35.7087,1.1494],[35.708,1.1511],[35.7055,1.1508],[35.7029,1.1529],[35.7046,1.1556],[35.7025,1.158],[35.7044,1.1598],[35.7033,1.1751],[35.7055,1.1776],[35.7029,1.1796],[35.7019,1.1891],[35.7035,1.1911],[35.702,1.1996],[35.6991,1.2018],[35.6972,1.2006],[35.6958,1.2035],[35.6969,1.2054],[35.6972,1.2172],[35.7031,1.2266],[35.7025,1.2317],[35.7003,1.2323],[35.6986,1.235],[35.7008,1.2368],[35.6981,1.2384],[35.7016,1.2406],[35.7018,1.2436],[35.7005,1.245],[35.7028,1.2465],[35.7022,1.2476],[35.7002,1.247],[35.7008,1.2527],[35.6994,1.2584],[35.7004,1.2598],[35.7024,1.2596],[35.7023,1.2622],[35.7046,1.2638],[35.7063,1.2707],[35.7047,1.2727],[35.7017,1.2718],[35.7015,1.2746],[35.6964,1.2785],[35.6968,1.2842],[35.6944,1.2833],[35.6939,1.2881],[35.6964,1.2949],[35.6939,1.2957],[35.6934,1.2974],[35.6976,1.3041],[35.6969,1.305],[35.6946,1.3035],[35.6937,1.3047],[35.6965,1.307],[35.696,1.319],[35.6731,1.3154],[35.6392,1.3032],[35.6173,1.2898],[35.6134,1.2827],[35.608,1.2801],[35.602,1.2794],[35.5853,1.2832],[35.5779,1.2912],[35.5758,1.2915],[35.5644,1.2899],[35.5575,1.285],[35.5439,1.2851],[35.3556,1.132],[35.3245,1.1164],[35.1521,1.1994]]]]}},{"type":"Feature","properties":{"name":"Trans Nzoia"},"geometry":{"type":"MultiPolygon","coordinates":[[[[34.8223,1.2626],[34.8203,1.2608],[34.8184,1.248],[34.8122,1.242],[34.8113,1.2369],[34.8049,1.228],[34.7943,1.2196],[34.7874,1.2193],[34.7847,1.2216],[34.7799,1.2198],[34.7751,1.2208],[34.7714,1.2172],[34.7681,1.2165],[34.7581,1.2193],[34.7502,1.2184],[34.7447,1.2204],[34.74,1.2187],[34.7122,1.2152],[34.7028,1.2153],[34.6975,1.2129],[34.6712,1.208],[34.6687,1.2051],[34.6636,1.1916],[34.6584,1.1883],[34.657,1.1847],[34.6442,1.1772],[34.6384,1.172],[34.6215,1.1675],[34.6158,1.161],[34.6117,1.1589],[34.5808,1.1503],[34.614,1.1084],[34.6328,1.0943],[34.6398,1.091],[34.6433,1.0909],[34.6529,1.0851],[34.6639,1.0838],[34.6535,1.0584],[34.6596,1.0527],[34.6911,1.0042],[34.6937,0.9978],[34.7386,0.9373],[34.7678,0.9203],[34.7769,0.9237],[34.7846,0.9233],[34.798,0.91],[34.7992,0.9037],[34.7915,0.8985],[34.7908,0.8954],[34.7874,0.8926],[34.7856,0.8886],[34.7894,0.8842],[34.789,0.8809],[34.7955,0.8659],[34.7949,0.8581],[34.7968,0.8522],[34.8009,0.8454],[34.8041,0.844],[34.808,0.8268],[34.8114,0.82],[34.8083,0.8043],[34.8689,0.8256],[34.912,0.8466],[34.9179,0.8479],[34.9271,0.8544],[34.9321,0.8525],[34.9414,0.8698],[34.9476,0.8695],[34.9584,0.8721],[34.9629,0.8754],[34.9647,0.8793],[34.9855,0.8865],[34.985,0.8816],[35.0177,0.8875],[35.0237,0.8944],[35.026,0.8948],[35.0278,0.8926],[35.0302,0.8924],[35.0313,0.8943],[35.0375,0.8963],[35.0383,0.9005],[35.0449,0.9003],[35.0465,0.8974],[35.0482,0.8998],[35.0509,0.9007],[35.0591,0.8966],[35.0678,0.8955],[35.0713,0.8976],[35.0783,0.8948],[35.0808,0.8919],[35.0797,0.8863],[35.0828,0.8823],[35.0855,0.8817],[35.0865,0.8794],[35.0967,0.8778],[35.1011,0.8733],[35.1046,0.8745],[35.1089,0.8794],[35.112,0.8798],[35.1162,0.8844],[35.112,0.8922],[35.1157,0.8994],[35.1154,0.9055],[35.1199,0.9106],[35.1259,0.9116],[35.1278,0.9186],[35.1351,0.9178],[35.1408,0.9189],[35.1447,0.917],[35.1545,0.9166],[35.1557,0.9184],[35.1603,0.9189],[35.1653,0.9219],[35.1722,0.9193],[35.1769,0.9217],[35.1806,0.9213],[35.1903,0.9241],[35.1945,0.9237],[35.1979,0.9211],[35.1997,0.922],[35.201,0.9209],[35.2072,0.9213],[35.2219,0.9186],[35.2279,0.9202],[35.2357,0.9303],[35.2422,0.932],[35.246,0.9369],[35.2512,0.9399],[35.2589,0.9377],[35.2623,0.9348],[35.2688,0.9341],[35.275,0.9239],[35.2772,0.9227],[35.2776,0.9203],[35.2861,0.9188],[35.2926,0.9141],[35.2928,0.9102],[35.296,0.9027],[35.2983,0.8987],[35.3022,0.8964],[35.3051,0.8903],[35.3294,0.9316],[35.3343,0.9272],[35.3489,0.9198],[35.3596,0.9444],[35.3434,0.9464],[35.3397,0.9626],[35.3427,0.9656],[35.336,0.9672],[35.3386,0.9729],[35.3513,0.9788],[35.3416,1.0059],[35.3589,1.0086],[35.3594,1.0184],[35.3164,1.0333],[35.2751,1.0605],[35.2425,1.0745],[35.2188,1.1161],[35.2024,1.1174],[35.1817,1.151],[35.1602,1.1805],[35.1521,1.1994],[35.1242,1.1838],[35.117,1.188],[35.087,1.1833],[35.0831,1.1692],[35.0762,1.1756],[35.0576,1.1822],[35.0468,1.1927],[35.0417,1.1945],[35.0353,1.2038],[35.0444,1.2154],[35.023,1.2352],[35.0121,1.2542],[34.9931,1.2576],[34.972,1.2462],[34.9419,1.2508],[34.9061,1.2521],[34.9107,1.2842],[34.8223,1.2626]]]]}},{"type":"Feature","properties":{"name":"Bungoma"},"geometry":{"type":"MultiPolygon","coordinates":[[[[34.5808,1.1503],[34.5775,1.1001],[34.5277,1.1216],[34.5284,1.1091],[34.5274,1.1054],[34.5219,1.0988],[34.5187,1.0886],[34.5152,1.0823],[34.5035,1.0698],[34.5033,1.0669],[34.4996,1.0609],[34.4996,1.0573],[34.4971,1.0545],[34.4936,1.0444],[34.4879,1.0106],[34.4865,0.9941],[34.4881,0.9837],[34.48,0.9527],[34.4791,0.9396],[34.4693,0.9208],[34.4652,0.9165],[34.4641,0.9126],[34.4591,0.9094],[34.4554,0.9033],[34.45,0.9012],[34.4513,0.8912],[34.4466,0.8796],[34.446,0.8644],[34.4399,0.8578],[34.4233,0.8529],[34.4204,0.8505],[34.4175,0.8437],[34.4138,0.8433],[34.4143,0.836],[34.4059,0.829],[34.4114,0.8219],[34.4122,0.8185],[34.4104,0.8159],[34.4121,0.8116],[34.4013,0.8077],[34.396,0.8039],[34.3918,0.8061],[34.3851,0.8046],[34.3833,0.8019],[34.3823,0.7948],[34.3797,0.7989],[34.3756,0.7971],[34.3703,0.785],[34.3605,0.7784],[34.3693,0.7722],[34.3736,0.7747],[34.3762,0.7733],[34.3823,0.7741],[34.3932,0.7599],[34.4001,0.7565],[34.4064,0.7573],[34.4102,0.7622],[34.4119,0.7676],[34.4241,0.7671],[34.4245,0.7597],[34.4294,0.752],[34.4336,0.7408],[34.4315,0.7264],[34.4225,0.7316],[34.4117,0.7296],[34.4089,0.7278],[34.4054,0.7296],[34.4032,0.7289],[34.4025,0.7272],[34.4079,0.7157],[34.4157,0.69],[34.4093,0.6813],[34.4171,0.6596],[34.415,0.6575],[34.3936,0.6494],[34.392,0.6463],[34.3865,0.6452],[34.3855,0.6431],[34.3831,0.6439],[34.3838,0.6341],[34.3791,0.6247],[34.3789,0.613],[34.3756,0.6067],[34.3707,0.6077],[34.3699,0.6066],[34.3701,0.5902],[34.377,0.5788],[34.3683,0.5618],[34.3711,0.5572],[34.378,0.5508],[34.3826,0.5427],[34.3901,0.5388],[34.4001,0.5199],[34.4083,0.5079],[34.4086,0.5046],[34.4049,0.5007],[34.39,0.4992],[34.3859,0.4954],[34.3852,0.4907],[34.3887,0.4719],[34.3921,0.4679],[34.405,0.4754],[34.4162,0.4757],[34.4212,0.4741],[34.4341,0.4641],[34.4393,0.4632],[34.4479,0.4684],[34.4605,0.4692],[34.4702,0.4792],[34.4827,0.4843],[34.4855,0.4824],[34.4931,0.4714],[34.495,0.4608],[34.4978,0.4578],[34.5323,0.4428],[34.5373,0.4528],[34.538,0.4611],[34.5513,0.4699],[34.5627,0.4578],[34.5775,0.4561],[34.5799,0.4538],[34.5814,0.4449],[34.5803,0.4403],[34.5814,0.4386],[34.5813,0.4305],[34.587,0.4258],[34.588,0.4209],[34.59,0.4195],[34.5903,0.4256],[34.5928,0.4292],[34.5904,0.4353],[34.5921,0.445],[34.5965,0.444],[34.6051,0.4503],[34.6128,0.4429],[34.6161,0.4428],[34.6153,0.4474],[34.6177,0.456],[34.6263,0.4596],[34.6271,0.4628],[34.6315,0.4595],[34.6303,0.4553],[34.6313,0.453],[34.6427,0.4503],[34.6454,0.4508],[34.65,0.4549],[34.6565,0.4537],[34.6604,0.4601],[34.6631,0.4583],[34.6665,0.4594],[34.6727,0.4697],[34.6779,0.4712],[34.677,0.4792],[34.6752,0.4827],[34.679,0.4843],[34.6821,0.4824],[34.6836,0.485],[34.6884,0.4847],[34.6906,0.4923],[34.6935,0.4941],[34.6932,0.4964],[34.6962,0.5016],[34.7014,0.5066],[34.7051,0.5056],[34.7066,0.5036],[34.7095,0.5036],[34.7145,0.5089],[34.718,0.5099],[34.7211,0.5069],[34.7266,0.5106],[34.7289,0.5155],[34.7341,0.5181],[34.7381,0.5314],[34.7426,0.5359],[34.7455,0.5366],[34.7481,0.5349],[34.7504,0.539],[34.7537,0.5403],[34.7557,0.5446],[34.7595,0.5467],[34.7594,0.55],[34.7646,0.5559],[34.764,0.5629],[34.7701,0.5635],[34.7775,0.5729],[34.7814,0.5737],[34.7829,0.5765],[34.7878,0.5756],[34.7964,0.5837],[34.8041,0.5867],[34.8096,0.5856],[34.808,0.5903],[34.7996,0.5966],[34.7986,0.5991],[34.8018,0.6001],[34.8036,0.6058],[34.8084,0.6052],[34.8122,0.6127],[34.8156,0.6161],[34.8233,0.6181],[34.8308,0.6239],[34.8322,0.6328],[34.8346,0.6362],[34.8321,0.6454],[34.8349,0.646],[34.8377,0.6492],[34.8386,0.6539],[34.8372,0.6566],[34.8408,0.6585],[34.8442,0.6683],[34.8468,0.6699],[34.851,0.6698],[34.8569,0.6739],[34.8568,0.6795],[34.8597,0.683],[34.8628,0.6838],[34.8657,0.6816],[34.8714,0.6841],[34.8781,0.6818],[34.8811,0.6824],[34.8915,0.6906],[34.8966,0.686],[34.906,0.6847],[34.9095,0.6859],[34.9124,0.6912],[34.9169,0.6927],[34.919,0.6989],[34.9256,0.701],[34.9287,0.7092],[34.9257,0.7165],[34.922,0.7204],[34.9213,0.7248],[34.9244,0.7339],[34.9286,0.7401],[34.9302,0.7408],[34.9331,0.7385],[34.9364,0.7419],[34.9394,0.7394],[34.9483,0.7517],[34.9518,0.75],[34.9545,0.7515],[34.9569,0.7476],[34.9612,0.7518],[34.9695,0.7513],[34.9764,0.7554],[34.9803,0.7521],[34.9855,0.753],[34.9911,0.7465],[34.9966,0.7438],[35.0036,0.7449],[35.0107,0.7529],[35.0132,0.7506],[35.0168,0.7501],[35.0168,0.7464],[35.0191,0.743],[35.0236,0.7429],[35.0274,0.744],[35.0267,0.7487],[35.0295,0.7497],[35.0302,0.7517],[35.0351,0.7483],[35.039,0.7484],[35.0369,0.7554],[35.0434,0.7606],[35.0554,0.7628],[35.0605,0.7617],[35.0628,0.7631],[35.0653,0.7663],[35.0634,0.7679],[35.0651,0.7713],[35.0636,0.7758],[35.0658,0.7778],[35.0643,0.7808],[35.066,0.7819],[35.0622,0.7866],[35.0635,0.7893],[35.0625,0.7948],[35.0579,0.7993],[35.0512,0.8007],[35.0401,0.8181],[35.0335,0.8207],[35.0309,0.8198],[35.0266,0.8247],[35.0233,0.8308],[35.0242,0.8367],[35.0258,0.8388],[35.0238,0.8504],[35.0171,0.8573],[35.0122,0.8596],[35.0178,0.8801],[35.0177,0.8875],[34.985,0.8816],[34.9855,0.8865],[34.9647,0.8793],[34.9629,0.8754],[34.9584,0.8721],[34.9476,0.8695],[34.9414,0.8698],[34.9321,0.8525],[34.9271,0.8544],[34.9179,0.8479],[34.912,0.8466],[34.8689,0.8256],[34.8083,0.8043],[34.8114,0.82],[34.808,0.8268],[34.8041,0.844],[34.8009,0.8454],[34.7968,0.8522],[34.7949,0.8581],[34.7955,0.8659],[34.789,0.8809],[34.7894,0.8842],[34.7856,0.8886],[34.7874,0.8926],[34.7908,0.8954],[34.7915,0.8985],[34.7992,0.9037],[34.798,0.91],[34.7846,0.9233],[34.7769,0.9237],[34.7678,0.9203],[34.7386,0.9373],[34.6937,0.9978],[34.6911,1.0042],[34.6596,1.0527],[34.6535,1.0584],[34.6639,1.0838],[34.6529,1.0851],[34.6433,1.0909],[34.6398,1.091],[34.6328,1.0943],[34.614,1.1084],[34.5808,1.1503]]]]}},{"type":"Feature","properties":{"name":"Garissa"},"geometry":{"type":"MultiPolygon","coordinates":[[[[39.4607,0.9947],[39.4548,0.9895],[39.4313,0.9822],[39.3582,0.9534],[39.3341,0.9369],[39.3116,0.924],[39.2659,0.8752],[39.2481,0.8594],[39.2357,0.8442],[39.2238,0.8187],[39.2142,0.8055],[39.2014,0.793],[39.1945,0.7819],[39.1792,0.7512],[39.1755,0.7378],[39.1747,0.7269],[39.1772,0.7254],[39.1752,0.7209],[39.1733,0.7194],[39.1676,0.7192],[39.1629,0.7135],[39.1559,0.7112],[39.1525,0.7072],[39.1476,0.7063],[39.1441,0.7012],[39.1409,0.6904],[39.1348,0.6909],[39.1313,0.688],[39.1253,0.688],[39.1217,0.6906],[39.114,0.691],[39.101,0.6891],[39.0978,0.6867],[39.0983,0.6819],[39.0969,0.68],[39.0895,0.6786],[39.0851,0.6751],[39.0772,0.679],[39.0715,0.6785],[39.0654,0.6831],[39.0603,0.6828],[39.0578,0.6857],[39.0535,0.6858],[39.0484,0.6833],[39.0464,0.677],[39.0425,0.6752],[39.0334,0.6648],[39.0259,0.6638],[39.022,0.6551],[39.0237,0.6495],[39.0233,0.6453],[39.0205,0.6409],[39.0153,0.6412],[39.013,0.6397],[39.0114,0.6348],[39.0127,0.6293],[39.0097,0.6244],[38.986,0.6261],[38.9775,0.6213],[38.9726,0.6238],[38.9693,0.6228],[38.9594,0.6244],[38.9569,0.6263],[38.9544,0.6259],[38.9522,0.6288],[38.9459,0.626],[38.9398,0.6284],[38.9355,0.6257],[38.9258,0.606],[38.9153,0.6025],[38.9105,0.599],[38.9073,0.5999],[38.9023,0.5963],[38.8948,0.5981],[38.8919,0.5944],[38.8854,0.5962],[38.8755,0.5944],[38.872,0.5968],[38.8709,0.6],[38.8594,0.5992],[38.8413,0.5881],[38.8385,0.585],[38.8325,0.5843],[38.8299,0.5815],[38.825,0.5796],[38.8218,0.5741],[38.8157,0.5691],[38.8148,0.5644],[38.8091,0.5584],[38.8075,0.5514],[38.8018,0.5485],[38.799,0.5419],[38.7913,0.5391],[38.7857,0.5268],[38.7743,0.5166],[38.7685,0.5161],[38.7663,0.511],[38.7557,0.5149],[38.7546,0.5209],[38.7513,0.5231],[38.744,0.5229],[38.736,0.5181],[38.7244,0.5245],[38.7207,0.5206],[38.7224,0.511],[38.7186,0.5105],[38.7096,0.5127],[38.7075,0.5083],[38.705,0.5064],[38.7015,0.5065],[38.6944,0.5101],[38.6795,0.5076],[38.6617,0.5091],[38.6616,0.5057],[38.6654,0.502],[38.6732,0.4995],[38.6764,0.4946],[38.6786,0.476],[38.689,0.4516],[38.6959,0.4201],[38.7322,0.2806],[38.7523,0.2084],[38.7556,0.1924],[38.7567,0.1731],[38.7366,0.149],[38.7334,0.1388],[38.7337,0.1284],[38.7314,0.1214],[38.7323,0.0953],[38.7291,0.0857],[38.7315,0.0778],[38.7294,0.0682],[38.7317,0.0618],[38.7312,0.0494],[38.7337,0.0455],[38.7327,0.0408],[38.7364,0.0277],[38.7385,0.0253],[38.74,0.0168],[38.7391,0.0062],[38.7438,-0.0026],[38.7441,-0.011],[38.7497,-0.018],[38.7501,-0.0222],[38.752,-0.0243],[38.7513,-0.032],[38.755,-0.037],[38.7534,-0.0472],[38.7594,-0.048],[38.7661,-0.0538],[38.7667,-0.055],[38.7624,-0.0589],[38.7611,-0.0626],[38.7687,-0.0687],[38.7737,-0.0704],[38.7865,-0.0787],[38.8106,-0.0842],[38.8348,-0.0936],[38.8471,-0.0941],[38.8604,-0.0917],[38.8818,-0.0962],[38.8915,-0.0944],[38.8995,-0.0955],[38.9201,-0.0858],[38.931,-0.0981],[38.9383,-0.0992],[38.9431,-0.0968],[38.9548,-0.086],[38.9638,-0.0842],[38.967,-0.0823],[38.969,-0.0777],[38.9683,-0.0717],[38.97,-0.0612],[38.972,-0.059],[38.9766,-0.0584],[38.9817,-0.0603],[38.9869,-0.0594],[38.9914,-0.0566],[38.9953,-0.0502],[38.9977,-0.049],[38.9999,-0.0501],[39.0016,-0.0552],[39.0074,-0.0554],[39.0165,-0.0444],[39.0202,-0.0429],[39.0256,-0.0441],[39.0326,-0.0522],[39.0359,-0.0536],[39.0412,-0.0522],[39.0493,-0.0526],[39.0609,-0.0467],[39.0653,-0.0463],[39.0676,-0.0488],[39.0741,-0.0648],[39.0818,-0.0707],[39.0865,-0.0764],[39.0877,-0.0801],[39.0979,-0.088],[39.1006,-0.0924],[39.1017,-0.0982],[39.107,-0.0992],[39.1097,-0.1047],[39.1201,-0.1101],[39.119,-0.1137],[39.1207,-0.1165],[39.1206,-0.1206],[39.1335,-0.1195],[39.1323,-0.1259],[39.1348,-0.1301],[39.1409,-0.1301],[39.1522,-0.1269],[39.1634,-0.1266],[39.1693,-0.1302],[39.1706,-0.1368],[39.1834,-0.1353],[39.1918,-0.1408],[39.2026,-0.1427],[39.2051,-0.1415],[39.2071,-0.136],[39.2116,-0.1353],[39.2139,-0.1322],[39.2264,-0.13],[39.2279,-0.1314],[39.2265,-0.1365],[39.2276,-0.1384],[39.238,-0.1379],[39.2464,-0.1417],[39.2547,-0.1387],[39.2557,-0.1394],[39.2557,-0.1452],[39.2573,-0.1465],[39.2635,-0.1409],[39.271,-0.1416],[39.2753,-0.1372],[39.2822,-0.1413],[39.2955,-0.1361],[39.2999,-0.1367],[39.305,-0.1397],[39.3097,-0.1338],[39.3133,-0.133],[39.3184,-0.1403],[39.3278,-0.1455],[39.3243,-0.1549],[39.3247,-0.1578],[39.334,-0.157],[39.3358,-0.1652],[39.3391,-0.1671],[39.3473,-0.1639],[39.3526,-0.1597],[39.3543,-0.1612],[39.3535,-0.1668],[39.3544,-0.1685],[39.3568,-0.1681],[39.36,-0.1628],[39.3624,-0.1627],[39.3738,-0.178],[39.3814,-0.1826],[39.3841,-0.1905],[39.3899,-0.1917],[39.3969,-0.1884],[39.3993,-0.1909],[39.4002,-0.1954],[39.4065,-0.1905],[39.4125,-0.1915],[39.4225,-0.1885],[39.4273,-0.1898],[39.4312,-0.195],[39.436,-0.1982],[39.4389,-0.2038],[39.4449,-0.2098],[39.4532,-0.2107],[39.4573,-0.2162],[39.4633,-0.2181],[39.4673,-0.2211],[39.4712,-0.2267],[39.4698,-0.233],[39.4739,-0.2353],[39.4749,-0.2392],[39.4771,-0.2415],[39.4822,-0.2417],[39.4884,-0.2441],[39.4902,-0.2494],[39.4979,-0.2483],[39.5021,-0.2555],[39.5049,-0.265],[39.5093,-0.2699],[39.51,-0.2773],[39.5151,-0.2777],[39.5174,-0.282],[39.5171,-0.2856],[39.5122,-0.2945],[39.5126,-0.2982],[39.516,-0.2989],[39.5207,-0.2962],[39.5258,-0.2868],[39.5296,-0.2877],[39.5353,-0.2944],[39.5401,-0.2901],[39.5427,-0.2902],[39.5485,-0.2965],[39.5512,-0.3034],[39.5512,-0.3073],[39.5561,-0.3112],[39.554,-0.3172],[39.5586,-0.3198],[39.5617,-0.3287],[39.5693,-0.33],[39.5779,-0.3367],[39.5807,-0.3442],[39.5847,-0.3405],[39.5875,-0.3414],[39.587,-0.3471],[39.5919,-0.352],[39.5897,-0.3569],[39.5947,-0.3565],[39.5968,-0.3587],[39.5941,-0.364],[39.5979,-0.3669],[39.5982,-0.3692],[39.5944,-0.3726],[39.5929,-0.3762],[39.5978,-0.3797],[39.5967,-0.3858],[39.6003,-0.3895],[39.5981,-0.3943],[39.6028,-0.3959],[39.6039,-0.398],[39.605,-0.4034],[39.6022,-0.4096],[39.6106,-0.4082],[39.6142,-0.4098],[39.6109,-0.4398],[39.6146,-0.4425],[39.6193,-0.4383],[39.6195,-0.4459],[39.625,-0.4485],[39.6294,-0.4534],[39.6353,-0.4573],[39.6317,-0.4629],[39.6289,-0.4709],[39.6306,-0.4899],[39.64,-0.4955],[39.6402,-0.5071],[39.6475,-0.5165],[39.6686,-0.5316],[39.668,-0.5365],[39.6614,-0.5378],[39.6633,-0.5489],[39.6653,-0.5492],[39.6683,-0.5468],[39.6723,-0.5474],[39.6736,-0.5489],[39.6737,-0.5559],[39.6759,-0.5573],[39.6787,-0.5564],[39.6833,-0.5509],[39.6864,-0.5516],[39.6861,-0.5607],[39.6876,-0.5651],[39.6856,-0.5744],[39.6927,-0.5785],[39.6921,-0.5838],[39.6932,-0.5858],[39.6953,-0.5854],[39.6982,-0.5818],[39.7002,-0.5821],[39.6998,-0.5863],[39.6962,-0.5893],[39.6969,-0.5916],[39.7047,-0.5944],[39.7096,-0.5914],[39.7139,-0.5909],[39.7219,-0.594],[39.7309,-0.5936],[39.7356,-0.5883],[39.7387,-0.5876],[39.7398,-0.5884],[39.7388,-0.5927],[39.7398,-0.596],[39.7459,-0.6],[39.7494,-0.6051],[39.7529,-0.601],[39.756,-0.601],[39.7575,-0.6055],[39.7651,-0.6108],[39.7766,-0.6131],[39.7747,-0.6216],[39.7695,-0.6266],[39.7686,-0.6293],[39.7696,-0.6339],[39.7817,-0.6521],[39.7795,-0.6618],[39.7819,-0.6628],[39.789,-0.6604],[39.7908,-0.6639],[39.7905,-0.6719],[39.7922,-0.6727],[39.7976,-0.6701],[39.7999,-0.671],[39.7956,-0.6812],[39.798,-0.6912],[39.8025,-0.6981],[39.8054,-0.6948],[39.8077,-0.6947],[39.8079,-0.6979],[39.805,-0.7019],[39.805,-0.7046],[39.8107,-0.7039],[39.8125,-0.7058],[39.8095,-0.7107],[39.8132,-0.7132],[39.8119,-0.7161],[39.8114,-0.7283],[39.8095,-0.7286],[39.8069,-0.7259],[39.8053,-0.727],[39.808,-0.7358],[39.8157,-0.7399],[39.8212,-0.739],[39.8239,-0.7419],[39.8226,-0.7456],[39.8155,-0.747],[39.8173,-0.7554],[39.8117,-0.7557],[39.8088,-0.7589],[39.8089,-0.7615],[39.815,-0.7647],[39.8161,-0.767],[39.8148,-0.7696],[39.8097,-0.7698],[39.8087,-0.7712],[39.8124,-0.7767],[39.8178,-0.7761],[39.8272,-0.7808],[39.8273,-0.7829],[39.8243,-0.7876],[39.8251,-0.7926],[39.8313,-0.791],[39.8342,-0.7929],[39.8346,-0.796],[39.8258,-0.7998],[39.8254,-0.8038],[39.8298,-0.8051],[39.8327,-0.803],[39.8382,-0.8021],[39.8422,-0.8044],[39.8417,-0.8067],[39.8358,-0.811],[39.8367,-0.8133],[39.8454,-0.8196],[39.8439,-0.8277],[39.8474,-0.839],[39.8448,-0.8402],[39.8399,-0.8356],[39.8377,-0.8361],[39.8368,-0.8382],[39.8383,-0.8426],[39.8429,-0.846],[39.8415,-0.8525],[39.8447,-0.8535],[39.8464,-0.8525],[39.8485,-0.8484],[39.8491,-0.8427],[39.8531,-0.8472],[39.8587,-0.8485],[39.8568,-0.8535],[39.8573,-0.8595],[39.8512,-0.8711],[39.8567,-0.8743],[39.8596,-0.8813],[39.8571,-0.8854],[39.8517,-0.885],[39.8501,-0.8865],[39.8505,-0.8888],[39.8559,-0.893],[39.8516,-0.8969],[39.8535,-0.901],[39.8582,-0.9058],[39.8604,-0.914],[39.8645,-0.9159],[39.8605,-0.9215],[39.8607,-0.9261],[39.864,-0.9278],[39.8726,-0.9277],[39.874,-0.9329],[39.8785,-0.9367],[39.8771,-0.9423],[39.8714,-0.9431],[39.8688,-0.947],[39.8711,-0.9514],[39.8696,-0.9588],[39.8734,-0.9587],[39.8784,-0.9516],[39.8818,-0.951],[39.8822,-0.9524],[39.8785,-0.959],[39.8803,-0.9693],[39.8857,-0.968],[39.8914,-0.9709],[39.8936,-0.9736],[39.8929,-0.9757],[39.8882,-0.9744],[39.8848,-0.9773],[39.8855,-0.9793],[39.8893,-0.9817],[39.8877,-0.9856],[39.8916,-0.9896],[39.8857,-0.9951],[39.8858,-1.0006],[39.8895,-1.0057],[39.8985,-1.0068],[39.899,-1.0092],[39.8962,-1.015],[39.899,-1.0281],[39.9079,-1.0358],[39.9127,-1.0425],[39.9081,-1.0497],[39.9083,-1.0513],[39.9172,-1.0583],[39.9171,-1.0604],[39.9136,-1.0648],[39.9167,-1.0693],[39.9186,-1.076],[39.9208,-1.0787],[39.9259,-1.0777],[39.9295,-1.1052],[39.9324,-1.1109],[39.9324,-1.1291],[39.9336,-1.1316],[39.9364,-1.1329],[39.9403,-1.1309],[39.9438,-1.1311],[39.9449,-1.1388],[39.9535,-1.1423],[39.9558,-1.1445],[39.9623,-1.1568],[39.9629,-1.1676],[39.9695,-1.1766],[39.9727,-1.1863],[39.981,-1.1932],[39.9798,-1.2024],[39.9831,-1.204],[39.9893,-1.2025],[39.9912,-1.2052],[39.9892,-1.2099],[39.9911,-1.2128],[39.9977,-1.2131],[40.0004,-1.2152],[39.9956,-1.2268],[40.0,-1.2336],[39.9953,-1.2384],[39.9967,-1.2395],[40.0047,-1.2379],[40.008,-1.2401],[40.0074,-1.2452],[40.0013,-1.2547],[40.0037,-1.2567],[40.0087,-1.2572],[40.0118,-1.2647],[40.0047,-1.2699],[40.0063,-1.2786],[40.0057,-1.2803],[39.9993,-1.2844],[39.9992,-1.2859],[40.0043,-1.2936],[39.9974,-1.2985],[39.9972,-1.3],[39.9994,-1.3089],[40.0042,-1.3156],[40.0043,-1.3246],[40.0118,-1.3293],[40.007,-1.3346],[40.001,-1.3481],[40.0043,-1.3542],[40.0023,-1.3614],[40.0047,-1.3631],[40.0094,-1.3603],[40.0107,-1.3689],[40.0148,-1.3745],[40.0146,-1.3763],[40.0091,-1.3795],[40.0125,-1.3816],[40.022,-1.401],[40.0245,-1.4221],[40.0312,-1.4243],[40.0322,-1.4255],[40.0301,-1.4279],[40.0343,-1.4326],[40.0332,-1.4485],[40.0296,-1.4525],[40.0353,-1.4556],[40.032,-1.4627],[40.0363,-1.4698],[40.0353,-1.4748],[40.0382,-1.4802],[40.0365,-1.4826],[40.0314,-1.4823],[40.0326,-1.4874],[40.0388,-1.4908],[40.0709,-1.4709],[40.0791,-1.4741],[40.0873,-1.4743],[40.0905,-1.4841],[40.098,-1.4968],[40.1013,-1.4997],[40.1051,-1.5079],[40.1066,-1.5217],[40.1149,-1.5529],[40.1261,-1.5702],[40.1433,-1.5864],[40.1492,-1.5956],[40.154,-1.6078],[40.1588,-1.6309],[40.1599,-1.6446],[40.1577,-1.6813],[40.1582,-1.6973],[40.16,-1.7037],[40.1684,-1.7175],[40.1708,-1.7239],[40.1691,-1.7355],[40.1604,-1.7537],[40.1577,-1.7638],[40.1589,-1.783],[40.1626,-1.8041],[40.163,-1.8234],[40.1673,-1.834],[40.1781,-1.846],[40.1875,-1.8629],[40.1888,-1.8727],[40.1865,-1.8942],[40.1894,-1.9363],[40.186,-1.9598],[40.1903,-1.9702],[40.1969,-1.9805],[40.1969,-2.0008],[40.2046,-2.0153],[40.2079,-2.0329],[40.9029,-1.7145],[41.562,-1.6587],[41.562,-1.6586],[41.5621,-1.6584],[41.5622,-1.5975],[40.9924,-0.8291],[40.991,-0.002],[40.9918,0.4644],[40.9774,0.4529],[40.9612,0.4476],[40.9456,0.4369],[40.9333,0.4321],[40.9185,0.4239],[40.886,0.3924],[40.8626,0.3789],[40.8433,0.3709],[40.8193,0.3663],[40.7731,0.354],[40.7519,0.3436],[40.7352,0.3256],[40.7157,0.3201],[40.7102,0.3128],[40.704,0.2949],[40.6945,0.2781],[40.6835,0.2711],[40.6834,0.2613],[40.6818,0.2584],[40.6477,0.2321],[40.63,0.2327],[40.6188,0.2314],[40.6121,0.2328],[40.6093,0.2314],[40.6045,0.2254],[40.5988,0.2266],[40.595,0.2256],[40.5862,0.2154],[40.5788,0.217],[40.565,0.2158],[40.5407,0.2268],[40.5332,0.2263],[40.5245,0.2215],[40.5205,0.2129],[40.514,0.2082],[40.5125,0.2016],[40.5073,0.1928],[40.5037,0.1925],[40.4989,0.1972],[40.495,0.1979],[40.4827,0.1887],[40.4739,0.1865],[40.4484,0.1862],[40.4261,0.1903],[40.4194,0.1892],[40.4073,0.1841],[40.4022,0.1839],[40.3954,0.1859],[40.3832,0.1938],[40.3751,0.1968],[40.3583,0.1988],[40.3313,0.1994],[40.3031,0.218],[40.2826,0.228],[40.2589,0.2373],[40.2334,0.2526],[40.2111,0.272],[40.1781,0.3099],[40.1609,0.3259],[40.1282,0.3426],[40.0963,0.367],[40.0596,0.3926],[40.0484,0.3963],[40.013,0.3989],[39.9933,0.4041],[39.9791,0.4097],[39.9439,0.4297],[39.905,0.4621],[39.8957,0.4611],[39.8878,0.4629],[39.8799,0.4589],[39.8747,0.4583],[39.8704,0.4601],[39.8648,0.4659],[39.8566,0.4692],[39.8539,0.4745],[39.8503,0.4771],[39.841,0.4774],[39.836,0.4801],[39.8274,0.4779],[39.8207,0.4821],[39.8107,0.4835],[39.7997,0.4828],[39.793,0.4884],[39.784,0.4904],[39.7774,0.4955],[39.775,0.4953],[39.7737,0.4992],[39.7704,0.5034],[39.767,0.5041],[39.7645,0.5068],[39.7622,0.5122],[39.7588,0.5124],[39.7554,0.5149],[39.7468,0.5177],[39.7411,0.5235],[39.7372,0.5231],[39.7329,0.5259],[39.7316,0.5317],[39.7285,0.5346],[39.724,0.544],[39.7211,0.5468],[39.7177,0.5465],[39.7167,0.5511],[39.7118,0.5579],[39.7022,0.5657],[39.6963,0.5751],[39.6894,0.5798],[39.6856,0.5876],[39.6766,0.5977],[39.6736,0.6053],[39.665,0.6145],[39.662,0.6222],[39.6544,0.6326],[39.6538,0.6378],[39.6462,0.6579],[39.6354,0.6676],[39.6281,0.67],[39.6248,0.6773],[39.6145,0.6846],[39.6106,0.6925],[39.607,0.6947],[39.6003,0.7038],[39.5973,0.713],[39.586,0.7222],[39.5753,0.7422],[39.5689,0.7486],[39.5671,0.7535],[39.5635,0.7572],[39.5614,0.768],[39.5533,0.7852],[39.5457,0.8157],[39.5322,0.8573],[39.5145,0.9002],[39.4979,0.9339],[39.4925,0.9622],[39.4796,0.9802],[39.4662,0.9873],[39.4607,0.9947]]]]}},{"type":"Feature","properties":{"name":"Uasin Gishu"},"geometry":{"type":"MultiPolygon","coordinates":[[[[35.5874,0.1695],[35.5856,0.1695],[35.5753,0.1844],[35.5671,0.187],[35.5665,0.197],[35.5552,0.1894],[35.5117,0.1888],[35.5187,0.1965],[35.5191,0.2018],[35.5248,0.2105],[35.5295,0.2112],[35.5303,0.2165],[35.5367,0.2214],[35.5396,0.2258],[35.5346,0.2289],[35.5289,0.2282],[35.5273,0.2311],[35.5102,0.2282],[35.5051,0.2249],[35.4964,0.2321],[35.4853,0.2509],[35.4946,0.2582],[35.4911,0.2637],[35.4947,0.2742],[35.4968,0.2737],[35.4994,0.2775],[35.4998,0.288],[35.4977,0.295],[35.4999,0.3061],[35.4944,0.3131],[35.4968,0.3219],[35.4951,0.3258],[35.496,0.3414],[35.4881,0.3496],[35.4829,0.3498],[35.4797,0.3599],[35.4727,0.3631],[35.4681,0.3694],[35.4703,0.3772],[35.479,0.3814],[35.4815,0.39],[35.4796,0.3942],[35.4785,0.4107],[35.4621,0.4289],[35.4606,0.4499],[35.4634,0.5058],[35.4798,0.589],[35.4117,0.6953],[35.4113,0.6995],[35.4085,0.7038],[35.5025,0.7027],[35.5032,0.7107],[35.4976,0.7151],[35.492,0.7266],[35.4991,0.7606],[35.5033,0.761],[35.504,0.7661],[35.5027,0.7712],[35.5009,0.7706],[35.4973,0.8182],[35.4944,0.8177],[35.4926,0.8207],[35.4805,0.8196],[35.4888,0.8402],[35.4892,0.8482],[35.4912,0.8528],[35.4902,0.8637],[35.4881,0.8657],[35.4855,0.8739],[35.487,0.8757],[35.4551,0.8749],[35.4581,0.8829],[35.4625,0.8879],[35.4653,0.8978],[35.4678,0.8997],[35.4138,0.9072],[35.4128,0.9157],[35.4183,0.9375],[35.385,0.9436],[35.378,0.9353],[35.3596,0.9444],[35.3489,0.9198],[35.3343,0.9272],[35.3294,0.9316],[35.3051,0.8903],[35.3022,0.8964],[35.2983,0.8987],[35.296,0.9027],[35.2928,0.9102],[35.2926,0.9141],[35.2861,0.9188],[35.2776,0.9203],[35.2772,0.9227],[35.275,0.9239],[35.2688,0.9341],[35.2623,0.9348],[35.2589,0.9377],[35.2512,0.9399],[35.246,0.9369],[35.2422,0.932],[35.2357,0.9303],[35.2279,0.9202],[35.2219,0.9186],[35.2072,0.9213],[35.201,0.9209],[35.1997,0.922],[35.1979,0.9211],[35.1945,0.9237],[35.1903,0.9241],[35.1806,0.9213],[35.1769,0.9217],[35.1722,0.9193],[35.1653,0.9219],[35.1603,0.9189],[35.1557,0.9184],[35.1545,0.9166],[35.1447,0.917],[35.1408,0.9189],[35.1351,0.9178],[35.1278,0.9186],[35.1259,0.9116],[35.1199,0.9106],[35.1154,0.9055],[35.1157,0.8994],[35.112,0.8922],[35.1162,0.8844],[35.112,0.8798],[35.1114,0.8546],[35.124,0.8195],[35.1244,0.8265],[35.1298,0.8292],[35.1454,0.8265],[35.1484,0.753],[35.1469,0.7394],[35.1539,0.7397],[35.1517,0.6951],[35.1529,0.6738],[35.1493,0.6663],[35.154,0.6611],[35.1508,0.6609],[35.1496,0.6589],[35.1402,0.6608],[35.1402,0.6595],[35.136,0.6579],[35.1323,0.6543],[35.1254,0.6543],[35.1221,0.6528],[35.1191,0.6487],[35.1169,0.649],[35.1156,0.642],[35.1133,0.6425],[35.1125,0.6406],[35.1051,0.6466],[35.103,0.6468],[35.0955,0.6367],[35.0933,0.6349],[35.0909,0.6351],[35.0852,0.6295],[35.082,0.6304],[35.0777,0.6291],[35.0738,0.6304],[35.0698,0.6287],[35.0678,0.6295],[35.0674,0.6316],[35.0635,0.6329],[35.0562,0.6296],[35.0527,0.63],[35.0535,0.637],[35.0476,0.6387],[35.0428,0.6421],[35.0372,0.6415],[35.0388,0.6308],[35.0343,0.6277],[35.0341,0.6229],[35.0317,0.6203],[35.0307,0.6163],[35.027,0.6138],[34.9978,0.6359],[34.9943,0.6298],[34.9886,0.6294],[34.9766,0.6245],[34.9718,0.6202],[34.9716,0.6169],[34.9683,0.6151],[34.9685,0.6137],[34.9645,0.6095],[34.9611,0.6081],[34.956,0.609],[34.951,0.6065],[34.944,0.6069],[34.9344,0.6022],[34.92,0.5914],[34.9134,0.5917],[34.9047,0.5961],[34.8968,0.6037],[34.8889,0.6056],[34.896,0.5992],[34.8503,0.5457],[35.0444,0.5615],[35.0987,0.5391],[35.1054,0.5546],[35.1074,0.5503],[35.1136,0.5479],[35.1155,0.5449],[35.1273,0.5436],[35.128,0.5413],[35.1319,0.5413],[35.1327,0.5391],[35.1395,0.5347],[35.1435,0.5375],[35.1562,0.5383],[35.162,0.5431],[35.162,0.545],[35.1652,0.5462],[35.1598,0.5042],[35.1392,0.4717],[35.171,0.4215],[35.1755,0.4192],[35.1932,0.3776],[35.2234,0.3275],[35.3032,0.2113],[35.34,0.1938],[35.3403,0.1681],[35.3359,0.1605],[35.3359,0.1431],[35.3708,0.1272],[35.3729,0.12],[35.3807,0.1142],[35.386,0.1019],[35.3902,0.1032],[35.3963,0.109],[35.4013,0.108],[35.4038,0.1053],[35.4348,0.0255],[35.4652,0.0273],[35.4706,0.0199],[35.4579,0.015],[35.4577,0.0122],[35.4591,0.0106],[35.4787,0.0154],[35.4937,0.0147],[35.4978,0.0131],[35.4975,0.0112],[35.5003,0.01],[35.5136,0.0085],[35.516,0.0159],[35.5228,0.0154],[35.5264,0.0468],[35.5326,0.0466],[35.536,0.0483],[35.5412,0.0476],[35.5385,0.0526],[35.5379,0.0585],[35.539,0.0646],[35.5447,0.0723],[35.5394,0.0801],[35.5394,0.0877],[35.5407,0.0899],[35.5727,0.0673],[35.5739,0.1139],[35.5896,0.1491],[35.5874,0.1695]]]]}},{"type":"Feature","properties":{"name":"Kakamega"},"geometry":{"type":"MultiPolygon","coordinates":[[[[35.0177,0.8875],[35.0178,0.8801],[35.0122,0.8596],[35.0171,0.8573],[35.0238,0.8504],[35.0258,0.8388],[35.0242,0.8367],[35.0233,0.8308],[35.0266,0.8247],[35.0309,0.8198],[35.0335,0.8207],[35.0401,0.8181],[35.0512,0.8007],[35.0579,0.7993],[35.0625,0.7948],[35.0635,0.7893],[35.0622,0.7866],[35.066,0.7819],[35.0643,0.7808],[35.0658,0.7778],[35.0636,0.7758],[35.0651,0.7713],[35.0634,0.7679],[35.0653,0.7663],[35.0628,0.7631],[35.0605,0.7617],[35.0554,0.7628],[35.0434,0.7606],[35.0369,0.7554],[35.039,0.7484],[35.0351,0.7483],[35.0302,0.7517],[35.0295,0.7497],[35.0267,0.7487],[35.0274,0.744],[35.0236,0.7429],[35.0191,0.743],[35.0168,0.7464],[35.0168,0.7501],[35.0132,0.7506],[35.0107,0.7529],[35.0036,0.7449],[34.9966,0.7438],[34.9911,0.7465],[34.9855,0.753],[34.9803,0.7521],[34.9764,0.7554],[34.9695,0.7513],[34.9612,0.7518],[34.9569,0.7476],[34.9545,0.7515],[34.9518,0.75],[34.9483,0.7517],[34.9394,0.7394],[34.9364,0.7419],[34.9331,0.7385],[34.9302,0.7408],[34.9286,0.7401],[34.9244,0.7339],[34.9213,0.7248],[34.922,0.7204],[34.9257,0.7165],[34.9287,0.7092],[34.9256,0.701],[34.919,0.6989],[34.9169,0.6927],[34.9124,0.6912],[34.9095,0.6859],[34.906,0.6847],[34.8966,0.686],[34.8915,0.6906],[34.8811,0.6824],[34.8781,0.6818],[34.8714,0.6841],[34.8657,0.6816],[34.8628,0.6838],[34.8597,0.683],[34.8568,0.6795],[34.8569,0.6739],[34.851,0.6698],[34.8468,0.6699],[34.8442,0.6683],[34.8408,0.6585],[34.8372,0.6566],[34.8386,0.6539],[34.8377,0.6492],[34.8349,0.646],[34.8321,0.6454],[34.8346,0.6362],[34.8322,0.6328],[34.8308,0.6239],[34.8233,0.6181],[34.8156,0.6161],[34.8122,0.6127],[34.8084,0.6052],[34.8036,0.6058],[34.8018,0.6001],[34.7986,0.5991],[34.7996,0.5966],[34.808,0.5903],[34.8096,0.5856],[34.8041,0.5867],[34.7964,0.5837],[34.7878,0.5756],[34.7829,0.5765],[34.7814,0.5737],[34.7775,0.5729],[34.7701,0.5635],[34.764,0.5629],[34.7646,0.5559],[34.7594,0.55],[34.7595,0.5467],[34.7557,0.5446],[34.7537,0.5403],[34.7504,0.539],[34.7481,0.5349],[34.7455,0.5366],[34.7426,0.5359],[34.7381,0.5314],[34.7341,0.5181],[34.7289,0.5155],[34.7266,0.5106],[34.7211,0.5069],[34.718,0.5099],[34.7145,0.5089],[34.7095,0.5036],[34.7066,0.5036],[34.7051,0.5056],[34.7014,0.5066],[34.6962,0.5016],[34.6932,0.4964],[34.6935,0.4941],[34.6906,0.4923],[34.6884,0.4847],[34.6836,0.485],[34.6821,0.4824],[34.679,0.4843],[34.6752,0.4827],[34.677,0.4792],[34.6779,0.4712],[34.6727,0.4697],[34.6665,0.4594],[34.6631,0.4583],[34.6604,0.4601],[34.6565,0.4537],[34.65,0.4549],[34.6454,0.4508],[34.6427,0.4503],[34.6313,0.453],[34.6303,0.4553],[34.6315,0.4595],[34.6271,0.4628],[34.6263,0.4596],[34.6177,0.456],[34.6153,0.4474],[34.6161,0.4428],[34.6128,0.4429],[34.6051,0.4503],[34.5965,0.444],[34.5921,0.445],[34.5904,0.4353],[34.5928,0.4292],[34.5903,0.4256],[34.59,0.4195],[34.588,0.4209],[34.587,0.4258],[34.5813,0.4305],[34.5814,0.4386],[34.5803,0.4403],[34.5814,0.4449],[34.5799,0.4538],[34.5775,0.4561],[34.5627,0.4578],[34.5513,0.4699],[34.538,0.4611],[34.5373,0.4528],[34.5323,0.4428],[34.4978,0.4578],[34.495,0.4608],[34.4931,0.4714],[34.4855,0.4824],[34.4827,0.4843],[34.4702,0.4792],[34.4605,0.4692],[34.4479,0.4684],[34.4393,0.4632],[34.4341,0.4641],[34.4212,0.4741],[34.4162,0.4757],[34.405,0.4754],[34.3921,0.4679],[34.3906,0.4627],[34.3823,0.4588],[34.3805,0.4585],[34.3753,0.4617],[34.369,0.4585],[34.3623,0.4577],[34.3612,0.4371],[34.3563,0.4312],[34.3483,0.4302],[34.3433,0.4255],[34.3493,0.4209],[34.3609,0.4064],[34.3657,0.4046],[34.3786,0.4053],[34.3842,0.3988],[34.3944,0.3953],[34.4063,0.3883],[34.4149,0.3793],[34.4234,0.3745],[34.4167,0.3687],[34.4021,0.3628],[34.3974,0.3442],[34.3925,0.34],[34.3862,0.3376],[34.3841,0.3308],[34.3848,0.3251],[34.3833,0.3184],[34.3707,0.3066],[34.3916,0.2878],[34.3969,0.2854],[34.3973,0.2824],[34.3895,0.2754],[34.3918,0.2702],[34.3998,0.2644],[34.4014,0.2616],[34.3987,0.2538],[34.3981,0.2341],[34.3901,0.2333],[34.3838,0.2293],[34.3902,0.216],[34.3918,0.2072],[34.3896,0.2021],[34.3885,0.1925],[34.3847,0.1835],[34.3851,0.1806],[34.388,0.1801],[34.4008,0.1861],[34.4077,0.192],[34.412,0.1997],[34.4207,0.2043],[34.4285,0.2128],[34.4448,0.2186],[34.4483,0.2105],[34.4514,0.2068],[34.447,0.2039],[34.4363,0.2022],[34.4259,0.1869],[34.4295,0.1831],[34.4306,0.178],[34.4417,0.168],[34.4353,0.1573],[34.4251,0.1523],[34.43,0.1478],[34.4365,0.1461],[34.4427,0.1478],[34.4509,0.153],[34.4611,0.1547],[34.4671,0.1577],[34.4765,0.1559],[34.4819,0.1516],[34.4816,0.1478],[34.484,0.1405],[34.4817,0.1384],[34.4765,0.1365],[34.4716,0.1312],[34.4567,0.1307],[34.4591,0.1231],[34.4636,0.1231],[34.4735,0.1195],[34.4801,0.1153],[34.4785,0.113],[34.4739,0.1128],[34.4736,0.1026],[34.4794,0.1057],[34.4877,0.1046],[34.4932,0.1022],[34.4954,0.1044],[34.4951,0.1112],[34.5033,0.1158],[34.4956,0.1218],[34.5003,0.1276],[34.5025,0.1285],[34.5049,0.1245],[34.5036,0.1223],[34.5052,0.1198],[34.5085,0.1183],[34.5117,0.1216],[34.5138,0.1305],[34.5201,0.1258],[34.5247,0.1243],[34.5301,0.1285],[34.5325,0.1338],[34.5372,0.1372],[34.5416,0.1386],[34.5458,0.1376],[34.5495,0.1314],[34.5555,0.1272],[34.5523,0.122],[34.5532,0.1181],[34.5482,0.1172],[34.545,0.1133],[34.5566,0.1115],[34.5608,0.1069],[34.5593,0.1013],[34.5551,0.0993],[34.5603,0.0939],[34.5665,0.0975],[34.5731,0.0957],[34.5786,0.1018],[34.5869,0.1043],[34.585,0.1084],[34.5863,0.1155],[34.5941,0.1169],[34.6012,0.121],[34.6064,0.1195],[34.6133,0.1244],[34.6202,0.1267],[34.6377,0.1294],[34.6402,0.128],[34.6636,0.1266],[34.6652,0.128],[34.6763,0.1299],[34.6825,0.1215],[34.6885,0.1256],[34.6956,0.1345],[34.6972,0.1319],[34.7043,0.1311],[34.7043,0.1337],[34.706,0.1353],[34.7044,0.1396],[34.7109,0.1392],[34.7142,0.1407],[34.7168,0.1397],[34.719,0.1422],[34.7294,0.144],[34.7318,0.1472],[34.7383,0.1491],[34.7379,0.1419],[34.7434,0.1405],[34.7473,0.136],[34.7571,0.1419],[34.7663,0.1447],[34.7659,0.1494],[34.7696,0.152],[34.776,0.1503],[34.7813,0.1546],[34.7813,0.1572],[34.7855,0.1596],[34.7901,0.1574],[34.796,0.1626],[34.8017,0.1617],[34.8051,0.1642],[34.8113,0.1618],[34.8155,0.1618],[34.8153,0.1774],[34.8109,0.184],[34.8235,0.1873],[34.8301,0.1846],[34.8408,0.1849],[34.8458,0.1831],[34.8469,0.1848],[34.851,0.1849],[34.8519,0.1905],[34.8552,0.1928],[34.8579,0.1926],[34.8575,0.1945],[34.8597,0.199],[34.8667,0.1951],[34.8695,0.196],[34.8698,0.1988],[34.8739,0.2],[34.8769,0.1975],[34.8781,0.1988],[34.8835,0.1976],[34.8853,0.1991],[34.8845,0.2015],[34.8866,0.2046],[34.8899,0.2046],[34.8922,0.2068],[34.8957,0.2064],[34.8954,0.2044],[34.903,0.1956],[34.9052,0.1965],[34.9067,0.195],[34.9095,0.1953],[34.9119,0.1979],[34.9182,0.2003],[34.9251,0.1992],[34.9279,0.2073],[34.9415,0.207],[34.9552,0.241],[34.9613,0.2399],[34.9772,0.2404],[34.9758,0.2473],[34.9497,0.3001],[34.9441,0.3155],[34.9412,0.3244],[34.9353,0.3571],[34.9471,0.3542],[34.954,0.3668],[34.956,0.415],[34.9233,0.4749],[34.9065,0.4929],[34.9063,0.5026],[34.8859,0.5205],[34.8731,0.5249],[34.8702,0.5302],[34.8503,0.5457],[34.896,0.5992],[34.8889,0.6056],[34.8968,0.6037],[34.9047,0.5961],[34.9134,0.5917],[34.92,0.5914],[34.9344,0.6022],[34.944,0.6069],[34.951,0.6065],[34.956,0.609],[34.9611,0.6081],[34.9645,0.6095],[34.9685,0.6137],[34.9683,0.6151],[34.9716,0.6169],[34.9718,0.6202],[34.9766,0.6245],[34.9886,0.6294],[34.9943,0.6298],[34.9978,0.6359],[35.027,0.6138],[35.0307,0.6163],[35.0317,0.6203],[35.0341,0.6229],[35.0343,0.6277],[35.0388,0.6308],[35.0372,0.6415],[35.0428,0.6421],[35.0476,0.6387],[35.0535,0.637],[35.0527,0.63],[35.0562,0.6296],[35.0635,0.6329],[35.0674,0.6316],[35.0678,0.6295],[35.0698,0.6287],[35.0738,0.6304],[35.0777,0.6291],[35.082,0.6304],[35.0852,0.6295],[35.0909,0.6351],[35.0933,0.6349],[35.0955,0.6367],[35.103,0.6468],[35.1051,0.6466],[35.1125,0.6406],[35.1133,0.6425],[35.1156,0.642],[35.1169,0.649],[35.1191,0.6487],[35.1221,0.6528],[35.1254,0.6543],[35.1323,0.6543],[35.136,0.6579],[35.1402,0.6595],[35.1402,0.6608],[35.1496,0.6589],[35.1508,0.6609],[35.154,0.6611],[35.1493,0.6663],[35.1529,0.6738],[35.1517,0.6951],[35.1539,0.7397],[35.1469,0.7394],[35.1484,0.753],[35.1454,0.8265],[35.1298,0.8292],[35.1244,0.8265],[35.124,0.8195],[35.1114,0.8546],[35.112,0.8798],[35.1089,0.8794],[35.1046,0.8745],[35.1011,0.8733],[35.0967,0.8778],[35.0865,0.8794],[35.0855,0.8817],[35.0828,0.8823],[35.0797,0.8863],[35.0808,0.8919],[35.0783,0.8948],[35.0713,0.8976],[35.0678,0.8955],[35.0591,0.8966],[35.0509,0.9007],[35.0482,0.8998],[35.0465,0.8974],[35.0449,0.9003],[35.0383,0.9005],[35.0375,0.8963],[35.0313,0.8943],[35.0302,0.8924],[35.0278,0.8926],[35.026,0.8948],[35.0237,0.8944],[35.0177,0.8875]]]]}},{"type":"Feature","properties":{"name":"Laikipia"},"geometry":{"type":"MultiPolygon","coordinates":[[[[36.4887,0.8468],[36.4733,0.8385],[36.4686,0.8275],[36.4045,0.7172],[36.3446,0.6593],[36.2886,0.6446],[36.2757,0.6317],[36.2882,0.58],[36.294,0.5653],[36.2294,0.4266],[36.1838,0.3144],[36.1933,0.3006],[36.1975,0.2856],[36.2104,0.2648],[36.215,0.2522],[36.2019,0.2347],[36.2357,0.2091],[36.2378,0.2039],[36.2534,0.1806],[36.2601,0.1739],[36.276,0.1481],[36.2837,0.1275],[36.2869,0.1115],[36.2694,0.0882],[36.2596,0.062],[36.2551,0.0562],[36.265,0.0263],[36.2555,-0.022],[36.2673,-0.0216],[36.2713,-0.0011],[36.2927,0.0119],[36.2935,0.0048],[36.2986,0.0052],[36.3025,0.0161],[36.3306,0.0229],[36.3297,0.0286],[36.3456,0.031],[36.3364,0.0628],[36.3488,0.0705],[36.3544,0.0686],[36.3634,0.0485],[36.3757,0.0373],[36.382,0.0356],[36.3848,0.0317],[36.3854,0.0373],[36.3925,0.0305],[36.3993,0.0329],[36.3989,0.0401],[36.4135,0.0396],[36.4239,0.046],[36.4128,0.0512],[36.4007,0.0596],[36.4231,0.0854],[36.4411,0.0915],[36.4625,0.1403],[36.5104,0.0851],[36.5213,0.0487],[36.5738,0.0708],[36.5882,0.0441],[36.5891,0.0278],[36.5992,0.0034],[36.6071,0.0033],[36.6324,0.0138],[36.6346,0.0162],[36.6495,-0.0169],[36.5895,-0.0208],[36.5866,-0.0221],[36.5818,-0.0211],[36.5794,-0.0227],[36.5785,-0.0269],[36.5737,-0.0339],[36.5589,-0.0449],[36.557,-0.0524],[36.5532,-0.0556],[36.5527,-0.06],[36.5495,-0.0621],[36.5493,-0.0656],[36.5446,-0.0684],[36.5574,-0.0807],[36.5522,-0.0915],[36.5593,-0.0929],[36.5687,-0.1037],[36.5732,-0.1052],[36.5964,-0.1041],[36.6329,-0.1087],[36.6538,-0.1542],[36.6575,-0.1531],[36.7108,-0.1367],[36.7159,-0.1296],[36.7522,-0.1208],[36.7632,-0.1093],[36.7649,-0.1147],[36.7907,-0.1068],[36.8291,-0.1036],[36.829,-0.1357],[36.8437,-0.1374],[36.8529,-0.143],[36.8596,-0.1435],[36.8602,-0.1461],[36.857,-0.1501],[36.8566,-0.1549],[36.8625,-0.1598],[36.8646,-0.1688],[36.8678,-0.1723],[36.8691,-0.1778],[36.869,-0.18],[36.8644,-0.1818],[36.8621,-0.1882],[36.8557,-0.1903],[36.8501,-0.1976],[36.8434,-0.1965],[36.8376,-0.1977],[36.8415,-0.2077],[36.841,-0.216],[36.8547,-0.2543],[36.8688,-0.249],[36.8778,-0.2603],[36.9612,-0.2847],[36.9854,-0.2962],[36.9958,-0.2713],[36.9881,-0.2557],[37.0012,-0.2488],[37.0022,-0.2452],[37.0079,-0.2404],[37.0089,-0.235],[37.0116,-0.2318],[37.0074,-0.2254],[37.007,-0.2212],[37.0168,-0.1808],[37.0044,-0.1768],[37.0067,-0.1503],[37.0024,-0.1499],[36.9993,-0.1471],[36.9938,-0.1457],[36.9836,-0.135],[36.9806,-0.0986],[36.9765,-0.0799],[36.978,-0.0761],[36.9766,-0.0733],[36.977,-0.0708],[36.9841,-0.0699],[36.9879,-0.0665],[36.9965,-0.065],[37.0244,-0.0491],[37.0263,-0.0444],[37.0497,-0.0151],[37.0515,-0.0099],[37.0632,0.0019],[37.0711,0.0009],[37.0769,0.0098],[37.0794,0.0027],[37.0762,-0.0009],[37.0765,-0.0027],[37.0875,-0.0165],[37.0918,-0.0175],[37.0999,-0.0279],[37.1121,-0.0382],[37.1237,-0.0545],[37.1305,-0.0369],[37.1315,-0.0298],[37.1228,-0.0248],[37.1103,-0.0129],[37.1032,0.0065],[37.0881,0.0226],[37.1106,0.0391],[37.1397,0.0407],[37.1537,0.0512],[37.1737,0.0567],[37.1888,0.059],[37.1984,0.0645],[37.2028,0.0686],[37.223,0.0767],[37.2335,0.0837],[37.235,0.1025],[37.248,0.1051],[37.2504,0.0976],[37.2534,0.0981],[37.2624,0.1122],[37.279,0.1282],[37.2817,0.1341],[37.2808,0.1524],[37.3023,0.1717],[37.3072,0.1797],[37.322,0.1833],[37.3291,0.1824],[37.3381,0.1842],[37.3336,0.1923],[37.3486,0.1963],[37.3481,0.2073],[37.3513,0.2097],[37.3516,0.2134],[37.3546,0.2168],[37.3549,0.224],[37.3573,0.2268],[37.3593,0.2331],[37.3638,0.2375],[37.3632,0.2423],[37.3659,0.2439],[37.367,0.2465],[37.3621,0.2481],[37.3596,0.2514],[37.3597,0.2537],[37.3629,0.255],[37.3643,0.2589],[37.3725,0.2627],[37.3746,0.2712],[37.3788,0.2735],[37.3826,0.2727],[37.3858,0.2744],[37.3885,0.2784],[37.3864,0.2808],[37.3882,0.2857],[37.394,0.2894],[37.3945,0.2929],[37.3922,0.2965],[37.3956,0.2995],[37.3927,0.3036],[37.3938,0.3078],[37.3912,0.3122],[37.3937,0.3162],[37.3911,0.3246],[37.3928,0.3327],[37.3915,0.3363],[37.3927,0.3419],[37.3913,0.3455],[37.3919,0.3531],[37.3903,0.3549],[37.3836,0.3558],[37.3818,0.3604],[37.3781,0.3637],[37.3769,0.3678],[37.3793,0.3769],[37.3767,0.3798],[37.37,0.382],[37.3705,0.3873],[37.3688,0.3952],[37.3625,0.4074],[37.3541,0.4111],[37.3513,0.4315],[37.3483,0.4395],[37.348,0.4492],[37.3497,0.4528],[37.3489,0.4558],[37.3522,0.4612],[37.3569,0.4653],[37.3575,0.4718],[37.3599,0.474],[37.359,0.4801],[37.3611,0.4847],[37.3584,0.492],[37.3595,0.5002],[37.3611,0.5035],[37.368,0.5085],[37.369,0.5116],[37.2132,0.5297],[36.8644,0.5658],[36.8641,0.5723],[36.8677,0.5787],[36.8681,0.5874],[36.8656,0.592],[36.8671,0.5969],[36.8712,0.5984],[36.8757,0.6051],[36.8792,0.6054],[36.8802,0.6078],[36.8825,0.6089],[36.8836,0.6131],[36.8881,0.6096],[36.8902,0.6231],[36.8935,0.622],[36.8976,0.6307],[36.9096,0.6327],[36.9082,0.6436],[36.9095,0.6478],[36.9126,0.6506],[36.9117,0.6568],[36.9138,0.6587],[36.9134,0.6613],[36.9213,0.6606],[36.9237,0.6653],[36.9241,0.6716],[36.9271,0.6766],[36.9257,0.6888],[36.9273,0.7289],[36.9313,0.7333],[36.9316,0.7434],[36.928,0.7406],[36.9244,0.7404],[36.9199,0.7381],[36.9171,0.7296],[36.914,0.7286],[36.9121,0.7295],[36.9104,0.7285],[36.9086,0.7316],[36.9084,0.7375],[36.9048,0.7382],[36.9032,0.7402],[36.8961,0.7401],[36.889,0.7374],[36.8865,0.7334],[36.8811,0.7332],[36.8777,0.7381],[36.8658,0.7377],[36.863,0.7496],[36.8567,0.7635],[36.8409,0.79],[36.8438,0.7949],[36.834,0.8004],[36.8316,0.8152],[36.8198,0.839],[36.8156,0.8559],[36.7934,0.8694],[36.7731,0.8656],[36.7561,0.8584],[36.7347,0.825],[36.7084,0.8144],[36.705,0.8159],[36.6872,0.8175],[36.673,0.8167],[36.6695,0.8133],[36.4824,0.8135],[36.4815,0.8168],[36.483,0.8195],[36.4828,0.8251],[36.4887,0.8468]]]]}},{"type":"Feature","properties":{"name":"Busia"},"geometry":{"type":"MultiPolygon","coordinates":[[[[34.3605,0.7784],[34.3522,0.7754],[34.3464,0.775],[34.3335,0.7696],[34.3208,0.7679],[34.313,0.7637],[34.3135,0.7598],[34.31,0.7507],[34.3093,0.7388],[34.3074,0.7319],[34.3091,0.7267],[34.3069,0.7206],[34.3128,0.6973],[34.3106,0.6958],[34.3061,0.6963],[34.3019,0.6934],[34.299,0.693],[34.2913,0.6853],[34.2866,0.6829],[34.2823,0.6833],[34.2783,0.6809],[34.2779,0.6769],[34.2801,0.6675],[34.2798,0.659],[34.2776,0.6579],[34.2785,0.649],[34.2756,0.6423],[34.2632,0.6395],[34.2516,0.6323],[34.2408,0.6356],[34.236,0.6295],[34.2324,0.6305],[34.2294,0.6291],[34.2239,0.6322],[34.2204,0.6325],[34.2151,0.6255],[34.2077,0.6284],[34.2043,0.6253],[34.2003,0.6282],[34.1962,0.6252],[34.1955,0.6216],[34.1919,0.622],[34.1911,0.616],[34.1858,0.6128],[34.1867,0.609],[34.1858,0.6069],[34.1768,0.6081],[34.1721,0.6038],[34.1623,0.5991],[34.1517,0.5878],[34.1485,0.5881],[34.1442,0.5846],[34.1376,0.5858],[34.1271,0.5579],[34.1261,0.5373],[34.1171,0.5233],[34.1224,0.52],[34.1234,0.517],[34.1171,0.5099],[34.1189,0.495],[34.1181,0.4901],[34.1208,0.4804],[34.1113,0.4753],[34.1013,0.4656],[34.0944,0.4617],[34.0898,0.4563],[34.0916,0.4423],[34.0899,0.4258],[34.1001,0.4126],[34.1089,0.3782],[34.1082,0.3695],[34.1013,0.357],[34.1003,0.3499],[34.0827,0.3354],[34.0813,0.3319],[34.0728,0.326],[34.0589,0.3247],[34.0601,0.3123],[34.0544,0.3092],[34.0502,0.3049],[34.0492,0.3011],[34.0499,0.2948],[34.0461,0.2925],[34.0424,0.2928],[34.0407,0.2895],[34.0419,0.2873],[34.0401,0.2809],[34.0432,0.2792],[34.0423,0.2768],[34.0328,0.2693],[34.0259,0.2691],[34.0255,0.2653],[34.0225,0.2617],[34.0225,0.2551],[34.0141,0.2489],[34.0128,0.2458],[34.0051,0.2408],[34.0041,0.2372],[34.0054,0.2358],[33.9139,0.1114],[33.9118,0.1003],[33.9505,-0.026],[34.0111,-0.0259],[34.0194,-0.027],[34.0302,-0.0174],[34.0421,-0.0001],[34.0661,0.0875],[34.066,0.0905],[34.0737,0.1048],[34.0718,0.1196],[34.0844,0.1227],[34.0872,0.1264],[34.0895,0.1259],[34.0901,0.1235],[34.0914,0.1241],[34.0937,0.1307],[34.0999,0.1358],[34.1051,0.1357],[34.1024,0.1292],[34.1032,0.1255],[34.1091,0.1319],[34.1142,0.1452],[34.1127,0.1538],[34.1121,0.1761],[34.1055,0.1869],[34.1108,0.2001],[34.1095,0.206],[34.1125,0.2095],[34.1161,0.2201],[34.1161,0.242],[34.1318,0.2513],[34.1386,0.2583],[34.1578,0.2897],[34.1588,0.3005],[34.1758,0.2947],[34.1792,0.289],[34.1846,0.2859],[34.1885,0.2758],[34.2032,0.2676],[34.2051,0.2642],[34.2045,0.2601],[34.2069,0.2628],[34.2062,0.2698],[34.2077,0.2796],[34.2062,0.2833],[34.2076,0.2883],[34.2374,0.2897],[34.2499,0.3134],[34.2636,0.3152],[34.2852,0.3098],[34.287,0.3073],[34.2998,0.3107],[34.315,0.3092],[34.3336,0.3114],[34.3566,0.3058],[34.3619,0.2978],[34.3665,0.3004],[34.3707,0.3066],[34.3833,0.3184],[34.3848,0.3251],[34.3841,0.3308],[34.3862,0.3376],[34.3925,0.34],[34.3974,0.3442],[34.4021,0.3628],[34.4167,0.3687],[34.4234,0.3745],[34.4149,0.3793],[34.4063,0.3883],[34.3944,0.3953],[34.3842,0.3988],[34.3786,0.4053],[34.3657,0.4046],[34.3609,0.4064],[34.3493,0.4209],[34.3433,0.4255],[34.3483,0.4302],[34.3563,0.4312],[34.3612,0.4371],[34.3623,0.4577],[34.369,0.4585],[34.3753,0.4617],[34.3805,0.4585],[34.3823,0.4588],[34.3906,0.4627],[34.3921,0.4679],[34.3887,0.4719],[34.3852,0.4907],[34.3859,0.4954],[34.39,0.4992],[34.4049,0.5007],[34.4086,0.5046],[34.4083,0.5079],[34.4001,0.5199],[34.3901,0.5388],[34.3826,0.5427],[34.378,0.5508],[34.3711,0.5572],[34.3683,0.5618],[34.377,0.5788],[34.3701,0.5902],[34.3699,0.6066],[34.3707,0.6077],[34.3756,0.6067],[34.3789,0.613],[34.3791,0.6247],[34.3838,0.6341],[34.3831,0.6439],[34.3855,0.6431],[34.3865,0.6452],[34.392,0.6463],[34.3936,0.6494],[34.415,0.6575],[34.4171,0.6596],[34.4093,0.6813],[34.4157,0.69],[34.4079,0.7157],[34.4025,0.7272],[34.4032,0.7289],[34.4054,0.7296],[34.4089,0.7278],[34.4117,0.7296],[34.4225,0.7316],[34.4315,0.7264],[34.4336,0.7408],[34.4294,0.752],[34.4245,0.7597],[34.4241,0.7671],[34.4119,0.7676],[34.4102,0.7622],[34.4064,0.7573],[34.4001,0.7565],[34.3932,0.7599],[34.3823,0.7741],[34.3762,0.7733],[34.3736,0.7747],[34.3693,0.7722],[34.3605,0.7784]]]]}},{"type":"Feature","properties":{"name":"Meru"},"geometry":{"type":"MultiPolygon","coordinates":[[[[37.3858,0.2744],[37.3826,0.2727],[37.3788,0.2735],[37.3746,0.2712],[37.3725,0.2627],[37.3643,0.2589],[37.3629,0.255],[37.3597,0.2537],[37.3596,0.2514],[37.3621,0.2481],[37.367,0.2465],[37.3659,0.2439],[37.3632,0.2423],[37.3638,0.2375],[37.3593,0.2331],[37.3573,0.2268],[37.3549,0.224],[37.3546,0.2168],[37.3516,0.2134],[37.3513,0.2097],[37.3481,0.2073],[37.3486,0.1963],[37.3336,0.1923],[37.3381,0.1842],[37.3291,0.1824],[37.322,0.1833],[37.3072,0.1797],[37.3023,0.1717],[37.2808,0.1524],[37.2817,0.1341],[37.279,0.1282],[37.2624,0.1122],[37.2534,0.0981],[37.2504,0.0976],[37.248,0.1051],[37.235,0.1025],[37.2335,0.0837],[37.223,0.0767],[37.2028,0.0686],[37.1984,0.0645],[37.1888,0.059],[37.1737,0.0567],[37.1537,0.0512],[37.1397,0.0407],[37.1106,0.0391],[37.0881,0.0226],[37.1032,0.0065],[37.1103,-0.0129],[37.1228,-0.0248],[37.1315,-0.0298],[37.1305,-0.0369],[37.1354,-0.0413],[37.3078,-0.1511],[37.5275,-0.1815],[37.5908,-0.1833],[37.5927,-0.1876],[37.5979,-0.1899],[37.6027,-0.1944],[37.6145,-0.1947],[37.6179,-0.199],[37.6229,-0.2014],[37.623,-0.2047],[37.6244,-0.2058],[37.6258,-0.2048],[37.6337,-0.2067],[37.6358,-0.2087],[37.6397,-0.207],[37.6433,-0.2123],[37.6471,-0.2135],[37.6556,-0.2126],[37.6617,-0.2165],[37.6655,-0.2042],[37.6696,-0.2069],[37.6829,-0.2075],[37.6892,-0.204],[37.6953,-0.2046],[37.709,-0.2015],[37.7227,-0.2033],[37.728,-0.1995],[37.7328,-0.1989],[37.7374,-0.1925],[37.7393,-0.1929],[37.7402,-0.1906],[37.7421,-0.1913],[37.7443,-0.1876],[37.7468,-0.1894],[37.7497,-0.1881],[37.7493,-0.1859],[37.7531,-0.1834],[37.7561,-0.1766],[37.7558,-0.1735],[37.759,-0.1709],[37.7647,-0.159],[37.7686,-0.156],[37.7731,-0.1584],[37.7779,-0.1589],[37.7845,-0.1545],[37.7919,-0.1579],[37.7966,-0.162],[37.8572,-0.121],[37.8575,-0.1178],[37.8517,-0.1131],[37.855,-0.1089],[37.853,-0.1058],[37.8495,-0.105],[37.8624,-0.0689],[37.8483,-0.0304],[37.8501,-0.0187],[37.8541,-0.0118],[37.8557,-0.0129],[37.8581,-0.0112],[37.8625,-0.013],[37.8732,-0.0103],[37.8758,-0.0116],[37.8784,-0.0107],[37.8794,-0.0131],[37.8772,-0.0146],[37.8841,-0.0185],[37.8917,-0.0186],[37.8942,-0.003],[37.9,0.0102],[37.9069,0.007],[37.9167,0.0058],[37.9187,0.0076],[37.9263,0.0068],[37.9293,0.0086],[37.936,0.0071],[37.9376,0.0084],[37.9388,0.0192],[37.942,0.0198],[37.9399,0.0274],[37.9478,0.0285],[37.9499,0.034],[37.9567,0.0396],[37.9464,0.0463],[37.9602,0.0671],[37.964,0.0684],[37.9764,0.0683],[37.98,0.0666],[37.9864,0.0664],[37.994,0.0691],[37.9986,0.0673],[38.0001,0.064],[38.0053,0.0654],[38.0154,0.0614],[38.0181,0.0593],[38.0213,0.0531],[38.0282,0.0517],[38.0296,0.0468],[38.034,0.0426],[38.0331,0.0392],[38.0365,0.0348],[38.0394,0.0339],[38.039,0.0316],[38.0425,0.0265],[38.0472,0.0288],[38.0504,0.0256],[38.0538,0.0289],[38.0592,0.0247],[38.0629,0.0277],[38.0656,0.0262],[38.0678,0.027],[38.0686,0.0251],[38.072,0.0263],[38.0753,0.0322],[38.078,0.0326],[38.083,0.0296],[38.0841,0.0312],[38.0835,0.0342],[38.0886,0.043],[38.0934,0.0448],[38.0952,0.0491],[38.0985,0.0506],[38.1048,0.0477],[38.1055,0.0509],[38.1083,0.0513],[38.1136,0.0574],[38.1151,0.057],[38.1186,0.0504],[38.1217,0.0529],[38.1236,0.0507],[38.1295,0.0529],[38.1405,0.0478],[38.154,0.0349],[38.1575,0.0337],[38.1603,0.0295],[38.1705,0.0264],[38.1726,0.0277],[38.1761,0.0266],[38.18,0.0242],[38.1818,0.0204],[38.1845,0.0208],[38.192,0.0151],[38.2056,0.0196],[38.2089,0.0189],[38.2135,0.0143],[38.2176,0.0154],[38.2236,0.0126],[38.2238,0.0108],[38.2208,0.0069],[38.2284,0.0052],[38.2312,-0.0076],[38.2378,-0.009],[38.2389,-0.0141],[38.2426,-0.0153],[38.2461,-0.0188],[38.2485,-0.0184],[38.2511,-0.0121],[38.2565,-0.0121],[38.2602,-0.0135],[38.265,-0.0132],[38.2685,-0.0161],[38.2757,-0.0167],[38.2772,-0.0195],[38.2819,-0.0189],[38.2861,-0.0221],[38.2886,-0.0223],[38.2917,-0.0312],[38.2938,-0.0337],[38.2969,-0.0343],[38.2982,-0.0386],[38.3034,-0.0423],[38.3007,-0.0479],[38.3077,-0.0499],[38.3091,-0.0515],[38.313,-0.0517],[38.3197,-0.0552],[38.3296,-0.0655],[38.3325,-0.0652],[38.34,-0.0603],[38.3465,-0.0611],[38.3661,-0.0766],[38.3755,-0.079],[38.3815,-0.0855],[38.3876,-0.0826],[38.3928,-0.0724],[38.3975,-0.0724],[38.4035,-0.0749],[38.4159,-0.072],[38.4207,-0.0693],[38.4195,-0.066],[38.4147,-0.0652],[38.4115,-0.0621],[38.4128,-0.0594],[38.4106,-0.0557],[38.4136,-0.0508],[38.4106,-0.0497],[38.4107,-0.0455],[38.4067,-0.0414],[38.4071,-0.037],[38.405,-0.0335],[38.4048,-0.0281],[38.4074,-0.0271],[38.4019,-0.024],[38.4008,-0.0219],[38.4,-0.0193],[38.4023,-0.0174],[38.4016,-0.0141],[38.3987,-0.0141],[38.3936,-0.0108],[38.3948,-0.0076],[38.3861,-0.003],[38.3801,-0.0019],[38.3777,0.0059],[38.372,0.0071],[38.3664,0.0167],[38.3579,0.022],[38.3555,0.0275],[38.3552,0.0327],[38.3576,0.04],[38.3505,0.0446],[38.3465,0.0446],[38.3451,0.0462],[38.3499,0.0627],[38.3412,0.0623],[38.3398,0.0649],[38.341,0.0692],[38.336,0.0726],[38.3305,0.0729],[38.3248,0.078],[38.3244,0.0817],[38.3296,0.093],[38.3298,0.0967],[38.3221,0.0999],[38.3192,0.1086],[38.3122,0.1096],[38.3082,0.1136],[38.3054,0.1224],[38.307,0.1317],[38.2987,0.1601],[38.2883,0.1665],[38.2862,0.171],[38.2791,0.1769],[38.2672,0.1821],[38.2638,0.1853],[38.2628,0.1922],[38.2588,0.1941],[38.2543,0.1996],[38.2456,0.2039],[38.2442,0.2071],[38.2399,0.2062],[38.2343,0.2129],[38.229,0.2165],[38.2214,0.2163],[38.2138,0.2215],[38.2018,0.2263],[38.1989,0.2252],[38.1965,0.2287],[38.1959,0.3225],[38.1765,0.3301],[38.0946,0.5631],[38.0613,0.6674],[37.826,0.5618],[37.5865,0.4812],[37.5844,0.4744],[37.5867,0.4737],[37.5866,0.4686],[37.5818,0.4634],[37.5812,0.4607],[37.5811,0.4571],[37.5824,0.4555],[37.581,0.4518],[37.5824,0.4501],[37.581,0.4424],[37.5814,0.42],[37.5856,0.4017],[37.5988,0.4015],[37.6032,0.3607],[37.5922,0.3401],[37.5808,0.3275],[37.5555,0.3278],[37.5527,0.324],[37.5495,0.316],[37.5473,0.3148],[37.5484,0.3081],[37.5504,0.3062],[37.55,0.2954],[37.5466,0.2874],[37.5485,0.2848],[37.5477,0.2791],[37.5448,0.2769],[37.5449,0.2742],[37.5429,0.2718],[37.5386,0.2694],[37.5371,0.264],[37.4642,0.283],[37.4278,0.2978],[37.3995,0.2962],[37.3995,0.284],[37.3858,0.2744]]]]}},{"type":"Feature","properties":{"name":"Nandi"},"geometry":{"type":"MultiPolygon","coordinates":[[[[34.8503,0.5457],[34.8702,0.5302],[34.8731,0.5249],[34.8859,0.5205],[34.9063,0.5026],[34.9065,0.4929],[34.9233,0.4749],[34.956,0.415],[34.954,0.3668],[34.9471,0.3542],[34.9353,0.3571],[34.9412,0.3244],[34.9441,0.3155],[34.9497,0.3001],[34.9758,0.2473],[34.9772,0.2404],[34.9613,0.2399],[34.9552,0.241],[34.9415,0.207],[34.9279,0.2073],[34.9251,0.1992],[34.9159,0.1718],[34.9201,0.1679],[34.9204,0.166],[34.915,0.1551],[34.9108,0.1529],[34.9036,0.1528],[34.8842,0.1434],[34.8819,0.1369],[34.8738,0.1338],[34.8654,0.1243],[34.8591,0.1208],[34.8574,0.1172],[34.8567,0.1081],[34.8583,0.1037],[34.8573,0.0896],[34.8593,0.0838],[34.8576,0.0809],[34.8543,0.0798],[34.8521,0.0732],[34.8482,0.0691],[34.8466,0.0641],[34.8491,0.0604],[34.8389,0.0464],[34.8375,0.0363],[34.8259,0.0344],[34.8221,0.0363],[34.8104,0.0369],[34.801,0.0258],[34.7896,0.0186],[34.7865,0.0131],[34.784,0.0132],[34.7806,0.0112],[34.7782,0.0063],[34.7669,0.0026],[34.7653,-0.0017],[34.7624,-0.0036],[34.7607,-0.0019],[34.7595,0.0079],[34.7574,0.0093],[34.7536,0.0097],[34.7425,0.0072],[34.7399,0.0045],[34.7391,-0.0023],[34.7447,-0.0115],[34.7471,-0.0247],[34.7506,-0.0331],[34.7546,-0.0334],[34.7572,-0.0263],[34.7604,-0.0234],[34.7633,-0.0175],[34.7679,-0.0186],[34.7744,-0.0171],[34.781,-0.0214],[34.7824,-0.0152],[34.7873,-0.0071],[34.8034,0.0101],[34.8096,0.011],[34.8187,0.0219],[34.8307,0.0239],[34.812,-0.004],[34.8037,-0.0129],[34.8034,-0.0177],[34.809,-0.0228],[34.8267,-0.0285],[34.88,-0.0274],[34.8916,-0.0256],[34.9061,-0.0293],[34.9212,-0.0268],[34.9198,-0.0334],[34.9237,-0.0367],[34.9342,-0.0359],[34.9552,-0.031],[34.9528,-0.0269],[34.9579,-0.0265],[34.9646,-0.0323],[34.9788,-0.0246],[34.9898,-0.0248],[34.9894,-0.0201],[35.0068,-0.0296],[35.0326,-0.0352],[35.05,-0.0356],[35.0656,-0.0688],[35.07,-0.0644],[35.0698,-0.0609],[35.0719,-0.0572],[35.0793,-0.0528],[35.0807,-0.0533],[35.0822,-0.0502],[35.0856,-0.0504],[35.0887,-0.0462],[35.0913,-0.0452],[35.0949,-0.0318],[35.1014,-0.0267],[35.1022,-0.0243],[35.1005,-0.0165],[35.102,-0.0137],[35.1003,-0.012],[35.1013,-0.0065],[35.1003,-0.0037],[35.1524,-0.0366],[35.1518,-0.0392],[35.155,-0.0368],[35.1579,-0.0371],[35.1613,-0.0333],[35.1615,-0.0312],[35.1661,-0.0326],[35.1771,-0.0285],[35.1785,-0.0304],[35.1812,-0.0285],[35.1832,-0.0302],[35.1853,-0.0288],[35.1874,-0.0299],[35.1914,-0.0287],[35.1917,-0.027],[35.1937,-0.0264],[35.195,-0.028],[35.1991,-0.0273],[35.2028,-0.0305],[35.2061,-0.0292],[35.2099,-0.0333],[35.2122,-0.0326],[35.2152,-0.0341],[35.2173,-0.0379],[35.2208,-0.0371],[35.2265,-0.0677],[35.2265,-0.1066],[35.2801,-0.0994],[35.3079,-0.0867],[35.3259,-0.1018],[35.341,-0.1095],[35.3716,-0.1103],[35.3909,-0.0971],[35.4022,-0.0872],[35.424,-0.0782],[35.4037,-0.0245],[35.4135,0.0052],[35.4375,0.0188],[35.4348,0.0255],[35.4038,0.1053],[35.4013,0.108],[35.3963,0.109],[35.3902,0.1032],[35.386,0.1019],[35.3807,0.1142],[35.3729,0.12],[35.3708,0.1272],[35.3359,0.1431],[35.3359,0.1605],[35.3403,0.1681],[35.34,0.1938],[35.3032,0.2113],[35.2234,0.3275],[35.1932,0.3776],[35.1755,0.4192],[35.171,0.4215],[35.1392,0.4717],[35.1598,0.5042],[35.1652,0.5462],[35.162,0.545],[35.162,0.5431],[35.1562,0.5383],[35.1435,0.5375],[35.1395,0.5347],[35.1327,0.5391],[35.1319,0.5413],[35.128,0.5413],[35.1273,0.5436],[35.1155,0.5449],[35.1136,0.5479],[35.1074,0.5503],[35.1054,0.5546],[35.0987,0.5391],[35.0444,0.5615],[34.8503,0.5457]]]]}},{"type":"Feature","properties":{"name":"Siaya"},"geometry":{"type":"MultiPolygon","coordinates":[[[[34.3707,0.3066],[34.3665,0.3004],[34.3619,0.2978],[34.3566,0.3058],[34.3336,0.3114],[34.315,0.3092],[34.2998,0.3107],[34.287,0.3073],[34.2852,0.3098],[34.2636,0.3152],[34.2499,0.3134],[34.2374,0.2897],[34.2076,0.2883],[34.2062,0.2833],[34.2077,0.2796],[34.2062,0.2698],[34.2069,0.2628],[34.2045,0.2601],[34.2051,0.2642],[34.2032,0.2676],[34.1885,0.2758],[34.1846,0.2859],[34.1792,0.289],[34.1758,0.2947],[34.1588,0.3005],[34.1578,0.2897],[34.1386,0.2583],[34.1318,0.2513],[34.1161,0.242],[34.1161,0.2201],[34.1125,0.2095],[34.1095,0.206],[34.1108,0.2001],[34.1055,0.1869],[34.1121,0.1761],[34.1127,0.1538],[34.1142,0.1452],[34.1091,0.1319],[34.1032,0.1255],[34.1024,0.1292],[34.1051,0.1357],[34.0999,0.1358],[34.0937,0.1307],[34.0914,0.1241],[34.0901,0.1235],[34.0895,0.1259],[34.0872,0.1264],[34.0844,0.1227],[34.0718,0.1196],[34.0737,0.1048],[34.066,0.0905],[34.0661,0.0875],[34.0421,-0.0001],[34.0302,-0.0174],[34.0194,-0.027],[34.0111,-0.0259],[33.9505,-0.026],[33.9822,-0.1294],[33.9477,-0.3372],[34.2398,-0.3375],[34.2822,-0.4131],[34.2868,-0.4185],[34.2939,-0.4235],[34.2993,-0.4252],[34.3076,-0.4254],[34.3166,-0.4229],[34.324,-0.4177],[34.4224,-0.3336],[34.4834,-0.2993],[34.4246,-0.127],[34.4243,-0.122],[34.4114,-0.083],[34.4116,-0.0784],[34.4375,-0.0613],[34.4377,-0.0591],[34.4463,-0.0558],[34.456,-0.0483],[34.4605,-0.0424],[34.4858,-0.0299],[34.5291,-0.0208],[34.5341,-0.0154],[34.535,-0.0126],[34.5435,-0.0044],[34.5373,0.0054],[34.5425,0.0076],[34.5512,0.0183],[34.5541,0.0436],[34.5567,0.0479],[34.5602,0.0469],[34.5579,0.0549],[34.5603,0.0716],[34.555,0.0887],[34.5603,0.0939],[34.5551,0.0993],[34.5593,0.1013],[34.5608,0.1069],[34.5566,0.1115],[34.545,0.1133],[34.5482,0.1172],[34.5532,0.1181],[34.5523,0.122],[34.5555,0.1272],[34.5495,0.1314],[34.5458,0.1376],[34.5416,0.1386],[34.5372,0.1372],[34.5325,0.1338],[34.5301,0.1285],[34.5247,0.1243],[34.5201,0.1258],[34.5138,0.1305],[34.5117,0.1216],[34.5085,0.1183],[34.5052,0.1198],[34.5036,0.1223],[34.5049,0.1245],[34.5025,0.1285],[34.5003,0.1276],[34.4956,0.1218],[34.5033,0.1158],[34.4951,0.1112],[34.4954,0.1044],[34.4932,0.1022],[34.4877,0.1046],[34.4794,0.1057],[34.4736,0.1026],[34.4739,0.1128],[34.4785,0.113],[34.4801,0.1153],[34.4735,0.1195],[34.4636,0.1231],[34.4591,0.1231],[34.4567,0.1307],[34.4716,0.1312],[34.4765,0.1365],[34.4817,0.1384],[34.484,0.1405],[34.4816,0.1478],[34.4819,0.1516],[34.4765,0.1559],[34.4671,0.1577],[34.4611,0.1547],[34.4509,0.153],[34.4427,0.1478],[34.4365,0.1461],[34.43,0.1478],[34.4251,0.1523],[34.4353,0.1573],[34.4417,0.168],[34.4306,0.178],[34.4295,0.1831],[34.4259,0.1869],[34.4363,0.2022],[34.447,0.2039],[34.4514,0.2068],[34.4483,0.2105],[34.4448,0.2186],[34.4285,0.2128],[34.4207,0.2043],[34.412,0.1997],[34.4077,0.192],[34.4008,0.1861],[34.388,0.1801],[34.3851,0.1806],[34.3847,0.1835],[34.3885,0.1925],[34.3896,0.2021],[34.3918,0.2072],[34.3902,0.216],[34.3838,0.2293],[34.3901,0.2333],[34.3981,0.2341],[34.3987,0.2538],[34.4014,0.2616],[34.3998,0.2644],[34.3918,0.2702],[34.3895,0.2754],[34.3973,0.2824],[34.3969,0.2854],[34.3916,0.2878],[34.3707,0.3066]]]]}},{"type":"Feature","properties":{"name":"Nakuru"},"geometry":{"type":"MultiPolygon","coordinates":[[[[35.6402,-0.061],[35.6283,-0.0727],[35.6238,-0.081],[35.615,-0.0844],[35.6165,-0.0882],[35.6144,-0.0914],[35.6211,-0.0967],[35.6229,-0.103],[35.6127,-0.1106],[35.6118,-0.1143],[35.6037,-0.123],[35.5986,-0.1226],[35.5969,-0.1294],[35.6007,-0.1371],[35.5997,-0.1471],[35.6019,-0.1479],[35.6027,-0.154],[35.6073,-0.1547],[35.6098,-0.159],[35.612,-0.1586],[35.6157,-0.1539],[35.624,-0.1506],[35.629,-0.1534],[35.6389,-0.1506],[35.6468,-0.1516],[35.6512,-0.1566],[35.6517,-0.162],[35.6537,-0.1649],[35.6665,-0.1625],[35.6695,-0.1632],[35.6646,-0.1857],[35.6725,-0.1889],[35.6628,-0.1942],[35.6604,-0.205],[35.6568,-0.2046],[35.6547,-0.2066],[35.6541,-0.2138],[35.6562,-0.2178],[35.6541,-0.2233],[35.6566,-0.2361],[35.6486,-0.2666],[35.6454,-0.2713],[35.6391,-0.2716],[35.6312,-0.2756],[35.6302,-0.2878],[35.6196,-0.2939],[35.6171,-0.2901],[35.6105,-0.2887],[35.6037,-0.2936],[35.6007,-0.2832],[35.5935,-0.2768],[35.5913,-0.2775],[35.5914,-0.2849],[35.584,-0.292],[35.5801,-0.308],[35.5682,-0.3034],[35.5715,-0.2822],[35.5586,-0.2735],[35.5281,-0.2596],[35.5246,-0.2701],[35.5106,-0.2706],[35.5027,-0.2691],[35.4891,-0.2739],[35.4693,-0.2777],[35.4546,-0.287],[35.4125,-0.3024],[35.4511,-0.3654],[35.5867,-0.5881],[35.6008,-0.6716],[35.6108,-0.6739],[35.6267,-0.6842],[35.6421,-0.7022],[35.6451,-0.7026],[35.6469,-0.6969],[35.6496,-0.6951],[35.6522,-0.686],[35.6632,-0.6808],[35.663,-0.676],[35.6679,-0.6637],[35.6717,-0.6591],[35.6756,-0.6593],[35.6764,-0.6546],[35.6803,-0.6522],[35.6803,-0.6472],[35.6842,-0.6402],[35.6847,-0.629],[35.6831,-0.6243],[35.6868,-0.6183],[35.6909,-0.6001],[35.7024,-0.5906],[35.7033,-0.5869],[35.7061,-0.5853],[35.7094,-0.5778],[35.7106,-0.561],[35.7087,-0.5539],[35.7162,-0.5531],[35.7235,-0.5469],[35.7319,-0.5348],[35.7375,-0.531],[35.7712,-0.5369],[35.7745,-0.5212],[35.7946,-0.4715],[35.7928,-0.4672],[35.795,-0.4602],[35.7992,-0.456],[35.8107,-0.4575],[35.8144,-0.466],[35.8128,-0.4757],[35.8137,-0.4766],[35.8279,-0.4725],[35.8303,-0.4667],[35.8352,-0.4666],[35.8381,-0.4726],[35.8303,-0.4945],[35.8881,-0.5269],[35.903,-0.5474],[35.9104,-0.5497],[35.9316,-0.5511],[35.9351,-0.5564],[35.9435,-0.5552],[35.946,-0.5584],[35.9475,-0.5673],[35.9512,-0.5705],[35.9814,-0.6303],[35.9493,-0.6657],[35.9148,-0.6352],[35.8756,-0.6371],[35.8789,-0.6435],[35.8761,-0.6505],[35.8913,-0.6496],[35.9294,-0.6966],[35.9288,-0.7056],[35.9459,-0.7143],[36.0111,-0.6635],[36.0211,-0.6706],[36.0286,-0.6789],[36.062,-0.6569],[36.0975,-0.6396],[36.1003,-0.6759],[36.1419,-0.7121],[36.1455,-0.7117],[36.153,-0.7145],[36.1529,-0.718],[36.1514,-0.7198],[36.1539,-0.7278],[36.1583,-0.7327],[36.1586,-0.7406],[36.1606,-0.7448],[36.1671,-0.7465],[36.1698,-0.7502],[36.1695,-0.7522],[36.1719,-0.7543],[36.1829,-0.7589],[36.1867,-0.7641],[36.1884,-0.7649],[36.19,-0.7633],[36.1917,-0.7661],[36.1818,-0.7789],[36.1898,-0.7853],[36.1871,-0.8047],[36.1571,-0.837],[36.1688,-0.8723],[36.1889,-0.9083],[36.1842,-0.9126],[36.1846,-0.9155],[36.1932,-0.9156],[36.2035,-0.9335],[36.2625,-0.9132],[36.3339,-1.0494],[36.4893,-1.1225],[36.5337,-1.1559],[36.5417,-1.127],[36.5639,-1.1001],[36.567,-1.1015],[36.5883,-1.0634],[36.5843,-1.0444],[36.5954,-0.9917],[36.594,-0.9834],[36.5885,-0.982],[36.5849,-0.9793],[36.5849,-0.9619],[36.5799,-0.9481],[36.5725,-0.9423],[36.5761,-0.9381],[36.578,-0.9293],[36.5747,-0.9243],[36.5683,-0.9215],[36.5612,-0.9243],[36.5528,-0.92],[36.5429,-0.9082],[36.5504,-0.8687],[36.5469,-0.8581],[36.5484,-0.8501],[36.5581,-0.8378],[36.5529,-0.8289],[36.5314,-0.7459],[36.5266,-0.7315],[36.517,-0.7113],[36.5397,-0.6965],[36.5179,-0.6531],[36.5249,-0.649],[36.5221,-0.6369],[36.5138,-0.631],[36.5172,-0.6239],[36.5133,-0.6237],[36.5106,-0.6206],[36.5094,-0.6164],[36.5099,-0.6096],[36.5009,-0.6238],[36.4648,-0.6307],[36.4498,-0.6131],[36.4464,-0.5712],[36.4372,-0.5755],[36.408,-0.5792],[36.4002,-0.5727],[36.4017,-0.57],[36.4015,-0.5574],[36.4044,-0.5526],[36.4005,-0.548],[36.4024,-0.5412],[36.3977,-0.5365],[36.3972,-0.5316],[36.4029,-0.5242],[36.4015,-0.5196],[36.3982,-0.5164],[36.4005,-0.512],[36.3998,-0.5062],[36.3934,-0.4996],[36.3959,-0.4904],[36.3909,-0.4764],[36.3931,-0.4737],[36.39,-0.4707],[36.3879,-0.4639],[36.3846,-0.4632],[36.3858,-0.4586],[36.384,-0.4557],[36.3862,-0.4511],[36.387,-0.442],[36.3852,-0.4385],[36.3835,-0.4274],[36.3794,-0.4258],[36.3778,-0.4231],[36.3768,-0.4056],[36.3691,-0.4011],[36.3643,-0.3965],[36.3606,-0.3904],[36.3588,-0.3797],[36.3318,-0.3928],[36.3102,-0.3907],[36.3074,-0.3719],[36.2901,-0.3784],[36.2732,-0.3949],[36.2613,-0.3441],[36.2525,-0.3438],[36.2477,-0.3471],[36.2337,-0.3429],[36.2293,-0.3435],[36.2278,-0.352],[36.2225,-0.3566],[36.2086,-0.2743],[36.244,-0.2578],[36.2329,-0.2322],[36.2211,-0.213],[36.2163,-0.2145],[36.21,-0.2053],[36.2088,-0.192],[36.1984,-0.1401],[36.2181,-0.1141],[36.2197,-0.109],[36.2261,-0.1113],[36.2261,-0.1189],[36.2445,-0.1212],[36.25,-0.0896],[36.2496,-0.0615],[36.2464,-0.0602],[36.2464,-0.0544],[36.2507,-0.0504],[36.2555,-0.022],[36.265,0.0263],[36.2551,0.0562],[36.2596,0.062],[36.2694,0.0882],[36.2869,0.1115],[36.2837,0.1275],[36.276,0.1481],[36.2601,0.1739],[36.2534,0.1806],[36.2378,0.2039],[36.2357,0.2091],[36.2019,0.2347],[36.1775,0.2284],[36.178,0.2248],[36.1831,0.2202],[36.1911,0.2191],[36.1946,0.2164],[36.1967,0.1993],[36.1471,0.1857],[36.1392,0.1296],[36.1338,0.1119],[36.1264,0.0594],[36.1043,0.0614],[36.1112,0.0061],[36.0926,-0.0137],[36.0504,0.0046],[36.0395,0.0211],[36.0339,0.0213],[36.0053,0.0313],[35.9961,0.0599],[35.9637,0.0572],[35.9618,0.0647],[35.9642,0.0693],[35.962,0.0718],[35.9625,0.0747],[35.9615,0.0758],[35.9639,0.0782],[35.9597,0.0834],[35.9594,0.0877],[35.9389,0.0955],[35.9281,0.0698],[35.9682,0.0247],[35.9715,0.0238],[35.9742,0.0207],[35.9765,0.0131],[35.9713,0.0007],[35.9721,-0.0036],[35.9677,-0.0159],[35.9593,-0.0255],[35.9586,-0.032],[35.9523,-0.0391],[35.9477,-0.0508],[35.936,-0.0607],[35.9358,-0.0647],[35.9334,-0.0674],[35.926,-0.0721],[35.9264,-0.0775],[35.9164,-0.0819],[35.8991,-0.048],[35.893,-0.0515],[35.8755,-0.036],[35.8504,-0.0758],[35.8205,-0.1195],[35.8167,-0.1177],[35.8161,-0.1149],[35.8058,-0.1001],[35.7999,-0.1032],[35.7962,-0.1097],[35.7892,-0.1116],[35.7897,-0.1621],[35.7719,-0.1923],[35.7801,-0.1948],[35.7632,-0.2249],[35.7546,-0.2263],[35.744,-0.2192],[35.734,-0.2204],[35.7247,-0.2124],[35.722,-0.1981],[35.7221,-0.1729],[35.7289,-0.1602],[35.7129,-0.1328],[35.7049,-0.1249],[35.7057,-0.1228],[35.6923,-0.1096],[35.6878,-0.096],[35.69,-0.0861],[35.6887,-0.076],[35.6683,-0.0738],[35.6585,-0.0763],[35.6493,-0.0811],[35.6415,-0.0669],[35.6402,-0.061]]]]}},{"type":"Feature","properties":{"name":"Vihiga"},"geometry":{"type":"MultiPolygon","coordinates":[[[[34.5603,0.0939],[34.555,0.0887],[34.5603,0.0716],[34.5579,0.0549],[34.5602,0.0469],[34.5567,0.0479],[34.5541,0.0436],[34.5512,0.0183],[34.5425,0.0076],[34.5373,0.0054],[34.5435,-0.0044],[34.535,-0.0126],[34.5341,-0.0154],[34.5416,-0.0162],[34.5452,-0.0213],[34.5476,-0.0219],[34.5504,-0.0216],[34.5548,-0.0155],[34.5628,-0.0158],[34.561,-0.0208],[34.5637,-0.0236],[34.5634,-0.0266],[34.56,-0.0293],[34.5613,-0.0353],[34.5649,-0.0401],[34.5706,-0.036],[34.5758,-0.0359],[34.5825,-0.0312],[34.5827,-0.0242],[34.5857,-0.021],[34.5856,-0.0163],[34.5878,-0.0106],[34.5921,-0.0073],[34.5889,0.0012],[34.6038,0.0124],[34.6085,0.0061],[34.6106,0.0054],[34.6139,-0.0007],[34.6375,-0.0007],[34.6485,-0.0057],[34.6542,-0.0066],[34.6585,-0.0119],[34.6628,-0.0144],[34.672,-0.0158],[34.6906,-0.0106],[34.6925,-0.0147],[34.6867,-0.0265],[34.6942,-0.0208],[34.7081,-0.0218],[34.7149,-0.0104],[34.7276,-0.0065],[34.7399,-0.0258],[34.7471,-0.0247],[34.7447,-0.0115],[34.7391,-0.0023],[34.7399,0.0045],[34.7425,0.0072],[34.7536,0.0097],[34.7574,0.0093],[34.7595,0.0079],[34.7607,-0.0019],[34.7624,-0.0036],[34.7653,-0.0017],[34.7669,0.0026],[34.7782,0.0063],[34.7806,0.0112],[34.784,0.0132],[34.7865,0.0131],[34.7896,0.0186],[34.801,0.0258],[34.8104,0.0369],[34.8221,0.0363],[34.8259,0.0344],[34.8375,0.0363],[34.8389,0.0464],[34.8491,0.0604],[34.8466,0.0641],[34.8482,0.0691],[34.8521,0.0732],[34.8543,0.0798],[34.8576,0.0809],[34.8593,0.0838],[34.8573,0.0896],[34.8583,0.1037],[34.8567,0.1081],[34.8574,0.1172],[34.8591,0.1208],[34.8654,0.1243],[34.8738,0.1338],[34.8819,0.1369],[34.8842,0.1434],[34.9036,0.1528],[34.9108,0.1529],[34.915,0.1551],[34.9204,0.166],[34.9201,0.1679],[34.9159,0.1718],[34.9251,0.1992],[34.9182,0.2003],[34.9119,0.1979],[34.9095,0.1953],[34.9067,0.195],[34.9052,0.1965],[34.903,0.1956],[34.8954,0.2044],[34.8957,0.2064],[34.8922,0.2068],[34.8899,0.2046],[34.8866,0.2046],[34.8845,0.2015],[34.8853,0.1991],[34.8835,0.1976],[34.8781,0.1988],[34.8769,0.1975],[34.8739,0.2],[34.8698,0.1988],[34.8695,0.196],[34.8667,0.1951],[34.8597,0.199],[34.8575,0.1945],[34.8579,0.1926],[34.8552,0.1928],[34.8519,0.1905],[34.851,0.1849],[34.8469,0.1848],[34.8458,0.1831],[34.8408,0.1849],[34.8301,0.1846],[34.8235,0.1873],[34.8109,0.184],[34.8153,0.1774],[34.8155,0.1618],[34.8113,0.1618],[34.8051,0.1642],[34.8017,0.1617],[34.796,0.1626],[34.7901,0.1574],[34.7855,0.1596],[34.7813,0.1572],[34.7813,0.1546],[34.776,0.1503],[34.7696,0.152],[34.7659,0.1494],[34.7663,0.1447],[34.7571,0.1419],[34.7473,0.136],[34.7434,0.1405],[34.7379,0.1419],[34.7383,0.1491],[34.7318,0.1472],[34.7294,0.144],[34.719,0.1422],[34.7168,0.1397],[34.7142,0.1407],[34.7109,0.1392],[34.7044,0.1396],[34.706,0.1353],[34.7043,0.1337],[34.7043,0.1311],[34.6972,0.1319],[34.6956,0.1345],[34.6885,0.1256],[34.6825,0.1215],[34.6763,0.1299],[34.6652,0.128],[34.6636,0.1266],[34.6402,0.128],[34.6377,0.1294],[34.6202,0.1267],[34.6133,0.1244],[34.6064,0.1195],[34.6012,0.121],[34.5941,0.1169],[34.5863,0.1155],[34.585,0.1084],[34.5869,0.1043],[34.5786,0.1018],[34.5731,0.0957],[34.5665,0.0975],[34.5603,0.0939]]]]}},{"type":"Feature","properties":{"name":"Nyandarua"},"geometry":{"type":"MultiPolygon","coordinates":[[[[36.2555,-0.022],[36.2507,-0.0504],[36.2464,-0.0544],[36.2464,-0.0602],[36.2496,-0.0615],[36.25,-0.0896],[36.2445,-0.1212],[36.2261,-0.1189],[36.2261,-0.1113],[36.2197,-0.109],[36.2181,-0.1141],[36.1984,-0.1401],[36.2088,-0.192],[36.21,-0.2053],[36.2163,-0.2145],[36.2211,-0.213],[36.2329,-0.2322],[36.244,-0.2578],[36.2086,-0.2743],[36.2225,-0.3566],[36.2278,-0.352],[36.2293,-0.3435],[36.2337,-0.3429],[36.2477,-0.3471],[36.2525,-0.3438],[36.2613,-0.3441],[36.2732,-0.3949],[36.2901,-0.3784],[36.3074,-0.3719],[36.3102,-0.3907],[36.3318,-0.3928],[36.3588,-0.3797],[36.3606,-0.3904],[36.3643,-0.3965],[36.3691,-0.4011],[36.3768,-0.4056],[36.3778,-0.4231],[36.3794,-0.4258],[36.3835,-0.4274],[36.3852,-0.4385],[36.387,-0.442],[36.3862,-0.4511],[36.384,-0.4557],[36.3858,-0.4586],[36.3846,-0.4632],[36.3879,-0.4639],[36.39,-0.4707],[36.3931,-0.4737],[36.3909,-0.4764],[36.3959,-0.4904],[36.3934,-0.4996],[36.3998,-0.5062],[36.4005,-0.512],[36.3982,-0.5164],[36.4015,-0.5196],[36.4029,-0.5242],[36.3972,-0.5316],[36.3977,-0.5365],[36.4024,-0.5412],[36.4005,-0.548],[36.4044,-0.5526],[36.4015,-0.5574],[36.4017,-0.57],[36.4002,-0.5727],[36.408,-0.5792],[36.4372,-0.5755],[36.4464,-0.5712],[36.4498,-0.6131],[36.4648,-0.6307],[36.5009,-0.6238],[36.5099,-0.6096],[36.5094,-0.6164],[36.5106,-0.6206],[36.5133,-0.6237],[36.5172,-0.6239],[36.5138,-0.631],[36.5221,-0.6369],[36.5249,-0.649],[36.5179,-0.6531],[36.5397,-0.6965],[36.517,-0.7113],[36.5266,-0.7315],[36.5314,-0.7459],[36.5529,-0.8289],[36.5581,-0.8378],[36.5484,-0.8501],[36.5469,-0.8581],[36.5504,-0.8687],[36.5429,-0.9082],[36.5528,-0.92],[36.5686,-0.9111],[36.5701,-0.9089],[36.5632,-0.9085],[36.5618,-0.9039],[36.577,-0.8919],[36.587,-0.8868],[36.598,-0.8618],[36.5898,-0.8489],[36.586,-0.8265],[36.6186,-0.8298],[36.6083,-0.8056],[36.6503,-0.7646],[36.6585,-0.7678],[36.6669,-0.7594],[36.6716,-0.7585],[36.6856,-0.7648],[36.7062,-0.7855],[36.72,-0.8064],[36.7192,-0.7989],[36.7218,-0.7877],[36.7177,-0.7801],[36.7222,-0.7817],[36.7278,-0.7802],[36.7317,-0.7806],[36.7326,-0.7794],[36.7181,-0.7625],[36.7145,-0.7508],[36.7148,-0.7375],[36.7125,-0.7313],[36.7106,-0.7175],[36.7062,-0.7094],[36.7036,-0.6993],[36.705,-0.6673],[36.7017,-0.6492],[36.7041,-0.6287],[36.6968,-0.6224],[36.6902,-0.6134],[36.6873,-0.6054],[36.68,-0.5967],[36.679,-0.5809],[36.6705,-0.5773],[36.6675,-0.5716],[36.6659,-0.5453],[36.6604,-0.5345],[36.6612,-0.5251],[36.6546,-0.5167],[36.659,-0.4916],[36.6639,-0.4826],[36.6624,-0.4653],[36.6586,-0.4622],[36.6486,-0.4614],[36.6503,-0.4359],[36.6356,-0.4197],[36.6304,-0.4106],[36.6225,-0.4038],[36.6219,-0.4016],[36.6304,-0.3895],[36.6252,-0.3832],[36.6183,-0.3823],[36.6039,-0.3775],[36.6012,-0.373],[36.6024,-0.3674],[36.6136,-0.3566],[36.608,-0.3462],[36.6063,-0.3348],[36.6123,-0.3193],[36.6125,-0.3115],[36.682,-0.1855],[36.6787,-0.1744],[36.6859,-0.1745],[36.6575,-0.1531],[36.6538,-0.1542],[36.6329,-0.1087],[36.5964,-0.1041],[36.5732,-0.1052],[36.5687,-0.1037],[36.5593,-0.0929],[36.5522,-0.0915],[36.5574,-0.0807],[36.5446,-0.0684],[36.5493,-0.0656],[36.5495,-0.0621],[36.5527,-0.06],[36.5532,-0.0556],[36.557,-0.0524],[36.5589,-0.0449],[36.5737,-0.0339],[36.5785,-0.0269],[36.5794,-0.0227],[36.5818,-0.0211],[36.5866,-0.0221],[36.5895,-0.0208],[36.6495,-0.0169],[36.6346,0.0162],[36.6324,0.0138],[36.6071,0.0033],[36.5992,0.0034],[36.5891,0.0278],[36.5882,0.0441],[36.5738,0.0708],[36.5213,0.0487],[36.5104,0.0851],[36.4625,0.1403],[36.4411,0.0915],[36.4231,0.0854],[36.4007,0.0596],[36.4128,0.0512],[36.4239,0.046],[36.4135,0.0396],[36.3989,0.0401],[36.3993,0.0329],[36.3925,0.0305],[36.3854,0.0373],[36.3848,0.0317],[36.382,0.0356],[36.3757,0.0373],[36.3634,0.0485],[36.3544,0.0686],[36.3488,0.0705],[36.3364,0.0628],[36.3456,0.031],[36.3297,0.0286],[36.3306,0.0229],[36.3025,0.0161],[36.2986,0.0052],[36.2935,0.0048],[36.2927,0.0119],[36.2713,-0.0011],[36.2673,-0.0216],[36.2555,-0.022]]]]}},{"type":"Feature","properties":{"name":"Tharaka"},"geometry":{"type":"MultiPolygon","coordinates":[[[[37.3078,-0.1511],[37.5538,-0.3599],[37.563,-0.3653],[37.5701,-0.3625],[37.58,-0.3702],[37.5848,-0.3687],[37.5895,-0.3747],[37.6018,-0.3831],[37.6126,-0.3833],[37.6148,-0.3866],[37.6251,-0.3895],[37.6304,-0.3886],[37.6338,-0.3923],[37.6375,-0.3932],[37.6374,-0.3974],[37.6444,-0.407],[37.655,-0.413],[37.662,-0.4212],[37.6662,-0.4217],[37.6708,-0.4246],[37.6821,-0.4259],[37.6896,-0.4308],[37.694,-0.4376],[37.6994,-0.4374],[37.7036,-0.4414],[37.7129,-0.4426],[37.7203,-0.4498],[37.7237,-0.4488],[37.7272,-0.4504],[37.7324,-0.4502],[37.7355,-0.4461],[37.7404,-0.4451],[37.748,-0.4449],[37.7592,-0.4487],[37.7688,-0.4483],[37.7796,-0.445],[37.7847,-0.4464],[37.7884,-0.4429],[37.802,-0.4361],[37.8077,-0.4296],[37.8157,-0.4261],[37.8166,-0.4209],[37.8206,-0.4167],[37.8227,-0.4162],[37.8256,-0.4128],[37.8274,-0.4134],[37.8291,-0.4121],[37.8269,-0.4088],[37.8308,-0.4083],[37.8302,-0.4061],[37.832,-0.4042],[37.8457,-0.4031],[37.8457,-0.4006],[37.8477,-0.3989],[37.8521,-0.389],[37.8548,-0.3872],[37.8564,-0.3882],[37.8663,-0.3818],[37.8652,-0.3696],[37.8707,-0.3652],[37.8702,-0.3622],[37.873,-0.3554],[37.8736,-0.349],[37.8809,-0.3472],[37.8866,-0.3421],[37.8907,-0.3449],[37.891,-0.3481],[37.895,-0.3523],[37.8899,-0.3655],[37.8968,-0.3699],[37.8948,-0.3738],[37.8967,-0.3774],[37.8908,-0.3824],[37.8898,-0.3915],[37.8913,-0.3933],[37.9012,-0.3965],[37.9019,-0.3985],[37.9004,-0.4041],[37.9076,-0.4089],[37.9083,-0.4133],[37.916,-0.4128],[37.922,-0.4151],[37.9202,-0.4213],[37.9238,-0.4259],[37.9268,-0.4274],[37.9307,-0.4248],[37.9327,-0.4268],[37.9365,-0.4273],[37.9405,-0.425],[37.9453,-0.4271],[37.9472,-0.4239],[37.9518,-0.4254],[37.9598,-0.4175],[37.9618,-0.4126],[37.9649,-0.4112],[37.965,-0.4008],[37.9695,-0.3966],[37.97,-0.3811],[37.9745,-0.3766],[37.9738,-0.3695],[37.9676,-0.3634],[37.9781,-0.3539],[37.9724,-0.3461],[37.972,-0.3435],[37.9798,-0.3263],[37.986,-0.3231],[37.9859,-0.3177],[37.9802,-0.3126],[37.9799,-0.3106],[37.9827,-0.3058],[37.9855,-0.296],[37.9929,-0.2864],[37.9935,-0.2743],[37.998,-0.2659],[38.0014,-0.2649],[38.007,-0.2666],[38.0242,-0.2677],[38.027,-0.2686],[38.0315,-0.273],[38.0448,-0.2752],[38.0737,-0.2733],[38.0808,-0.2746],[38.0879,-0.2738],[38.1013,-0.2785],[38.103,-0.2781],[38.1041,-0.2752],[38.1137,-0.2752],[38.1148,-0.2726],[38.1201,-0.27],[38.1276,-0.2618],[38.1354,-0.2562],[38.1389,-0.2454],[38.1434,-0.2393],[38.1454,-0.2384],[38.1498,-0.2397],[38.1529,-0.2378],[38.1593,-0.2373],[38.1625,-0.2349],[38.1639,-0.2299],[38.1624,-0.2266],[38.1627,-0.2233],[38.1819,-0.1893],[38.1848,-0.1715],[38.1836,-0.1641],[38.1858,-0.1523],[38.1881,-0.1498],[38.1939,-0.1497],[38.1973,-0.1431],[38.2025,-0.1444],[38.2064,-0.143],[38.2074,-0.1267],[38.2124,-0.1239],[38.2137,-0.1137],[38.2212,-0.1025],[38.227,-0.0996],[38.235,-0.0923],[38.2423,-0.0899],[38.2503,-0.0841],[38.2575,-0.0861],[38.2626,-0.0907],[38.2714,-0.093],[38.2731,-0.0921],[38.2752,-0.086],[38.2799,-0.0824],[38.2876,-0.0843],[38.2902,-0.0756],[38.3009,-0.0672],[38.3042,-0.0572],[38.3091,-0.0515],[38.3077,-0.0499],[38.3007,-0.0479],[38.3034,-0.0423],[38.2982,-0.0386],[38.2969,-0.0343],[38.2938,-0.0337],[38.2917,-0.0312],[38.2886,-0.0223],[38.2861,-0.0221],[38.2819,-0.0189],[38.2772,-0.0195],[38.2757,-0.0167],[38.2685,-0.0161],[38.265,-0.0132],[38.2602,-0.0135],[38.2565,-0.0121],[38.2511,-0.0121],[38.2485,-0.0184],[38.2461,-0.0188],[38.2426,-0.0153],[38.2389,-0.0141],[38.2378,-0.009],[38.2312,-0.0076],[38.2284,0.0052],[38.2208,0.0069],[38.2238,0.0108],[38.2236,0.0126],[38.2176,0.0154],[38.2135,0.0143],[38.2089,0.0189],[38.2056,0.0196],[38.192,0.0151],[38.1845,0.0208],[38.1818,0.0204],[38.18,0.0242],[38.1761,0.0266],[38.1726,0.0277],[38.1705,0.0264],[38.1603,0.0295],[38.1575,0.0337],[38.154,0.0349],[38.1405,0.0478],[38.1295,0.0529],[38.1236,0.0507],[38.1217,0.0529],[38.1186,0.0504],[38.1151,0.057],[38.1136,0.0574],[38.1083,0.0513],[38.1055,0.0509],[38.1048,0.0477],[38.0985,0.0506],[38.0952,0.0491],[38.0934,0.0448],[38.0886,0.043],[38.0835,0.0342],[38.0841,0.0312],[38.083,0.0296],[38.078,0.0326],[38.0753,0.0322],[38.072,0.0263],[38.0686,0.0251],[38.0678,0.027],[38.0656,0.0262],[38.0629,0.0277],[38.0592,0.0247],[38.0538,0.0289],[38.0504,0.0256],[38.0472,0.0288],[38.0425,0.0265],[38.039,0.0316],[38.0394,0.0339],[38.0365,0.0348],[38.0331,0.0392],[38.034,0.0426],[38.0296,0.0468],[38.0282,0.0517],[38.0213,0.0531],[38.0181,0.0593],[38.0154,0.0614],[38.0053,0.0654],[38.0001,0.064],[37.9986,0.0673],[37.994,0.0691],[37.9864,0.0664],[37.98,0.0666],[37.9764,0.0683],[37.964,0.0684],[37.9602,0.0671],[37.9464,0.0463],[37.9567,0.0396],[37.9499,0.034],[37.9478,0.0285],[37.9399,0.0274],[37.942,0.0198],[37.9388,0.0192],[37.9376,0.0084],[37.936,0.0071],[37.9293,0.0086],[37.9263,0.0068],[37.9187,0.0076],[37.9167,0.0058],[37.9069,0.007],[37.9,0.0102],[37.8942,-0.003],[37.8917,-0.0186],[37.8841,-0.0185],[37.8772,-0.0146],[37.8794,-0.0131],[37.8784,-0.0107],[37.8758,-0.0116],[37.8732,-0.0103],[37.8625,-0.013],[37.8581,-0.0112],[37.8557,-0.0129],[37.8541,-0.0118],[37.8501,-0.0187],[37.8483,-0.0304],[37.8624,-0.0689],[37.8495,-0.105],[37.853,-0.1058],[37.855,-0.1089],[37.8517,-0.1131],[37.8575,-0.1178],[37.8572,-0.121],[37.7966,-0.162],[37.7919,-0.1579],[37.7845,-0.1545],[37.7779,-0.1589],[37.7731,-0.1584],[37.7686,-0.156],[37.7647,-0.159],[37.759,-0.1709],[37.7558,-0.1735],[37.7561,-0.1766],[37.7531,-0.1834],[37.7493,-0.1859],[37.7497,-0.1881],[37.7468,-0.1894],[37.7443,-0.1876],[37.7421,-0.1913],[37.7402,-0.1906],[37.7393,-0.1929],[37.7374,-0.1925],[37.7328,-0.1989],[37.728,-0.1995],[37.7227,-0.2033],[37.709,-0.2015],[37.6953,-0.2046],[37.6892,-0.204],[37.6829,-0.2075],[37.6696,-0.2069],[37.6655,-0.2042],[37.6617,-0.2165],[37.6556,-0.2126],[37.6471,-0.2135],[37.6433,-0.2123],[37.6397,-0.207],[37.6358,-0.2087],[37.6337,-0.2067],[37.6258,-0.2048],[37.6244,-0.2058],[37.623,-0.2047],[37.6229,-0.2014],[37.6179,-0.199],[37.6145,-0.1947],[37.6027,-0.1944],[37.5979,-0.1899],[37.5927,-0.1876],[37.5908,-0.1833],[37.5275,-0.1815],[37.3078,-0.1511]]]]}},{"type":"Feature","properties":{"name":"Kericho"},"geometry":{"type":"MultiPolygon","coordinates":[[[[35.5228,0.0154],[35.516,0.0159],[35.5136,0.0085],[35.5003,0.01],[35.4975,0.0112],[35.4978,0.0131],[35.4937,0.0147],[35.4787,0.0154],[35.4591,0.0106],[35.4577,0.0122],[35.4579,0.015],[35.4706,0.0199],[35.4652,0.0273],[35.4348,0.0255],[35.4375,0.0188],[35.4135,0.0052],[35.4037,-0.0245],[35.424,-0.0782],[35.4022,-0.0872],[35.3909,-0.0971],[35.3716,-0.1103],[35.341,-0.1095],[35.3259,-0.1018],[35.3079,-0.0867],[35.2801,-0.0994],[35.2265,-0.1066],[35.2365,-0.1196],[35.2533,-0.1205],[35.2703,-0.1526],[35.2774,-0.1448],[35.2846,-0.1571],[35.2805,-0.1614],[35.2803,-0.166],[35.2894,-0.1651],[35.2957,-0.176],[35.3303,-0.1763],[35.3304,-0.1922],[35.3422,-0.2365],[35.3403,-0.2398],[35.3137,-0.2488],[35.3118,-0.2484],[35.3046,-0.2403],[35.3005,-0.2404],[35.2983,-0.2383],[35.2848,-0.2359],[35.2787,-0.2377],[35.2748,-0.2366],[35.2704,-0.2378],[35.2632,-0.2326],[35.2616,-0.2335],[35.2593,-0.2295],[35.2612,-0.2239],[35.2561,-0.2217],[35.2498,-0.215],[35.2497,-0.2131],[35.2476,-0.2131],[35.2468,-0.2096],[35.2483,-0.2078],[35.2448,-0.2018],[35.2433,-0.2042],[35.2396,-0.1998],[35.2365,-0.201],[35.2352,-0.1962],[35.2318,-0.1939],[35.227,-0.1964],[35.2187,-0.1943],[35.2199,-0.1921],[35.2176,-0.188],[35.2188,-0.1858],[35.2177,-0.1811],[35.2153,-0.1799],[35.2162,-0.1781],[35.2151,-0.1751],[35.2124,-0.1729],[35.2101,-0.1735],[35.2097,-0.1719],[35.2038,-0.169],[35.2038,-0.1659],[35.2012,-0.1663],[35.1973,-0.1629],[35.1911,-0.1634],[35.1863,-0.1601],[35.1843,-0.1604],[35.186,-0.1625],[35.1834,-0.1661],[35.1729,-0.1628],[35.1682,-0.1638],[35.1664,-0.1656],[35.1662,-0.1634],[35.1633,-0.1628],[35.1606,-0.1653],[35.155,-0.1663],[35.1389,-0.161],[35.1392,-0.1633],[35.1378,-0.1635],[35.1327,-0.1559],[35.1303,-0.1553],[35.1306,-0.1577],[35.1283,-0.1561],[35.1213,-0.172],[35.1039,-0.2017],[35.0725,-0.2087],[35.0709,-0.2126],[35.0635,-0.2157],[35.0579,-0.2345],[35.0566,-0.2581],[35.0526,-0.279],[35.0525,-0.2944],[35.032,-0.3121],[35.0231,-0.3235],[35.012,-0.3321],[35.0082,-0.3387],[35.0074,-0.3582],[35.0093,-0.3634],[35.0091,-0.3695],[35.0129,-0.3789],[35.0123,-0.3914],[35.0176,-0.3963],[35.0171,-0.3996],[35.0214,-0.4052],[35.0196,-0.4124],[35.0258,-0.4138],[35.0298,-0.419],[35.0321,-0.4195],[35.0382,-0.4308],[35.0383,-0.4374],[35.0448,-0.4468],[35.0439,-0.4511],[35.045,-0.4546],[35.042,-0.4551],[35.0402,-0.4793],[35.0388,-0.4839],[35.0335,-0.4846],[35.0342,-0.4892],[35.0328,-0.4972],[35.0424,-0.4996],[35.0465,-0.4996],[35.0493,-0.4971],[35.0514,-0.4996],[35.0523,-0.4963],[35.0541,-0.4971],[35.0583,-0.4914],[35.0694,-0.4912],[35.0732,-0.4899],[35.0732,-0.4873],[35.0763,-0.4855],[35.076,-0.4832],[35.0788,-0.4813],[35.0794,-0.4769],[35.0822,-0.4755],[35.0837,-0.4727],[35.0856,-0.4753],[35.0879,-0.4753],[35.0904,-0.4711],[35.0928,-0.4704],[35.0966,-0.4734],[35.0991,-0.4668],[35.1015,-0.4685],[35.1043,-0.4684],[35.1104,-0.4656],[35.1116,-0.462],[35.1189,-0.4593],[35.1324,-0.4613],[35.1349,-0.4656],[35.1358,-0.4627],[35.1414,-0.4565],[35.1435,-0.4605],[35.1457,-0.4603],[35.15,-0.4635],[35.1497,-0.4662],[35.1577,-0.4641],[35.1619,-0.4679],[35.1656,-0.4688],[35.1668,-0.4714],[35.1696,-0.4686],[35.1728,-0.4694],[35.1735,-0.4746],[35.1774,-0.4814],[35.1795,-0.4821],[35.1807,-0.4799],[35.1816,-0.4843],[35.1841,-0.4854],[35.187,-0.4854],[35.1875,-0.4835],[35.1939,-0.4817],[35.1967,-0.4837],[35.2015,-0.4828],[35.2041,-0.4803],[35.2059,-0.4811],[35.2064,-0.4794],[35.2181,-0.4794],[35.2168,-0.4768],[35.2204,-0.4739],[35.2201,-0.4708],[35.2086,-0.4661],[35.2095,-0.4632],[35.2125,-0.462],[35.2143,-0.4584],[35.218,-0.4555],[35.2171,-0.4516],[35.2183,-0.4491],[35.2202,-0.4485],[35.2248,-0.4383],[35.2268,-0.4375],[35.2286,-0.4314],[35.2279,-0.4293],[35.2297,-0.4284],[35.2292,-0.426],[35.232,-0.4223],[35.2355,-0.4237],[35.2446,-0.4233],[35.2495,-0.4207],[35.2546,-0.4246],[35.2592,-0.4244],[35.2753,-0.4179],[35.2774,-0.4195],[35.2845,-0.4187],[35.2899,-0.4242],[35.3014,-0.4254],[35.3065,-0.4244],[35.3205,-0.4172],[35.3274,-0.4104],[35.3279,-0.4065],[35.3314,-0.4046],[35.3349,-0.4062],[35.3412,-0.4058],[35.3476,-0.4078],[35.3586,-0.4063],[35.3683,-0.4029],[35.3756,-0.4046],[35.3769,-0.4022],[35.3803,-0.4006],[35.3876,-0.4038],[35.3906,-0.4038],[35.4,-0.3999],[35.4043,-0.4013],[35.409,-0.4052],[35.4151,-0.4013],[35.4188,-0.3932],[35.4345,-0.3781],[35.4441,-0.3741],[35.4511,-0.3654],[35.4125,-0.3024],[35.4546,-0.287],[35.4693,-0.2777],[35.4891,-0.2739],[35.5027,-0.2691],[35.5106,-0.2706],[35.5246,-0.2701],[35.5281,-0.2596],[35.5586,-0.2735],[35.5715,-0.2822],[35.5682,-0.3034],[35.5801,-0.308],[35.584,-0.292],[35.5914,-0.2849],[35.5913,-0.2775],[35.5935,-0.2768],[35.6007,-0.2832],[35.6037,-0.2936],[35.6105,-0.2887],[35.6171,-0.2901],[35.6196,-0.2939],[35.6302,-0.2878],[35.6312,-0.2756],[35.6391,-0.2716],[35.6454,-0.2713],[35.6486,-0.2666],[35.6566,-0.2361],[35.6541,-0.2233],[35.6562,-0.2178],[35.6541,-0.2138],[35.6547,-0.2066],[35.6568,-0.2046],[35.6604,-0.205],[35.6628,-0.1942],[35.6725,-0.1889],[35.6646,-0.1857],[35.6695,-0.1632],[35.6665,-0.1625],[35.6537,-0.1649],[35.6517,-0.162],[35.6512,-0.1566],[35.6468,-0.1516],[35.6389,-0.1506],[35.629,-0.1534],[35.624,-0.1506],[35.6157,-0.1539],[35.612,-0.1586],[35.6098,-0.159],[35.6073,-0.1547],[35.6027,-0.154],[35.6019,-0.1479],[35.5997,-0.1471],[35.6007,-0.1371],[35.5969,-0.1294],[35.5986,-0.1226],[35.6037,-0.123],[35.6118,-0.1143],[35.6127,-0.1106],[35.6229,-0.103],[35.6211,-0.0967],[35.6144,-0.0914],[35.6165,-0.0882],[35.615,-0.0844],[35.6238,-0.081],[35.6283,-0.0727],[35.6402,-0.061],[35.6346,-0.0542],[35.6384,-0.0503],[35.6322,-0.0361],[35.6102,-0.0325],[35.5825,-0.0078],[35.5722,-0.0109],[35.5682,-0.0079],[35.5434,-0.0085],[35.5228,0.0154]]]]}},{"type":"Feature","properties":{"name":"Kisumu"},"geometry":{"type":"MultiPolygon","coordinates":[[[[34.7471,-0.0247],[34.7399,-0.0258],[34.7276,-0.0065],[34.7149,-0.0104],[34.7081,-0.0218],[34.6942,-0.0208],[34.6867,-0.0265],[34.6925,-0.0147],[34.6906,-0.0106],[34.672,-0.0158],[34.6628,-0.0144],[34.6585,-0.0119],[34.6542,-0.0066],[34.6485,-0.0057],[34.6375,-0.0007],[34.6139,-0.0007],[34.6106,0.0054],[34.6085,0.0061],[34.6038,0.0124],[34.5889,0.0012],[34.5921,-0.0073],[34.5878,-0.0106],[34.5856,-0.0163],[34.5857,-0.021],[34.5827,-0.0242],[34.5825,-0.0312],[34.5758,-0.0359],[34.5706,-0.036],[34.5649,-0.0401],[34.5613,-0.0353],[34.56,-0.0293],[34.5634,-0.0266],[34.5637,-0.0236],[34.561,-0.0208],[34.5628,-0.0158],[34.5548,-0.0155],[34.5504,-0.0216],[34.5476,-0.0219],[34.5452,-0.0213],[34.5416,-0.0162],[34.5341,-0.0154],[34.5291,-0.0208],[34.4858,-0.0299],[34.4605,-0.0424],[34.456,-0.0483],[34.4463,-0.0558],[34.4377,-0.0591],[34.4375,-0.0613],[34.4116,-0.0784],[34.4114,-0.083],[34.4243,-0.122],[34.4246,-0.127],[34.4834,-0.2993],[34.5324,-0.2717],[34.7064,-0.2581],[34.7546,-0.2895],[34.755,-0.2959],[34.7582,-0.2981],[34.7568,-0.3045],[34.7601,-0.3136],[34.7625,-0.3117],[34.7655,-0.3134],[34.7688,-0.3097],[34.7696,-0.3123],[34.7755,-0.3168],[34.7793,-0.3167],[34.7814,-0.323],[34.7826,-0.3203],[34.7855,-0.322],[34.7852,-0.324],[34.7872,-0.3245],[34.7883,-0.3296],[34.7901,-0.3306],[34.7882,-0.3321],[34.7844,-0.3312],[34.7828,-0.3324],[34.7832,-0.3355],[34.7854,-0.3373],[34.7855,-0.3413],[34.7888,-0.343],[34.7926,-0.3413],[34.7931,-0.3439],[34.7902,-0.3478],[34.7955,-0.3501],[34.7981,-0.3541],[34.8076,-0.3542],[34.809,-0.3509],[34.8105,-0.3512],[34.8106,-0.356],[34.8204,-0.3698],[34.8227,-0.3709],[34.822,-0.3789],[34.8251,-0.383],[34.8248,-0.3848],[34.8227,-0.3858],[34.824,-0.3878],[34.8334,-0.3879],[34.8391,-0.3923],[34.8577,-0.3919],[34.8584,-0.3947],[34.8621,-0.3973],[34.8664,-0.3941],[34.8724,-0.3955],[34.8763,-0.3983],[34.8785,-0.3961],[34.8853,-0.3968],[34.8877,-0.4014],[34.894,-0.3938],[34.8971,-0.3947],[34.9003,-0.3913],[34.9076,-0.3893],[34.9112,-0.386],[34.915,-0.3851],[34.9159,-0.3899],[34.913,-0.3966],[34.9141,-0.4031],[34.9215,-0.4038],[34.9254,-0.4014],[34.9259,-0.4035],[34.9295,-0.4033],[34.9286,-0.4056],[34.9297,-0.4119],[34.9357,-0.4106],[34.9381,-0.413],[34.944,-0.4128],[34.9459,-0.4143],[34.9485,-0.414],[34.9494,-0.4157],[34.9573,-0.4143],[34.959,-0.416],[34.9635,-0.4142],[34.9633,-0.4116],[34.966,-0.4116],[34.9676,-0.4134],[34.9745,-0.4094],[34.982,-0.4135],[34.9869,-0.4131],[34.9895,-0.4078],[34.9978,-0.4042],[35.0004,-0.4057],[35.0032,-0.4045],[35.005,-0.3997],[35.0073,-0.3984],[35.0074,-0.3944],[35.0102,-0.3912],[35.0123,-0.3914],[35.0129,-0.3789],[35.0091,-0.3695],[35.0093,-0.3634],[35.0074,-0.3582],[35.0082,-0.3387],[35.012,-0.3321],[35.0231,-0.3235],[35.032,-0.3121],[35.0525,-0.2944],[35.0526,-0.279],[35.0566,-0.2581],[35.0579,-0.2345],[35.0635,-0.2157],[35.0709,-0.2126],[35.0725,-0.2087],[35.1039,-0.2017],[35.1213,-0.172],[35.1283,-0.1561],[35.1306,-0.1577],[35.1303,-0.1553],[35.1327,-0.1559],[35.1378,-0.1635],[35.1392,-0.1633],[35.1389,-0.161],[35.155,-0.1663],[35.1606,-0.1653],[35.1633,-0.1628],[35.1662,-0.1634],[35.1664,-0.1656],[35.1682,-0.1638],[35.1729,-0.1628],[35.1834,-0.1661],[35.186,-0.1625],[35.1843,-0.1604],[35.1863,-0.1601],[35.1911,-0.1634],[35.1973,-0.1629],[35.2012,-0.1663],[35.2038,-0.1659],[35.2038,-0.169],[35.2097,-0.1719],[35.2101,-0.1735],[35.2124,-0.1729],[35.2151,-0.1751],[35.2162,-0.1781],[35.2153,-0.1799],[35.2177,-0.1811],[35.2188,-0.1858],[35.2176,-0.188],[35.2199,-0.1921],[35.2187,-0.1943],[35.227,-0.1964],[35.2318,-0.1939],[35.2352,-0.1962],[35.2365,-0.201],[35.2396,-0.1998],[35.2433,-0.2042],[35.2448,-0.2018],[35.2483,-0.2078],[35.2468,-0.2096],[35.2476,-0.2131],[35.2497,-0.2131],[35.2498,-0.215],[35.2561,-0.2217],[35.2612,-0.2239],[35.2593,-0.2295],[35.2616,-0.2335],[35.2632,-0.2326],[35.2704,-0.2378],[35.2748,-0.2366],[35.2787,-0.2377],[35.2848,-0.2359],[35.2983,-0.2383],[35.3005,-0.2404],[35.3046,-0.2403],[35.3118,-0.2484],[35.3137,-0.2488],[35.3403,-0.2398],[35.3422,-0.2365],[35.3304,-0.1922],[35.3303,-0.1763],[35.2957,-0.176],[35.2894,-0.1651],[35.2803,-0.166],[35.2805,-0.1614],[35.2846,-0.1571],[35.2774,-0.1448],[35.2703,-0.1526],[35.2533,-0.1205],[35.2365,-0.1196],[35.2265,-0.1066],[35.2265,-0.0677],[35.2208,-0.0371],[35.2173,-0.0379],[35.2152,-0.0341],[35.2122,-0.0326],[35.2099,-0.0333],[35.2061,-0.0292],[35.2028,-0.0305],[35.1991,-0.0273],[35.195,-0.028],[35.1937,-0.0264],[35.1917,-0.027],[35.1914,-0.0287],[35.1874,-0.0299],[35.1853,-0.0288],[35.1832,-0.0302],[35.1812,-0.0285],[35.1785,-0.0304],[35.1771,-0.0285],[35.1661,-0.0326],[35.1615,-0.0312],[35.1613,-0.0333],[35.1579,-0.0371],[35.155,-0.0368],[35.1518,-0.0392],[35.1524,-0.0366],[35.1003,-0.0037],[35.1013,-0.0065],[35.1003,-0.012],[35.102,-0.0137],[35.1005,-0.0165],[35.1022,-0.0243],[35.1014,-0.0267],[35.0949,-0.0318],[35.0913,-0.0452],[35.0887,-0.0462],[35.0856,-0.0504],[35.0822,-0.0502],[35.0807,-0.0533],[35.0793,-0.0528],[35.0719,-0.0572],[35.0698,-0.0609],[35.07,-0.0644],[35.0656,-0.0688],[35.05,-0.0356],[35.0326,-0.0352],[35.0068,-0.0296],[34.9894,-0.0201],[34.9898,-0.0248],[34.9788,-0.0246],[34.9646,-0.0323],[34.9579,-0.0265],[34.9528,-0.0269],[34.9552,-0.031],[34.9342,-0.0359],[34.9237,-0.0367],[34.9198,-0.0334],[34.9212,-0.0268],[34.9061,-0.0293],[34.8916,-0.0256],[34.88,-0.0274],[34.8267,-0.0285],[34.809,-0.0228],[34.8034,-0.0177],[34.8037,-0.0129],[34.812,-0.004],[34.8307,0.0239],[34.8187,0.0219],[34.8096,0.011],[34.8034,0.0101],[34.7873,-0.0071],[34.7824,-0.0152],[34.781,-0.0214],[34.7744,-0.0171],[34.7679,-0.0186],[34.7633,-0.0175],[34.7604,-0.0234],[34.7572,-0.0263],[34.7546,-0.0334],[34.7506,-0.0331],[34.7471,-0.0247]]]]}},{"type":"Feature","properties":{"name":"Nyeri"},"geometry":{"type":"MultiPolygon","coordinates":[[[[36.6575,-0.1531],[36.6859,-0.1745],[36.6787,-0.1744],[36.682,-0.1855],[36.6125,-0.3115],[36.6123,-0.3193],[36.6063,-0.3348],[36.608,-0.3462],[36.6136,-0.3566],[36.6024,-0.3674],[36.6012,-0.373],[36.6039,-0.3775],[36.6183,-0.3823],[36.6252,-0.3832],[36.6304,-0.3895],[36.6219,-0.4016],[36.6225,-0.4038],[36.6304,-0.4106],[36.6356,-0.4197],[36.6503,-0.4359],[36.6486,-0.4614],[36.6586,-0.4622],[36.6624,-0.4653],[36.6639,-0.4826],[36.659,-0.4916],[36.6546,-0.5167],[36.6612,-0.5251],[36.6604,-0.5345],[36.6659,-0.5453],[36.6675,-0.5716],[36.6705,-0.5773],[36.679,-0.5809],[36.68,-0.5967],[36.6873,-0.6054],[36.6902,-0.6134],[36.6968,-0.6224],[36.7041,-0.6287],[36.7075,-0.6228],[36.7084,-0.608],[36.7055,-0.6012],[36.7061,-0.5954],[36.7047,-0.5902],[36.7211,-0.5717],[36.7338,-0.5667],[36.7379,-0.5704],[36.7428,-0.5699],[36.7464,-0.5716],[36.7551,-0.5675],[36.7717,-0.5678],[36.7779,-0.5664],[36.7887,-0.5709],[36.8038,-0.5704],[36.808,-0.573],[36.8094,-0.5793],[36.8108,-0.5803],[36.8204,-0.5825],[36.8208,-0.5848],[36.8379,-0.5955],[36.8445,-0.5937],[36.8601,-0.6081],[36.867,-0.6059],[36.8797,-0.6081],[36.8837,-0.6113],[36.886,-0.6097],[36.8931,-0.6088],[36.9043,-0.6101],[36.9213,-0.6093],[36.9213,-0.6044],[36.9504,-0.5938],[36.9556,-0.5889],[36.9662,-0.5868],[36.9709,-0.5825],[36.9768,-0.5796],[36.9813,-0.5795],[36.9868,-0.5761],[36.9899,-0.5775],[36.9963,-0.5843],[37.0015,-0.584],[37.0056,-0.5856],[37.0155,-0.5847],[37.0266,-0.5916],[37.0338,-0.5908],[37.0434,-0.5945],[37.0484,-0.5948],[37.0555,-0.6022],[37.0589,-0.6102],[37.0628,-0.612],[37.0653,-0.6104],[37.0678,-0.6112],[37.0749,-0.6157],[37.0775,-0.6156],[37.0792,-0.619],[37.0855,-0.6233],[37.0921,-0.6245],[37.0988,-0.6276],[37.1016,-0.6299],[37.1006,-0.6368],[37.1093,-0.6412],[37.1226,-0.6436],[37.1403,-0.6381],[37.1516,-0.6411],[37.1545,-0.6355],[37.1597,-0.6372],[37.1691,-0.6356],[37.1707,-0.6317],[37.1766,-0.6331],[37.1723,-0.6274],[37.1723,-0.6233],[37.1752,-0.62],[37.174,-0.6161],[37.1781,-0.6151],[37.1786,-0.605],[37.1766,-0.5999],[37.1718,-0.5986],[37.1688,-0.5961],[37.1679,-0.5915],[37.1649,-0.5932],[37.1592,-0.5918],[37.1489,-0.5804],[37.1488,-0.5737],[37.1441,-0.5703],[37.1442,-0.5628],[37.1481,-0.5638],[37.1496,-0.5542],[37.1462,-0.5448],[37.1477,-0.5393],[37.1464,-0.5343],[37.168,-0.5071],[37.167,-0.5038],[37.1633,-0.5006],[37.1636,-0.4954],[37.1617,-0.496],[37.1607,-0.4942],[37.1617,-0.4918],[37.1649,-0.4893],[37.1702,-0.488],[37.1768,-0.4829],[37.1747,-0.4682],[37.1748,-0.4425],[37.1761,-0.4411],[37.1789,-0.4411],[37.1861,-0.4438],[37.1937,-0.4431],[37.1997,-0.439],[37.1994,-0.4301],[37.2055,-0.4251],[37.2053,-0.4164],[37.3078,-0.1511],[37.1354,-0.0413],[37.1305,-0.0369],[37.1237,-0.0545],[37.1121,-0.0382],[37.0999,-0.0279],[37.0918,-0.0175],[37.0875,-0.0165],[37.0765,-0.0027],[37.0762,-0.0009],[37.0794,0.0027],[37.0769,0.0098],[37.0711,0.0009],[37.0632,0.0019],[37.0515,-0.0099],[37.0497,-0.0151],[37.0263,-0.0444],[37.0244,-0.0491],[36.9965,-0.065],[36.9879,-0.0665],[36.9841,-0.0699],[36.977,-0.0708],[36.9766,-0.0733],[36.978,-0.0761],[36.9765,-0.0799],[36.9806,-0.0986],[36.9836,-0.135],[36.9938,-0.1457],[36.9993,-0.1471],[37.0024,-0.1499],[37.0067,-0.1503],[37.0044,-0.1768],[37.0168,-0.1808],[37.007,-0.2212],[37.0074,-0.2254],[37.0116,-0.2318],[37.0089,-0.235],[37.0079,-0.2404],[37.0022,-0.2452],[37.0012,-0.2488],[36.9881,-0.2557],[36.9958,-0.2713],[36.9854,-0.2962],[36.9612,-0.2847],[36.8778,-0.2603],[36.8688,-0.249],[36.8547,-0.2543],[36.841,-0.216],[36.8415,-0.2077],[36.8376,-0.1977],[36.8434,-0.1965],[36.8501,-0.1976],[36.8557,-0.1903],[36.8621,-0.1882],[36.8644,-0.1818],[36.869,-0.18],[36.8691,-0.1778],[36.8678,-0.1723],[36.8646,-0.1688],[36.8625,-0.1598],[36.8566,-0.1549],[36.857,-0.1501],[36.8602,-0.1461],[36.8596,-0.1435],[36.8529,-0.143],[36.8437,-0.1374],[36.829,-0.1357],[36.8291,-0.1036],[36.7907,-0.1068],[36.7649,-0.1147],[36.7632,-0.1093],[36.7522,-0.1208],[36.7159,-0.1296],[36.7108,-0.1367],[36.6575,-0.1531]]]]}},{"type":"Feature","properties":{"name":"Tana River"},"geometry":{"type":"MultiPolygon","coordinates":[[[[38.4342,-0.0748],[38.8298,-0.7602],[38.9534,-1.0318],[38.9997,-1.6769],[38.9838,-1.6941],[38.977,-1.6936],[38.9748,-1.696],[38.9694,-1.6972],[38.9585,-1.7028],[39.0151,-1.914],[38.7952,-2.3397],[38.7911,-2.3385],[38.7877,-2.3409],[38.7872,-2.3471],[38.782,-2.3534],[38.7759,-2.3516],[38.7704,-2.3522],[38.7663,-2.3552],[38.7637,-2.3548],[38.7574,-2.3576],[38.7555,-2.3615],[38.7534,-2.3595],[38.7371,-2.3658],[38.7332,-2.3701],[38.7323,-2.3777],[38.7282,-2.38],[38.726,-2.3834],[38.7232,-2.3831],[38.721,-2.3867],[38.7166,-2.3883],[38.7138,-2.3955],[38.7041,-2.4001],[38.7029,-2.4035],[38.6954,-2.408],[38.6868,-2.4105],[38.6848,-2.4132],[38.6782,-2.4126],[38.6648,-2.4166],[38.6462,-2.4179],[38.6399,-2.4153],[38.6319,-2.4152],[38.6309,-2.4116],[38.6265,-2.4105],[39.0751,-3.0411],[39.0788,-3.0431],[39.0792,-3.0504],[39.0824,-3.0525],[39.0858,-3.0522],[39.0875,-3.0498],[39.0871,-3.0431],[39.1023,-3.036],[39.1109,-3.0244],[39.1273,-3.0192],[39.129,-3.0208],[39.1293,-3.0292],[39.1327,-3.0344],[39.1321,-3.0414],[39.14,-3.0417],[39.1424,-3.0491],[39.1484,-3.0448],[39.151,-3.045],[39.1554,-3.0522],[39.1619,-3.059],[39.1631,-3.0657],[39.1686,-3.0651],[39.1728,-3.0574],[39.1744,-3.0568],[39.1781,-3.0579],[39.1819,-3.0632],[39.1951,-3.0609],[39.2041,-3.0663],[39.2161,-3.0656],[39.2177,-3.0677],[39.217,-3.0714],[39.217,-3.0721],[39.2171,-3.0724],[39.2173,-3.0728],[39.2174,-3.0729],[39.2184,-3.0695],[39.2185,-3.0692],[39.8897,-2.3101],[40.1756,-2.7135],[40.1757,-2.7137],[40.1775,-2.7162],[40.1786,-2.7177],[40.179,-2.7184],[40.1791,-2.7184],[40.1792,-2.7179],[40.1797,-2.7157],[40.1806,-2.7142],[40.181,-2.7125],[40.183,-2.7097],[40.1873,-2.7058],[40.1908,-2.7047],[40.1875,-2.7034],[40.1836,-2.6988],[40.1799,-2.7035],[40.1751,-2.703],[40.1771,-2.697],[40.1762,-2.6939],[40.1802,-2.6916],[40.1782,-2.689],[40.1821,-2.6812],[40.1832,-2.6805],[40.1849,-2.6824],[40.1883,-2.6802],[40.1909,-2.6821],[40.1971,-2.6785],[40.2019,-2.6791],[40.2006,-2.6841],[40.2047,-2.6916],[40.203,-2.6953],[40.1999,-2.6973],[40.2002,-2.6994],[40.2034,-2.7006],[40.1984,-2.702],[40.2008,-2.7033],[40.1974,-2.7053],[40.1946,-2.7103],[40.1928,-2.7108],[40.1933,-2.7126],[40.1986,-2.713],[40.1944,-2.7162],[40.1967,-2.7206],[40.1946,-2.721],[40.1922,-2.719],[40.1918,-2.7216],[40.1891,-2.7219],[40.1879,-2.7235],[40.1888,-2.7248],[40.1925,-2.7225],[40.1953,-2.7229],[40.1957,-2.7273],[40.1927,-2.7307],[40.1961,-2.7326],[40.2128,-2.7053],[40.2333,-2.6777],[40.2619,-2.6493],[40.2595,-2.6434],[40.2671,-2.6379],[40.2696,-2.6304],[40.2813,-2.624],[40.2905,-2.6131],[40.2972,-2.6107],[40.2997,-2.6078],[40.3056,-2.6061],[40.3404,-2.5843],[40.3407,-2.5872],[40.3377,-2.5894],[40.3339,-2.5901],[40.3327,-2.593],[40.3293,-2.5954],[40.3162,-2.6024],[40.2996,-2.614],[40.2917,-2.6159],[40.2822,-2.6288],[40.2806,-2.6291],[40.2783,-2.6268],[40.2734,-2.6288],[40.2696,-2.635],[40.269,-2.6399],[40.2666,-2.6426],[40.2768,-2.636],[40.3072,-2.6114],[40.3289,-2.5974],[40.3491,-2.5855],[40.4003,-2.5605],[40.4381,-2.5445],[40.4614,-2.5368],[40.4892,-2.5307],[40.5128,-2.5295],[40.5165,-2.5273],[40.5128,-2.5279],[40.5134,-2.525],[40.5078,-2.5241],[40.5068,-2.5222],[40.5045,-2.5227],[40.4999,-2.5207],[40.4972,-2.5218],[40.4961,-2.5191],[40.4935,-2.5183],[40.4845,-2.5251],[40.4809,-2.5249],[40.4744,-2.53],[40.4655,-2.5317],[40.46,-2.5347],[40.4537,-2.5361],[40.4532,-2.5312],[40.4503,-2.535],[40.4491,-2.5313],[40.4443,-2.5319],[40.4427,-2.5281],[40.4443,-2.524],[40.4477,-2.5222],[40.4553,-2.5216],[40.4552,-2.5162],[40.4571,-2.5142],[40.4571,-2.5111],[40.4591,-2.509],[40.4594,-2.5061],[40.4629,-2.5028],[40.4672,-2.5047],[40.4693,-2.5107],[40.4737,-2.5093],[40.474,-2.5061],[40.465,-2.501],[40.4659,-2.4985],[40.4679,-2.4983],[40.4748,-2.5025],[40.4778,-2.5002],[40.4785,-2.4963],[40.4819,-2.498],[40.4845,-2.4942],[40.4905,-2.4955],[40.4888,-2.4917],[40.4897,-2.4909],[40.4938,-2.4938],[40.493,-2.5016],[40.4998,-2.5047],[40.5006,-2.5032],[40.4988,-2.4982],[40.4993,-2.4944],[40.5022,-2.4938],[40.5056,-2.4965],[40.5094,-2.4968],[40.5131,-2.4986],[40.5125,-2.5031],[40.5154,-2.5036],[40.5157,-2.5052],[40.5082,-2.5165],[40.5109,-2.5195],[40.519,-2.5201],[40.5234,-2.5258],[40.5322,-2.5321],[40.5419,-2.5322],[40.5477,-2.5339],[40.5697,-2.548],[40.576,-2.5488],[40.5989,-2.5566],[40.6063,-2.5575],[40.6145,-2.5518],[40.62,-2.5504],[40.6438,-2.5328],[40.66,-2.5119],[40.6797,-2.491],[40.7047,-2.4719],[40.7306,-2.456],[40.7059,-2.4604],[40.6637,-2.4679],[40.4852,-2.4116],[40.4407,-2.3975],[40.2495,-2.3981],[40.2495,-2.2488],[40.219,-2.0908],[40.2079,-2.0329],[40.2046,-2.0153],[40.1969,-2.0008],[40.1969,-1.9805],[40.1903,-1.9702],[40.186,-1.9598],[40.1894,-1.9363],[40.1865,-1.8942],[40.1888,-1.8727],[40.1875,-1.8629],[40.1781,-1.846],[40.1673,-1.834],[40.163,-1.8234],[40.1626,-1.8041],[40.1589,-1.783],[40.1577,-1.7638],[40.1604,-1.7537],[40.1691,-1.7355],[40.1708,-1.7239],[40.1684,-1.7175],[40.16,-1.7037],[40.1582,-1.6973],[40.1577,-1.6813],[40.1599,-1.6446],[40.1588,-1.6309],[40.154,-1.6078],[40.1492,-1.5956],[40.1433,-1.5864],[40.1261,-1.5702],[40.1149,-1.5529],[40.1066,-1.5217],[40.1051,-1.5079],[40.1013,-1.4997],[40.098,-1.4968],[40.0905,-1.4841],[40.0873,-1.4743],[40.0791,-1.4741],[40.0709,-1.4709],[40.0388,-1.4908],[40.0326,-1.4874],[40.0314,-1.4823],[40.0365,-1.4826],[40.0382,-1.4802],[40.0353,-1.4748],[40.0363,-1.4698],[40.032,-1.4627],[40.0353,-1.4556],[40.0296,-1.4525],[40.0332,-1.4485],[40.0343,-1.4326],[40.0301,-1.4279],[40.0322,-1.4255],[40.0312,-1.4243],[40.0245,-1.4221],[40.022,-1.401],[40.0125,-1.3816],[40.0091,-1.3795],[40.0146,-1.3763],[40.0148,-1.3745],[40.0107,-1.3689],[40.0094,-1.3603],[40.0047,-1.3631],[40.0023,-1.3614],[40.0043,-1.3542],[40.001,-1.3481],[40.007,-1.3346],[40.0118,-1.3293],[40.0043,-1.3246],[40.0042,-1.3156],[39.9994,-1.3089],[39.9972,-1.3],[39.9974,-1.2985],[40.0043,-1.2936],[39.9992,-1.2859],[39.9993,-1.2844],[40.0057,-1.2803],[40.0063,-1.2786],[40.0047,-1.2699],[40.0118,-1.2647],[40.0087,-1.2572],[40.0037,-1.2567],[40.0013,-1.2547],[40.0074,-1.2452],[40.008,-1.2401],[40.0047,-1.2379],[39.9967,-1.2395],[39.9953,-1.2384],[40.0,-1.2336],[39.9956,-1.2268],[40.0004,-1.2152],[39.9977,-1.2131],[39.9911,-1.2128],[39.9892,-1.2099],[39.9912,-1.2052],[39.9893,-1.2025],[39.9831,-1.204],[39.9798,-1.2024],[39.981,-1.1932],[39.9727,-1.1863],[39.9695,-1.1766],[39.9629,-1.1676],[39.9623,-1.1568],[39.9558,-1.1445],[39.9535,-1.1423],[39.9449,-1.1388],[39.9438,-1.1311],[39.9403,-1.1309],[39.9364,-1.1329],[39.9336,-1.1316],[39.9324,-1.1291],[39.9324,-1.1109],[39.9295,-1.1052],[39.9259,-1.0777],[39.9208,-1.0787],[39.9186,-1.076],[39.9167,-1.0693],[39.9136,-1.0648],[39.9171,-1.0604],[39.9172,-1.0583],[39.9083,-1.0513],[39.9081,-1.0497],[39.9127,-1.0425],[39.9079,-1.0358],[39.899,-1.0281],[39.8962,-1.015],[39.899,-1.0092],[39.8985,-1.0068],[39.8895,-1.0057],[39.8858,-1.0006],[39.8857,-0.9951],[39.8916,-0.9896],[39.8877,-0.9856],[39.8893,-0.9817],[39.8855,-0.9793],[39.8848,-0.9773],[39.8882,-0.9744],[39.8929,-0.9757],[39.8936,-0.9736],[39.8914,-0.9709],[39.8857,-0.968],[39.8803,-0.9693],[39.8785,-0.959],[39.8822,-0.9524],[39.8818,-0.951],[39.8784,-0.9516],[39.8734,-0.9587],[39.8696,-0.9588],[39.8711,-0.9514],[39.8688,-0.947],[39.8714,-0.9431],[39.8771,-0.9423],[39.8785,-0.9367],[39.874,-0.9329],[39.8726,-0.9277],[39.864,-0.9278],[39.8607,-0.9261],[39.8605,-0.9215],[39.8645,-0.9159],[39.8604,-0.914],[39.8582,-0.9058],[39.8535,-0.901],[39.8516,-0.8969],[39.8559,-0.893],[39.8505,-0.8888],[39.8501,-0.8865],[39.8517,-0.885],[39.8571,-0.8854],[39.8596,-0.8813],[39.8567,-0.8743],[39.8512,-0.8711],[39.8573,-0.8595],[39.8568,-0.8535],[39.8587,-0.8485],[39.8531,-0.8472],[39.8491,-0.8427],[39.8485,-0.8484],[39.8464,-0.8525],[39.8447,-0.8535],[39.8415,-0.8525],[39.8429,-0.846],[39.8383,-0.8426],[39.8368,-0.8382],[39.8377,-0.8361],[39.8399,-0.8356],[39.8448,-0.8402],[39.8474,-0.839],[39.8439,-0.8277],[39.8454,-0.8196],[39.8367,-0.8133],[39.8358,-0.811],[39.8417,-0.8067],[39.8422,-0.8044],[39.8382,-0.8021],[39.8327,-0.803],[39.8298,-0.8051],[39.8254,-0.8038],[39.8258,-0.7998],[39.8346,-0.796],[39.8342,-0.7929],[39.8313,-0.791],[39.8251,-0.7926],[39.8243,-0.7876],[39.8273,-0.7829],[39.8272,-0.7808],[39.8178,-0.7761],[39.8124,-0.7767],[39.8087,-0.7712],[39.8097,-0.7698],[39.8148,-0.7696],[39.8161,-0.767],[39.815,-0.7647],[39.8089,-0.7615],[39.8088,-0.7589],[39.8117,-0.7557],[39.8173,-0.7554],[39.8155,-0.747],[39.8226,-0.7456],[39.8239,-0.7419],[39.8212,-0.739],[39.8157,-0.7399],[39.808,-0.7358],[39.8053,-0.727],[39.8069,-0.7259],[39.8095,-0.7286],[39.8114,-0.7283],[39.8119,-0.7161],[39.8132,-0.7132],[39.8095,-0.7107],[39.8125,-0.7058],[39.8107,-0.7039],[39.805,-0.7046],[39.805,-0.7019],[39.8079,-0.6979],[39.8077,-0.6947],[39.8054,-0.6948],[39.8025,-0.6981],[39.798,-0.6912],[39.7956,-0.6812],[39.7999,-0.671],[39.7976,-0.6701],[39.7922,-0.6727],[39.7905,-0.6719],[39.7908,-0.6639],[39.789,-0.6604],[39.7819,-0.6628],[39.7795,-0.6618],[39.7817,-0.6521],[39.7696,-0.6339],[39.7686,-0.6293],[39.7695,-0.6266],[39.7747,-0.6216],[39.7766,-0.6131],[39.7651,-0.6108],[39.7575,-0.6055],[39.756,-0.601],[39.7529,-0.601],[39.7494,-0.6051],[39.7459,-0.6],[39.7398,-0.596],[39.7388,-0.5927],[39.7398,-0.5884],[39.7387,-0.5876],[39.7356,-0.5883],[39.7309,-0.5936],[39.7219,-0.594],[39.7139,-0.5909],[39.7096,-0.5914],[39.7047,-0.5944],[39.6969,-0.5916],[39.6962,-0.5893],[39.6998,-0.5863],[39.7002,-0.5821],[39.6982,-0.5818],[39.6953,-0.5854],[39.6932,-0.5858],[39.6921,-0.5838],[39.6927,-0.5785],[39.6856,-0.5744],[39.6876,-0.5651],[39.6861,-0.5607],[39.6864,-0.5516],[39.6833,-0.5509],[39.6787,-0.5564],[39.6759,-0.5573],[39.6737,-0.5559],[39.6736,-0.5489],[39.6723,-0.5474],[39.6683,-0.5468],[39.6653,-0.5492],[39.6633,-0.5489],[39.6614,-0.5378],[39.668,-0.5365],[39.6686,-0.5316],[39.6475,-0.5165],[39.6402,-0.5071],[39.64,-0.4955],[39.6306,-0.4899],[39.6289,-0.4709],[39.6317,-0.4629],[39.6353,-0.4573],[39.6294,-0.4534],[39.625,-0.4485],[39.6195,-0.4459],[39.6193,-0.4383],[39.6146,-0.4425],[39.6109,-0.4398],[39.6142,-0.4098],[39.6106,-0.4082],[39.6022,-0.4096],[39.605,-0.4034],[39.6039,-0.398],[39.6028,-0.3959],[39.5981,-0.3943],[39.6003,-0.3895],[39.5967,-0.3858],[39.5978,-0.3797],[39.5929,-0.3762],[39.5944,-0.3726],[39.5982,-0.3692],[39.5979,-0.3669],[39.5941,-0.364],[39.5968,-0.3587],[39.5947,-0.3565],[39.5897,-0.3569],[39.5919,-0.352],[39.587,-0.3471],[39.5875,-0.3414],[39.5847,-0.3405],[39.5807,-0.3442],[39.5779,-0.3367],[39.5693,-0.33],[39.5617,-0.3287],[39.5586,-0.3198],[39.554,-0.3172],[39.5561,-0.3112],[39.5512,-0.3073],[39.5512,-0.3034],[39.5485,-0.2965],[39.5427,-0.2902],[39.5401,-0.2901],[39.5353,-0.2944],[39.5296,-0.2877],[39.5258,-0.2868],[39.5207,-0.2962],[39.516,-0.2989],[39.5126,-0.2982],[39.5122,-0.2945],[39.5171,-0.2856],[39.5174,-0.282],[39.5151,-0.2777],[39.51,-0.2773],[39.5093,-0.2699],[39.5049,-0.265],[39.5021,-0.2555],[39.4979,-0.2483],[39.4902,-0.2494],[39.4884,-0.2441],[39.4822,-0.2417],[39.4771,-0.2415],[39.4749,-0.2392],[39.4739,-0.2353],[39.4698,-0.233],[39.4712,-0.2267],[39.4673,-0.2211],[39.4633,-0.2181],[39.4573,-0.2162],[39.4532,-0.2107],[39.4449,-0.2098],[39.4389,-0.2038],[39.436,-0.1982],[39.4312,-0.195],[39.4273,-0.1898],[39.4225,-0.1885],[39.4125,-0.1915],[39.4065,-0.1905],[39.4002,-0.1954],[39.3993,-0.1909],[39.3969,-0.1884],[39.3899,-0.1917],[39.3841,-0.1905],[39.3814,-0.1826],[39.3738,-0.178],[39.3624,-0.1627],[39.36,-0.1628],[39.3568,-0.1681],[39.3544,-0.1685],[39.3535,-0.1668],[39.3543,-0.1612],[39.3526,-0.1597],[39.3473,-0.1639],[39.3391,-0.1671],[39.3358,-0.1652],[39.334,-0.157],[39.3247,-0.1578],[39.3243,-0.1549],[39.3278,-0.1455],[39.3184,-0.1403],[39.3133,-0.133],[39.3097,-0.1338],[39.305,-0.1397],[39.2999,-0.1367],[39.2955,-0.1361],[39.2822,-0.1413],[39.2753,-0.1372],[39.271,-0.1416],[39.2635,-0.1409],[39.2573,-0.1465],[39.2557,-0.1452],[39.2557,-0.1394],[39.2547,-0.1387],[39.2464,-0.1417],[39.238,-0.1379],[39.2276,-0.1384],[39.2265,-0.1365],[39.2279,-0.1314],[39.2264,-0.13],[39.2139,-0.1322],[39.2116,-0.1353],[39.2071,-0.136],[39.2051,-0.1415],[39.2026,-0.1427],[39.1918,-0.1408],[39.1834,-0.1353],[39.1706,-0.1368],[39.1693,-0.1302],[39.1634,-0.1266],[39.1522,-0.1269],[39.1409,-0.1301],[39.1348,-0.1301],[39.1323,-0.1259],[39.1335,-0.1195],[39.1206,-0.1206],[39.1207,-0.1165],[39.119,-0.1137],[39.1201,-0.1101],[39.1097,-0.1047],[39.107,-0.0992],[39.1017,-0.0982],[39.1006,-0.0924],[39.0979,-0.088],[39.0877,-0.0801],[39.0865,-0.0764],[39.0818,-0.0707],[39.0741,-0.0648],[39.0676,-0.0488],[39.0653,-0.0463],[39.0609,-0.0467],[39.0493,-0.0526],[39.0412,-0.0522],[39.0359,-0.0536],[39.0326,-0.0522],[39.0256,-0.0441],[39.0202,-0.0429],[39.0165,-0.0444],[39.0074,-0.0554],[39.0016,-0.0552],[38.9999,-0.0501],[38.9977,-0.049],[38.9953,-0.0502],[38.9914,-0.0566],[38.9869,-0.0594],[38.9817,-0.0603],[38.9766,-0.0584],[38.972,-0.059],[38.97,-0.0612],[38.9683,-0.0717],[38.969,-0.0777],[38.967,-0.0823],[38.9638,-0.0842],[38.9548,-0.086],[38.9431,-0.0968],[38.9383,-0.0992],[38.931,-0.0981],[38.9201,-0.0858],[38.8995,-0.0955],[38.8915,-0.0944],[38.8818,-0.0962],[38.8604,-0.0917],[38.8471,-0.0941],[38.8348,-0.0936],[38.8106,-0.0842],[38.7865,-0.0787],[38.7737,-0.0704],[38.7687,-0.0687],[38.7598,-0.0721],[38.7521,-0.0717],[38.746,-0.0689],[38.7401,-0.0694],[38.7292,-0.0628],[38.7146,-0.06],[38.698,-0.0488],[38.6905,-0.0397],[38.687,-0.0424],[38.6862,-0.0516],[38.6832,-0.0537],[38.6788,-0.0532],[38.6704,-0.0485],[38.6579,-0.0451],[38.6543,-0.0461],[38.6495,-0.0519],[38.6397,-0.0521],[38.6255,-0.038],[38.6128,-0.0287],[38.6092,-0.028],[38.6027,-0.033],[38.5946,-0.0302],[38.5893,-0.0247],[38.58,-0.0228],[38.5694,-0.0172],[38.5617,-0.0181],[38.5549,-0.0155],[38.5498,-0.0178],[38.5466,-0.0259],[38.5428,-0.0308],[38.5413,-0.0422],[38.5363,-0.0412],[38.531,-0.042],[38.5318,-0.0539],[38.5277,-0.0547],[38.5207,-0.0624],[38.5182,-0.0624],[38.5118,-0.0588],[38.5064,-0.0615],[38.5017,-0.0618],[38.49,-0.0588],[38.4881,-0.0613],[38.4864,-0.0694],[38.4822,-0.0747],[38.4759,-0.0775],[38.4705,-0.078],[38.464,-0.0832],[38.4587,-0.0848],[38.4534,-0.0838],[38.4382,-0.0702],[38.4342,-0.0748]]]]}},{"type":"Feature","properties":{"name":"Kitui"},"geometry":{"type":"MultiPolygon","coordinates":[[[[38.4207,-0.0693],[38.4159,-0.072],[38.4035,-0.0749],[38.3975,-0.0724],[38.3928,-0.0724],[38.3876,-0.0826],[38.3815,-0.0855],[38.3755,-0.079],[38.3661,-0.0766],[38.3465,-0.0611],[38.34,-0.0603],[38.3325,-0.0652],[38.3296,-0.0655],[38.3197,-0.0552],[38.313,-0.0517],[38.3091,-0.0515],[38.3042,-0.0572],[38.3009,-0.0672],[38.2902,-0.0756],[38.2876,-0.0843],[38.2799,-0.0824],[38.2752,-0.086],[38.2731,-0.0921],[38.2714,-0.093],[38.2626,-0.0907],[38.2575,-0.0861],[38.2503,-0.0841],[38.2423,-0.0899],[38.235,-0.0923],[38.227,-0.0996],[38.2212,-0.1025],[38.2137,-0.1137],[38.2124,-0.1239],[38.2074,-0.1267],[38.2064,-0.143],[38.2025,-0.1444],[38.1973,-0.1431],[38.1939,-0.1497],[38.1881,-0.1498],[38.1858,-0.1523],[38.1836,-0.1641],[38.1848,-0.1715],[38.1819,-0.1893],[38.1627,-0.2233],[38.1624,-0.2266],[38.1639,-0.2299],[38.1625,-0.2349],[38.1593,-0.2373],[38.1529,-0.2378],[38.1498,-0.2397],[38.1454,-0.2384],[38.1434,-0.2393],[38.1389,-0.2454],[38.1354,-0.2562],[38.1276,-0.2618],[38.1201,-0.27],[38.1148,-0.2726],[38.1137,-0.2752],[38.1041,-0.2752],[38.103,-0.2781],[38.1013,-0.2785],[38.0879,-0.2738],[38.0808,-0.2746],[38.0737,-0.2733],[38.0448,-0.2752],[38.0315,-0.273],[38.027,-0.2686],[38.0242,-0.2677],[38.007,-0.2666],[38.0014,-0.2649],[37.998,-0.2659],[37.9935,-0.2743],[37.9929,-0.2864],[37.9855,-0.296],[37.9827,-0.3058],[37.9799,-0.3106],[37.9802,-0.3126],[37.9859,-0.3177],[37.986,-0.3231],[37.9798,-0.3263],[37.972,-0.3435],[37.9724,-0.3461],[37.9781,-0.3539],[37.9676,-0.3634],[37.9738,-0.3695],[37.9745,-0.3766],[37.97,-0.3811],[37.9695,-0.3966],[37.965,-0.4008],[37.9649,-0.4112],[37.9618,-0.4126],[37.9598,-0.4175],[37.9518,-0.4254],[37.9472,-0.4239],[37.9453,-0.4271],[37.9405,-0.425],[37.9365,-0.4273],[37.9346,-0.429],[37.9345,-0.4354],[37.929,-0.448],[37.914,-0.4648],[37.9118,-0.4731],[37.9001,-0.498],[37.8925,-0.5091],[37.882,-0.5347],[37.8829,-0.5417],[37.8874,-0.554],[37.8866,-0.5669],[37.8828,-0.5817],[37.9007,-0.5958],[37.9011,-0.6007],[37.9219,-0.6232],[37.9188,-0.628],[37.907,-0.6378],[37.893,-0.6447],[37.8931,-0.6573],[37.8963,-0.6688],[37.8948,-0.6803],[37.8974,-0.6835],[37.9039,-0.685],[37.8986,-0.7034],[37.8993,-0.7077],[37.9003,-0.7092],[37.9047,-0.7086],[37.9077,-0.7102],[37.9096,-0.7071],[37.9116,-0.7072],[37.9134,-0.7234],[37.9154,-0.7284],[37.912,-0.7348],[37.9127,-0.7391],[37.9094,-0.7469],[37.9052,-0.7516],[37.903,-0.7572],[37.8908,-0.7666],[37.8928,-0.7776],[37.884,-0.7812],[37.8833,-0.7863],[37.8799,-0.7931],[37.8805,-0.7968],[37.8833,-0.7998],[37.8833,-0.8025],[37.8774,-0.804],[37.8712,-0.8096],[37.8665,-0.8078],[37.8606,-0.8103],[37.8547,-0.8082],[37.8455,-0.8098],[37.8461,-0.8122],[37.8438,-0.8163],[37.8476,-0.8196],[37.8464,-0.8264],[37.8493,-0.8308],[37.8414,-0.8343],[37.8421,-0.8386],[37.8448,-0.8403],[37.842,-0.8432],[37.8376,-0.8436],[37.8385,-0.8481],[37.8364,-0.8507],[37.832,-0.8523],[37.8338,-0.8554],[37.8305,-0.8566],[37.8294,-0.859],[37.8321,-0.8628],[37.8269,-0.8653],[37.8277,-0.8709],[37.8245,-0.8712],[37.8261,-0.8744],[37.8231,-0.8773],[37.8229,-0.8811],[37.8207,-0.8813],[37.823,-0.8893],[37.825,-0.8902],[37.8186,-0.8969],[37.8204,-0.8989],[37.8299,-0.9007],[37.8339,-0.9053],[37.8346,-0.9113],[37.8393,-0.9087],[37.8386,-0.919],[37.8425,-0.9184],[37.8416,-0.9222],[37.8445,-0.9234],[37.8427,-0.9265],[37.847,-0.9273],[37.8507,-0.9311],[37.8491,-0.9343],[37.8522,-0.936],[37.8525,-0.9377],[37.8506,-0.9397],[37.8473,-0.9387],[37.8463,-0.9408],[37.848,-0.9426],[37.8467,-0.946],[37.8511,-0.9488],[37.8496,-0.9517],[37.8541,-0.9582],[37.8542,-0.9612],[37.8526,-0.9612],[37.851,-0.9582],[37.8506,-0.9601],[37.8452,-0.9638],[37.8483,-0.9634],[37.8491,-0.9648],[37.8534,-0.9656],[37.858,-0.9646],[37.8591,-0.9667],[37.8633,-0.968],[37.8627,-0.9728],[37.8668,-0.972],[37.8682,-0.9747],[37.8671,-0.9767],[37.8622,-0.9774],[37.8657,-0.9814],[37.8608,-0.9815],[37.8587,-0.9841],[37.8542,-0.9853],[37.8496,-0.99],[37.8498,-0.9927],[37.8466,-0.9937],[37.8495,-1.0047],[37.8474,-1.0254],[37.8455,-1.0295],[37.8467,-1.0407],[37.8449,-1.0469],[37.8417,-1.0512],[37.8389,-1.0526],[37.8299,-1.0683],[37.8265,-1.0703],[37.8194,-1.0702],[37.8174,-1.0803],[37.8068,-1.0928],[37.8051,-1.1037],[37.7965,-1.1271],[37.7382,-1.0775],[37.594,-1.0859],[37.5969,-1.1472],[37.606,-1.145],[37.6102,-1.1421],[37.6177,-1.143],[37.6244,-1.1492],[37.6258,-1.1529],[37.6336,-1.1618],[37.6384,-1.1702],[37.6495,-1.1981],[37.6545,-1.2006],[37.6564,-1.2072],[37.6604,-1.2107],[37.6626,-1.2155],[37.6657,-1.2168],[37.6647,-1.2199],[37.6704,-1.2244],[37.6758,-1.2325],[37.6842,-1.2345],[37.6883,-1.2401],[37.6885,-1.2425],[37.6866,-1.2458],[37.6898,-1.2471],[37.6884,-1.248],[37.6889,-1.2493],[37.6914,-1.249],[37.6923,-1.2506],[37.6969,-1.2645],[37.6967,-1.269],[37.7019,-1.2725],[37.7079,-1.2883],[37.7127,-1.2909],[37.7133,-1.2992],[37.7167,-1.2996],[37.7162,-1.3027],[37.7232,-1.3159],[37.7234,-1.3221],[37.7259,-1.3243],[37.7314,-1.3353],[37.7316,-1.3401],[37.7374,-1.3418],[37.7368,-1.3431],[37.74,-1.3485],[37.7437,-1.3499],[37.7451,-1.3522],[37.7445,-1.3563],[37.7479,-1.3572],[37.7531,-1.3547],[37.7561,-1.3571],[37.7594,-1.3544],[37.7652,-1.3545],[37.7664,-1.3571],[37.7748,-1.3609],[37.7799,-1.3707],[37.7831,-1.3712],[37.7841,-1.3745],[37.788,-1.3758],[37.7898,-1.3806],[37.7962,-1.3879],[37.798,-1.3919],[37.7977,-1.3958],[37.8012,-1.3937],[37.8036,-1.3945],[37.8043,-1.4032],[37.8077,-1.4144],[37.8072,-1.4189],[37.8095,-1.4205],[37.8093,-1.4245],[37.8118,-1.4267],[37.8113,-1.4298],[37.8133,-1.4349],[37.8126,-1.4388],[37.8172,-1.4423],[37.8155,-1.4448],[37.8191,-1.4473],[37.8101,-1.4473],[37.7989,-1.4541],[37.7801,-1.4707],[37.7779,-1.4796],[37.7732,-1.486],[37.7508,-1.4898],[37.7349,-1.4962],[37.7192,-1.4929],[37.7129,-1.4891],[37.7097,-1.4887],[37.7019,-1.4903],[37.6946,-1.4986],[37.702,-1.5087],[37.7059,-1.5073],[37.7131,-1.5099],[37.7193,-1.5217],[37.7234,-1.5245],[37.7248,-1.5293],[37.7326,-1.5423],[37.7419,-1.553],[37.7483,-1.5539],[37.7498,-1.5553],[37.7501,-1.5601],[37.7533,-1.5664],[37.7572,-1.5703],[37.7603,-1.577],[37.7649,-1.5808],[37.7718,-1.5836],[37.7715,-1.5866],[37.7754,-1.5916],[37.776,-1.5967],[37.7818,-1.6044],[37.7831,-1.6102],[37.7913,-1.62],[37.7921,-1.6261],[37.7953,-1.6279],[37.8034,-1.6426],[37.8005,-1.6487],[37.8053,-1.6495],[37.8041,-1.654],[37.8077,-1.6551],[37.8098,-1.6593],[37.8148,-1.6638],[37.82,-1.6654],[37.8219,-1.6703],[37.8196,-1.6756],[37.8199,-1.6806],[37.8238,-1.6833],[37.8306,-1.6819],[37.8301,-1.6854],[37.8321,-1.689],[37.8368,-1.6907],[37.8359,-1.6949],[37.8371,-1.699],[37.8343,-1.7097],[37.8418,-1.7109],[37.8444,-1.7134],[37.8443,-1.7231],[37.8493,-1.7301],[37.8549,-1.7544],[37.8528,-1.7572],[37.8535,-1.7639],[37.851,-1.7645],[37.8511,-1.7678],[37.849,-1.7691],[37.8447,-1.7661],[37.8403,-1.7679],[37.8377,-1.7792],[37.8464,-1.797],[37.8663,-1.8163],[37.869,-1.821],[37.8787,-1.831],[37.8822,-1.8333],[37.8861,-1.8336],[37.8906,-1.838],[37.8915,-1.842],[37.8857,-1.8445],[37.8835,-1.8524],[37.887,-1.8595],[37.8918,-1.8591],[37.9001,-1.8632],[37.8978,-1.8693],[37.9058,-1.8928],[37.9043,-1.8999],[37.905,-1.9035],[37.9068,-1.9042],[37.9149,-1.9019],[37.917,-1.9034],[37.9167,-1.9091],[37.9121,-1.9129],[37.9094,-1.9206],[37.9102,-1.9273],[37.9077,-1.9332],[37.9137,-1.942],[37.915,-1.9488],[37.9125,-1.9543],[37.9239,-1.9856],[37.9286,-1.9908],[37.9268,-1.9956],[37.9351,-2.0005],[37.9337,-2.0058],[37.9385,-2.01],[37.9366,-2.018],[37.9413,-2.0216],[37.9394,-2.0286],[37.9364,-2.0318],[37.9418,-2.0358],[37.9449,-2.0344],[37.9484,-2.0349],[37.9531,-2.0472],[37.9519,-2.0565],[37.9564,-2.0626],[37.9584,-2.071],[37.9554,-2.0946],[37.957,-2.1012],[37.9538,-2.1062],[37.9545,-2.1116],[37.952,-2.1309],[37.953,-2.1343],[37.9608,-2.1414],[37.9633,-2.1559],[37.9628,-2.1653],[37.9644,-2.1665],[37.9691,-2.1662],[37.9752,-2.1612],[37.9809,-2.1602],[37.9873,-2.1564],[37.9975,-2.1529],[38.0097,-2.1504],[38.0195,-2.1461],[38.0209,-2.1472],[38.0237,-2.1576],[38.0263,-2.1609],[38.036,-2.1659],[38.043,-2.1656],[38.0476,-2.1676],[38.0487,-2.1724],[38.0462,-2.1788],[38.0525,-2.1851],[38.0532,-2.1916],[38.0576,-2.205],[38.062,-2.2101],[38.0681,-2.2126],[38.0671,-2.215],[38.0623,-2.218],[38.0618,-2.2204],[38.0671,-2.2239],[38.07,-2.2394],[38.0698,-2.2479],[38.075,-2.2541],[38.0737,-2.2594],[38.0813,-2.259],[38.0843,-2.2631],[38.086,-2.2701],[38.0911,-2.2714],[38.0965,-2.2704],[38.0996,-2.2788],[38.1105,-2.2846],[38.1088,-2.2884],[38.1096,-2.2942],[38.1076,-2.2986],[38.114,-2.3012],[38.1161,-2.312],[38.1233,-2.3177],[38.146,-2.3208],[38.1518,-2.3275],[38.1687,-2.3348],[38.1732,-2.3382],[38.1845,-2.3378],[38.1957,-2.3478],[38.1975,-2.3526],[38.2108,-2.3542],[38.2222,-2.3988],[38.2318,-2.4007],[38.2361,-2.4087],[38.2409,-2.4074],[38.2449,-2.4087],[38.2474,-2.4159],[38.2519,-2.4199],[38.2696,-2.421],[38.2735,-2.4232],[38.2791,-2.4462],[38.2822,-2.4527],[38.2838,-2.4677],[38.2862,-2.4729],[38.2871,-2.4821],[38.2891,-2.4847],[38.2953,-2.4865],[38.2983,-2.4948],[38.3014,-2.4987],[38.3088,-2.5003],[38.3116,-2.5025],[38.3108,-2.5113],[38.3165,-2.5158],[38.3161,-2.5232],[38.3206,-2.529],[38.3182,-2.5363],[38.3189,-2.5383],[38.3228,-2.541],[38.3219,-2.5484],[38.3316,-2.551],[38.3374,-2.5556],[38.3369,-2.558],[38.3314,-2.5614],[38.3306,-2.5637],[38.3333,-2.5679],[38.3378,-2.5846],[38.3466,-2.5883],[38.3488,-2.5994],[38.3523,-2.6046],[38.3614,-2.6288],[38.3615,-2.637],[38.367,-2.6414],[38.3663,-2.6485],[38.3818,-2.6624],[38.381,-2.6696],[38.386,-2.6772],[38.3885,-2.6909],[38.3914,-2.6984],[38.396,-2.7062],[38.4051,-2.7309],[38.4097,-2.7368],[38.4131,-2.7501],[38.4198,-2.7586],[38.4219,-2.7669],[38.4249,-2.7712],[38.4257,-2.778],[38.4314,-2.7872],[38.4305,-2.7914],[38.422,-2.7962],[38.4212,-2.8056],[38.4178,-2.8117],[38.4189,-2.8148],[38.4242,-2.8161],[38.4263,-2.819],[38.4266,-2.8284],[38.431,-2.8396],[38.4274,-2.8499],[38.4323,-2.8555],[38.4375,-2.8549],[38.439,-2.8559],[38.4378,-2.8637],[38.4397,-2.8658],[38.4432,-2.8665],[38.4454,-2.8693],[38.4427,-2.8773],[38.4434,-2.8798],[38.451,-2.8785],[38.4542,-2.8814],[38.4544,-2.884],[38.4508,-2.8888],[38.4504,-2.8925],[38.4518,-2.894],[38.4607,-2.8962],[38.4607,-2.9022],[38.4659,-2.9091],[38.4727,-2.9235],[38.4757,-2.9364],[38.4877,-2.9365],[38.4887,-2.9441],[38.4933,-2.9497],[38.4926,-2.9553],[38.4988,-2.9563],[38.5047,-2.9649],[38.5102,-2.9653],[38.5191,-2.9748],[38.5266,-2.9739],[38.5315,-2.9761],[38.539,-2.9737],[38.5443,-2.9794],[38.5503,-2.9804],[38.563,-2.9864],[38.5837,-2.987],[38.5942,-2.9986],[38.6029,-2.9981],[38.6086,-2.9946],[38.6102,-2.9965],[38.607,-3.0031],[38.6082,-3.0058],[38.6297,-3.0122],[38.6367,-3.0113],[38.6429,-3.0122],[38.6541,-3.0251],[38.6615,-3.0288],[38.6654,-3.0395],[38.6714,-3.037],[38.682,-3.0355],[38.6903,-3.0375],[38.6969,-3.0369],[38.7027,-3.0328],[38.7074,-3.032],[38.7248,-3.0371],[38.7358,-3.0432],[38.7553,-3.0461],[38.7745,-3.044],[38.7802,-3.0488],[38.7902,-3.0484],[38.8093,-3.0531],[38.81,-3.0563],[38.8078,-3.0593],[38.8015,-3.0576],[38.7979,-3.061],[38.8001,-3.0663],[38.8056,-3.0685],[38.8182,-3.0669],[38.827,-3.0604],[38.8349,-3.0601],[38.8418,-3.0533],[38.8456,-3.0555],[38.8474,-3.0609],[38.8511,-3.0611],[38.8635,-3.0575],[38.8936,-3.0385],[38.8976,-3.0387],[38.9068,-3.043],[38.9148,-3.0448],[38.925,-3.0402],[38.9315,-3.0404],[38.9367,-3.0346],[38.9535,-3.0395],[38.9729,-3.0406],[38.9806,-3.0393],[38.9914,-3.0263],[38.999,-3.0246],[39.0068,-3.0258],[39.0149,-3.0246],[39.0245,-3.0205],[39.0278,-3.0206],[39.0343,-3.0242],[39.0433,-3.021],[39.0441,-3.0229],[39.0427,-3.0282],[39.0443,-3.0308],[39.0523,-3.0324],[39.0602,-3.0406],[39.0751,-3.0411],[38.6265,-2.4105],[38.6309,-2.4116],[38.6319,-2.4152],[38.6399,-2.4153],[38.6462,-2.4179],[38.6648,-2.4166],[38.6782,-2.4126],[38.6848,-2.4132],[38.6868,-2.4105],[38.6954,-2.408],[38.7029,-2.4035],[38.7041,-2.4001],[38.7138,-2.3955],[38.7166,-2.3883],[38.721,-2.3867],[38.7232,-2.3831],[38.726,-2.3834],[38.7282,-2.38],[38.7323,-2.3777],[38.7332,-2.3701],[38.7371,-2.3658],[38.7534,-2.3595],[38.7555,-2.3615],[38.7574,-2.3576],[38.7637,-2.3548],[38.7663,-2.3552],[38.7704,-2.3522],[38.7759,-2.3516],[38.782,-2.3534],[38.7872,-2.3471],[38.7877,-2.3409],[38.7911,-2.3385],[38.7952,-2.3397],[39.0151,-1.914],[38.9585,-1.7028],[38.9694,-1.6972],[38.9748,-1.696],[38.977,-1.6936],[38.9838,-1.6941],[38.9997,-1.6769],[38.9534,-1.0318],[38.8298,-0.7602],[38.4342,-0.0748],[38.4279,-0.074],[38.4207,-0.0693]]]]}},{"type":"Feature","properties":{"name":"Kirinyaga"},"geometry":{"type":"MultiPolygon","coordinates":[[[[37.1691,-0.6356],[37.1694,-0.6389],[37.172,-0.6423],[37.1695,-0.6493],[37.1728,-0.6499],[37.1768,-0.6538],[37.1766,-0.6565],[37.1789,-0.6586],[37.1801,-0.6629],[37.1792,-0.6672],[37.1994,-0.6635],[37.2042,-0.676],[37.2101,-0.6826],[37.2124,-0.6886],[37.2259,-0.6729],[37.2291,-0.6716],[37.2328,-0.6677],[37.2371,-0.6675],[37.2361,-0.6768],[37.2386,-0.6802],[37.2406,-0.689],[37.2438,-0.6916],[37.2415,-0.6936],[37.2444,-0.6986],[37.2422,-0.7027],[37.2442,-0.7078],[37.249,-0.7073],[37.249,-0.7133],[37.2543,-0.7203],[37.2537,-0.7214],[37.2502,-0.7205],[37.2494,-0.7242],[37.2514,-0.7262],[37.2561,-0.7272],[37.257,-0.7348],[37.2649,-0.7442],[37.2621,-0.7449],[37.2617,-0.747],[37.2697,-0.7537],[37.2681,-0.7552],[37.2603,-0.7511],[37.259,-0.7526],[37.2567,-0.7524],[37.2554,-0.7549],[37.261,-0.7693],[37.2615,-0.7804],[37.2673,-0.7853],[37.2662,-0.778],[37.2752,-0.7556],[37.2872,-0.7559],[37.2967,-0.7544],[37.3055,-0.749],[37.3172,-0.7494],[37.3227,-0.761],[37.327,-0.7637],[37.3443,-0.7693],[37.3589,-0.7689],[37.3642,-0.7671],[37.3689,-0.7635],[37.3684,-0.7612],[37.3701,-0.7585],[37.3763,-0.7604],[37.3818,-0.7557],[37.3962,-0.7518],[37.4013,-0.7489],[37.4192,-0.7482],[37.4389,-0.7336],[37.4619,-0.7363],[37.4632,-0.7347],[37.4629,-0.7304],[37.4733,-0.7261],[37.479,-0.7295],[37.4853,-0.7302],[37.4919,-0.7333],[37.4959,-0.7318],[37.4929,-0.728],[37.4922,-0.7237],[37.4899,-0.7227],[37.4871,-0.7182],[37.4841,-0.7192],[37.4828,-0.7157],[37.4785,-0.7146],[37.4768,-0.707],[37.4791,-0.694],[37.4781,-0.6898],[37.4759,-0.6865],[37.4739,-0.686],[37.4739,-0.6809],[37.4762,-0.6776],[37.4775,-0.6687],[37.4736,-0.6599],[37.4721,-0.6503],[37.4749,-0.6438],[37.4779,-0.6406],[37.4789,-0.6275],[37.4813,-0.6255],[37.4854,-0.6253],[37.4873,-0.6153],[37.482,-0.604],[37.4759,-0.6002],[37.4782,-0.5972],[37.4772,-0.5945],[37.4785,-0.5906],[37.4822,-0.5892],[37.4832,-0.5823],[37.4771,-0.5768],[37.4725,-0.5598],[37.4698,-0.557],[37.4612,-0.5565],[37.4595,-0.5508],[37.4495,-0.5486],[37.447,-0.5444],[37.4438,-0.5285],[37.4391,-0.527],[37.4367,-0.5228],[37.4322,-0.5206],[37.4261,-0.5105],[37.4246,-0.5038],[37.4254,-0.4991],[37.4281,-0.4952],[37.4228,-0.4864],[37.4222,-0.4825],[37.4263,-0.4682],[37.4261,-0.4502],[37.4209,-0.4437],[37.4246,-0.4337],[37.4229,-0.4182],[37.4239,-0.4158],[37.4234,-0.4084],[37.421,-0.4081],[37.4211,-0.4041],[37.4148,-0.3949],[37.3078,-0.1511],[37.2053,-0.4164],[37.2055,-0.4251],[37.1994,-0.4301],[37.1997,-0.439],[37.1937,-0.4431],[37.1861,-0.4438],[37.1789,-0.4411],[37.1761,-0.4411],[37.1748,-0.4425],[37.1747,-0.4682],[37.1768,-0.4829],[37.1702,-0.488],[37.1649,-0.4893],[37.1617,-0.4918],[37.1607,-0.4942],[37.1617,-0.496],[37.1636,-0.4954],[37.1633,-0.5006],[37.167,-0.5038],[37.168,-0.5071],[37.1464,-0.5343],[37.1477,-0.5393],[37.1462,-0.5448],[37.1496,-0.5542],[37.1481,-0.5638],[37.1442,-0.5628],[37.1441,-0.5703],[37.1488,-0.5737],[37.1489,-0.5804],[37.1592,-0.5918],[37.1649,-0.5932],[37.1679,-0.5915],[37.1688,-0.5961],[37.1718,-0.5986],[37.1766,-0.5999],[37.1786,-0.605],[37.1781,-0.6151],[37.174,-0.6161],[37.1752,-0.62],[37.1723,-0.6233],[37.1723,-0.6274],[37.1766,-0.6331],[37.1707,-0.6317],[37.1691,-0.6356]]]]}},{"type":"Feature","properties":{"name":"Embu"},"geometry":{"type":"MultiPolygon","coordinates":[[[[37.3078,-0.1511],[37.4148,-0.3949],[37.4211,-0.4041],[37.421,-0.4081],[37.4234,-0.4084],[37.4239,-0.4158],[37.4229,-0.4182],[37.4246,-0.4337],[37.4209,-0.4437],[37.4261,-0.4502],[37.4263,-0.4682],[37.4222,-0.4825],[37.4228,-0.4864],[37.4281,-0.4952],[37.4254,-0.4991],[37.4246,-0.5038],[37.4261,-0.5105],[37.4322,-0.5206],[37.4367,-0.5228],[37.4391,-0.527],[37.4438,-0.5285],[37.447,-0.5444],[37.4495,-0.5486],[37.4595,-0.5508],[37.4612,-0.5565],[37.4698,-0.557],[37.4725,-0.5598],[37.4771,-0.5768],[37.4832,-0.5823],[37.4822,-0.5892],[37.4785,-0.5906],[37.4772,-0.5945],[37.4782,-0.5972],[37.4759,-0.6002],[37.482,-0.604],[37.4873,-0.6153],[37.4854,-0.6253],[37.4813,-0.6255],[37.4789,-0.6275],[37.4779,-0.6406],[37.4749,-0.6438],[37.4721,-0.6503],[37.4736,-0.6599],[37.4775,-0.6687],[37.4762,-0.6776],[37.4739,-0.6809],[37.4739,-0.686],[37.4759,-0.6865],[37.4781,-0.6898],[37.4791,-0.694],[37.4768,-0.707],[37.4785,-0.7146],[37.4828,-0.7157],[37.4841,-0.7192],[37.4871,-0.7182],[37.4899,-0.7227],[37.4922,-0.7237],[37.4929,-0.728],[37.4959,-0.7318],[37.4919,-0.7333],[37.4853,-0.7302],[37.479,-0.7295],[37.4733,-0.7261],[37.4629,-0.7304],[37.4632,-0.7347],[37.4619,-0.7363],[37.4389,-0.7336],[37.4192,-0.7482],[37.4013,-0.7489],[37.3962,-0.7518],[37.3818,-0.7557],[37.3763,-0.7604],[37.3701,-0.7585],[37.3684,-0.7612],[37.3689,-0.7635],[37.3642,-0.7671],[37.3589,-0.7689],[37.3443,-0.7693],[37.327,-0.7637],[37.3227,-0.761],[37.3172,-0.7494],[37.3055,-0.749],[37.2967,-0.7544],[37.2872,-0.7559],[37.2752,-0.7556],[37.2662,-0.778],[37.2673,-0.7853],[37.2709,-0.7862],[37.2857,-0.7829],[37.294,-0.7933],[37.2987,-0.795],[37.3006,-0.7985],[37.3045,-0.8001],[37.3057,-0.8024],[37.3055,-0.8129],[37.3106,-0.8152],[37.3128,-0.819],[37.3126,-0.8225],[37.32,-0.8355],[37.3256,-0.8352],[37.326,-0.8366],[37.3233,-0.8383],[37.3229,-0.8401],[37.3288,-0.8444],[37.333,-0.8443],[37.3367,-0.8465],[37.3419,-0.8422],[37.3465,-0.8443],[37.3488,-0.8419],[37.351,-0.8454],[37.3558,-0.8433],[37.3618,-0.8442],[37.3697,-0.849],[37.3762,-0.8503],[37.3762,-0.8546],[37.3797,-0.8574],[37.3846,-0.8519],[37.3903,-0.8551],[37.3979,-0.8561],[37.4039,-0.8509],[37.4121,-0.8503],[37.4136,-0.8532],[37.4106,-0.8586],[37.4132,-0.8611],[37.4261,-0.866],[37.4312,-0.8624],[37.4405,-0.8624],[37.4467,-0.8702],[37.453,-0.8716],[37.4583,-0.8709],[37.462,-0.8755],[37.4657,-0.8726],[37.4704,-0.8767],[37.4737,-0.8759],[37.4714,-0.8862],[37.4773,-0.894],[37.483,-0.895],[37.4844,-0.8993],[37.4903,-0.901],[37.4943,-0.9048],[37.4971,-0.9046],[37.5017,-0.8985],[37.5043,-0.8973],[37.5163,-0.9],[37.5179,-0.9127],[37.5212,-0.9146],[37.5243,-0.9122],[37.5283,-0.9125],[37.5344,-0.9102],[37.5366,-0.9041],[37.5337,-0.8938],[37.5389,-0.8867],[37.5444,-0.885],[37.5466,-0.881],[37.5486,-0.8804],[37.5525,-0.8822],[37.5611,-0.873],[37.5662,-0.8785],[37.5764,-0.8748],[37.5884,-0.8762],[37.589,-0.8717],[37.5924,-0.8686],[37.5919,-0.8666],[37.5881,-0.8641],[37.5891,-0.862],[37.5977,-0.8588],[37.603,-0.8603],[37.6065,-0.853],[37.6162,-0.8529],[37.6182,-0.8499],[37.6203,-0.8495],[37.6271,-0.8502],[37.6287,-0.8474],[37.6284,-0.843],[37.6302,-0.837],[37.6362,-0.837],[37.641,-0.8436],[37.6468,-0.8403],[37.6584,-0.8457],[37.6655,-0.8441],[37.6662,-0.8398],[37.6712,-0.8359],[37.6721,-0.8273],[37.6753,-0.8238],[37.6817,-0.8209],[37.6803,-0.8158],[37.6824,-0.807],[37.6823,-0.7944],[37.6839,-0.7929],[37.6881,-0.7926],[37.6904,-0.7952],[37.6925,-0.7932],[37.6929,-0.7898],[37.6989,-0.7878],[37.6989,-0.7829],[37.7077,-0.7799],[37.7197,-0.7784],[37.7247,-0.779],[37.7329,-0.7734],[37.7416,-0.7761],[37.7446,-0.7791],[37.7469,-0.7852],[37.7499,-0.8017],[37.7553,-0.8115],[37.7548,-0.814],[37.757,-0.8168],[37.7581,-0.8219],[37.7659,-0.8216],[37.7708,-0.8187],[37.7803,-0.8236],[37.7844,-0.8201],[37.7873,-0.821],[37.7957,-0.8159],[37.7981,-0.8097],[37.802,-0.8066],[37.8055,-0.7998],[37.8078,-0.8027],[37.8068,-0.8119],[37.808,-0.8137],[37.8124,-0.811],[37.8146,-0.8065],[37.8203,-0.8034],[37.8291,-0.8046],[37.834,-0.8122],[37.8368,-0.8118],[37.839,-0.8086],[37.8455,-0.8098],[37.8547,-0.8082],[37.8606,-0.8103],[37.8665,-0.8078],[37.8712,-0.8096],[37.8774,-0.804],[37.8833,-0.8025],[37.8833,-0.7998],[37.8805,-0.7968],[37.8799,-0.7931],[37.8833,-0.7863],[37.884,-0.7812],[37.8928,-0.7776],[37.8908,-0.7666],[37.903,-0.7572],[37.9052,-0.7516],[37.9094,-0.7469],[37.9127,-0.7391],[37.912,-0.7348],[37.9154,-0.7284],[37.9134,-0.7234],[37.9116,-0.7072],[37.9096,-0.7071],[37.9077,-0.7102],[37.9047,-0.7086],[37.9003,-0.7092],[37.8993,-0.7077],[37.8986,-0.7034],[37.9039,-0.685],[37.8974,-0.6835],[37.8948,-0.6803],[37.8963,-0.6688],[37.8931,-0.6573],[37.893,-0.6447],[37.907,-0.6378],[37.9188,-0.628],[37.9219,-0.6232],[37.9011,-0.6007],[37.9007,-0.5958],[37.8828,-0.5817],[37.8866,-0.5669],[37.8874,-0.554],[37.8829,-0.5417],[37.882,-0.5347],[37.8925,-0.5091],[37.9001,-0.498],[37.9118,-0.4731],[37.914,-0.4648],[37.929,-0.448],[37.9345,-0.4354],[37.9346,-0.429],[37.9365,-0.4273],[37.9327,-0.4268],[37.9307,-0.4248],[37.9268,-0.4274],[37.9238,-0.4259],[37.9202,-0.4213],[37.922,-0.4151],[37.916,-0.4128],[37.9083,-0.4133],[37.9076,-0.4089],[37.9004,-0.4041],[37.9019,-0.3985],[37.9012,-0.3965],[37.8913,-0.3933],[37.8898,-0.3915],[37.8908,-0.3824],[37.8967,-0.3774],[37.8948,-0.3738],[37.8968,-0.3699],[37.8899,-0.3655],[37.895,-0.3523],[37.891,-0.3481],[37.8907,-0.3449],[37.8866,-0.3421],[37.8809,-0.3472],[37.8736,-0.349],[37.873,-0.3554],[37.8702,-0.3622],[37.8707,-0.3652],[37.8652,-0.3696],[37.8663,-0.3818],[37.8564,-0.3882],[37.8548,-0.3872],[37.8521,-0.389],[37.8477,-0.3989],[37.8457,-0.4006],[37.8457,-0.4031],[37.832,-0.4042],[37.8302,-0.4061],[37.8308,-0.4083],[37.8269,-0.4088],[37.8291,-0.4121],[37.8274,-0.4134],[37.8256,-0.4128],[37.8227,-0.4162],[37.8206,-0.4167],[37.8166,-0.4209],[37.8157,-0.4261],[37.8077,-0.4296],[37.802,-0.4361],[37.7884,-0.4429],[37.7847,-0.4464],[37.7796,-0.445],[37.7688,-0.4483],[37.7592,-0.4487],[37.748,-0.4449],[37.7404,-0.4451],[37.7355,-0.4461],[37.7324,-0.4502],[37.7272,-0.4504],[37.7237,-0.4488],[37.7203,-0.4498],[37.7129,-0.4426],[37.7036,-0.4414],[37.6994,-0.4374],[37.694,-0.4376],[37.6896,-0.4308],[37.6821,-0.4259],[37.6708,-0.4246],[37.6662,-0.4217],[37.662,-0.4212],[37.655,-0.413],[37.6444,-0.407],[37.6374,-0.3974],[37.6375,-0.3932],[37.6338,-0.3923],[37.6304,-0.3886],[37.6251,-0.3895],[37.6148,-0.3866],[37.6126,-0.3833],[37.6018,-0.3831],[37.5895,-0.3747],[37.5848,-0.3687],[37.58,-0.3702],[37.5701,-0.3625],[37.563,-0.3653],[37.5538,-0.3599],[37.3078,-0.1511]]]]}},{"type":"Feature","properties":{"name":"Homa Bay"},"geometry":{"type":"MultiPolygon","coordinates":[[[[33.9477,-0.3372],[33.9281,-0.4548],[33.92,-0.5618],[33.9282,-0.8024],[34.081,-0.8024],[34.0969,-0.7823],[34.1096,-0.7812],[34.1128,-0.778],[34.1207,-0.7829],[34.123,-0.783],[34.1357,-0.7725],[34.139,-0.7784],[34.1559,-0.766],[34.1642,-0.7723],[34.172,-0.7715],[34.1767,-0.7683],[34.1786,-0.76],[34.1912,-0.7651],[34.202,-0.7504],[34.2096,-0.7596],[34.2124,-0.7676],[34.2183,-0.7704],[34.2263,-0.7788],[34.2321,-0.7817],[34.2354,-0.7906],[34.2374,-0.7918],[34.2459,-0.8057],[34.2504,-0.8106],[34.2641,-0.8141],[34.2717,-0.8191],[34.2777,-0.826],[34.284,-0.8263],[34.2948,-0.8368],[34.2982,-0.8372],[34.3002,-0.8427],[34.3193,-0.8651],[34.3353,-0.8613],[34.3368,-0.86],[34.3367,-0.8549],[34.3691,-0.8511],[34.3708,-0.8497],[34.3715,-0.8452],[34.3748,-0.8464],[34.3784,-0.8439],[34.3818,-0.8461],[34.3896,-0.8305],[34.3929,-0.8307],[34.3925,-0.8268],[34.3879,-0.8225],[34.3863,-0.8174],[34.3865,-0.8157],[34.3908,-0.8147],[34.4326,-0.8374],[34.4637,-0.8617],[34.4763,-0.8306],[34.4967,-0.8104],[34.4965,-0.8051],[34.4904,-0.7986],[34.4806,-0.7945],[34.4867,-0.7927],[34.4853,-0.7845],[34.4925,-0.7825],[34.5002,-0.7739],[34.5065,-0.77],[34.5058,-0.7671],[34.5038,-0.767],[34.5023,-0.7649],[34.507,-0.762],[34.5165,-0.7596],[34.5249,-0.761],[34.5336,-0.7477],[34.5363,-0.7416],[34.5397,-0.7259],[34.5397,-0.7061],[34.5457,-0.6897],[34.5466,-0.6889],[34.5477,-0.6908],[34.5485,-0.6902],[34.5566,-0.6698],[34.5609,-0.666],[34.5639,-0.6671],[34.5704,-0.6635],[34.5781,-0.6626],[34.5839,-0.66],[34.5883,-0.662],[34.5876,-0.6534],[34.5976,-0.6534],[34.6046,-0.6517],[34.6158,-0.6538],[34.6198,-0.6566],[34.6262,-0.6577],[34.6306,-0.6622],[34.6377,-0.6651],[34.6445,-0.6335],[34.6622,-0.6043],[34.6859,-0.6002],[34.7043,-0.5745],[34.7515,-0.5576],[34.7672,-0.544],[34.8021,-0.5268],[34.8491,-0.5109],[34.8621,-0.5013],[34.8804,-0.489],[34.9032,-0.4838],[34.9388,-0.4655],[34.9688,-0.4417],[35.0009,-0.4278],[35.0196,-0.4124],[35.0214,-0.4052],[35.0171,-0.3996],[35.0176,-0.3963],[35.0123,-0.3914],[35.0102,-0.3912],[35.0074,-0.3944],[35.0073,-0.3984],[35.005,-0.3997],[35.0032,-0.4045],[35.0004,-0.4057],[34.9978,-0.4042],[34.9895,-0.4078],[34.9869,-0.4131],[34.982,-0.4135],[34.9745,-0.4094],[34.9676,-0.4134],[34.966,-0.4116],[34.9633,-0.4116],[34.9635,-0.4142],[34.959,-0.416],[34.9573,-0.4143],[34.9494,-0.4157],[34.9485,-0.414],[34.9459,-0.4143],[34.944,-0.4128],[34.9381,-0.413],[34.9357,-0.4106],[34.9297,-0.4119],[34.9286,-0.4056],[34.9295,-0.4033],[34.9259,-0.4035],[34.9254,-0.4014],[34.9215,-0.4038],[34.9141,-0.4031],[34.913,-0.3966],[34.9159,-0.3899],[34.915,-0.3851],[34.9112,-0.386],[34.9076,-0.3893],[34.9003,-0.3913],[34.8971,-0.3947],[34.894,-0.3938],[34.8877,-0.4014],[34.8853,-0.3968],[34.8785,-0.3961],[34.8763,-0.3983],[34.8724,-0.3955],[34.8664,-0.3941],[34.8621,-0.3973],[34.8584,-0.3947],[34.8577,-0.3919],[34.8391,-0.3923],[34.8334,-0.3879],[34.824,-0.3878],[34.8227,-0.3858],[34.8248,-0.3848],[34.8251,-0.383],[34.822,-0.3789],[34.8227,-0.3709],[34.8204,-0.3698],[34.8106,-0.356],[34.8105,-0.3512],[34.809,-0.3509],[34.8076,-0.3542],[34.7981,-0.3541],[34.7955,-0.3501],[34.7902,-0.3478],[34.7931,-0.3439],[34.7926,-0.3413],[34.7888,-0.343],[34.7855,-0.3413],[34.7854,-0.3373],[34.7832,-0.3355],[34.7828,-0.3324],[34.7844,-0.3312],[34.7882,-0.3321],[34.7901,-0.3306],[34.7883,-0.3296],[34.7872,-0.3245],[34.7852,-0.324],[34.7855,-0.322],[34.7826,-0.3203],[34.7814,-0.323],[34.7793,-0.3167],[34.7755,-0.3168],[34.7696,-0.3123],[34.7688,-0.3097],[34.7655,-0.3134],[34.7625,-0.3117],[34.7601,-0.3136],[34.7568,-0.3045],[34.7582,-0.2981],[34.755,-0.2959],[34.7546,-0.2895],[34.7064,-0.2581],[34.5324,-0.2717],[34.4834,-0.2993],[34.4224,-0.3336],[34.324,-0.4177],[34.3166,-0.4229],[34.3076,-0.4254],[34.2993,-0.4252],[34.2939,-0.4235],[34.2868,-0.4185],[34.2822,-0.4131],[34.2398,-0.3375],[33.9477,-0.3372]]]]}},{"type":"Feature","properties":{"name":"Bomet"},"geometry":{"type":"MultiPolygon","coordinates":[[[[35.4511,-0.3654],[35.4441,-0.3741],[35.4345,-0.3781],[35.4188,-0.3932],[35.4151,-0.4013],[35.409,-0.4052],[35.4043,-0.4013],[35.4,-0.3999],[35.3906,-0.4038],[35.3876,-0.4038],[35.3803,-0.4006],[35.3769,-0.4022],[35.3756,-0.4046],[35.3683,-0.4029],[35.3586,-0.4063],[35.3476,-0.4078],[35.3412,-0.4058],[35.3349,-0.4062],[35.3314,-0.4046],[35.3279,-0.4065],[35.3274,-0.4104],[35.3205,-0.4172],[35.3065,-0.4244],[35.3014,-0.4254],[35.2899,-0.4242],[35.2845,-0.4187],[35.2774,-0.4195],[35.2753,-0.4179],[35.2592,-0.4244],[35.2546,-0.4246],[35.2495,-0.4207],[35.2446,-0.4233],[35.2355,-0.4237],[35.232,-0.4223],[35.2292,-0.426],[35.2297,-0.4284],[35.2279,-0.4293],[35.2286,-0.4314],[35.2268,-0.4375],[35.2248,-0.4383],[35.2202,-0.4485],[35.2183,-0.4491],[35.2171,-0.4516],[35.218,-0.4555],[35.2143,-0.4584],[35.2125,-0.462],[35.2095,-0.4632],[35.2086,-0.4661],[35.2201,-0.4708],[35.2204,-0.4739],[35.2168,-0.4768],[35.2181,-0.4794],[35.2064,-0.4794],[35.2059,-0.4811],[35.2041,-0.4803],[35.2015,-0.4828],[35.1967,-0.4837],[35.1939,-0.4817],[35.1875,-0.4835],[35.187,-0.4854],[35.1841,-0.4854],[35.1816,-0.4843],[35.1807,-0.4799],[35.1795,-0.4821],[35.1774,-0.4814],[35.1735,-0.4746],[35.1728,-0.4694],[35.1696,-0.4686],[35.1668,-0.4714],[35.1656,-0.4688],[35.1619,-0.4679],[35.1577,-0.4641],[35.1497,-0.4662],[35.15,-0.4635],[35.1457,-0.4603],[35.1435,-0.4605],[35.1414,-0.4565],[35.1358,-0.4627],[35.1349,-0.4656],[35.1324,-0.4613],[35.1189,-0.4593],[35.1116,-0.462],[35.1104,-0.4656],[35.1043,-0.4684],[35.1015,-0.4685],[35.0991,-0.4668],[35.0966,-0.4734],[35.0928,-0.4704],[35.0904,-0.4711],[35.0879,-0.4753],[35.0856,-0.4753],[35.0837,-0.4727],[35.0822,-0.4755],[35.0794,-0.4769],[35.0788,-0.4813],[35.076,-0.4832],[35.0763,-0.4855],[35.0732,-0.4873],[35.0732,-0.4899],[35.0694,-0.4912],[35.0583,-0.4914],[35.0541,-0.4971],[35.0523,-0.4963],[35.0514,-0.4996],[35.056,-0.5075],[35.0527,-0.5118],[35.0518,-0.5183],[35.0477,-0.5221],[35.0477,-0.5245],[35.0509,-0.527],[35.0524,-0.5341],[35.0487,-0.5365],[35.0518,-0.5426],[35.0496,-0.5462],[35.0508,-0.5525],[35.0492,-0.5557],[35.05,-0.5651],[35.0471,-0.5707],[35.0493,-0.5715],[35.0508,-0.5823],[35.0551,-0.5897],[35.0567,-0.5956],[35.0616,-0.6026],[35.0609,-0.6109],[35.0581,-0.6139],[35.0566,-0.619],[35.0612,-0.6234],[35.0628,-0.6306],[35.0623,-0.6337],[35.0582,-0.6365],[35.0548,-0.6452],[35.056,-0.6501],[35.0547,-0.6562],[35.0572,-0.6651],[35.0627,-0.6713],[35.0621,-0.6759],[35.0648,-0.6779],[35.0715,-0.6922],[35.0687,-0.6951],[35.0565,-0.6975],[35.0491,-0.7024],[35.0476,-0.7063],[35.0911,-0.8005],[35.0443,-0.8526],[35.0316,-0.8446],[35.0212,-0.8468],[35.0253,-0.861],[35.0255,-0.8734],[35.0239,-0.8741],[35.0204,-0.8691],[35.0181,-0.8709],[35.0118,-0.8805],[35.0134,-0.8845],[35.013,-0.8895],[35.0822,-0.9055],[35.2402,-1.0332],[35.2487,-1.0336],[35.2502,-1.0322],[35.2501,-1.0285],[35.2534,-1.0288],[35.2538,-1.0265],[35.2596,-1.0272],[35.2628,-1.0195],[35.2723,-1.0214],[35.2719,-1.018],[35.2785,-1.0165],[35.2839,-1.0116],[35.2865,-1.0114],[35.2974,-1.0055],[35.3014,-1.0013],[35.3051,-1.0032],[35.3086,-1.0015],[35.3112,-0.9993],[35.3097,-0.9955],[35.3121,-0.996],[35.3138,-0.9911],[35.3184,-0.9883],[35.3214,-0.9887],[35.3225,-0.9865],[35.3261,-0.9865],[35.3283,-0.9838],[35.331,-0.9851],[35.3308,-0.9831],[35.3282,-0.981],[35.3317,-0.9763],[35.3379,-0.9789],[35.338,-0.9746],[35.3441,-0.9718],[35.3468,-0.973],[35.3461,-0.976],[35.3487,-0.9788],[35.3495,-0.9767],[35.3483,-0.9727],[35.35,-0.9717],[35.3495,-0.9695],[35.352,-0.9663],[35.3541,-0.9665],[35.3527,-0.9687],[35.3567,-0.9701],[35.3573,-0.9725],[35.3603,-0.9701],[35.3633,-0.9713],[35.3647,-0.9762],[35.3675,-0.9736],[35.3681,-0.9692],[35.3712,-0.9701],[35.3748,-0.9662],[35.3764,-0.9608],[35.3784,-0.9622],[35.3822,-0.959],[35.3843,-0.9602],[35.3866,-0.9582],[35.3911,-0.9582],[35.3934,-0.9567],[35.3966,-0.9581],[35.401,-0.9531],[35.4017,-0.9493],[35.4041,-0.9506],[35.4064,-0.9484],[35.4161,-0.9459],[35.4194,-0.9469],[35.4189,-0.9423],[35.4221,-0.9412],[35.4202,-0.9364],[35.4234,-0.9358],[35.4242,-0.9335],[35.4238,-0.925],[35.4214,-0.9227],[35.422,-0.9195],[35.4244,-0.9182],[35.426,-0.9189],[35.4266,-0.9176],[35.4238,-0.9115],[35.4229,-0.9055],[35.4276,-0.9057],[35.4291,-0.9039],[35.4282,-0.8999],[35.4296,-0.8957],[35.4307,-0.8955],[35.432,-0.8985],[35.4386,-0.8958],[35.4397,-0.8927],[35.4373,-0.8888],[35.4415,-0.8892],[35.442,-0.8866],[35.4442,-0.8863],[35.4449,-0.8836],[35.4481,-0.8824],[35.4476,-0.8852],[35.4498,-0.8851],[35.4502,-0.8826],[35.4521,-0.8818],[35.4523,-0.8845],[35.4542,-0.8851],[35.4544,-0.8783],[35.4567,-0.8748],[35.4582,-0.8754],[35.4603,-0.8741],[35.4593,-0.8712],[35.4609,-0.8688],[35.4597,-0.8646],[35.4669,-0.8641],[35.4674,-0.8618],[35.4705,-0.8607],[35.47,-0.8578],[35.475,-0.8559],[35.4758,-0.852],[35.4781,-0.8514],[35.476,-0.8467],[35.4779,-0.843],[35.4774,-0.8406],[35.4823,-0.8374],[35.4836,-0.8346],[35.4858,-0.8344],[35.4854,-0.8311],[35.4922,-0.8298],[35.497,-0.8246],[35.4992,-0.8255],[35.5071,-0.8241],[35.5112,-0.8192],[35.5114,-0.8171],[35.5152,-0.8182],[35.5175,-0.8159],[35.5177,-0.8125],[35.52,-0.8094],[35.5249,-0.8096],[35.5265,-0.8067],[35.5298,-0.8049],[35.4256,-0.7212],[35.3961,-0.6449],[35.5867,-0.5881],[35.4511,-0.3654]]]]}},{"type":"Feature","properties":{"name":"Nyamira"},"geometry":{"type":"MultiPolygon","coordinates":[[[[35.0196,-0.4124],[35.0009,-0.4278],[34.9688,-0.4417],[34.9388,-0.4655],[34.9032,-0.4838],[34.8804,-0.489],[34.8621,-0.5013],[34.8651,-0.505],[34.8668,-0.5046],[34.8713,-0.5088],[34.8828,-0.5239],[34.8838,-0.5407],[34.8786,-0.5514],[34.8773,-0.5623],[34.8751,-0.5651],[34.8723,-0.5744],[34.8813,-0.5854],[34.8783,-0.5904],[34.8832,-0.5931],[34.8899,-0.6007],[34.8867,-0.6152],[34.8844,-0.6184],[34.8802,-0.6201],[34.8754,-0.6172],[34.8755,-0.6131],[34.8742,-0.6116],[34.8699,-0.6144],[34.8716,-0.6196],[34.8705,-0.62],[34.8621,-0.6127],[34.8606,-0.6075],[34.8511,-0.5959],[34.8459,-0.5954],[34.8405,-0.6018],[34.8349,-0.6039],[34.8317,-0.6155],[34.8258,-0.6218],[34.8203,-0.6244],[34.8159,-0.6317],[34.8142,-0.6418],[34.8097,-0.6517],[34.8123,-0.6696],[34.8085,-0.6666],[34.8034,-0.6678],[34.7988,-0.6655],[34.7928,-0.6675],[34.7905,-0.673],[34.7862,-0.6737],[34.7895,-0.6762],[34.7936,-0.6836],[34.7945,-0.6886],[34.8076,-0.6857],[34.8206,-0.6916],[34.8246,-0.7051],[34.8263,-0.7036],[34.8282,-0.7059],[34.8363,-0.7084],[34.8404,-0.7144],[34.8533,-0.7252],[34.8755,-0.7363],[34.8797,-0.7414],[34.8855,-0.7436],[34.8874,-0.7469],[34.8933,-0.7475],[34.8959,-0.7458],[34.9051,-0.7552],[34.9066,-0.7602],[34.9172,-0.7592],[34.9225,-0.7609],[34.9278,-0.7659],[34.9342,-0.7659],[34.9391,-0.7711],[34.9439,-0.7731],[35.013,-0.8895],[35.0134,-0.8845],[35.0118,-0.8805],[35.0181,-0.8709],[35.0204,-0.8691],[35.0239,-0.8741],[35.0255,-0.8734],[35.0253,-0.861],[35.0212,-0.8468],[35.0316,-0.8446],[35.0443,-0.8526],[35.0911,-0.8005],[35.0476,-0.7063],[35.0491,-0.7024],[35.0565,-0.6975],[35.0687,-0.6951],[35.0715,-0.6922],[35.0648,-0.6779],[35.0621,-0.6759],[35.0627,-0.6713],[35.0572,-0.6651],[35.0547,-0.6562],[35.056,-0.6501],[35.0548,-0.6452],[35.0582,-0.6365],[35.0623,-0.6337],[35.0628,-0.6306],[35.0612,-0.6234],[35.0566,-0.619],[35.0581,-0.6139],[35.0609,-0.6109],[35.0616,-0.6026],[35.0567,-0.5956],[35.0551,-0.5897],[35.0508,-0.5823],[35.0493,-0.5715],[35.0471,-0.5707],[35.05,-0.5651],[35.0492,-0.5557],[35.0508,-0.5525],[35.0496,-0.5462],[35.0518,-0.5426],[35.0487,-0.5365],[35.0524,-0.5341],[35.0509,-0.527],[35.0477,-0.5245],[35.0477,-0.5221],[35.0518,-0.5183],[35.0527,-0.5118],[35.056,-0.5075],[35.0514,-0.4996],[35.0493,-0.4971],[35.0465,-0.4996],[35.0424,-0.4996],[35.0328,-0.4972],[35.0342,-0.4892],[35.0335,-0.4846],[35.0388,-0.4839],[35.0402,-0.4793],[35.042,-0.4551],[35.045,-0.4546],[35.0439,-0.4511],[35.0448,-0.4468],[35.0383,-0.4374],[35.0382,-0.4308],[35.0321,-0.4195],[35.0298,-0.419],[35.0258,-0.4138],[35.0196,-0.4124]]]]}},{"type":"Feature","properties":{"name":"Narok"},"geometry":{"type":"MultiPolygon","coordinates":[[[[35.5867,-0.5881],[35.3961,-0.6449],[35.4256,-0.7212],[35.5298,-0.8049],[35.5265,-0.8067],[35.5249,-0.8096],[35.52,-0.8094],[35.5177,-0.8125],[35.5175,-0.8159],[35.5152,-0.8182],[35.5114,-0.8171],[35.5112,-0.8192],[35.5071,-0.8241],[35.4992,-0.8255],[35.497,-0.8246],[35.4922,-0.8298],[35.4854,-0.8311],[35.4858,-0.8344],[35.4836,-0.8346],[35.4823,-0.8374],[35.4774,-0.8406],[35.4779,-0.843],[35.476,-0.8467],[35.4781,-0.8514],[35.4758,-0.852],[35.475,-0.8559],[35.47,-0.8578],[35.4705,-0.8607],[35.4674,-0.8618],[35.4669,-0.8641],[35.4597,-0.8646],[35.4609,-0.8688],[35.4593,-0.8712],[35.4603,-0.8741],[35.4582,-0.8754],[35.4567,-0.8748],[35.4544,-0.8783],[35.4542,-0.8851],[35.4523,-0.8845],[35.4521,-0.8818],[35.4502,-0.8826],[35.4498,-0.8851],[35.4476,-0.8852],[35.4481,-0.8824],[35.4449,-0.8836],[35.4442,-0.8863],[35.442,-0.8866],[35.4415,-0.8892],[35.4373,-0.8888],[35.4397,-0.8927],[35.4386,-0.8958],[35.432,-0.8985],[35.4307,-0.8955],[35.4296,-0.8957],[35.4282,-0.8999],[35.4291,-0.9039],[35.4276,-0.9057],[35.4229,-0.9055],[35.4238,-0.9115],[35.4266,-0.9176],[35.426,-0.9189],[35.4244,-0.9182],[35.422,-0.9195],[35.4214,-0.9227],[35.4238,-0.925],[35.4242,-0.9335],[35.4234,-0.9358],[35.4202,-0.9364],[35.4221,-0.9412],[35.4189,-0.9423],[35.4194,-0.9469],[35.4161,-0.9459],[35.4064,-0.9484],[35.4041,-0.9506],[35.4017,-0.9493],[35.401,-0.9531],[35.3966,-0.9581],[35.3934,-0.9567],[35.3911,-0.9582],[35.3866,-0.9582],[35.3843,-0.9602],[35.3822,-0.959],[35.3784,-0.9622],[35.3764,-0.9608],[35.3748,-0.9662],[35.3712,-0.9701],[35.3681,-0.9692],[35.3675,-0.9736],[35.3647,-0.9762],[35.3633,-0.9713],[35.3603,-0.9701],[35.3573,-0.9725],[35.3567,-0.9701],[35.3527,-0.9687],[35.3541,-0.9665],[35.352,-0.9663],[35.3495,-0.9695],[35.35,-0.9717],[35.3483,-0.9727],[35.3495,-0.9767],[35.3487,-0.9788],[35.3461,-0.976],[35.3468,-0.973],[35.3441,-0.9718],[35.338,-0.9746],[35.3379,-0.9789],[35.3317,-0.9763],[35.3282,-0.981],[35.3308,-0.9831],[35.331,-0.9851],[35.3283,-0.9838],[35.3261,-0.9865],[35.3225,-0.9865],[35.3214,-0.9887],[35.3184,-0.9883],[35.3138,-0.9911],[35.3121,-0.996],[35.3097,-0.9955],[35.3112,-0.9993],[35.3086,-1.0015],[35.3051,-1.0032],[35.3014,-1.0013],[35.2974,-1.0055],[35.2865,-1.0114],[35.2839,-1.0116],[35.2785,-1.0165],[35.2719,-1.018],[35.2723,-1.0214],[35.2628,-1.0195],[35.2596,-1.0272],[35.2538,-1.0265],[35.2534,-1.0288],[35.2501,-1.0285],[35.2502,-1.0322],[35.2487,-1.0336],[35.2402,-1.0332],[35.0822,-0.9055],[35.013,-0.8895],[34.6759,-0.9732],[34.6713,-0.9714],[34.6612,-0.9708],[34.6505,-0.9653],[34.642,-0.9683],[34.5903,-1.0177],[34.5947,-1.0455],[34.5991,-1.0546],[34.6169,-1.0725],[34.614,-1.0805],[34.614,-1.0857],[34.6186,-1.0947],[34.6211,-1.1096],[34.6284,-1.1192],[34.6347,-1.1487],[34.6319,-1.1551],[34.6322,-1.1593],[34.6396,-1.1619],[34.6496,-1.1718],[34.6543,-1.1741],[34.6532,-1.1842],[34.6611,-1.1872],[34.6655,-1.1929],[34.6712,-1.1964],[34.6732,-1.208],[34.6805,-1.2106],[34.6862,-1.2081],[34.6886,-1.2106],[34.7306,-1.389],[35.0166,-1.5502],[36.0002,-2.1044],[36.0002,-2.0831],[36.0282,-2.083],[36.0282,-2.0397],[36.0309,-2.0359],[36.0297,-2.0314],[36.0303,-2.0221],[36.0376,-2.0067],[36.0355,-2.0025],[36.0356,-1.9932],[36.0372,-1.9907],[36.0401,-1.9755],[36.0373,-1.972],[36.0395,-1.9698],[36.0416,-1.9602],[36.0379,-1.9493],[36.0409,-1.9469],[36.0431,-1.9387],[36.0417,-1.9333],[36.0372,-1.9289],[36.0382,-1.9206],[36.0346,-1.919],[36.034,-1.9166],[36.037,-1.9131],[36.043,-1.9112],[36.044,-1.9091],[36.0431,-1.9071],[36.0398,-1.9072],[36.0343,-1.9024],[36.0269,-1.8903],[36.0281,-1.8887],[36.0317,-1.8882],[36.0336,-1.8887],[36.0349,-1.8915],[36.0374,-1.8905],[36.038,-1.8772],[36.0395,-1.8763],[36.0428,-1.8783],[36.0447,-1.8777],[36.0474,-1.8721],[36.0482,-1.8617],[36.0502,-1.8574],[36.048,-1.8478],[36.049,-1.8422],[36.0425,-1.8349],[36.0444,-1.8312],[36.0402,-1.8285],[36.0414,-1.8254],[36.0398,-1.8217],[36.0376,-1.8209],[36.0315,-1.8253],[36.0294,-1.8253],[36.0306,-1.8201],[36.0293,-1.8098],[36.0235,-1.8062],[36.0176,-1.8078],[36.0164,-1.804],[36.0267,-1.7961],[36.0232,-1.7937],[36.023,-1.7922],[36.0294,-1.7892],[36.0313,-1.7862],[36.0317,-1.7803],[36.0258,-1.7795],[36.0216,-1.7761],[36.0319,-1.7679],[36.0313,-1.7616],[36.0323,-1.7605],[36.034,-1.7614],[36.0351,-1.7568],[36.0338,-1.754],[36.0362,-1.7505],[36.0357,-1.7438],[36.0417,-1.74],[36.0411,-1.7325],[36.0436,-1.7324],[36.047,-1.735],[36.0497,-1.7296],[36.0476,-1.7195],[36.0387,-1.7135],[36.0381,-1.7102],[36.0416,-1.7095],[36.0449,-1.7109],[36.0476,-1.7056],[36.0564,-1.7116],[36.0559,-1.7077],[36.0576,-1.7063],[36.0576,-1.7029],[36.0646,-1.6988],[36.0617,-1.6899],[36.0578,-1.6876],[36.0573,-1.6829],[36.0553,-1.6801],[36.0585,-1.6732],[36.0518,-1.6656],[36.0523,-1.6608],[36.0501,-1.6552],[36.0475,-1.6541],[36.0473,-1.6495],[36.0522,-1.6469],[36.0512,-1.6428],[36.0527,-1.6363],[36.0559,-1.6322],[36.0579,-1.6237],[36.0556,-1.6185],[36.0633,-1.6169],[36.0625,-1.6108],[36.0651,-1.6101],[36.0672,-1.6073],[36.069,-1.5996],[36.0726,-1.5935],[36.0747,-1.5923],[36.0771,-1.5954],[36.0787,-1.5949],[36.0795,-1.5868],[36.084,-1.5795],[36.0853,-1.5742],[36.0836,-1.5606],[36.0734,-1.5423],[36.0683,-1.5269],[36.0603,-1.5102],[36.0593,-1.5008],[36.052,-1.4909],[36.3462,-1.1757],[36.3339,-1.0494],[36.2625,-0.9132],[36.2035,-0.9335],[36.1932,-0.9156],[36.1846,-0.9155],[36.1842,-0.9126],[36.1889,-0.9083],[36.1688,-0.8723],[36.1571,-0.837],[36.1871,-0.8047],[36.1898,-0.7853],[36.1818,-0.7789],[36.1917,-0.7661],[36.19,-0.7633],[36.1884,-0.7649],[36.1867,-0.7641],[36.1829,-0.7589],[36.1719,-0.7543],[36.1695,-0.7522],[36.1698,-0.7502],[36.1671,-0.7465],[36.1606,-0.7448],[36.1586,-0.7406],[36.1583,-0.7327],[36.1539,-0.7278],[36.1514,-0.7198],[36.1529,-0.718],[36.153,-0.7145],[36.1455,-0.7117],[36.1419,-0.7121],[36.1003,-0.6759],[36.0975,-0.6396],[36.062,-0.6569],[36.0286,-0.6789],[36.0211,-0.6706],[36.0111,-0.6635],[35.9459,-0.7143],[35.9288,-0.7056],[35.9294,-0.6966],[35.8913,-0.6496],[35.8761,-0.6505],[35.8789,-0.6435],[35.8756,-0.6371],[35.9148,-0.6352],[35.9493,-0.6657],[35.9814,-0.6303],[35.9512,-0.5705],[35.9475,-0.5673],[35.946,-0.5584],[35.9435,-0.5552],[35.9351,-0.5564],[35.9316,-0.5511],[35.9104,-0.5497],[35.903,-0.5474],[35.8881,-0.5269],[35.8303,-0.4945],[35.8381,-0.4726],[35.8352,-0.4666],[35.8303,-0.4667],[35.8279,-0.4725],[35.8137,-0.4766],[35.8128,-0.4757],[35.8144,-0.466],[35.8107,-0.4575],[35.7992,-0.456],[35.795,-0.4602],[35.7928,-0.4672],[35.7946,-0.4715],[35.7745,-0.5212],[35.7712,-0.5369],[35.7375,-0.531],[35.7319,-0.5348],[35.7235,-0.5469],[35.7162,-0.5531],[35.7087,-0.5539],[35.7106,-0.561],[35.7094,-0.5778],[35.7061,-0.5853],[35.7033,-0.5869],[35.7024,-0.5906],[35.6909,-0.6001],[35.6868,-0.6183],[35.6831,-0.6243],[35.6847,-0.629],[35.6842,-0.6402],[35.6803,-0.6472],[35.6803,-0.6522],[35.6764,-0.6546],[35.6756,-0.6593],[35.6717,-0.6591],[35.6679,-0.6637],[35.663,-0.676],[35.6632,-0.6808],[35.6522,-0.686],[35.6496,-0.6951],[35.6469,-0.6969],[35.6451,-0.7026],[35.6421,-0.7022],[35.6267,-0.6842],[35.6108,-0.6739],[35.6008,-0.6716],[35.5867,-0.5881]]]]}},{"type":"Feature","properties":{"name":"Kisii"},"geometry":{"type":"MultiPolygon","coordinates":[[[[34.6377,-0.6651],[34.6366,-0.6701],[34.644,-0.7052],[34.6313,-0.7298],[34.6286,-0.7531],[34.6185,-0.9008],[34.6327,-0.9655],[34.6395,-0.9665],[34.642,-0.9683],[34.6505,-0.9653],[34.6612,-0.9708],[34.6713,-0.9714],[34.6759,-0.9732],[35.013,-0.8895],[34.9439,-0.7731],[34.9391,-0.7711],[34.9342,-0.7659],[34.9278,-0.7659],[34.9225,-0.7609],[34.9172,-0.7592],[34.9066,-0.7602],[34.9051,-0.7552],[34.8959,-0.7458],[34.8933,-0.7475],[34.8874,-0.7469],[34.8855,-0.7436],[34.8797,-0.7414],[34.8755,-0.7363],[34.8533,-0.7252],[34.8404,-0.7144],[34.8363,-0.7084],[34.8282,-0.7059],[34.8263,-0.7036],[34.8246,-0.7051],[34.8206,-0.6916],[34.8076,-0.6857],[34.7945,-0.6886],[34.7936,-0.6836],[34.7895,-0.6762],[34.7862,-0.6737],[34.7905,-0.673],[34.7928,-0.6675],[34.7988,-0.6655],[34.8034,-0.6678],[34.8085,-0.6666],[34.8123,-0.6696],[34.8097,-0.6517],[34.8142,-0.6418],[34.8159,-0.6317],[34.8203,-0.6244],[34.8258,-0.6218],[34.8317,-0.6155],[34.8349,-0.6039],[34.8405,-0.6018],[34.8459,-0.5954],[34.8511,-0.5959],[34.8606,-0.6075],[34.8621,-0.6127],[34.8705,-0.62],[34.8716,-0.6196],[34.8699,-0.6144],[34.8742,-0.6116],[34.8755,-0.6131],[34.8754,-0.6172],[34.8802,-0.6201],[34.8844,-0.6184],[34.8867,-0.6152],[34.8899,-0.6007],[34.8832,-0.5931],[34.8783,-0.5904],[34.8813,-0.5854],[34.8723,-0.5744],[34.8751,-0.5651],[34.8773,-0.5623],[34.8786,-0.5514],[34.8838,-0.5407],[34.8828,-0.5239],[34.8713,-0.5088],[34.8668,-0.5046],[34.8651,-0.505],[34.8621,-0.5013],[34.8491,-0.5109],[34.8021,-0.5268],[34.7672,-0.544],[34.7515,-0.5576],[34.7043,-0.5745],[34.6859,-0.6002],[34.6622,-0.6043],[34.6445,-0.6335],[34.6377,-0.6651]]]]}},{"type":"Feature","properties":{"name":"Murang'a"},"geometry":{"type":"MultiPolygon","coordinates":[[[[36.72,-0.8064],[36.7248,-0.8107],[36.732,-0.8125],[36.7385,-0.8181],[36.7477,-0.8315],[36.7577,-0.8331],[36.7695,-0.8323],[36.7741,-0.834],[36.7802,-0.8405],[36.7831,-0.8398],[36.7873,-0.8446],[36.7915,-0.8451],[36.8056,-0.8567],[36.8089,-0.8559],[36.8094,-0.8587],[36.8238,-0.8639],[36.8258,-0.8691],[36.8298,-0.8706],[36.8312,-0.8733],[36.8341,-0.8736],[36.8374,-0.8775],[36.8397,-0.878],[36.8407,-0.8764],[36.8489,-0.8824],[36.8568,-0.8821],[36.8596,-0.8845],[36.8591,-0.8871],[36.8628,-0.8899],[36.8688,-0.8895],[36.8713,-0.8926],[36.8727,-0.8913],[36.8757,-0.8925],[36.8783,-0.8946],[36.8794,-0.898],[36.8855,-0.8959],[36.888,-0.8994],[36.8874,-0.9034],[36.8922,-0.9115],[36.8969,-0.9112],[36.9014,-0.9137],[36.9065,-0.9132],[36.9062,-0.9173],[36.9092,-0.9206],[36.9117,-0.9282],[36.9181,-0.9308],[36.9218,-0.9354],[36.9262,-0.9351],[36.9326,-0.9415],[36.9417,-0.9457],[36.9439,-0.9499],[36.9491,-0.952],[36.9497,-0.9547],[36.9544,-0.9558],[36.956,-0.9615],[36.961,-0.9669],[36.9646,-0.9735],[36.9791,-0.9768],[36.9916,-0.9904],[36.9955,-0.9914],[36.9995,-0.9953],[37.0031,-0.9966],[37.0154,-1.0095],[37.0218,-1.0113],[37.0242,-1.0159],[37.0277,-1.0182],[37.0323,-1.0281],[37.0363,-1.0308],[37.0503,-1.0337],[37.0547,-1.0317],[37.0595,-1.0317],[37.0665,-1.0255],[37.0713,-1.026],[37.0859,-1.0337],[37.0916,-1.034],[37.0965,-1.0365],[37.1012,-1.0345],[37.1062,-1.0358],[37.1108,-1.0415],[37.1153,-1.0412],[37.1223,-1.0532],[37.1245,-1.0533],[37.1259,-1.051],[37.1317,-1.0484],[37.1367,-1.0511],[37.1431,-1.0498],[37.1537,-1.0539],[37.1555,-1.0505],[37.1584,-1.0526],[37.1605,-1.0493],[37.1643,-1.0493],[37.1696,-1.0454],[37.1738,-1.0444],[37.1757,-1.0383],[37.1775,-1.0373],[37.1746,-1.0364],[37.1762,-1.0346],[37.1927,-1.0429],[37.199,-1.0402],[37.204,-1.0356],[37.214,-1.0345],[37.2163,-1.0293],[37.2246,-1.0271],[37.2315,-1.0181],[37.2332,-1.021],[37.2389,-1.0243],[37.2439,-1.0252],[37.2519,-1.0191],[37.2643,-1.017],[37.2681,-1.024],[37.2718,-1.0257],[37.2801,-1.0364],[37.2844,-1.0397],[37.2858,-1.043],[37.2885,-1.044],[37.3021,-1.0565],[37.3099,-1.0661],[37.3113,-1.0668],[37.3146,-1.0641],[37.3214,-1.0706],[37.3245,-1.0772],[37.3295,-1.0773],[37.334,-1.0819],[37.3392,-1.0799],[37.349,-1.092],[37.3579,-1.0912],[37.3628,-1.0947],[37.3895,-1.0573],[37.42,-1.0351],[37.4052,-1.0137],[37.3823,-0.9994],[37.3612,-0.9875],[37.3386,-0.9847],[37.3371,-0.9775],[37.344,-0.9762],[37.3662,-0.9624],[37.354,-0.9458],[37.3366,-0.9649],[37.3343,-0.9587],[37.327,-0.953],[37.3289,-0.9502],[37.3275,-0.9442],[37.3192,-0.9474],[37.3133,-0.9402],[37.3242,-0.9324],[37.3186,-0.9252],[37.3176,-0.9179],[37.2772,-0.8923],[37.2515,-0.8603],[37.2378,-0.8584],[37.2249,-0.8515],[37.2349,-0.8359],[37.2572,-0.8381],[37.2625,-0.8077],[37.2619,-0.7928],[37.2673,-0.7853],[37.2615,-0.7804],[37.261,-0.7693],[37.2554,-0.7549],[37.2567,-0.7524],[37.259,-0.7526],[37.2603,-0.7511],[37.2681,-0.7552],[37.2697,-0.7537],[37.2617,-0.747],[37.2621,-0.7449],[37.2649,-0.7442],[37.257,-0.7348],[37.2561,-0.7272],[37.2514,-0.7262],[37.2494,-0.7242],[37.2502,-0.7205],[37.2537,-0.7214],[37.2543,-0.7203],[37.249,-0.7133],[37.249,-0.7073],[37.2442,-0.7078],[37.2422,-0.7027],[37.2444,-0.6986],[37.2415,-0.6936],[37.2438,-0.6916],[37.2406,-0.689],[37.2386,-0.6802],[37.2361,-0.6768],[37.2371,-0.6675],[37.2328,-0.6677],[37.2291,-0.6716],[37.2259,-0.6729],[37.2124,-0.6886],[37.2101,-0.6826],[37.2042,-0.676],[37.1994,-0.6635],[37.1792,-0.6672],[37.1801,-0.6629],[37.1789,-0.6586],[37.1766,-0.6565],[37.1768,-0.6538],[37.1728,-0.6499],[37.1695,-0.6493],[37.172,-0.6423],[37.1694,-0.6389],[37.1691,-0.6356],[37.1597,-0.6372],[37.1545,-0.6355],[37.1516,-0.6411],[37.1403,-0.6381],[37.1226,-0.6436],[37.1093,-0.6412],[37.1006,-0.6368],[37.1016,-0.6299],[37.0988,-0.6276],[37.0921,-0.6245],[37.0855,-0.6233],[37.0792,-0.619],[37.0775,-0.6156],[37.0749,-0.6157],[37.0678,-0.6112],[37.0653,-0.6104],[37.0628,-0.612],[37.0589,-0.6102],[37.0555,-0.6022],[37.0484,-0.5948],[37.0434,-0.5945],[37.0338,-0.5908],[37.0266,-0.5916],[37.0155,-0.5847],[37.0056,-0.5856],[37.0015,-0.584],[36.9963,-0.5843],[36.9899,-0.5775],[36.9868,-0.5761],[36.9813,-0.5795],[36.9768,-0.5796],[36.9709,-0.5825],[36.9662,-0.5868],[36.9556,-0.5889],[36.9504,-0.5938],[36.9213,-0.6044],[36.9213,-0.6093],[36.9043,-0.6101],[36.8931,-0.6088],[36.886,-0.6097],[36.8837,-0.6113],[36.8797,-0.6081],[36.867,-0.6059],[36.8601,-0.6081],[36.8445,-0.5937],[36.8379,-0.5955],[36.8208,-0.5848],[36.8204,-0.5825],[36.8108,-0.5803],[36.8094,-0.5793],[36.808,-0.573],[36.8038,-0.5704],[36.7887,-0.5709],[36.7779,-0.5664],[36.7717,-0.5678],[36.7551,-0.5675],[36.7464,-0.5716],[36.7428,-0.5699],[36.7379,-0.5704],[36.7338,-0.5667],[36.7211,-0.5717],[36.7047,-0.5902],[36.7061,-0.5954],[36.7055,-0.6012],[36.7084,-0.608],[36.7075,-0.6228],[36.7041,-0.6287],[36.7017,-0.6492],[36.705,-0.6673],[36.7036,-0.6993],[36.7062,-0.7094],[36.7106,-0.7175],[36.7125,-0.7313],[36.7148,-0.7375],[36.7145,-0.7508],[36.7181,-0.7625],[36.7326,-0.7794],[36.7317,-0.7806],[36.7278,-0.7802],[36.7222,-0.7817],[36.7177,-0.7801],[36.7218,-0.7877],[36.7192,-0.7989],[36.72,-0.8064]]]]}},{"type":"Feature","properties":{"name":"Migori"},"geometry":{"type":"MultiPolygon","coordinates":[[[[33.9282,-0.8024],[33.9351,-1.0011],[34.0169,-1.0024],[34.0216,-1.0052],[34.0258,-1.0107],[34.0275,-1.0166],[34.0275,-1.0313],[34.0302,-1.0386],[34.0338,-1.0433],[34.0388,-1.0456],[34.045,-1.0452],[34.0514,-1.0418],[34.0739,-1.0236],[34.0784,-1.0228],[34.084,-1.0251],[34.3749,-1.1886],[34.7306,-1.389],[34.6886,-1.2106],[34.6862,-1.2081],[34.6805,-1.2106],[34.6732,-1.208],[34.6712,-1.1964],[34.6655,-1.1929],[34.6611,-1.1872],[34.6532,-1.1842],[34.6543,-1.1741],[34.6496,-1.1718],[34.6396,-1.1619],[34.6322,-1.1593],[34.6319,-1.1551],[34.6347,-1.1487],[34.6284,-1.1192],[34.6211,-1.1096],[34.6186,-1.0947],[34.614,-1.0857],[34.614,-1.0805],[34.6169,-1.0725],[34.5991,-1.0546],[34.5947,-1.0455],[34.5903,-1.0177],[34.642,-0.9683],[34.6395,-0.9665],[34.6327,-0.9655],[34.6185,-0.9008],[34.6286,-0.7531],[34.6313,-0.7298],[34.644,-0.7052],[34.6366,-0.6701],[34.6377,-0.6651],[34.6306,-0.6622],[34.6262,-0.6577],[34.6198,-0.6566],[34.6158,-0.6538],[34.6046,-0.6517],[34.5976,-0.6534],[34.5876,-0.6534],[34.5883,-0.662],[34.5839,-0.66],[34.5781,-0.6626],[34.5704,-0.6635],[34.5639,-0.6671],[34.5609,-0.666],[34.5566,-0.6698],[34.5485,-0.6902],[34.5477,-0.6908],[34.5466,-0.6889],[34.5457,-0.6897],[34.5397,-0.7061],[34.5397,-0.7259],[34.5363,-0.7416],[34.5336,-0.7477],[34.5249,-0.761],[34.5165,-0.7596],[34.507,-0.762],[34.5023,-0.7649],[34.5038,-0.767],[34.5058,-0.7671],[34.5065,-0.77],[34.5002,-0.7739],[34.4925,-0.7825],[34.4853,-0.7845],[34.4867,-0.7927],[34.4806,-0.7945],[34.4904,-0.7986],[34.4965,-0.8051],[34.4967,-0.8104],[34.4763,-0.8306],[34.4637,-0.8617],[34.4326,-0.8374],[34.3908,-0.8147],[34.3865,-0.8157],[34.3863,-0.8174],[34.3879,-0.8225],[34.3925,-0.8268],[34.3929,-0.8307],[34.3896,-0.8305],[34.3818,-0.8461],[34.3784,-0.8439],[34.3748,-0.8464],[34.3715,-0.8452],[34.3708,-0.8497],[34.3691,-0.8511],[34.3367,-0.8549],[34.3368,-0.86],[34.3353,-0.8613],[34.3193,-0.8651],[34.3002,-0.8427],[34.2982,-0.8372],[34.2948,-0.8368],[34.284,-0.8263],[34.2777,-0.826],[34.2717,-0.8191],[34.2641,-0.8141],[34.2504,-0.8106],[34.2459,-0.8057],[34.2374,-0.7918],[34.2354,-0.7906],[34.2321,-0.7817],[34.2263,-0.7788],[34.2183,-0.7704],[34.2124,-0.7676],[34.2096,-0.7596],[34.202,-0.7504],[34.1912,-0.7651],[34.1786,-0.76],[34.1767,-0.7683],[34.172,-0.7715],[34.1642,-0.7723],[34.1559,-0.766],[34.139,-0.7784],[34.1357,-0.7725],[34.123,-0.783],[34.1207,-0.7829],[34.1128,-0.778],[34.1096,-0.7812],[34.0969,-0.7823],[34.081,-0.8024],[33.9282,-0.8024]]]]}},{"type":"Feature","properties":{"name":"Kiambu"},"geometry":{"type":"MultiPolygon","coordinates":[[[[36.5337,-1.1559],[36.5106,-1.2402],[36.4882,-1.2718],[36.6576,-1.3048],[36.6639,-1.3152],[36.6687,-1.307],[36.6719,-1.3081],[36.6843,-1.2852],[36.6848,-1.2812],[36.6833,-1.28],[36.6844,-1.2746],[36.6864,-1.2742],[36.6865,-1.2711],[36.6915,-1.2683],[36.6885,-1.264],[36.6902,-1.2589],[36.6942,-1.2592],[36.6967,-1.2612],[36.6986,-1.2582],[36.7175,-1.2615],[36.7251,-1.2435],[36.7262,-1.2324],[36.7317,-1.2351],[36.7445,-1.2355],[36.7532,-1.2209],[36.7633,-1.2265],[36.7738,-1.2298],[36.782,-1.2134],[36.7879,-1.2093],[36.7812,-1.2023],[36.788,-1.1911],[36.8084,-1.201],[36.8304,-1.2147],[36.827,-1.2062],[36.8289,-1.2059],[36.8334,-1.2092],[36.8395,-1.2081],[36.8455,-1.2115],[36.8476,-1.2028],[36.8532,-1.201],[36.8565,-1.202],[36.8592,-1.1893],[36.8673,-1.1945],[36.8723,-1.1956],[36.8795,-1.1958],[36.8878,-1.1931],[36.8965,-1.1925],[36.892,-1.1856],[36.8923,-1.1821],[36.885,-1.1721],[36.8897,-1.1694],[36.8923,-1.1637],[36.896,-1.1605],[36.9164,-1.1615],[36.924,-1.1678],[36.9351,-1.171],[36.9392,-1.174],[36.9092,-1.2064],[36.9131,-1.212],[36.9208,-1.2178],[36.9292,-1.2217],[36.9373,-1.2218],[36.9476,-1.2269],[36.9513,-1.2258],[36.9545,-1.2289],[36.9581,-1.227],[36.9673,-1.2288],[36.9751,-1.224],[36.9861,-1.2231],[36.9897,-1.2245],[36.9897,-1.2269],[36.9932,-1.2302],[37.0006,-1.2333],[37.0046,-1.2367],[37.011,-1.2348],[37.0142,-1.2282],[37.0186,-1.2258],[37.0218,-1.2266],[37.0245,-1.2255],[37.0318,-1.2203],[37.0336,-1.2154],[37.0425,-1.2099],[37.0465,-1.2104],[37.0541,-1.2063],[37.0564,-1.2083],[37.0604,-1.2058],[37.0788,-1.2377],[37.0878,-1.2324],[37.0941,-1.2439],[37.0866,-1.248],[37.1027,-1.2617],[37.1034,-1.2605],[37.1083,-1.2607],[37.1104,-1.2593],[37.1096,-1.2474],[37.1107,-1.2464],[37.1158,-1.2477],[37.1188,-1.2463],[37.119,-1.2386],[37.1205,-1.2353],[37.127,-1.2326],[37.1359,-1.2331],[37.1418,-1.2259],[37.1509,-1.2254],[37.1548,-1.2218],[37.1561,-1.2128],[37.1532,-1.2093],[37.1597,-1.2059],[37.1554,-1.1955],[37.162,-1.1933],[37.1666,-1.188],[37.1733,-1.1752],[37.1821,-1.1668],[37.1817,-1.1615],[37.1798,-1.1578],[37.1851,-1.1485],[37.183,-1.1441],[37.1865,-1.1386],[37.1852,-1.1358],[37.181,-1.1335],[37.1754,-1.1206],[37.1752,-1.1161],[37.181,-1.1094],[37.188,-1.1058],[37.1898,-1.0973],[37.1965,-1.0919],[37.2007,-1.0903],[37.2109,-1.08],[37.223,-1.0787],[37.227,-1.0759],[37.2311,-1.0753],[37.2449,-1.0799],[37.254,-1.0763],[37.257,-1.0735],[37.2649,-1.0712],[37.2679,-1.0677],[37.281,-1.0661],[37.2881,-1.0708],[37.293,-1.0698],[37.2979,-1.0713],[37.3093,-1.0849],[37.3124,-1.0866],[37.3146,-1.0916],[37.3251,-1.0965],[37.3264,-1.1006],[37.3407,-1.1132],[37.3429,-1.1176],[37.3628,-1.0947],[37.3579,-1.0912],[37.349,-1.092],[37.3392,-1.0799],[37.334,-1.0819],[37.3295,-1.0773],[37.3245,-1.0772],[37.3214,-1.0706],[37.3146,-1.0641],[37.3113,-1.0668],[37.3099,-1.0661],[37.3021,-1.0565],[37.2885,-1.044],[37.2858,-1.043],[37.2844,-1.0397],[37.2801,-1.0364],[37.2718,-1.0257],[37.2681,-1.024],[37.2643,-1.017],[37.2519,-1.0191],[37.2439,-1.0252],[37.2389,-1.0243],[37.2332,-1.021],[37.2315,-1.0181],[37.2246,-1.0271],[37.2163,-1.0293],[37.214,-1.0345],[37.204,-1.0356],[37.199,-1.0402],[37.1927,-1.0429],[37.1762,-1.0346],[37.1746,-1.0364],[37.1775,-1.0373],[37.1757,-1.0383],[37.1738,-1.0444],[37.1696,-1.0454],[37.1643,-1.0493],[37.1605,-1.0493],[37.1584,-1.0526],[37.1555,-1.0505],[37.1537,-1.0539],[37.1431,-1.0498],[37.1367,-1.0511],[37.1317,-1.0484],[37.1259,-1.051],[37.1245,-1.0533],[37.1223,-1.0532],[37.1153,-1.0412],[37.1108,-1.0415],[37.1062,-1.0358],[37.1012,-1.0345],[37.0965,-1.0365],[37.0916,-1.034],[37.0859,-1.0337],[37.0713,-1.026],[37.0665,-1.0255],[37.0595,-1.0317],[37.0547,-1.0317],[37.0503,-1.0337],[37.0363,-1.0308],[37.0323,-1.0281],[37.0277,-1.0182],[37.0242,-1.0159],[37.0218,-1.0113],[37.0154,-1.0095],[37.0031,-0.9966],[36.9995,-0.9953],[36.9955,-0.9914],[36.9916,-0.9904],[36.9791,-0.9768],[36.9646,-0.9735],[36.961,-0.9669],[36.956,-0.9615],[36.9544,-0.9558],[36.9497,-0.9547],[36.9491,-0.952],[36.9439,-0.9499],[36.9417,-0.9457],[36.9326,-0.9415],[36.9262,-0.9351],[36.9218,-0.9354],[36.9181,-0.9308],[36.9117,-0.9282],[36.9092,-0.9206],[36.9062,-0.9173],[36.9065,-0.9132],[36.9014,-0.9137],[36.8969,-0.9112],[36.8922,-0.9115],[36.8874,-0.9034],[36.888,-0.8994],[36.8855,-0.8959],[36.8794,-0.898],[36.8783,-0.8946],[36.8757,-0.8925],[36.8727,-0.8913],[36.8713,-0.8926],[36.8688,-0.8895],[36.8628,-0.8899],[36.8591,-0.8871],[36.8596,-0.8845],[36.8568,-0.8821],[36.8489,-0.8824],[36.8407,-0.8764],[36.8397,-0.878],[36.8374,-0.8775],[36.8341,-0.8736],[36.8312,-0.8733],[36.8298,-0.8706],[36.8258,-0.8691],[36.8238,-0.8639],[36.8094,-0.8587],[36.8089,-0.8559],[36.8056,-0.8567],[36.7915,-0.8451],[36.7873,-0.8446],[36.7831,-0.8398],[36.7802,-0.8405],[36.7741,-0.834],[36.7695,-0.8323],[36.7577,-0.8331],[36.7477,-0.8315],[36.7385,-0.8181],[36.732,-0.8125],[36.7248,-0.8107],[36.72,-0.8064],[36.7062,-0.7855],[36.6856,-0.7648],[36.6716,-0.7585],[36.6669,-0.7594],[36.6585,-0.7678],[36.6503,-0.7646],[36.6083,-0.8056],[36.6186,-0.8298],[36.586,-0.8265],[36.5898,-0.8489],[36.598,-0.8618],[36.587,-0.8868],[36.577,-0.8919],[36.5618,-0.9039],[36.5632,-0.9085],[36.5701,-0.9089],[36.5686,-0.9111],[36.5528,-0.92],[36.5612,-0.9243],[36.5683,-0.9215],[36.5747,-0.9243],[36.578,-0.9293],[36.5761,-0.9381],[36.5725,-0.9423],[36.5799,-0.9481],[36.5849,-0.9619],[36.5849,-0.9793],[36.5885,-0.982],[36.594,-0.9834],[36.5954,-0.9917],[36.5843,-1.0444],[36.5883,-1.0634],[36.567,-1.1015],[36.5639,-1.1001],[36.5417,-1.127],[36.5337,-1.1559]]]]}},{"type":"Feature","properties":{"name":"Machakos"},"geometry":{"type":"MultiPolygon","coordinates":[[[[37.8455,-0.8098],[37.839,-0.8086],[37.8368,-0.8118],[37.834,-0.8122],[37.8291,-0.8046],[37.8203,-0.8034],[37.8146,-0.8065],[37.8124,-0.811],[37.808,-0.8137],[37.8068,-0.8119],[37.8078,-0.8027],[37.8055,-0.7998],[37.802,-0.8066],[37.7981,-0.8097],[37.7957,-0.8159],[37.7873,-0.821],[37.7844,-0.8201],[37.7803,-0.8236],[37.7708,-0.8187],[37.7659,-0.8216],[37.7581,-0.8219],[37.757,-0.8168],[37.7548,-0.814],[37.7553,-0.8115],[37.7499,-0.8017],[37.7469,-0.7852],[37.7446,-0.7791],[37.7416,-0.7761],[37.7329,-0.7734],[37.7247,-0.779],[37.7197,-0.7784],[37.7077,-0.7799],[37.6989,-0.7829],[37.6989,-0.7878],[37.6929,-0.7898],[37.6925,-0.7932],[37.6904,-0.7952],[37.6881,-0.7926],[37.6839,-0.7929],[37.6823,-0.7944],[37.6824,-0.807],[37.6803,-0.8158],[37.6817,-0.8209],[37.6753,-0.8238],[37.6721,-0.8273],[37.6712,-0.8359],[37.6662,-0.8398],[37.6655,-0.8441],[37.6584,-0.8457],[37.6468,-0.8403],[37.641,-0.8436],[37.6362,-0.837],[37.6302,-0.837],[37.6284,-0.843],[37.6287,-0.8474],[37.6271,-0.8502],[37.6203,-0.8495],[37.6182,-0.8499],[37.6162,-0.8529],[37.6065,-0.853],[37.603,-0.8603],[37.5977,-0.8588],[37.5891,-0.862],[37.5881,-0.8641],[37.5919,-0.8666],[37.5924,-0.8686],[37.589,-0.8717],[37.5884,-0.8762],[37.5764,-0.8748],[37.5662,-0.8785],[37.5611,-0.873],[37.5525,-0.8822],[37.5486,-0.8804],[37.5466,-0.881],[37.5444,-0.885],[37.5389,-0.8867],[37.5337,-0.8938],[37.5366,-0.9041],[37.5344,-0.9102],[37.5283,-0.9125],[37.5243,-0.9122],[37.5212,-0.9146],[37.5179,-0.9127],[37.5163,-0.9],[37.5043,-0.8973],[37.5017,-0.8985],[37.4971,-0.9046],[37.4943,-0.9048],[37.4903,-0.901],[37.4844,-0.8993],[37.483,-0.895],[37.4773,-0.894],[37.4714,-0.8862],[37.4737,-0.8759],[37.4704,-0.8767],[37.4657,-0.8726],[37.462,-0.8755],[37.4583,-0.8709],[37.453,-0.8716],[37.4467,-0.8702],[37.4405,-0.8624],[37.4312,-0.8624],[37.4261,-0.866],[37.4132,-0.8611],[37.4106,-0.8586],[37.4136,-0.8532],[37.4121,-0.8503],[37.4039,-0.8509],[37.3979,-0.8561],[37.3903,-0.8551],[37.3846,-0.8519],[37.3797,-0.8574],[37.3762,-0.8546],[37.3762,-0.8503],[37.3697,-0.849],[37.3618,-0.8442],[37.3558,-0.8433],[37.351,-0.8454],[37.3488,-0.8419],[37.3465,-0.8443],[37.3419,-0.8422],[37.3367,-0.8465],[37.333,-0.8443],[37.3288,-0.8444],[37.3229,-0.8401],[37.3233,-0.8383],[37.326,-0.8366],[37.3256,-0.8352],[37.32,-0.8355],[37.3126,-0.8225],[37.3128,-0.819],[37.3106,-0.8152],[37.3055,-0.8129],[37.3057,-0.8024],[37.3045,-0.8001],[37.3006,-0.7985],[37.2987,-0.795],[37.294,-0.7933],[37.2857,-0.7829],[37.2709,-0.7862],[37.2673,-0.7853],[37.2619,-0.7928],[37.2625,-0.8077],[37.2572,-0.8381],[37.2349,-0.8359],[37.2249,-0.8515],[37.2378,-0.8584],[37.2515,-0.8603],[37.2772,-0.8923],[37.3176,-0.9179],[37.3186,-0.9252],[37.3242,-0.9324],[37.3133,-0.9402],[37.3192,-0.9474],[37.3275,-0.9442],[37.3289,-0.9502],[37.327,-0.953],[37.3343,-0.9587],[37.3366,-0.9649],[37.354,-0.9458],[37.3662,-0.9624],[37.344,-0.9762],[37.3371,-0.9775],[37.3386,-0.9847],[37.3612,-0.9875],[37.3823,-0.9994],[37.4052,-1.0137],[37.42,-1.0351],[37.3895,-1.0573],[37.3628,-1.0947],[37.3429,-1.1176],[37.3407,-1.1132],[37.3264,-1.1006],[37.3251,-1.0965],[37.3146,-1.0916],[37.3124,-1.0866],[37.3093,-1.0849],[37.2979,-1.0713],[37.293,-1.0698],[37.2881,-1.0708],[37.281,-1.0661],[37.2679,-1.0677],[37.2649,-1.0712],[37.257,-1.0735],[37.254,-1.0763],[37.2449,-1.0799],[37.2311,-1.0753],[37.227,-1.0759],[37.223,-1.0787],[37.2109,-1.08],[37.2007,-1.0903],[37.1965,-1.0919],[37.1898,-1.0973],[37.188,-1.1058],[37.181,-1.1094],[37.1752,-1.1161],[37.1754,-1.1206],[37.181,-1.1335],[37.1852,-1.1358],[37.1865,-1.1386],[37.183,-1.1441],[37.1851,-1.1485],[37.1798,-1.1578],[37.1817,-1.1615],[37.1821,-1.1668],[37.1733,-1.1752],[37.1666,-1.188],[37.162,-1.1933],[37.1554,-1.1955],[37.1597,-1.2059],[37.1532,-1.2093],[37.1561,-1.2128],[37.1548,-1.2218],[37.1509,-1.2254],[37.1418,-1.2259],[37.1359,-1.2331],[37.127,-1.2326],[37.1205,-1.2353],[37.119,-1.2386],[37.1188,-1.2463],[37.1158,-1.2477],[37.1107,-1.2464],[37.1096,-1.2474],[37.1104,-1.2593],[37.1083,-1.2607],[37.1034,-1.2605],[37.1027,-1.2617],[37.1045,-1.2666],[37.1021,-1.2745],[37.0981,-1.2729],[37.0954,-1.2752],[37.0874,-1.2777],[37.0841,-1.2808],[37.0828,-1.2851],[37.0771,-1.2848],[37.0762,-1.2921],[37.0727,-1.2961],[37.0736,-1.3001],[37.0761,-1.3012],[37.0763,-1.3031],[37.0248,-1.2919],[37.0026,-1.3007],[36.9951,-1.2816],[36.9728,-1.2894],[36.9828,-1.312],[36.9791,-1.3167],[36.9399,-1.3326],[36.9047,-1.3656],[36.9149,-1.3767],[36.9198,-1.3863],[36.9219,-1.3939],[36.926,-1.3942],[36.9299,-1.3984],[36.9345,-1.3993],[36.9415,-1.405],[36.946,-1.4237],[36.953,-1.4296],[36.9571,-1.4372],[36.9611,-1.4393],[36.9589,-1.4441],[36.9567,-1.4426],[36.9545,-1.4375],[36.9493,-1.4376],[36.9448,-1.4334],[36.9393,-1.4324],[36.9319,-1.4343],[36.8877,-1.4156],[36.876,-1.4794],[36.8826,-1.489],[36.8883,-1.4871],[36.8899,-1.4833],[36.8999,-1.4748],[36.9025,-1.4743],[36.9066,-1.4695],[36.9198,-1.4637],[36.9193,-1.4612],[36.9219,-1.4585],[36.9264,-1.4572],[36.9303,-1.4592],[36.9353,-1.4554],[36.9414,-1.4548],[36.9487,-1.4574],[36.9453,-1.4636],[36.9759,-1.478],[36.9689,-1.4928],[36.9728,-1.5007],[36.9618,-1.5144],[36.963,-1.5195],[36.962,-1.5288],[36.9583,-1.5399],[36.9589,-1.5432],[36.9661,-1.5528],[36.9763,-1.5552],[36.9795,-1.5578],[37.0813,-1.6951],[37.0799,-1.6966],[37.0821,-1.6995],[37.0837,-1.6982],[37.1109,-1.734],[37.1153,-1.7373],[37.1233,-1.7393],[37.1252,-1.7418],[37.1342,-1.7431],[37.1416,-1.7368],[37.1442,-1.7362],[37.1479,-1.738],[37.149,-1.742],[37.1461,-1.7529],[37.1481,-1.7594],[37.1574,-1.7648],[37.1513,-1.7764],[37.1535,-1.7791],[37.1592,-1.7784],[37.1601,-1.7802],[37.2065,-1.7755],[37.2205,-1.7696],[37.2258,-1.7593],[37.2444,-1.7357],[37.2636,-1.7583],[37.2772,-1.7672],[37.2769,-1.7704],[37.2795,-1.7705],[37.2912,-1.7535],[37.2934,-1.7522],[37.3019,-1.7532],[37.2868,-1.7183],[37.3116,-1.7002],[37.3192,-1.7081],[37.3458,-1.7041],[37.3576,-1.7067],[37.3622,-1.7022],[37.3651,-1.7041],[37.3734,-1.7052],[37.3823,-1.7014],[37.3857,-1.7021],[37.3878,-1.699],[37.3933,-1.6957],[37.3959,-1.6958],[37.3984,-1.6938],[37.4029,-1.6931],[37.4059,-1.6904],[37.4135,-1.6885],[37.4083,-1.6838],[37.4059,-1.678],[37.4069,-1.6753],[37.4041,-1.6733],[37.4008,-1.6667],[37.401,-1.662],[37.3962,-1.6587],[37.3884,-1.6426],[37.3858,-1.6316],[37.3804,-1.6276],[37.3707,-1.6032],[37.3654,-1.5958],[37.3635,-1.5901],[37.3416,-1.5707],[37.3349,-1.5617],[37.3435,-1.5536],[37.3469,-1.5531],[37.3654,-1.5337],[37.3721,-1.5295],[37.3798,-1.5202],[37.3834,-1.5198],[37.3907,-1.5221],[37.3997,-1.5213],[37.4198,-1.53],[37.4355,-1.5327],[37.4375,-1.532],[37.4387,-1.529],[37.4427,-1.5316],[37.4482,-1.5296],[37.4524,-1.524],[37.4647,-1.5182],[37.4715,-1.519],[37.4742,-1.5214],[37.4767,-1.5176],[37.4824,-1.5192],[37.4872,-1.517],[37.4976,-1.525],[37.5046,-1.5276],[37.5078,-1.5272],[37.5112,-1.5243],[37.5143,-1.5248],[37.5163,-1.5266],[37.5169,-1.5312],[37.5195,-1.5328],[37.5192,-1.5355],[37.5205,-1.5374],[37.5236,-1.5363],[37.5332,-1.5393],[37.5426,-1.5403],[37.5457,-1.5362],[37.5526,-1.5391],[37.5535,-1.5413],[37.5492,-1.544],[37.5491,-1.5463],[37.5524,-1.5487],[37.5598,-1.5502],[37.5614,-1.552],[37.5556,-1.5545],[37.5549,-1.557],[37.5609,-1.5593],[37.5733,-1.5574],[37.5747,-1.5598],[37.5717,-1.5637],[37.5723,-1.5649],[37.5788,-1.5648],[37.5822,-1.5601],[37.5904,-1.5569],[37.5969,-1.551],[37.5974,-1.5547],[37.5997,-1.5573],[37.5981,-1.5608],[37.6057,-1.5612],[37.6076,-1.566],[37.6133,-1.5637],[37.6166,-1.5653],[37.6181,-1.5673],[37.619,-1.5746],[37.6307,-1.5886],[37.6343,-1.5889],[37.6391,-1.5859],[37.6405,-1.5864],[37.6395,-1.5909],[37.6424,-1.5942],[37.6407,-1.5969],[37.6425,-1.6007],[37.6422,-1.6101],[37.646,-1.6195],[37.649,-1.6223],[37.6491,-1.6285],[37.6553,-1.6316],[37.6559,-1.6373],[37.6592,-1.6421],[37.6594,-1.6452],[37.6673,-1.6416],[37.672,-1.6323],[37.6812,-1.6253],[37.6841,-1.613],[37.6819,-1.6023],[37.6822,-1.5859],[37.6927,-1.5831],[37.696,-1.587],[37.7006,-1.5829],[37.704,-1.5883],[37.7052,-1.5945],[37.7113,-1.6047],[37.7189,-1.6084],[37.7284,-1.6027],[37.7289,-1.5973],[37.7339,-1.5951],[37.7337,-1.5825],[37.7305,-1.5806],[37.7335,-1.5782],[37.7339,-1.5754],[37.7432,-1.5689],[37.7492,-1.5692],[37.7533,-1.5664],[37.7501,-1.5601],[37.7498,-1.5553],[37.7483,-1.5539],[37.7419,-1.553],[37.7326,-1.5423],[37.7248,-1.5293],[37.7234,-1.5245],[37.7193,-1.5217],[37.7131,-1.5099],[37.7059,-1.5073],[37.702,-1.5087],[37.6946,-1.4986],[37.7019,-1.4903],[37.7097,-1.4887],[37.7129,-1.4891],[37.7192,-1.4929],[37.7349,-1.4962],[37.7508,-1.4898],[37.7732,-1.486],[37.7779,-1.4796],[37.7801,-1.4707],[37.7989,-1.4541],[37.8101,-1.4473],[37.8191,-1.4473],[37.8155,-1.4448],[37.8172,-1.4423],[37.8126,-1.4388],[37.8133,-1.4349],[37.8113,-1.4298],[37.8118,-1.4267],[37.8093,-1.4245],[37.8095,-1.4205],[37.8072,-1.4189],[37.8077,-1.4144],[37.8043,-1.4032],[37.8036,-1.3945],[37.8012,-1.3937],[37.7977,-1.3958],[37.798,-1.3919],[37.7962,-1.3879],[37.7898,-1.3806],[37.788,-1.3758],[37.7841,-1.3745],[37.7831,-1.3712],[37.7799,-1.3707],[37.7748,-1.3609],[37.7664,-1.3571],[37.7652,-1.3545],[37.7594,-1.3544],[37.7561,-1.3571],[37.7531,-1.3547],[37.7479,-1.3572],[37.7445,-1.3563],[37.7451,-1.3522],[37.7437,-1.3499],[37.74,-1.3485],[37.7368,-1.3431],[37.7374,-1.3418],[37.7316,-1.3401],[37.7314,-1.3353],[37.7259,-1.3243],[37.7234,-1.3221],[37.7232,-1.3159],[37.7162,-1.3027],[37.7167,-1.2996],[37.7133,-1.2992],[37.7127,-1.2909],[37.7079,-1.2883],[37.7019,-1.2725],[37.6967,-1.269],[37.6969,-1.2645],[37.6923,-1.2506],[37.6914,-1.249],[37.6889,-1.2493],[37.6884,-1.248],[37.6898,-1.2471],[37.6866,-1.2458],[37.6885,-1.2425],[37.6883,-1.2401],[37.6842,-1.2345],[37.6758,-1.2325],[37.6704,-1.2244],[37.6647,-1.2199],[37.6657,-1.2168],[37.6626,-1.2155],[37.6604,-1.2107],[37.6564,-1.2072],[37.6545,-1.2006],[37.6495,-1.1981],[37.6384,-1.1702],[37.6336,-1.1618],[37.6258,-1.1529],[37.6244,-1.1492],[37.6177,-1.143],[37.6102,-1.1421],[37.606,-1.145],[37.5969,-1.1472],[37.594,-1.0859],[37.7382,-1.0775],[37.7965,-1.1271],[37.8051,-1.1037],[37.8068,-1.0928],[37.8174,-1.0803],[37.8194,-1.0702],[37.8265,-1.0703],[37.8299,-1.0683],[37.8389,-1.0526],[37.8417,-1.0512],[37.8449,-1.0469],[37.8467,-1.0407],[37.8455,-1.0295],[37.8474,-1.0254],[37.8495,-1.0047],[37.8466,-0.9937],[37.8498,-0.9927],[37.8496,-0.99],[37.8542,-0.9853],[37.8587,-0.9841],[37.8608,-0.9815],[37.8657,-0.9814],[37.8622,-0.9774],[37.8671,-0.9767],[37.8682,-0.9747],[37.8668,-0.972],[37.8627,-0.9728],[37.8633,-0.968],[37.8591,-0.9667],[37.858,-0.9646],[37.8534,-0.9656],[37.8491,-0.9648],[37.8483,-0.9634],[37.8452,-0.9638],[37.8506,-0.9601],[37.851,-0.9582],[37.8526,-0.9612],[37.8542,-0.9612],[37.8541,-0.9582],[37.8496,-0.9517],[37.8511,-0.9488],[37.8467,-0.946],[37.848,-0.9426],[37.8463,-0.9408],[37.8473,-0.9387],[37.8506,-0.9397],[37.8525,-0.9377],[37.8522,-0.936],[37.8491,-0.9343],[37.8507,-0.9311],[37.847,-0.9273],[37.8427,-0.9265],[37.8445,-0.9234],[37.8416,-0.9222],[37.8425,-0.9184],[37.8386,-0.919],[37.8393,-0.9087],[37.8346,-0.9113],[37.8339,-0.9053],[37.8299,-0.9007],[37.8204,-0.8989],[37.8186,-0.8969],[37.825,-0.8902],[37.823,-0.8893],[37.8207,-0.8813],[37.8229,-0.8811],[37.8231,-0.8773],[37.8261,-0.8744],[37.8245,-0.8712],[37.8277,-0.8709],[37.8269,-0.8653],[37.8321,-0.8628],[37.8294,-0.859],[37.8305,-0.8566],[37.8338,-0.8554],[37.832,-0.8523],[37.8364,-0.8507],[37.8385,-0.8481],[37.8376,-0.8436],[37.842,-0.8432],[37.8448,-0.8403],[37.8421,-0.8386],[37.8414,-0.8343],[37.8493,-0.8308],[37.8464,-0.8264],[37.8476,-0.8196],[37.8438,-0.8163],[37.8461,-0.8122],[37.8455,-0.8098]]]]}},{"type":"Feature","properties":{"name":"Kajiado"},"geometry":{"type":"MultiPolygon","coordinates":[[[[36.3339,-1.0494],[36.3462,-1.1757],[36.052,-1.4909],[36.0593,-1.5008],[36.0603,-1.5102],[36.0683,-1.5269],[36.0734,-1.5423],[36.0836,-1.5606],[36.0853,-1.5742],[36.084,-1.5795],[36.0795,-1.5868],[36.0787,-1.5949],[36.0771,-1.5954],[36.0747,-1.5923],[36.0726,-1.5935],[36.069,-1.5996],[36.0672,-1.6073],[36.0651,-1.6101],[36.0625,-1.6108],[36.0633,-1.6169],[36.0556,-1.6185],[36.0579,-1.6237],[36.0559,-1.6322],[36.0527,-1.6363],[36.0512,-1.6428],[36.0522,-1.6469],[36.0473,-1.6495],[36.0475,-1.6541],[36.0501,-1.6552],[36.0523,-1.6608],[36.0518,-1.6656],[36.0585,-1.6732],[36.0553,-1.6801],[36.0573,-1.6829],[36.0578,-1.6876],[36.0617,-1.6899],[36.0646,-1.6988],[36.0576,-1.7029],[36.0576,-1.7063],[36.0559,-1.7077],[36.0564,-1.7116],[36.0476,-1.7056],[36.0449,-1.7109],[36.0416,-1.7095],[36.0381,-1.7102],[36.0387,-1.7135],[36.0476,-1.7195],[36.0497,-1.7296],[36.047,-1.735],[36.0436,-1.7324],[36.0411,-1.7325],[36.0417,-1.74],[36.0357,-1.7438],[36.0362,-1.7505],[36.0338,-1.754],[36.0351,-1.7568],[36.034,-1.7614],[36.0323,-1.7605],[36.0313,-1.7616],[36.0319,-1.7679],[36.0216,-1.7761],[36.0258,-1.7795],[36.0317,-1.7803],[36.0313,-1.7862],[36.0294,-1.7892],[36.023,-1.7922],[36.0232,-1.7937],[36.0267,-1.7961],[36.0164,-1.804],[36.0176,-1.8078],[36.0235,-1.8062],[36.0293,-1.8098],[36.0306,-1.8201],[36.0294,-1.8253],[36.0315,-1.8253],[36.0376,-1.8209],[36.0398,-1.8217],[36.0414,-1.8254],[36.0402,-1.8285],[36.0444,-1.8312],[36.0425,-1.8349],[36.049,-1.8422],[36.048,-1.8478],[36.0502,-1.8574],[36.0482,-1.8617],[36.0474,-1.8721],[36.0447,-1.8777],[36.0428,-1.8783],[36.0395,-1.8763],[36.038,-1.8772],[36.0374,-1.8905],[36.0349,-1.8915],[36.0336,-1.8887],[36.0317,-1.8882],[36.0281,-1.8887],[36.0269,-1.8903],[36.0343,-1.9024],[36.0398,-1.9072],[36.0431,-1.9071],[36.044,-1.9091],[36.043,-1.9112],[36.037,-1.9131],[36.034,-1.9166],[36.0346,-1.919],[36.0382,-1.9206],[36.0372,-1.9289],[36.0417,-1.9333],[36.0431,-1.9387],[36.0409,-1.9469],[36.0379,-1.9493],[36.0416,-1.9602],[36.0395,-1.9698],[36.0373,-1.972],[36.0401,-1.9755],[36.0372,-1.9907],[36.0356,-1.9932],[36.0355,-2.0025],[36.0376,-2.0067],[36.0303,-2.0221],[36.0297,-2.0314],[36.0309,-2.0359],[36.0282,-2.0397],[36.0282,-2.083],[36.0002,-2.0831],[36.0002,-2.1044],[36.5111,-2.3923],[36.7514,-2.5264],[37.3125,-2.8408],[37.4705,-2.9304],[37.5203,-2.9561],[37.5677,-2.987],[37.6714,-3.0587],[37.6906,-3.1789],[37.7913,-3.1699],[37.792,-3.172],[37.7935,-3.1723],[37.7957,-3.1696],[37.8043,-3.1658],[37.8072,-3.1675],[37.8102,-3.1663],[37.8189,-3.1733],[37.8222,-3.1736],[37.8297,-3.1799],[37.833,-3.1855],[37.837,-3.1857],[37.8433,-3.1826],[37.8478,-3.1824],[37.8503,-3.1786],[37.8529,-3.1782],[37.8541,-3.0785],[37.8654,-3.0788],[37.8708,-3.0774],[37.8951,-2.8859],[37.9183,-2.8685],[37.9394,-2.777],[37.93,-2.7674],[37.9279,-2.7605],[37.9243,-2.7409],[37.9265,-2.7382],[37.9304,-2.7236],[37.9215,-2.7043],[37.9009,-2.7024],[37.8907,-2.6735],[37.8781,-2.6592],[37.8495,-2.6039],[37.5973,-2.3109],[37.6058,-2.308],[37.6057,-2.3042],[37.608,-2.3003],[37.6112,-2.3001],[37.612,-2.2971],[37.6169,-2.2962],[37.6196,-2.3027],[37.6227,-2.3042],[37.6227,-2.3016],[37.6257,-2.3026],[37.6267,-2.3009],[37.6289,-2.3019],[37.6309,-2.3003],[37.6309,-2.2945],[37.6365,-2.2973],[37.6413,-2.2962],[37.645,-2.2987],[37.6458,-2.2947],[37.6488,-2.2906],[37.6538,-2.2872],[37.6569,-2.2862],[37.6591,-2.2883],[37.6638,-2.2894],[37.6689,-2.2873],[37.6694,-2.2846],[37.6666,-2.283],[37.6669,-2.2802],[37.6712,-2.279],[37.6722,-2.2718],[37.6759,-2.269],[37.6748,-2.2659],[37.6776,-2.263],[37.6753,-2.2593],[37.6772,-2.2537],[37.6761,-2.2483],[37.6782,-2.2425],[37.6749,-2.2382],[37.6742,-2.2282],[37.6785,-2.2278],[37.6795,-2.2254],[37.6842,-2.223],[37.6865,-2.2159],[37.6917,-2.2127],[37.6942,-2.2075],[37.6972,-2.2058],[37.7035,-2.1961],[37.7133,-2.1903],[37.7239,-2.1915],[37.7232,-2.1872],[37.7069,-2.1804],[37.704,-2.1702],[37.6984,-2.1636],[37.6913,-2.1646],[37.6643,-2.1542],[37.6213,-2.1603],[37.594,-2.1528],[37.5714,-2.1351],[37.5637,-2.1255],[37.5492,-2.1262],[37.5415,-2.1216],[37.5433,-2.1138],[37.537,-2.1093],[37.5352,-2.1057],[37.452,-2.0738],[37.3738,-2.0199],[37.3605,-2.0128],[37.3141,-2.0081],[37.3091,-2.0036],[37.3027,-2.0037],[37.2993,-2.0058],[37.287,-1.997],[37.2804,-1.9948],[37.2784,-1.9919],[37.2755,-1.9762],[37.2654,-1.9622],[37.2643,-1.9586],[37.2572,-1.9576],[37.2513,-1.9516],[37.2462,-1.9499],[37.2434,-1.9434],[37.2359,-1.9368],[37.2214,-1.9333],[37.2106,-1.9333],[37.2043,-1.9357],[37.1862,-1.9345],[37.1817,-1.9287],[37.1823,-1.9236],[37.1703,-1.9173],[37.1693,-1.9125],[37.1578,-1.8973],[37.1575,-1.8924],[37.1521,-1.8881],[37.153,-1.8846],[37.1579,-1.8847],[37.1593,-1.883],[37.1593,-1.8759],[37.163,-1.8711],[37.1613,-1.8667],[37.1625,-1.8625],[37.1616,-1.8571],[37.1559,-1.8504],[37.1542,-1.8445],[37.1474,-1.841],[37.1434,-1.8409],[37.1419,-1.8392],[37.1431,-1.8348],[37.1481,-1.8321],[37.1428,-1.828],[37.1424,-1.8229],[37.1454,-1.819],[37.1413,-1.8128],[37.1517,-1.8005],[37.1508,-1.7933],[37.1601,-1.7802],[37.1592,-1.7784],[37.1535,-1.7791],[37.1513,-1.7764],[37.1574,-1.7648],[37.1481,-1.7594],[37.1461,-1.7529],[37.149,-1.742],[37.1479,-1.738],[37.1442,-1.7362],[37.1416,-1.7368],[37.1342,-1.7431],[37.1252,-1.7418],[37.1233,-1.7393],[37.1153,-1.7373],[37.1109,-1.734],[37.0837,-1.6982],[37.0821,-1.6995],[37.0799,-1.6966],[37.0813,-1.6951],[36.9795,-1.5578],[36.9763,-1.5552],[36.9661,-1.5528],[36.9589,-1.5432],[36.9583,-1.5399],[36.962,-1.5288],[36.963,-1.5195],[36.9618,-1.5144],[36.9728,-1.5007],[36.9689,-1.4928],[36.9759,-1.478],[36.9453,-1.4636],[36.9487,-1.4574],[36.9414,-1.4548],[36.9353,-1.4554],[36.9303,-1.4592],[36.9264,-1.4572],[36.9219,-1.4585],[36.9193,-1.4612],[36.9198,-1.4637],[36.9066,-1.4695],[36.9025,-1.4743],[36.8999,-1.4748],[36.8899,-1.4833],[36.8883,-1.4871],[36.8826,-1.489],[36.876,-1.4794],[36.8877,-1.4156],[36.8882,-1.4133],[36.8913,-1.4109],[36.88,-1.4065],[36.8693,-1.4076],[36.8681,-1.4039],[36.8627,-1.4046],[36.8572,-1.4002],[36.848,-1.3972],[36.8418,-1.386],[36.8387,-1.3882],[36.8358,-1.3868],[36.834,-1.3892],[36.8206,-1.3852],[36.8175,-1.381],[36.8132,-1.3826],[36.8103,-1.3863],[36.805,-1.3889],[36.8036,-1.3864],[36.8004,-1.3891],[36.7983,-1.387],[36.7926,-1.3852],[36.7882,-1.3879],[36.7849,-1.3871],[36.781,-1.3888],[36.778,-1.3861],[36.7746,-1.3866],[36.7724,-1.3886],[36.7658,-1.3879],[36.7591,-1.384],[36.747,-1.3845],[36.7317,-1.3784],[36.7188,-1.3691],[36.7117,-1.3614],[36.7005,-1.3526],[36.6931,-1.3546],[36.6837,-1.3443],[36.6833,-1.3373],[36.6793,-1.3382],[36.6761,-1.3299],[36.6726,-1.3315],[36.6662,-1.3263],[36.6692,-1.3243],[36.6651,-1.3223],[36.6599,-1.3221],[36.6639,-1.3152],[36.6576,-1.3048],[36.4882,-1.2718],[36.5106,-1.2402],[36.5337,-1.1559],[36.4893,-1.1225],[36.3339,-1.0494]]]]}},{"type":"Feature","properties":{"name":"Nairobi"},"geometry":{"type":"MultiPolygon","coordinates":[[[[36.6639,-1.3152],[36.6599,-1.3221],[36.6651,-1.3223],[36.6692,-1.3243],[36.6662,-1.3263],[36.6726,-1.3315],[36.6761,-1.3299],[36.6793,-1.3382],[36.6833,-1.3373],[36.6837,-1.3443],[36.6931,-1.3546],[36.7005,-1.3526],[36.7117,-1.3614],[36.7188,-1.3691],[36.7317,-1.3784],[36.747,-1.3845],[36.7591,-1.384],[36.7658,-1.3879],[36.7724,-1.3886],[36.7746,-1.3866],[36.778,-1.3861],[36.781,-1.3888],[36.7849,-1.3871],[36.7882,-1.3879],[36.7926,-1.3852],[36.7983,-1.387],[36.8004,-1.3891],[36.8036,-1.3864],[36.805,-1.3889],[36.8103,-1.3863],[36.8132,-1.3826],[36.8175,-1.381],[36.8206,-1.3852],[36.834,-1.3892],[36.8358,-1.3868],[36.8387,-1.3882],[36.8418,-1.386],[36.848,-1.3972],[36.8572,-1.4002],[36.8627,-1.4046],[36.8681,-1.4039],[36.8693,-1.4076],[36.88,-1.4065],[36.8913,-1.4109],[36.8882,-1.4133],[36.8877,-1.4156],[36.9319,-1.4343],[36.9393,-1.4324],[36.9448,-1.4334],[36.9493,-1.4376],[36.9545,-1.4375],[36.9567,-1.4426],[36.9589,-1.4441],[36.9611,-1.4393],[36.9571,-1.4372],[36.953,-1.4296],[36.946,-1.4237],[36.9415,-1.405],[36.9345,-1.3993],[36.9299,-1.3984],[36.926,-1.3942],[36.9219,-1.3939],[36.9198,-1.3863],[36.9149,-1.3767],[36.9047,-1.3656],[36.9399,-1.3326],[36.9791,-1.3167],[36.9828,-1.312],[36.9728,-1.2894],[36.9951,-1.2816],[37.0026,-1.3007],[37.0248,-1.2919],[37.0763,-1.3031],[37.0761,-1.3012],[37.0736,-1.3001],[37.0727,-1.2961],[37.0762,-1.2921],[37.0771,-1.2848],[37.0828,-1.2851],[37.0841,-1.2808],[37.0874,-1.2777],[37.0954,-1.2752],[37.0981,-1.2729],[37.1021,-1.2745],[37.1045,-1.2666],[37.1027,-1.2617],[37.0866,-1.248],[37.0941,-1.2439],[37.0878,-1.2324],[37.0788,-1.2377],[37.0604,-1.2058],[37.0564,-1.2083],[37.0541,-1.2063],[37.0465,-1.2104],[37.0425,-1.2099],[37.0336,-1.2154],[37.0318,-1.2203],[37.0245,-1.2255],[37.0218,-1.2266],[37.0186,-1.2258],[37.0142,-1.2282],[37.011,-1.2348],[37.0046,-1.2367],[37.0006,-1.2333],[36.9932,-1.2302],[36.9897,-1.2269],[36.9897,-1.2245],[36.9861,-1.2231],[36.9751,-1.224],[36.9673,-1.2288],[36.9581,-1.227],[36.9545,-1.2289],[36.9513,-1.2258],[36.9476,-1.2269],[36.9373,-1.2218],[36.9292,-1.2217],[36.9208,-1.2178],[36.9131,-1.212],[36.9092,-1.2064],[36.9392,-1.174],[36.9351,-1.171],[36.924,-1.1678],[36.9164,-1.1615],[36.896,-1.1605],[36.8923,-1.1637],[36.8897,-1.1694],[36.885,-1.1721],[36.8923,-1.1821],[36.892,-1.1856],[36.8965,-1.1925],[36.8878,-1.1931],[36.8795,-1.1958],[36.8723,-1.1956],[36.8673,-1.1945],[36.8592,-1.1893],[36.8565,-1.202],[36.8532,-1.201],[36.8476,-1.2028],[36.8455,-1.2115],[36.8395,-1.2081],[36.8334,-1.2092],[36.8289,-1.2059],[36.827,-1.2062],[36.8304,-1.2147],[36.8084,-1.201],[36.788,-1.1911],[36.7812,-1.2023],[36.7879,-1.2093],[36.782,-1.2134],[36.7738,-1.2298],[36.7633,-1.2265],[36.7532,-1.2209],[36.7445,-1.2355],[36.7317,-1.2351],[36.7262,-1.2324],[36.7251,-1.2435],[36.7175,-1.2615],[36.6986,-1.2582],[36.6967,-1.2612],[36.6942,-1.2592],[36.6902,-1.2589],[36.6885,-1.264],[36.6915,-1.2683],[36.6865,-1.2711],[36.6864,-1.2742],[36.6844,-1.2746],[36.6833,-1.28],[36.6848,-1.2812],[36.6843,-1.2852],[36.6719,-1.3081],[36.6687,-1.307],[36.6639,-1.3152]]]]}},{"type":"Feature","properties":{"name":"Makueni"},"geometry":{"type":"MultiPolygon","coordinates":[[[[37.7533,-1.5664],[37.7492,-1.5692],[37.7432,-1.5689],[37.7339,-1.5754],[37.7335,-1.5782],[37.7305,-1.5806],[37.7337,-1.5825],[37.7339,-1.5951],[37.7289,-1.5973],[37.7284,-1.6027],[37.7189,-1.6084],[37.7113,-1.6047],[37.7052,-1.5945],[37.704,-1.5883],[37.7006,-1.5829],[37.696,-1.587],[37.6927,-1.5831],[37.6822,-1.5859],[37.6819,-1.6023],[37.6841,-1.613],[37.6812,-1.6253],[37.672,-1.6323],[37.6673,-1.6416],[37.6594,-1.6452],[37.6592,-1.6421],[37.6559,-1.6373],[37.6553,-1.6316],[37.6491,-1.6285],[37.649,-1.6223],[37.646,-1.6195],[37.6422,-1.6101],[37.6425,-1.6007],[37.6407,-1.5969],[37.6424,-1.5942],[37.6395,-1.5909],[37.6405,-1.5864],[37.6391,-1.5859],[37.6343,-1.5889],[37.6307,-1.5886],[37.619,-1.5746],[37.6181,-1.5673],[37.6166,-1.5653],[37.6133,-1.5637],[37.6076,-1.566],[37.6057,-1.5612],[37.5981,-1.5608],[37.5997,-1.5573],[37.5974,-1.5547],[37.5969,-1.551],[37.5904,-1.5569],[37.5822,-1.5601],[37.5788,-1.5648],[37.5723,-1.5649],[37.5717,-1.5637],[37.5747,-1.5598],[37.5733,-1.5574],[37.5609,-1.5593],[37.5549,-1.557],[37.5556,-1.5545],[37.5614,-1.552],[37.5598,-1.5502],[37.5524,-1.5487],[37.5491,-1.5463],[37.5492,-1.544],[37.5535,-1.5413],[37.5526,-1.5391],[37.5457,-1.5362],[37.5426,-1.5403],[37.5332,-1.5393],[37.5236,-1.5363],[37.5205,-1.5374],[37.5192,-1.5355],[37.5195,-1.5328],[37.5169,-1.5312],[37.5163,-1.5266],[37.5143,-1.5248],[37.5112,-1.5243],[37.5078,-1.5272],[37.5046,-1.5276],[37.4976,-1.525],[37.4872,-1.517],[37.4824,-1.5192],[37.4767,-1.5176],[37.4742,-1.5214],[37.4715,-1.519],[37.4647,-1.5182],[37.4524,-1.524],[37.4482,-1.5296],[37.4427,-1.5316],[37.4387,-1.529],[37.4375,-1.532],[37.4355,-1.5327],[37.4198,-1.53],[37.3997,-1.5213],[37.3907,-1.5221],[37.3834,-1.5198],[37.3798,-1.5202],[37.3721,-1.5295],[37.3654,-1.5337],[37.3469,-1.5531],[37.3435,-1.5536],[37.3349,-1.5617],[37.3416,-1.5707],[37.3635,-1.5901],[37.3654,-1.5958],[37.3707,-1.6032],[37.3804,-1.6276],[37.3858,-1.6316],[37.3884,-1.6426],[37.3962,-1.6587],[37.401,-1.662],[37.4008,-1.6667],[37.4041,-1.6733],[37.4069,-1.6753],[37.4059,-1.678],[37.4083,-1.6838],[37.4135,-1.6885],[37.4059,-1.6904],[37.4029,-1.6931],[37.3984,-1.6938],[37.3959,-1.6958],[37.3933,-1.6957],[37.3878,-1.699],[37.3857,-1.7021],[37.3823,-1.7014],[37.3734,-1.7052],[37.3651,-1.7041],[37.3622,-1.7022],[37.3576,-1.7067],[37.3458,-1.7041],[37.3192,-1.7081],[37.3116,-1.7002],[37.2868,-1.7183],[37.3019,-1.7532],[37.2934,-1.7522],[37.2912,-1.7535],[37.2795,-1.7705],[37.2769,-1.7704],[37.2772,-1.7672],[37.2636,-1.7583],[37.2444,-1.7357],[37.2258,-1.7593],[37.2205,-1.7696],[37.2065,-1.7755],[37.1601,-1.7802],[37.1508,-1.7933],[37.1517,-1.8005],[37.1413,-1.8128],[37.1454,-1.819],[37.1424,-1.8229],[37.1428,-1.828],[37.1481,-1.8321],[37.1431,-1.8348],[37.1419,-1.8392],[37.1434,-1.8409],[37.1474,-1.841],[37.1542,-1.8445],[37.1559,-1.8504],[37.1616,-1.8571],[37.1625,-1.8625],[37.1613,-1.8667],[37.163,-1.8711],[37.1593,-1.8759],[37.1593,-1.883],[37.1579,-1.8847],[37.153,-1.8846],[37.1521,-1.8881],[37.1575,-1.8924],[37.1578,-1.8973],[37.1693,-1.9125],[37.1703,-1.9173],[37.1823,-1.9236],[37.1817,-1.9287],[37.1862,-1.9345],[37.2043,-1.9357],[37.2106,-1.9333],[37.2214,-1.9333],[37.2359,-1.9368],[37.2434,-1.9434],[37.2462,-1.9499],[37.2513,-1.9516],[37.2572,-1.9576],[37.2643,-1.9586],[37.2654,-1.9622],[37.2755,-1.9762],[37.2784,-1.9919],[37.2804,-1.9948],[37.287,-1.997],[37.2993,-2.0058],[37.3027,-2.0037],[37.3091,-2.0036],[37.3141,-2.0081],[37.3605,-2.0128],[37.3738,-2.0199],[37.452,-2.0738],[37.5352,-2.1057],[37.537,-2.1093],[37.5433,-2.1138],[37.5415,-2.1216],[37.5492,-2.1262],[37.5637,-2.1255],[37.5714,-2.1351],[37.594,-2.1528],[37.6213,-2.1603],[37.6643,-2.1542],[37.6913,-2.1646],[37.6984,-2.1636],[37.704,-2.1702],[37.7069,-2.1804],[37.7232,-2.1872],[37.7239,-2.1915],[37.7133,-2.1903],[37.7035,-2.1961],[37.6972,-2.2058],[37.6942,-2.2075],[37.6917,-2.2127],[37.6865,-2.2159],[37.6842,-2.223],[37.6795,-2.2254],[37.6785,-2.2278],[37.6742,-2.2282],[37.6749,-2.2382],[37.6782,-2.2425],[37.6761,-2.2483],[37.6772,-2.2537],[37.6753,-2.2593],[37.6776,-2.263],[37.6748,-2.2659],[37.6759,-2.269],[37.6722,-2.2718],[37.6712,-2.279],[37.6669,-2.2802],[37.6666,-2.283],[37.6694,-2.2846],[37.6689,-2.2873],[37.6638,-2.2894],[37.6591,-2.2883],[37.6569,-2.2862],[37.6538,-2.2872],[37.6488,-2.2906],[37.6458,-2.2947],[37.645,-2.2987],[37.6413,-2.2962],[37.6365,-2.2973],[37.6309,-2.2945],[37.6309,-2.3003],[37.6289,-2.3019],[37.6267,-2.3009],[37.6257,-2.3026],[37.6227,-2.3016],[37.6227,-2.3042],[37.6196,-2.3027],[37.6169,-2.2962],[37.612,-2.2971],[37.6112,-2.3001],[37.608,-2.3003],[37.6057,-2.3042],[37.6058,-2.308],[37.5973,-2.3109],[37.8495,-2.6039],[37.8781,-2.6592],[37.8907,-2.6735],[37.9009,-2.7024],[37.9215,-2.7043],[37.9304,-2.7236],[37.9265,-2.7382],[37.9243,-2.7409],[37.9279,-2.7605],[37.93,-2.7674],[37.9394,-2.777],[37.9441,-2.7808],[37.9737,-2.7886],[38.1006,-2.7194],[38.1089,-2.7165],[38.1155,-2.712],[38.1169,-2.7058],[38.1215,-2.7041],[38.1277,-2.699],[38.1333,-2.698],[38.1362,-2.6993],[38.1415,-2.6984],[38.1448,-2.6997],[38.151,-2.6992],[38.157,-2.6941],[38.1563,-2.6886],[38.1615,-2.6799],[38.1642,-2.6894],[38.1672,-2.6944],[38.1803,-2.7014],[38.2365,-2.7422],[38.2612,-2.7605],[38.2706,-2.77],[38.2945,-2.8042],[38.3199,-2.8331],[38.3512,-2.8869],[38.3816,-2.9182],[38.3963,-2.9275],[38.4034,-2.9261],[38.4086,-2.9283],[38.4178,-2.9429],[38.4293,-2.9557],[38.4487,-2.9721],[38.4575,-2.9903],[38.4588,-2.991],[38.4634,-2.9875],[38.4661,-2.988],[38.4692,-2.9849],[38.4767,-2.9852],[38.488,-2.9775],[38.4926,-2.9835],[38.5091,-2.9819],[38.5132,-2.9832],[38.5138,-2.9792],[38.5191,-2.9748],[38.5102,-2.9653],[38.5047,-2.9649],[38.4988,-2.9563],[38.4926,-2.9553],[38.4933,-2.9497],[38.4887,-2.9441],[38.4877,-2.9365],[38.4757,-2.9364],[38.4727,-2.9235],[38.4659,-2.9091],[38.4607,-2.9022],[38.4607,-2.8962],[38.4518,-2.894],[38.4504,-2.8925],[38.4508,-2.8888],[38.4544,-2.884],[38.4542,-2.8814],[38.451,-2.8785],[38.4434,-2.8798],[38.4427,-2.8773],[38.4454,-2.8693],[38.4432,-2.8665],[38.4397,-2.8658],[38.4378,-2.8637],[38.439,-2.8559],[38.4375,-2.8549],[38.4323,-2.8555],[38.4274,-2.8499],[38.431,-2.8396],[38.4266,-2.8284],[38.4263,-2.819],[38.4242,-2.8161],[38.4189,-2.8148],[38.4178,-2.8117],[38.4212,-2.8056],[38.422,-2.7962],[38.4305,-2.7914],[38.4314,-2.7872],[38.4257,-2.778],[38.4249,-2.7712],[38.4219,-2.7669],[38.4198,-2.7586],[38.4131,-2.7501],[38.4097,-2.7368],[38.4051,-2.7309],[38.396,-2.7062],[38.3914,-2.6984],[38.3885,-2.6909],[38.386,-2.6772],[38.381,-2.6696],[38.3818,-2.6624],[38.3663,-2.6485],[38.367,-2.6414],[38.3615,-2.637],[38.3614,-2.6288],[38.3523,-2.6046],[38.3488,-2.5994],[38.3466,-2.5883],[38.3378,-2.5846],[38.3333,-2.5679],[38.3306,-2.5637],[38.3314,-2.5614],[38.3369,-2.558],[38.3374,-2.5556],[38.3316,-2.551],[38.3219,-2.5484],[38.3228,-2.541],[38.3189,-2.5383],[38.3182,-2.5363],[38.3206,-2.529],[38.3161,-2.5232],[38.3165,-2.5158],[38.3108,-2.5113],[38.3116,-2.5025],[38.3088,-2.5003],[38.3014,-2.4987],[38.2983,-2.4948],[38.2953,-2.4865],[38.2891,-2.4847],[38.2871,-2.4821],[38.2862,-2.4729],[38.2838,-2.4677],[38.2822,-2.4527],[38.2791,-2.4462],[38.2735,-2.4232],[38.2696,-2.421],[38.2519,-2.4199],[38.2474,-2.4159],[38.2449,-2.4087],[38.2409,-2.4074],[38.2361,-2.4087],[38.2318,-2.4007],[38.2222,-2.3988],[38.2108,-2.3542],[38.1975,-2.3526],[38.1957,-2.3478],[38.1845,-2.3378],[38.1732,-2.3382],[38.1687,-2.3348],[38.1518,-2.3275],[38.146,-2.3208],[38.1233,-2.3177],[38.1161,-2.312],[38.114,-2.3012],[38.1076,-2.2986],[38.1096,-2.2942],[38.1088,-2.2884],[38.1105,-2.2846],[38.0996,-2.2788],[38.0965,-2.2704],[38.0911,-2.2714],[38.086,-2.2701],[38.0843,-2.2631],[38.0813,-2.259],[38.0737,-2.2594],[38.075,-2.2541],[38.0698,-2.2479],[38.07,-2.2394],[38.0671,-2.2239],[38.0618,-2.2204],[38.0623,-2.218],[38.0671,-2.215],[38.0681,-2.2126],[38.062,-2.2101],[38.0576,-2.205],[38.0532,-2.1916],[38.0525,-2.1851],[38.0462,-2.1788],[38.0487,-2.1724],[38.0476,-2.1676],[38.043,-2.1656],[38.036,-2.1659],[38.0263,-2.1609],[38.0237,-2.1576],[38.0209,-2.1472],[38.0195,-2.1461],[38.0097,-2.1504],[37.9975,-2.1529],[37.9873,-2.1564],[37.9809,-2.1602],[37.9752,-2.1612],[37.9691,-2.1662],[37.9644,-2.1665],[37.9628,-2.1653],[37.9633,-2.1559],[37.9608,-2.1414],[37.953,-2.1343],[37.952,-2.1309],[37.9545,-2.1116],[37.9538,-2.1062],[37.957,-2.1012],[37.9554,-2.0946],[37.9584,-2.071],[37.9564,-2.0626],[37.9519,-2.0565],[37.9531,-2.0472],[37.9484,-2.0349],[37.9449,-2.0344],[37.9418,-2.0358],[37.9364,-2.0318],[37.9394,-2.0286],[37.9413,-2.0216],[37.9366,-2.018],[37.9385,-2.01],[37.9337,-2.0058],[37.9351,-2.0005],[37.9268,-1.9956],[37.9286,-1.9908],[37.9239,-1.9856],[37.9125,-1.9543],[37.915,-1.9488],[37.9137,-1.942],[37.9077,-1.9332],[37.9102,-1.9273],[37.9094,-1.9206],[37.9121,-1.9129],[37.9167,-1.9091],[37.917,-1.9034],[37.9149,-1.9019],[37.9068,-1.9042],[37.905,-1.9035],[37.9043,-1.8999],[37.9058,-1.8928],[37.8978,-1.8693],[37.9001,-1.8632],[37.8918,-1.8591],[37.887,-1.8595],[37.8835,-1.8524],[37.8857,-1.8445],[37.8915,-1.842],[37.8906,-1.838],[37.8861,-1.8336],[37.8822,-1.8333],[37.8787,-1.831],[37.869,-1.821],[37.8663,-1.8163],[37.8464,-1.797],[37.8377,-1.7792],[37.8403,-1.7679],[37.8447,-1.7661],[37.849,-1.7691],[37.8511,-1.7678],[37.851,-1.7645],[37.8535,-1.7639],[37.8528,-1.7572],[37.8549,-1.7544],[37.8493,-1.7301],[37.8443,-1.7231],[37.8444,-1.7134],[37.8418,-1.7109],[37.8343,-1.7097],[37.8371,-1.699],[37.8359,-1.6949],[37.8368,-1.6907],[37.8321,-1.689],[37.8301,-1.6854],[37.8306,-1.6819],[37.8238,-1.6833],[37.8199,-1.6806],[37.8196,-1.6756],[37.8219,-1.6703],[37.82,-1.6654],[37.8148,-1.6638],[37.8098,-1.6593],[37.8077,-1.6551],[37.8041,-1.654],[37.8053,-1.6495],[37.8005,-1.6487],[37.8034,-1.6426],[37.7953,-1.6279],[37.7921,-1.6261],[37.7913,-1.62],[37.7831,-1.6102],[37.7818,-1.6044],[37.776,-1.5967],[37.7754,-1.5916],[37.7715,-1.5866],[37.7718,-1.5836],[37.7649,-1.5808],[37.7603,-1.577],[37.7572,-1.5703],[37.7533,-1.5664]]]]}},{"type":"Feature","properties":{"name":"Lamu"},"geometry":{"type":"MultiPolygon","coordinates":[[[[40.2079,-2.0329],[40.219,-2.0908],[40.2495,-2.2488],[40.2495,-2.3981],[40.4407,-2.3975],[40.4852,-2.4116],[40.6637,-2.4679],[40.7059,-2.4604],[40.7307,-2.456],[40.7447,-2.4493],[40.7565,-2.4482],[40.7679,-2.4499],[40.7691,-2.4477],[40.7693,-2.438],[40.7761,-2.4257],[40.7879,-2.4149],[40.8023,-2.4052],[40.8113,-2.3962],[40.8173,-2.3937],[40.8223,-2.3892],[40.8231,-2.3696],[40.8203,-2.3608],[40.8157,-2.3554],[40.8069,-2.3541],[40.8015,-2.3512],[40.7947,-2.3399],[40.7961,-2.3509],[40.7925,-2.3497],[40.7891,-2.3461],[40.7869,-2.346],[40.7887,-2.3485],[40.7875,-2.3508],[40.7897,-2.353],[40.7887,-2.3564],[40.7905,-2.36],[40.7853,-2.3624],[40.7851,-2.3643],[40.7869,-2.3657],[40.7855,-2.3671],[40.7863,-2.3709],[40.7845,-2.3714],[40.7843,-2.373],[40.7779,-2.3789],[40.7773,-2.3824],[40.7749,-2.3802],[40.7709,-2.3819],[40.7723,-2.3945],[40.7677,-2.3897],[40.7653,-2.3925],[40.7591,-2.3952],[40.7683,-2.3867],[40.7685,-2.3803],[40.7777,-2.3745],[40.7753,-2.3735],[40.7691,-2.3757],[40.7663,-2.3702],[40.7699,-2.3681],[40.7725,-2.3714],[40.7759,-2.3697],[40.7747,-2.3679],[40.7805,-2.3639],[40.7797,-2.362],[40.7811,-2.3606],[40.7789,-2.3591],[40.7785,-2.3628],[40.7765,-2.3617],[40.7753,-2.3586],[40.7727,-2.3607],[40.7709,-2.3579],[40.7731,-2.3538],[40.7715,-2.3515],[40.7689,-2.3491],[40.7665,-2.3525],[40.7637,-2.3504],[40.7637,-2.3446],[40.7657,-2.3426],[40.7615,-2.3358],[40.7591,-2.3284],[40.7587,-2.3173],[40.7563,-2.3177],[40.7523,-2.3141],[40.7475,-2.3141],[40.7449,-2.312],[40.7295,-2.3069],[40.7269,-2.3036],[40.7237,-2.307],[40.7275,-2.3094],[40.7261,-2.3112],[40.7115,-2.3081],[40.7105,-2.3059],[40.7083,-2.3063],[40.7069,-2.3086],[40.7041,-2.3089],[40.7035,-2.3065],[40.7013,-2.3051],[40.7037,-2.3035],[40.7027,-2.3019],[40.7045,-2.2978],[40.7035,-2.2939],[40.6985,-2.2914],[40.6965,-2.2927],[40.6931,-2.2917],[40.6931,-2.2894],[40.6909,-2.2889],[40.6979,-2.285],[40.6963,-2.2825],[40.7001,-2.2833],[40.6997,-2.2799],[40.7029,-2.2814],[40.7043,-2.2787],[40.7061,-2.2834],[40.7097,-2.2832],[40.7131,-2.2858],[40.7157,-2.2856],[40.7117,-2.2835],[40.7077,-2.278],[40.7057,-2.2699],[40.7087,-2.2719],[40.7129,-2.2703],[40.7145,-2.2763],[40.7165,-2.2756],[40.7205,-2.278],[40.7251,-2.2715],[40.7299,-2.2758],[40.7257,-2.2792],[40.7257,-2.2855],[40.7273,-2.286],[40.7291,-2.2841],[40.7301,-2.2868],[40.7385,-2.2894],[40.7391,-2.2914],[40.7431,-2.293],[40.7443,-2.2954],[40.7483,-2.294],[40.7541,-2.3059],[40.7557,-2.3038],[40.7581,-2.3072],[40.7555,-2.2957],[40.7545,-2.2955],[40.7539,-2.2987],[40.7487,-2.2876],[40.7429,-2.2848],[40.7407,-2.2864],[40.7377,-2.2821],[40.7389,-2.2806],[40.7383,-2.2762],[40.7395,-2.2725],[40.7415,-2.2767],[40.7433,-2.2766],[40.7413,-2.2725],[40.7433,-2.2704],[40.7543,-2.2766],[40.7557,-2.2769],[40.7561,-2.2754],[40.7423,-2.2664],[40.7387,-2.2672],[40.7345,-2.2593],[40.7343,-2.2562],[40.7301,-2.2624],[40.7245,-2.2667],[40.7223,-2.266],[40.7195,-2.2612],[40.7123,-2.2605],[40.7091,-2.263],[40.7047,-2.2612],[40.6993,-2.2547],[40.6995,-2.253],[40.7027,-2.2537],[40.7059,-2.2584],[40.7095,-2.2565],[40.7157,-2.2573],[40.7177,-2.2529],[40.7213,-2.251],[40.7221,-2.2461],[40.7227,-2.2499],[40.7251,-2.2502],[40.7259,-2.2399],[40.7235,-2.2321],[40.7135,-2.2184],[40.7087,-2.2153],[40.7013,-2.2056],[40.6963,-2.2059],[40.6955,-2.2047],[40.6999,-2.2026],[40.7057,-2.2027],[40.7045,-2.2073],[40.7077,-2.2078],[40.7123,-2.2135],[40.7147,-2.2132],[40.7167,-2.2166],[40.7195,-2.2169],[40.7197,-2.2205],[40.7243,-2.2269],[40.7273,-2.2262],[40.7251,-2.2201],[40.7263,-2.2194],[40.7293,-2.2245],[40.7295,-2.2281],[40.7277,-2.2312],[40.7307,-2.2372],[40.7343,-2.237],[40.7349,-2.2385],[40.7379,-2.2368],[40.7371,-2.2404],[40.7439,-2.2449],[40.7453,-2.2446],[40.7437,-2.2343],[40.7445,-2.2276],[40.7457,-2.2271],[40.7461,-2.2289],[40.7483,-2.2297],[40.7487,-2.246],[40.7517,-2.247],[40.7529,-2.2504],[40.7557,-2.2502],[40.7579,-2.2526],[40.7629,-2.2524],[40.7629,-2.2464],[40.7671,-2.2459],[40.7687,-2.2385],[40.7747,-2.2375],[40.7707,-2.2405],[40.7711,-2.2502],[40.7741,-2.251],[40.7745,-2.2467],[40.7765,-2.2444],[40.7777,-2.2447],[40.7797,-2.251],[40.7793,-2.2576],[40.7809,-2.2604],[40.7835,-2.2592],[40.7881,-2.2532],[40.7917,-2.2517],[40.7939,-2.2481],[40.7995,-2.2452],[40.7993,-2.2429],[40.7951,-2.2389],[40.7897,-2.2392],[40.7917,-2.2352],[40.7953,-2.2323],[40.8001,-2.2324],[40.8013,-2.2375],[40.8147,-2.2295],[40.8197,-2.228],[40.8237,-2.229],[40.8289,-2.2267],[40.8413,-2.2311],[40.8369,-2.2356],[40.8333,-2.2366],[40.8305,-2.2407],[40.8275,-2.2416],[40.8279,-2.2433],[40.8497,-2.2333],[40.8543,-2.2325],[40.8553,-2.2341],[40.8483,-2.2375],[40.8481,-2.2391],[40.8495,-2.2397],[40.8577,-2.2376],[40.8621,-2.2344],[40.8765,-2.2326],[40.8735,-2.2311],[40.8611,-2.232],[40.8665,-2.2269],[40.8675,-2.2234],[40.8765,-2.2262],[40.8741,-2.2224],[40.8785,-2.2213],[40.8737,-2.2184],[40.8703,-2.2192],[40.8705,-2.217],[40.8621,-2.2141],[40.8597,-2.2117],[40.8607,-2.2105],[40.8635,-2.2115],[40.8691,-2.2106],[40.8745,-2.2111],[40.8779,-2.2136],[40.8823,-2.2128],[40.8793,-2.2113],[40.8783,-2.2031],[40.8723,-2.2035],[40.8689,-2.2006],[40.8729,-2.1976],[40.8807,-2.1958],[40.8831,-2.1909],[40.8823,-2.1864],[40.8867,-2.186],[40.8889,-2.1895],[40.8891,-2.1971],[40.8865,-2.1971],[40.8851,-2.1989],[40.8867,-2.2029],[40.8895,-2.2025],[40.8915,-2.1989],[40.8967,-2.2024],[40.8993,-2.1982],[40.9027,-2.2027],[40.9027,-2.2056],[40.9005,-2.2091],[40.9031,-2.2121],[40.9221,-2.2216],[40.9259,-2.221],[40.9193,-2.2101],[40.9193,-2.1996],[40.9153,-2.183],[40.9183,-2.1583],[40.9161,-2.1563],[40.9163,-2.1468],[40.9131,-2.1453],[40.9127,-2.134],[40.9105,-2.1275],[40.9123,-2.0894],[40.9095,-2.087],[40.9041,-2.0773],[40.8957,-2.0834],[40.8995,-2.0759],[40.8997,-2.072],[40.8979,-2.0702],[40.8953,-2.0707],[40.8949,-2.0732],[40.8923,-2.0722],[40.8919,-2.0701],[40.8893,-2.0704],[40.8835,-2.0737],[40.8831,-2.0764],[40.8761,-2.0741],[40.8785,-2.0716],[40.8809,-2.0718],[40.8817,-2.0696],[40.8849,-2.0676],[40.8841,-2.0659],[40.8857,-2.0652],[40.8857,-2.0628],[40.8843,-2.0619],[40.8787,-2.0673],[40.8717,-2.0714],[40.8685,-2.0766],[40.8685,-2.071],[40.8553,-2.0722],[40.8505,-2.0698],[40.8691,-2.066],[40.8705,-2.063],[40.8733,-2.0642],[40.8753,-2.06],[40.8795,-2.0578],[40.8805,-2.0542],[40.8851,-2.0541],[40.8903,-2.0603],[40.8941,-2.0612],[40.8939,-2.0575],[40.8913,-2.0552],[40.8903,-2.0502],[40.8847,-2.0494],[40.8815,-2.0454],[40.8797,-2.0466],[40.8779,-2.0451],[40.8753,-2.0467],[40.8749,-2.0442],[40.8769,-2.0407],[40.8823,-2.0411],[40.8839,-2.0377],[40.8773,-2.0326],[40.8829,-2.0329],[40.8849,-2.0343],[40.8875,-2.0321],[40.8865,-2.0348],[40.8875,-2.0368],[40.8907,-2.0374],[40.8927,-2.0418],[40.8983,-2.044],[40.9001,-2.0462],[40.9003,-2.0273],[40.9027,-2.0199],[40.9031,-2.0106],[40.8925,-2.0086],[40.8895,-2.0141],[40.8867,-2.0126],[40.8793,-2.0169],[40.8743,-2.0141],[40.8727,-2.0115],[40.8667,-2.0113],[40.8645,-2.0132],[40.8629,-2.0178],[40.8591,-2.0205],[40.8575,-2.0204],[40.8553,-2.0167],[40.8481,-2.0152],[40.8399,-2.0188],[40.8341,-2.0186],[40.8309,-2.0169],[40.8287,-2.0176],[40.8329,-2.0105],[40.8375,-2.0117],[40.8471,-2.0088],[40.8553,-2.0082],[40.8585,-2.0093],[40.8609,-2.0077],[40.8629,-2.0031],[40.8685,-2.0052],[40.8713,-2.0045],[40.8721,-2.0005],[40.8689,-1.9998],[40.8685,-1.997],[40.8635,-1.9922],[40.8609,-1.9926],[40.8573,-1.9903],[40.8533,-1.9914],[40.8555,-1.9874],[40.8433,-1.9788],[40.8391,-1.9774],[40.8389,-1.9799],[40.8363,-1.9791],[40.8345,-1.9811],[40.8269,-1.9775],[40.8257,-1.9782],[40.8263,-1.9762],[40.8235,-1.9765],[40.8227,-1.9743],[40.8191,-1.9754],[40.8169,-1.9734],[40.8137,-1.9747],[40.8141,-1.973],[40.8185,-1.9705],[40.8187,-1.9686],[40.8135,-1.9681],[40.8011,-1.963],[40.7953,-1.959],[40.7945,-1.9553],[40.7897,-1.9565],[40.7921,-1.9525],[40.7881,-1.9517],[40.7853,-1.948],[40.7789,-1.9463],[40.7741,-1.9424],[40.7689,-1.9425],[40.7713,-1.941],[40.7737,-1.9338],[40.7753,-1.9345],[40.7735,-1.9376],[40.7747,-1.94],[40.7779,-1.9382],[40.7785,-1.941],[40.7823,-1.9426],[40.7863,-1.9374],[40.7881,-1.94],[40.7859,-1.9412],[40.7873,-1.9433],[40.8035,-1.944],[40.8055,-1.9457],[40.8041,-1.9486],[40.8049,-1.9497],[40.8099,-1.9522],[40.8135,-1.9493],[40.8135,-1.9467],[40.8159,-1.9457],[40.8167,-1.9499],[40.8127,-1.953],[40.8163,-1.9517],[40.8185,-1.9527],[40.8149,-1.9532],[40.8141,-1.9551],[40.8207,-1.955],[40.8251,-1.9566],[40.8277,-1.9548],[40.8303,-1.9555],[40.8323,-1.9543],[40.8345,-1.957],[40.8315,-1.957],[40.8317,-1.9584],[40.8423,-1.9596],[40.8455,-1.9589],[40.8441,-1.9574],[40.8447,-1.9552],[40.8395,-1.9467],[40.8387,-1.9426],[40.8361,-1.9401],[40.8361,-1.9368],[40.8409,-1.9305],[40.8403,-1.9402],[40.8433,-1.9405],[40.8447,-1.9442],[40.8473,-1.9442],[40.8491,-1.9464],[40.8511,-1.9458],[40.8505,-1.9517],[40.8557,-1.9578],[40.8559,-1.9629],[40.8547,-1.9662],[40.8523,-1.9674],[40.8641,-1.9712],[40.8641,-1.9674],[40.8677,-1.9667],[40.8663,-1.9633],[40.8673,-1.9593],[40.8735,-1.9503],[40.8717,-1.9594],[40.8763,-1.9656],[40.8741,-1.9677],[40.8741,-1.971],[40.8801,-1.9699],[40.8749,-1.9743],[40.8751,-1.9821],[40.8739,-1.9824],[40.8747,-1.9844],[40.8765,-1.9844],[40.8789,-1.9868],[40.8787,-1.9885],[40.8843,-1.9912],[40.8841,-1.9897],[40.8909,-1.99],[40.8945,-1.9884],[40.8925,-1.991],[40.8865,-1.9917],[40.8923,-1.9925],[40.8963,-1.9894],[40.8951,-1.9842],[40.8993,-1.985],[40.9027,-1.9828],[40.8977,-1.9905],[40.9053,-1.9891],[40.9155,-1.9916],[40.9207,-1.9986],[40.9211,-2.0075],[40.9253,-2.0102],[40.9367,-2.0086],[40.9361,-2.0161],[40.9341,-2.0193],[40.9313,-2.0179],[40.9265,-2.0188],[40.9309,-2.0222],[40.9313,-2.0248],[40.9265,-2.0219],[40.9263,-2.0245],[40.9219,-2.0247],[40.9195,-2.0302],[40.9253,-2.0309],[40.9229,-2.0332],[40.9303,-2.0373],[40.9353,-2.042],[40.9363,-2.0454],[40.9433,-2.0517],[40.9427,-2.058],[40.9385,-2.0576],[40.9369,-2.0617],[40.9385,-2.0678],[40.9429,-2.0723],[40.9431,-2.0754],[40.9477,-2.0761],[40.9535,-2.0745],[40.9495,-2.072],[40.9491,-2.07],[40.9521,-2.0639],[40.9529,-2.0678],[40.9567,-2.0684],[40.9585,-2.0705],[40.9623,-2.0642],[40.9591,-2.0619],[40.9579,-2.0545],[40.9575,-2.0463],[40.9607,-2.0418],[40.9595,-2.0408],[40.9585,-2.0422],[40.9571,-2.0416],[40.9567,-2.0399],[40.9587,-2.0373],[40.9563,-2.0303],[40.9515,-2.0288],[40.9495,-2.0267],[40.9529,-2.0254],[40.9525,-2.0163],[40.9559,-2.0091],[40.9615,-2.004],[40.9595,-2.0024],[40.9593,-1.9941],[40.9597,-1.9933],[40.9607,-1.9991],[40.9629,-2.0003],[40.9625,-1.9919],[40.9697,-1.9835],[40.9655,-1.9742],[40.9673,-1.9679],[40.9713,-1.9636],[40.9719,-1.9604],[40.9691,-1.9577],[40.9647,-1.9585],[40.9645,-1.9457],[40.9609,-1.9449],[40.9617,-1.9423],[40.9659,-1.9393],[40.9667,-1.9352],[40.9737,-1.9285],[40.9759,-1.9279],[40.9743,-1.9296],[40.9753,-1.9301],[40.9797,-1.9277],[40.9771,-1.9266],[40.9749,-1.92],[40.9773,-1.9206],[40.9831,-1.9267],[40.9877,-1.9254],[40.9919,-1.9173],[40.9893,-1.9196],[40.9869,-1.9161],[40.9847,-1.9154],[40.9801,-1.9045],[40.9817,-1.9038],[40.9819,-1.9063],[40.9861,-1.9112],[40.9935,-1.9115],[40.9901,-1.9087],[40.9945,-1.909],[41.0013,-1.9033],[41.0003,-1.9021],[40.9971,-1.9027],[40.9965,-1.9011],[41.0001,-1.9008],[41.0013,-1.8984],[40.9993,-1.8965],[41.0033,-1.8945],[41.0031,-1.886],[41.0077,-1.8957],[41.0097,-1.895],[41.0095,-1.8925],[41.0111,-1.8904],[41.0121,-1.8933],[41.0195,-1.8921],[41.0233,-1.8891],[41.0267,-1.8835],[41.0363,-1.877],[41.0379,-1.8743],[41.0369,-1.8698],[41.0411,-1.8655],[41.0453,-1.8658],[41.0469,-1.8734],[41.0507,-1.8749],[41.0519,-1.8792],[41.0505,-1.8835],[41.0487,-1.8846],[41.0463,-1.8839],[41.0477,-1.89],[41.0441,-1.8882],[41.0385,-1.8937],[41.0275,-1.9008],[41.0243,-1.9042],[41.0269,-1.9059],[41.0245,-1.9069],[41.0249,-1.9085],[41.0211,-1.9046],[41.0125,-1.9076],[41.0105,-1.9128],[41.0111,-1.9163],[41.0135,-1.9192],[41.0085,-1.9172],[41.0073,-1.9188],[41.0083,-1.9224],[41.0071,-1.9234],[41.0059,-1.9199],[41.0039,-1.9191],[40.9995,-1.9285],[40.9873,-1.9423],[40.9883,-1.9453],[40.9869,-1.946],[40.9847,-1.9446],[40.9831,-1.9464],[40.9843,-1.9507],[40.9891,-1.9566],[40.9905,-1.957],[40.9915,-1.9553],[40.9919,-1.9579],[40.9939,-1.9588],[40.9919,-1.9601],[40.9903,-1.9587],[40.9899,-1.9601],[40.9905,-1.9682],[40.9891,-1.9736],[40.9905,-1.9775],[40.9929,-1.9781],[40.9911,-1.9793],[40.9923,-1.9838],[40.9889,-1.9821],[40.9877,-1.9828],[40.9835,-1.9936],[40.9839,-1.9974],[40.9879,-2.0038],[40.9897,-2.0029],[40.9903,-2.01],[40.9887,-2.0129],[40.9869,-2.012],[40.9875,-2.0103],[40.9861,-2.0102],[40.9827,-2.0162],[40.9893,-2.0218],[40.9885,-2.0262],[40.9905,-2.0279],[40.9923,-2.0357],[40.9941,-2.0322],[41.0013,-2.0316],[41.0057,-2.0281],[41.0075,-2.0283],[41.0109,-2.0336],[41.0087,-2.0353],[41.0071,-2.0411],[41.0093,-2.0437],[41.0129,-2.0444],[41.0111,-2.047],[41.0121,-2.0475],[41.0147,-2.0473],[41.0147,-2.0453],[41.0205,-2.0413],[41.0227,-2.0372],[41.0205,-2.0366],[41.0213,-2.0353],[41.0243,-2.0356],[41.0287,-2.0416],[41.0311,-2.0406],[41.0313,-2.0368],[41.0369,-2.0302],[41.0369,-2.0259],[41.0427,-2.0213],[41.0411,-2.0191],[41.0417,-2.0159],[41.0447,-2.0119],[41.0497,-2.0119],[41.0527,-2.0082],[41.0529,-2.0042],[41.0577,-2.0044],[41.0595,-2.009],[41.0585,-2.0138],[41.0599,-2.0135],[41.0611,-2.0083],[41.0595,-2.0022],[41.0639,-2.0015],[41.0635,-1.9999],[41.0597,-1.9982],[41.0613,-1.9944],[41.0635,-1.9944],[41.0609,-1.9869],[41.0639,-1.9887],[41.0669,-1.9872],[41.0649,-1.9843],[41.0673,-1.9826],[41.0661,-1.9788],[41.0703,-1.9814],[41.0773,-1.9748],[41.0795,-1.9752],[41.0815,-1.9731],[41.0823,-1.9745],[41.0867,-1.9706],[41.0893,-1.9709],[41.0885,-1.9688],[41.0925,-1.9662],[41.0943,-1.9686],[41.0961,-1.9688],[41.0963,-1.9664],[41.0991,-1.9674],[41.1039,-1.966],[41.1041,-1.9615],[41.1091,-1.9635],[41.1131,-1.9601],[41.1151,-1.9619],[41.1141,-1.9652],[41.1159,-1.9694],[41.1189,-1.972],[41.1203,-1.9686],[41.1189,-1.964],[41.1211,-1.9633],[41.1225,-1.9594],[41.1253,-1.9619],[41.1263,-1.9656],[41.1283,-1.9595],[41.1345,-1.9611],[41.1427,-1.9542],[41.1437,-1.9503],[41.1459,-1.9518],[41.1491,-1.9479],[41.1479,-1.9533],[41.1643,-1.9382],[41.1647,-1.9348],[41.1603,-1.934],[41.1625,-1.9308],[41.1723,-1.9282],[41.1721,-1.9222],[41.1775,-1.9255],[41.1777,-1.9226],[41.1799,-1.9212],[41.1791,-1.9175],[41.1833,-1.9192],[41.1877,-1.916],[41.1893,-1.9127],[41.1917,-1.9119],[41.1923,-1.9094],[41.1967,-1.9084],[41.1977,-1.9055],[41.1995,-1.9054],[41.2017,-1.8979],[41.2085,-1.8984],[41.2255,-1.8869],[41.2261,-1.8885],[41.2197,-1.8946],[41.2245,-1.8963],[41.2227,-1.8982],[41.2225,-1.9016],[41.2181,-1.9047],[41.2185,-1.9098],[41.2269,-1.9017],[41.2319,-1.9023],[41.2359,-1.8999],[41.2345,-1.9024],[41.2365,-1.9043],[41.2353,-1.9109],[41.2375,-1.9114],[41.2383,-1.9084],[41.2405,-1.9069],[41.2365,-1.9165],[41.2381,-1.9184],[41.2419,-1.9162],[41.2445,-1.9163],[41.2429,-1.913],[41.2435,-1.9112],[41.2465,-1.9118],[41.2479,-1.9094],[41.2515,-1.9079],[41.2509,-1.9108],[41.2481,-1.9128],[41.2513,-1.9138],[41.2501,-1.9169],[41.2517,-1.9188],[41.2501,-1.9232],[41.2525,-1.9241],[41.2519,-1.9271],[41.2427,-1.9329],[41.2433,-1.9382],[41.2399,-1.9358],[41.2363,-1.9378],[41.2363,-1.9437],[41.2405,-1.9427],[41.2415,-1.9438],[41.2391,-1.9474],[41.2359,-1.9481],[41.2361,-1.9494],[41.2429,-1.949],[41.2455,-1.9518],[41.2485,-1.9517],[41.2465,-1.9461],[41.2495,-1.9432],[41.2527,-1.9436],[41.2497,-1.9371],[41.2557,-1.9391],[41.2567,-1.9343],[41.2623,-1.932],[41.2609,-1.9352],[41.2647,-1.9385],[41.2677,-1.9342],[41.2689,-1.9375],[41.2771,-1.9368],[41.2801,-1.9384],[41.2791,-1.942],[41.2819,-1.9436],[41.2809,-1.9473],[41.2825,-1.9538],[41.2749,-1.9627],[41.2771,-1.9695],[41.2763,-1.9814],[41.2773,-1.9817],[41.2853,-1.9748],[41.2867,-1.972],[41.2947,-1.9681],[41.2973,-1.9591],[41.3033,-1.9541],[41.3067,-1.9532],[41.3109,-1.9541],[41.3121,-1.9562],[41.3103,-1.9609],[41.3115,-1.9608],[41.3149,-1.9567],[41.3127,-1.955],[41.3135,-1.9499],[41.3165,-1.9472],[41.3201,-1.9466],[41.3233,-1.9432],[41.3239,-1.941],[41.3213,-1.9407],[41.3235,-1.9343],[41.3319,-1.9251],[41.3393,-1.9134],[41.3423,-1.9114],[41.3511,-1.9104],[41.3503,-1.9079],[41.3551,-1.9014],[41.3561,-1.8969],[41.3611,-1.8909],[41.3693,-1.8848],[41.3709,-1.8817],[41.3757,-1.8787],[41.3791,-1.8745],[41.3867,-1.8708],[41.3899,-1.865],[41.3861,-1.866],[41.3851,-1.8686],[41.3837,-1.8664],[41.3771,-1.8648],[41.3757,-1.8624],[41.3771,-1.8603],[41.3705,-1.8609],[41.3659,-1.8638],[41.3649,-1.8629],[41.3663,-1.8598],[41.3701,-1.8597],[41.3721,-1.8564],[41.3777,-1.8548],[41.3805,-1.8553],[41.3839,-1.8635],[41.3875,-1.862],[41.3957,-1.853],[41.3923,-1.851],[41.3951,-1.8451],[41.4037,-1.8388],[41.4103,-1.8313],[41.4155,-1.8272],[41.4179,-1.8273],[41.4183,-1.8221],[41.4245,-1.8165],[41.4211,-1.8163],[41.4231,-1.8146],[41.4225,-1.8093],[41.4287,-1.8019],[41.4377,-1.797],[41.4527,-1.7791],[41.4577,-1.7754],[41.4619,-1.7691],[41.4745,-1.7578],[41.4797,-1.7499],[41.4927,-1.7431],[41.4947,-1.7365],[41.5013,-1.7244],[41.5197,-1.7],[41.5541,-1.67],[41.5621,-1.6586],[41.562,-1.6586],[41.562,-1.6587],[40.9029,-1.7145],[40.2079,-2.0329]]],[[[41.0855,-2.0524],[41.0839,-2.0488],[41.0811,-2.0535],[41.0809,-2.0592],[41.0767,-2.0612],[41.0821,-2.0652],[41.0761,-2.0766],[41.0593,-2.0828],[41.0627,-2.0862],[41.0637,-2.0941],[41.0681,-2.0973],[41.0643,-2.0995],[41.0615,-2.096],[41.0575,-2.098],[41.0571,-2.1024],[41.0541,-2.1056],[41.0527,-2.1187],[41.0547,-2.1196],[41.0581,-2.1167],[41.0581,-2.119],[41.0533,-2.1299],[41.0487,-2.129],[41.0485,-2.1313],[41.0449,-2.1326],[41.0455,-2.1334],[41.0511,-2.1315],[41.0569,-2.1346],[41.0653,-2.13],[41.0771,-2.1273],[41.0729,-2.1247],[41.0679,-2.125],[41.0713,-2.1205],[41.0729,-2.1209],[41.0771,-2.1186],[41.0783,-2.1209],[41.0799,-2.1193],[41.0783,-2.1158],[41.0755,-2.1157],[41.0767,-2.1133],[41.0751,-2.1123],[41.0801,-2.1106],[41.0815,-2.1159],[41.0871,-2.1164],[41.0893,-2.1145],[41.0897,-2.1107],[41.0919,-2.1154],[41.0847,-2.1173],[41.0835,-2.1189],[41.0845,-2.1293],[41.0901,-2.1307],[41.0893,-2.1334],[41.0867,-2.1329],[41.0851,-2.1349],[41.0901,-2.1351],[41.0945,-2.138],[41.1043,-2.1377],[41.1123,-2.1334],[41.1141,-2.1293],[41.1125,-2.1268],[41.1103,-2.1267],[41.1097,-2.1244],[41.1047,-2.1231],[41.1065,-2.1215],[41.1053,-2.1191],[41.1089,-2.1139],[41.1071,-2.1093],[41.1045,-2.1085],[41.1061,-2.1049],[41.0945,-2.0976],[41.0997,-2.0974],[41.0985,-2.095],[41.1011,-2.0952],[41.1017,-2.0914],[41.1077,-2.0876],[41.1095,-2.0802],[41.1127,-2.078],[41.1145,-2.08],[41.1163,-2.0783],[41.1185,-2.0784],[41.1239,-2.0809],[41.1349,-2.0814],[41.1385,-2.0849],[41.1399,-2.0886],[41.1403,-2.0922],[41.1373,-2.0935],[41.1389,-2.095],[41.1449,-2.0943],[41.1489,-2.0887],[41.1503,-2.0893],[41.1509,-2.0948],[41.1585,-2.0872],[41.1609,-2.0807],[41.1637,-2.0808],[41.1647,-2.0766],[41.1615,-2.0718],[41.1539,-2.069],[41.1465,-2.0685],[41.1427,-2.0667],[41.1373,-2.061],[41.1343,-2.0623],[41.1369,-2.0631],[41.1419,-2.0701],[41.1273,-2.0723],[41.1263,-2.0712],[41.1313,-2.0707],[41.1323,-2.0677],[41.1309,-2.0661],[41.1275,-2.0657],[41.1257,-2.0611],[41.1201,-2.0569],[41.1147,-2.0587],[41.1173,-2.0627],[41.1173,-2.0669],[41.1113,-2.0611],[41.1067,-2.053],[41.1003,-2.0498],[41.0953,-2.0509],[41.0979,-2.0543],[41.0973,-2.0564],[41.0945,-2.0537],[41.0855,-2.0524]]],[[[40.8919,-2.2479],[40.8887,-2.2447],[40.8851,-2.2486],[40.8803,-2.2475],[40.8789,-2.2484],[40.8779,-2.2542],[40.8757,-2.2551],[40.8741,-2.2524],[40.8733,-2.2561],[40.8713,-2.2571],[40.8691,-2.2523],[40.8681,-2.2565],[40.8655,-2.2574],[40.8613,-2.256],[40.8579,-2.2573],[40.8535,-2.256],[40.8427,-2.2579],[40.8393,-2.2621],[40.8395,-2.2637],[40.8343,-2.267],[40.8361,-2.2677],[40.8389,-2.2722],[40.8419,-2.2733],[40.8405,-2.2761],[40.8449,-2.2766],[40.8453,-2.2777],[40.8331,-2.278],[40.8267,-2.2743],[40.8235,-2.2751],[40.8245,-2.2778],[40.8207,-2.279],[40.8179,-2.2826],[40.8165,-2.2894],[40.8169,-2.298],[40.8135,-2.2976],[40.8159,-2.3149],[40.8141,-2.3163],[40.8143,-2.3315],[40.8165,-2.3318],[40.8227,-2.3289],[40.8485,-2.3072],[40.8687,-2.297],[40.8911,-2.2931],[40.9101,-2.2962],[40.9133,-2.2948],[40.9153,-2.2894],[40.9059,-2.2751],[40.9011,-2.263],[40.8919,-2.2479]]],[[[40.9729,-2.2222],[40.9689,-2.2201],[40.9675,-2.2224],[40.9653,-2.2229],[40.9651,-2.2247],[40.9663,-2.2269],[40.9699,-2.2276],[40.9729,-2.2329],[40.9729,-2.2343],[40.9687,-2.2375],[40.9703,-2.2409],[40.9689,-2.2434],[40.9719,-2.2436],[40.9735,-2.2483],[40.9717,-2.2498],[40.9675,-2.2488],[40.9645,-2.2556],[40.9603,-2.2562],[40.9581,-2.254],[40.9581,-2.2508],[40.9549,-2.2493],[40.9633,-2.2426],[40.9637,-2.2404],[40.9597,-2.2358],[40.9565,-2.2358],[40.9557,-2.2303],[40.9517,-2.2315],[40.9465,-2.2297],[40.9461,-2.2313],[40.9489,-2.2332],[40.9491,-2.2365],[40.9443,-2.2384],[40.9419,-2.2451],[40.9363,-2.2524],[40.9371,-2.2547],[40.9421,-2.2566],[40.9395,-2.2579],[40.9391,-2.2598],[40.9315,-2.255],[40.9335,-2.2424],[40.9379,-2.2372],[40.9315,-2.2355],[40.9281,-2.2371],[40.9253,-2.2294],[40.9241,-2.2323],[40.9161,-2.2246],[40.9097,-2.222],[40.9059,-2.2222],[40.9047,-2.2209],[40.9019,-2.2226],[40.9025,-2.2332],[40.9051,-2.2385],[40.9053,-2.2432],[40.9083,-2.2467],[40.9095,-2.2527],[40.9151,-2.2582],[40.9279,-2.2784],[40.9343,-2.2818],[40.9447,-2.2791],[40.9547,-2.2854],[40.9633,-2.2772],[40.9643,-2.278],[40.9609,-2.2876],[40.9561,-2.2923],[40.9555,-2.2948],[40.9511,-2.2934],[40.9505,-2.292],[40.9469,-2.2945],[40.9373,-2.2892],[40.9325,-2.2901],[40.9257,-2.2947],[40.9243,-2.2978],[40.9265,-2.2984],[40.9229,-2.3008],[40.9215,-2.2961],[40.9185,-2.3007],[40.9147,-2.3035],[40.9129,-2.3077],[40.9153,-2.3129],[40.9187,-2.3154],[40.9239,-2.3177],[40.9385,-2.3163],[40.9449,-2.3141],[40.9551,-2.3072],[40.9591,-2.3023],[40.9595,-2.2966],[40.9681,-2.2873],[40.9687,-2.2806],[40.9733,-2.2735],[40.9881,-2.2585],[40.9853,-2.2562],[40.9849,-2.2477],[40.9775,-2.236],[40.9747,-2.2241],[40.9729,-2.2222]]],[[[41.0535,-2.0859],[41.0433,-2.0842],[41.0439,-2.0878],[41.0301,-2.0918],[41.0283,-2.0941],[41.0253,-2.095],[41.0199,-2.1013],[41.0115,-2.0965],[41.0065,-2.0969],[41.0043,-2.0999],[41.0035,-2.1059],[41.0055,-2.1163],[41.0011,-2.1101],[40.9997,-2.1131],[40.9945,-2.1082],[40.9941,-2.1053],[40.9961,-2.0993],[40.9931,-2.1004],[40.9905,-2.0989],[40.9739,-2.1045],[40.9703,-2.1092],[40.9703,-2.1143],[40.9737,-2.1168],[40.9763,-2.1164],[40.9805,-2.1186],[40.9833,-2.1178],[40.9849,-2.1241],[40.9847,-2.132],[40.9923,-2.1343],[40.9963,-2.1389],[41.0129,-2.1382],[41.0161,-2.136],[41.0167,-2.1337],[41.0083,-2.1277],[41.0085,-2.1259],[41.0147,-2.1239],[41.0193,-2.1255],[41.0199,-2.1225],[41.0267,-2.1183],[41.0353,-2.1092],[41.0403,-2.1081],[41.0459,-2.1092],[41.0517,-2.1077],[41.0535,-2.1024],[41.0599,-2.0946],[41.0607,-2.0915],[41.0577,-2.087],[41.0535,-2.0859]]],[[[41.2789,-2.0014],[41.2797,-1.9979],[41.2869,-1.9894],[41.2897,-1.9832],[41.3033,-1.9709],[41.3051,-1.9681],[41.3045,-1.9645],[41.3011,-1.9653],[41.2829,-1.9855],[41.2807,-1.99],[41.2767,-1.994],[41.2737,-1.9949],[41.2721,-1.9976],[41.2725,-2.0011],[41.2703,-2.0011],[41.2695,-2.0039],[41.2675,-2.003],[41.2663,-2.0066],[41.2567,-2.0182],[41.2547,-2.0241],[41.2497,-2.0299],[41.2539,-2.0274],[41.2561,-2.0288],[41.2579,-2.0236],[41.2657,-2.0136],[41.2789,-2.0014]]],[[[41.4381,-1.8364],[41.4371,-1.8346],[41.4333,-1.835],[41.4349,-1.8365],[41.4327,-1.8362],[41.4293,-1.8417],[41.4109,-1.8516],[41.3845,-1.8855],[41.3865,-1.8856],[41.3931,-1.8778],[41.4215,-1.8526],[41.4241,-1.848],[41.4319,-1.8441],[41.4381,-1.8364]]],[[[41.1401,-2.1042],[41.1345,-2.1004],[41.1337,-2.0926],[41.1367,-2.0902],[41.1313,-2.0866],[41.1319,-2.093],[41.1303,-2.0974],[41.1253,-2.1014],[41.1273,-2.1066],[41.1425,-2.1136],[41.1513,-2.1123],[41.1541,-2.1085],[41.1531,-2.1062],[41.1497,-2.1066],[41.1507,-2.1032],[41.1477,-2.1008],[41.1451,-2.1007],[41.1425,-2.104],[41.1401,-2.1042]]],[[[41.1647,-1.9583],[41.1655,-1.9544],[41.1619,-1.9583],[41.1613,-1.9553],[41.1585,-1.9558],[41.1581,-1.9586],[41.1555,-1.956],[41.1527,-1.9588],[41.1525,-1.9608],[41.1497,-1.9606],[41.1495,-1.9583],[41.1473,-1.9621],[41.1483,-1.9645],[41.1447,-1.9652],[41.1439,-1.9689],[41.1453,-1.9701],[41.1557,-1.9698],[41.1657,-1.9679],[41.1699,-1.9658],[41.1719,-1.9629],[41.1755,-1.9657],[41.1765,-1.965],[41.1745,-1.9633],[41.1741,-1.9588],[41.1683,-1.9587],[41.1649,-1.9625],[41.1647,-1.9583]]],[[[41.0585,-2.1595],[41.0611,-2.1543],[41.0551,-2.1489],[41.0491,-2.1475],[41.0431,-2.1511],[41.0419,-2.1549],[41.0457,-2.1588],[41.0527,-2.1614],[41.0585,-2.1595]]],[[[41.1573,-1.9757],[41.1549,-1.9742],[41.1523,-1.9747],[41.1497,-1.978],[41.1501,-1.9808],[41.1469,-1.9823],[41.1451,-1.98],[41.1445,-1.9824],[41.1423,-1.9836],[41.1525,-1.9853],[41.1533,-1.9832],[41.1523,-1.9819],[41.1545,-1.9805],[41.1567,-1.9856],[41.1621,-1.9843],[41.1629,-1.9774],[41.1573,-1.9757]]],[[[40.9861,-2.1411],[40.9831,-2.1395],[40.9789,-2.1421],[40.9781,-2.1487],[40.9757,-2.1496],[40.9757,-2.1518],[40.9795,-2.1519],[40.9895,-2.1458],[40.9883,-2.1417],[40.9861,-2.1411]]],[[[41.5045,-1.7551],[41.5109,-1.7514],[41.5127,-1.7479],[41.5111,-1.7473],[41.5079,-1.7509],[41.5023,-1.7536],[41.5021,-1.7554],[41.4995,-1.7545],[41.4963,-1.7584],[41.4947,-1.7658],[41.4919,-1.7658],[41.4937,-1.7688],[41.5049,-1.758],[41.5045,-1.7551]]],[[[41.3435,-1.9254],[41.3409,-1.9214],[41.3399,-1.9218],[41.3407,-1.9254],[41.3381,-1.9226],[41.3379,-1.9273],[41.3293,-1.9356],[41.3247,-1.9437],[41.3435,-1.9254]]],[[[41.2023,-2.0027],[41.2039,-2.0056],[41.2027,-2.0076],[41.2001,-2.0061],[41.2011,-2.0082],[41.2055,-2.0122],[41.2125,-2.012],[41.2137,-2.0149],[41.2137,-2.0115],[41.2123,-2.0088],[41.2095,-2.0075],[41.2085,-2.0044],[41.2023,-2.0027]]],[[[40.7131,-2.2951],[40.7115,-2.2929],[40.7101,-2.2932],[40.7105,-2.2999],[40.7123,-2.3021],[40.7187,-2.3041],[40.7175,-2.301],[40.7193,-2.2975],[40.7175,-2.2954],[40.7131,-2.2951]]],[[[41.3493,-1.9204],[41.3615,-1.9088],[41.3615,-1.9058],[41.3575,-1.9056],[41.3573,-1.9083],[41.3509,-1.9144],[41.3481,-1.9209],[41.3493,-1.9204]]],[[[40.9717,-2.0478],[40.9711,-2.0416],[40.9691,-2.0407],[40.9665,-2.0464],[40.9669,-2.0509],[40.9705,-2.0497],[40.9735,-2.0505],[40.9741,-2.049],[40.9717,-2.0478]]],[[[41.2773,-1.9464],[41.2741,-1.9492],[41.2753,-1.9576],[41.2803,-1.9499],[41.2795,-1.9468],[41.2773,-1.9464]]],[[[40.7587,-2.2635],[40.7559,-2.2604],[40.7541,-2.2611],[40.7557,-2.2676],[40.7581,-2.2662],[40.7617,-2.2665],[40.7681,-2.2627],[40.7667,-2.2616],[40.7649,-2.263],[40.7587,-2.2635]]],[[[41.1867,-1.9819],[41.1881,-1.9782],[41.1875,-1.9692],[41.1859,-1.9699],[41.1859,-1.9735],[41.1815,-1.9746],[41.1845,-1.9774],[41.1833,-1.9804],[41.1867,-1.9819]]],[[[41.2259,-1.9115],[41.2317,-1.9097],[41.2347,-1.9055],[41.2283,-1.9055],[41.2247,-1.9105],[41.2259,-1.9115]]],[[[40.9859,-2.2242],[40.9837,-2.2228],[40.9825,-2.2235],[40.9833,-2.2257],[40.9889,-2.2288],[40.9921,-2.2285],[40.9907,-2.2237],[40.9859,-2.2242]]],[[[41.0269,-2.1397],[41.0253,-2.1372],[41.0223,-2.1359],[41.0203,-2.1374],[41.0197,-2.1406],[41.0217,-2.14],[41.0243,-2.1427],[41.0269,-2.1397]]],[[[40.7451,-2.2552],[40.7421,-2.2552],[40.7409,-2.258],[40.7439,-2.2578],[40.7477,-2.2611],[40.7493,-2.2571],[40.7451,-2.2552]]],[[[40.7829,-2.2861],[40.7823,-2.2831],[40.7851,-2.2798],[40.7841,-2.2785],[40.7815,-2.2796],[40.7773,-2.2865],[40.7829,-2.2861]]],[[[41.2101,-1.9138],[41.2059,-1.9146],[41.2061,-1.9202],[41.2115,-1.9185],[41.2117,-1.9148],[41.2101,-1.9138]]],[[[41.3987,-1.855],[41.3929,-1.861],[41.3951,-1.8614],[41.4021,-1.8571],[41.3987,-1.855]]],[[[40.8165,-2.2511],[40.8217,-2.2486],[40.8243,-2.2428],[40.8171,-2.2483],[40.8157,-2.2507],[40.8165,-2.2511]]],[[[41.1787,-1.9859],[41.1773,-1.9837],[41.1753,-1.9854],[41.1749,-1.9901],[41.1805,-1.9872],[41.1787,-1.9859]]],[[[40.7881,-2.2778],[40.7909,-2.2738],[40.7879,-2.2721],[40.7865,-2.2729],[40.7863,-2.2769],[40.7881,-2.2778]]],[[[41.3473,-1.9143],[41.3417,-1.9129],[41.3373,-1.9187],[41.3385,-1.9192],[41.3425,-1.915],[41.3473,-1.9143]]],[[[41.0797,-2.1306],[41.0801,-2.128],[41.0787,-2.1338],[41.0829,-2.1346],[41.0825,-2.1307],[41.0797,-2.1306]]],[[[41.1107,-2.0536],[41.1123,-2.0507],[41.1105,-2.0483],[41.1079,-2.0507],[41.1085,-2.0528],[41.1107,-2.0536]]],[[[40.8161,-2.2337],[40.8119,-2.2338],[40.8093,-2.2369],[40.8163,-2.2361],[40.8161,-2.2337]]],[[[41.2523,-1.9599],[41.2499,-1.9571],[41.2471,-1.9589],[41.2497,-1.961],[41.2541,-1.9616],[41.2523,-1.9599]]],[[[41.3735,-1.8934],[41.3803,-1.8863],[41.3769,-1.8857],[41.3735,-1.8934]]],[[[41.1863,-1.9481],[41.1853,-1.9436],[41.1849,-1.948],[41.1817,-1.9478],[41.1851,-1.952],[41.1863,-1.9481]]],[[[41.2093,-1.908],[41.2089,-1.9064],[41.2069,-1.9065],[41.2087,-1.9119],[41.2127,-1.909],[41.2093,-1.908]]],[[[41.2647,-1.948],[41.2673,-1.9471],[41.2673,-1.9457],[41.2623,-1.946],[41.2621,-1.9473],[41.2647,-1.948]]],[[[41.5097,-1.7474],[41.5109,-1.7454],[41.5079,-1.7414],[41.5069,-1.7427],[41.5097,-1.7474]]],[[[41.2235,-1.9179],[41.2247,-1.9136],[41.2215,-1.9155],[41.2215,-1.918],[41.2235,-1.9179]]],[[[40.9963,-2.097],[40.9953,-2.0921],[40.9925,-2.0947],[40.9963,-2.097]]],[[[41.2085,-1.9308],[41.2095,-1.9261],[41.2059,-1.9291],[41.2085,-1.9308]]],[[[41.2397,-1.9234],[41.2433,-1.9194],[41.2399,-1.92],[41.2385,-1.9226],[41.2397,-1.9234]]],[[[41.2393,-1.9568],[41.2375,-1.958],[41.2443,-1.9592],[41.2393,-1.9568]]],[[[41.1055,-2.0512],[41.1057,-2.0487],[41.1031,-2.0476],[41.1033,-2.0505],[41.1055,-2.0512]]],[[[41.4523,-1.8189],[41.4553,-1.8141],[41.4553,-1.8106],[41.4539,-1.8156],[41.4515,-1.8182],[41.4523,-1.8189]]],[[[41.2137,-1.9223],[41.2113,-1.9208],[41.2093,-1.9236],[41.2119,-1.9228],[41.2117,-1.9249],[41.2137,-1.9223]]],[[[41.2333,-1.9285],[41.2337,-1.9267],[41.2311,-1.9235],[41.2319,-1.9281],[41.2333,-1.9285]]],[[[40.8127,-2.2434],[40.8165,-2.2408],[40.8135,-2.2411],[40.8117,-2.243],[40.8127,-2.2434]]],[[[41.4371,-1.8236],[41.4387,-1.8185],[41.4363,-1.8218],[41.4371,-1.8236]]],[[[40.9325,-2.2301],[40.9327,-2.2286],[40.9303,-2.2275],[40.9295,-2.2289],[40.9325,-2.2301]]],[[[40.7595,-2.2766],[40.7603,-2.2754],[40.7579,-2.2738],[40.7575,-2.2754],[40.7595,-2.2766]]],[[[41.2435,-1.9551],[41.2397,-1.9556],[41.2439,-1.9571],[41.2435,-1.9551]]],[[[41.4751,-1.8033],[41.4763,-1.7996],[41.4735,-1.803],[41.4751,-1.8033]]],[[[41.2369,-1.9562],[41.2375,-1.9538],[41.2349,-1.954],[41.2349,-1.9559],[41.2369,-1.9562]]],[[[40.9971,-2.0901],[40.9969,-2.0915],[40.9995,-2.0916],[40.9991,-2.0901],[40.9971,-2.0901]]],[[[41.4399,-1.835],[41.4407,-1.8319],[41.4391,-1.8336],[41.4399,-1.835]]],[[[40.7251,-2.2561],[40.7243,-2.2538],[40.7231,-2.254],[40.7251,-2.2561]]],[[[41.3651,-1.9061],[41.3671,-1.9042],[41.3643,-1.9054],[41.3651,-1.9061]]],[[[41.4843,-1.7854],[41.4841,-1.7828],[41.4833,-1.7851],[41.4843,-1.7854]]],[[[40.9775,-2.1612],[40.9781,-2.1601],[40.9769,-2.1595],[40.9763,-2.1607],[40.9775,-2.1612]]]]}},{"type":"Feature","properties":{"name":"Kilifi"},"geometry":{"type":"MultiPolygon","coordinates":[[[[39.2174,-3.0729],[39.1559,-3.3157],[39.1539,-3.3234],[39.0923,-3.5671],[39.2999,-3.5683],[39.3149,-3.563],[39.3189,-3.5638],[39.3185,-3.5708],[39.3267,-3.5873],[39.3387,-3.5907],[39.3445,-3.5952],[39.3471,-3.6002],[39.3479,-3.6051],[39.3425,-3.6357],[39.3483,-3.637],[39.3529,-3.6452],[39.3545,-3.6527],[39.3521,-3.6717],[39.3537,-3.6924],[39.3521,-3.6936],[39.3499,-3.692],[39.3471,-3.6965],[39.3467,-3.7011],[39.3533,-3.7065],[39.3521,-3.7127],[39.3557,-3.7151],[39.3565,-3.7267],[39.3727,-3.7395],[39.3909,-3.7354],[39.3925,-3.7544],[39.3917,-3.7652],[39.3839,-3.7665],[39.3805,-3.7705],[39.3879,-3.7747],[39.3885,-3.7813],[39.3785,-3.7854],[39.3755,-3.7896],[39.3789,-3.7946],[39.3773,-3.8066],[39.3913,-3.8169],[39.3967,-3.8235],[39.4017,-3.8194],[39.4075,-3.8223],[39.4141,-3.8189],[39.4203,-3.8194],[39.4305,-3.8293],[39.4451,-3.8475],[39.4537,-3.8541],[39.4661,-3.8578],[39.4835,-3.8802],[39.4893,-3.8806],[39.4943,-3.8843],[39.5001,-3.9013],[39.5071,-3.9038],[39.5095,-3.9079],[39.5157,-3.9104],[39.5203,-3.9162],[39.5175,-3.9207],[39.5207,-3.9278],[39.5279,-3.9298],[39.5279,-3.9364],[39.5253,-3.946],[39.5443,-3.9691],[39.5455,-3.9774],[39.5407,-3.9861],[39.5427,-3.9914],[39.5477,-3.9861],[39.5539,-3.9832],[39.5637,-3.9869],[39.5673,-3.9929],[39.5674,-3.9928],[39.5695,-3.9872],[39.5739,-3.9854],[39.5681,-3.9788],[39.5677,-3.9757],[39.5691,-3.9743],[39.5701,-3.9722],[39.5833,-3.9672],[39.5863,-3.9599],[39.5969,-3.9511],[39.5981,-3.9473],[39.6015,-3.9517],[39.6053,-3.9525],[39.6077,-3.9545],[39.6085,-3.9583],[39.6131,-3.9565],[39.6181,-3.9567],[39.6195,-3.9546],[39.6199,-3.9579],[39.6231,-3.9596],[39.6277,-3.9619],[39.6407,-3.9557],[39.6437,-3.9566],[39.6467,-3.9582],[39.6501,-3.9576],[39.6503,-3.9544],[39.6477,-3.9507],[39.6467,-3.9474],[39.6527,-3.9433],[39.6495,-3.9417],[39.6485,-3.938],[39.6499,-3.9369],[39.6499,-3.934],[39.6487,-3.9333],[39.6473,-3.934],[39.6461,-3.9338],[39.6429,-3.9317],[39.6419,-3.9231],[39.6705,-3.9187],[39.6841,-3.9225],[39.6889,-3.9219],[39.6901,-3.9203],[39.6903,-3.9191],[39.6881,-3.9187],[39.6905,-3.914],[39.6913,-3.9062],[39.6929,-3.9071],[39.6945,-3.9117],[39.6977,-3.9104],[39.6979,-3.9082],[39.7011,-3.9057],[39.7087,-3.9052],[39.7087,-3.8977],[39.7117,-3.8955],[39.7123,-3.8933],[39.7177,-3.8926],[39.7167,-3.8996],[39.7107,-3.9109],[39.7049,-3.9157],[39.7041,-3.9194],[39.7051,-3.9213],[39.7033,-3.922],[39.7045,-3.9278],[39.7081,-3.9263],[39.7087,-3.93],[39.7113,-3.9309],[39.7095,-3.9396],[39.7135,-3.9464],[39.7157,-3.9457],[39.7179,-3.9477],[39.7255,-3.9495],[39.7289,-3.9484],[39.7311,-3.9456],[39.7357,-3.9453],[39.7441,-3.9518],[39.7515,-3.9538],[39.7585,-3.9495],[39.7643,-3.9495],[39.7719,-3.9415],[39.7789,-3.9281],[39.7859,-3.9055],[39.8059,-3.8697],[39.8127,-3.8561],[39.8177,-3.8417],[39.8231,-3.8329],[39.8295,-3.818],[39.8299,-3.806],[39.8361,-3.7925],[39.8401,-3.7762],[39.8423,-3.7728],[39.8437,-3.7614],[39.8503,-3.744],[39.8533,-3.7403],[39.8561,-3.7248],[39.8615,-3.7159],[39.8607,-3.7113],[39.8647,-3.7065],[39.8689,-3.6969],[39.8697,-3.693],[39.8671,-3.6774],[39.8633,-3.6755],[39.8565,-3.6773],[39.8545,-3.6792],[39.8525,-3.6776],[39.8391,-3.6751],[39.8387,-3.674],[39.8405,-3.673],[39.8457,-3.6757],[39.8545,-3.6776],[39.8565,-3.6756],[39.8651,-3.6745],[39.8681,-3.6642],[39.8671,-3.6521],[39.8615,-3.6396],[39.8495,-3.6341],[39.8437,-3.6357],[39.8381,-3.6327],[39.8365,-3.6289],[39.8333,-3.633],[39.8301,-3.634],[39.8287,-3.6371],[39.8275,-3.6363],[39.8283,-3.6333],[39.8257,-3.6333],[39.8253,-3.6369],[39.8217,-3.6393],[39.8183,-3.6454],[39.8077,-3.6441],[39.8053,-3.6472],[39.8045,-3.6436],[39.8009,-3.6395],[39.7953,-3.6438],[39.7927,-3.6314],[39.7891,-3.6301],[39.7885,-3.6275],[39.7829,-3.6221],[39.7791,-3.6233],[39.7795,-3.6209],[39.7841,-3.6167],[39.7855,-3.6185],[39.7897,-3.6181],[39.7939,-3.6248],[39.7961,-3.6253],[39.8065,-3.623],[39.8091,-3.6205],[39.8063,-3.621],[39.8039,-3.618],[39.8029,-3.6106],[39.7959,-3.6106],[39.7923,-3.6122],[39.7797,-3.6097],[39.7711,-3.5966],[39.7723,-3.5935],[39.7713,-3.5884],[39.7749,-3.5868],[39.7749,-3.5838],[39.7775,-3.5804],[39.7817,-3.58],[39.7857,-3.5777],[39.7869,-3.5824],[39.7801,-3.5844],[39.7795,-3.5915],[39.7811,-3.5941],[39.7783,-3.5922],[39.7771,-3.5929],[39.7787,-3.5974],[39.7783,-3.6029],[39.7815,-3.6079],[39.7877,-3.6069],[39.7897,-3.6008],[39.7915,-3.6043],[39.8007,-3.6012],[39.8131,-3.6016],[39.8227,-3.6084],[39.8251,-3.6141],[39.8301,-3.6199],[39.8345,-3.6201],[39.8405,-3.6244],[39.8439,-3.6308],[39.8517,-3.6308],[39.8569,-3.6334],[39.8635,-3.6332],[39.8697,-3.628],[39.8749,-3.6184],[39.8757,-3.6142],[39.8813,-3.6073],[39.8891,-3.5906],[39.8933,-3.5794],[39.8937,-3.5748],[39.8969,-3.5735],[39.9033,-3.56],[39.9233,-3.5019],[39.9257,-3.4982],[39.9263,-3.4904],[39.9359,-3.4748],[39.9413,-3.4577],[39.9545,-3.4334],[39.9603,-3.417],[39.9669,-3.4065],[39.9683,-3.4008],[39.9651,-3.3983],[39.9655,-3.3879],[39.9517,-3.3835],[39.9473,-3.3767],[39.9435,-3.3777],[39.9379,-3.3854],[39.9351,-3.3867],[39.9435,-3.3739],[39.9415,-3.371],[39.9363,-3.3727],[39.9341,-3.3695],[39.9355,-3.3666],[39.9395,-3.364],[39.9371,-3.3603],[39.9375,-3.3473],[39.9401,-3.3449],[39.9455,-3.3449],[39.9475,-3.3477],[39.9541,-3.3434],[39.9551,-3.3392],[39.9505,-3.3371],[39.9489,-3.3349],[39.9497,-3.3304],[39.9543,-3.3261],[39.9755,-3.3178],[39.9899,-3.3168],[39.9893,-3.3125],[39.9923,-3.3133],[39.9959,-3.312],[39.9939,-3.3186],[39.9877,-3.3226],[39.9833,-3.3315],[39.9887,-3.3391],[39.9927,-3.3499],[39.9899,-3.354],[39.9919,-3.3575],[39.9905,-3.3622],[39.9919,-3.3631],[39.9955,-3.3612],[39.9965,-3.3637],[39.9921,-3.3673],[39.9905,-3.3651],[39.9863,-3.3673],[39.9825,-3.365],[39.9713,-3.3733],[39.9691,-3.3846],[39.9709,-3.3863],[39.9743,-3.3861],[39.9955,-3.3696],[40.0063,-3.3583],[40.0107,-3.3569],[40.0135,-3.3594],[40.0125,-3.3559],[40.0139,-3.3539],[40.0189,-3.3529],[40.0187,-3.3554],[40.0245,-3.3521],[40.0223,-3.3498],[40.0247,-3.3471],[40.0531,-3.333],[40.0741,-3.3161],[40.0877,-3.3107],[40.0999,-3.3029],[40.1117,-3.2945],[40.1195,-3.2867],[40.1219,-3.2795],[40.1247,-3.2758],[40.1227,-3.2722],[40.1229,-3.2696],[40.1297,-3.26],[40.1291,-3.2585],[40.1313,-3.2542],[40.1313,-3.2516],[40.1285,-3.2493],[40.1279,-3.2463],[40.1255,-3.2451],[40.1277,-3.2202],[40.1263,-3.2204],[40.1251,-3.2167],[40.1175,-3.2073],[40.1167,-3.2018],[40.1203,-3.184],[40.1335,-3.1616],[40.1323,-3.1593],[40.1309,-3.1632],[40.1299,-3.1629],[40.1313,-3.1561],[40.1247,-3.147],[40.1255,-3.1462],[40.1369,-3.1567],[40.1475,-3.141],[40.1599,-3.1288],[40.1617,-3.1234],[40.1599,-3.1166],[40.1587,-3.0956],[40.1531,-3.0829],[40.1577,-3.0744],[40.1697,-3.0673],[40.1721,-3.0631],[40.1687,-3.0548],[40.1685,-3.0494],[40.1721,-3.0389],[40.1807,-3.0299],[40.1945,-3.0251],[40.1953,-3.014],[40.1993,-3.0075],[40.2047,-3.0024],[40.2097,-2.9995],[40.2215,-2.9981],[40.2321,-2.9895],[40.2375,-2.9929],[40.2411,-2.984],[40.2401,-2.9768],[40.2387,-2.9751],[40.2367,-2.9751],[40.2309,-2.977],[40.2289,-2.9813],[40.2239,-2.9864],[40.2251,-2.988],[40.2183,-2.9913],[40.2101,-2.9922],[40.2003,-2.9887],[40.1929,-2.9931],[40.1845,-2.9925],[40.1779,-3.01],[40.1717,-3.0157],[40.1669,-3.0174],[40.1641,-3.0313],[40.1619,-3.0333],[40.1587,-3.0334],[40.1567,-3.0273],[40.1545,-3.0275],[40.1525,-3.03],[40.1493,-3.0312],[40.1489,-3.0349],[40.1469,-3.0364],[40.1515,-3.0396],[40.1491,-3.0398],[40.1495,-3.0423],[40.1447,-3.0443],[40.1439,-3.0378],[40.1415,-3.0338],[40.1439,-3.0328],[40.1459,-3.0276],[40.1421,-3.0235],[40.1429,-3.016],[40.1465,-3.0145],[40.1515,-3.0075],[40.1515,-3.0058],[40.1495,-3.0057],[40.1489,-3.0088],[40.1473,-3.0095],[40.1495,-2.9979],[40.1479,-2.9798],[40.1513,-2.9729],[40.1521,-2.964],[40.1495,-2.9403],[40.1521,-2.9367],[40.1573,-2.9375],[40.1575,-2.9349],[40.1559,-2.9328],[40.1587,-2.9305],[40.1573,-2.9238],[40.1595,-2.9145],[40.1589,-2.913],[40.1549,-2.9156],[40.1521,-2.9196],[40.1501,-2.9173],[40.1477,-2.918],[40.1473,-2.9165],[40.1503,-2.9142],[40.1479,-2.9092],[40.1537,-2.9072],[40.1555,-2.9034],[40.1569,-2.9049],[40.1563,-2.9082],[40.1589,-2.9103],[40.1613,-2.9098],[40.1607,-2.9115],[40.1619,-2.9123],[40.1641,-2.9009],[40.1671,-2.8979],[40.1695,-2.8887],[40.1669,-2.8874],[40.1635,-2.8916],[40.1567,-2.8932],[40.1559,-2.8964],[40.1481,-2.9005],[40.1461,-2.8991],[40.1473,-2.8945],[40.1443,-2.8918],[40.1477,-2.8868],[40.1497,-2.8901],[40.1525,-2.8898],[40.1547,-2.8835],[40.1527,-2.8805],[40.1521,-2.8723],[40.1555,-2.8712],[40.1549,-2.8671],[40.1571,-2.8702],[40.1571,-2.8804],[40.1623,-2.8804],[40.1683,-2.8556],[40.1709,-2.8526],[40.1691,-2.856],[40.1689,-2.8585],[40.1699,-2.8589],[40.1759,-2.8447],[40.1743,-2.8388],[40.1783,-2.832],[40.1837,-2.8301],[40.1817,-2.8263],[40.1785,-2.8287],[40.1777,-2.8192],[40.1793,-2.8171],[40.1807,-2.8181],[40.1809,-2.8168],[40.1741,-2.8068],[40.1729,-2.8004],[40.1701,-2.8007],[40.1679,-2.7925],[40.1661,-2.7926],[40.1655,-2.7973],[40.1633,-2.8],[40.1607,-2.7919],[40.1553,-2.7897],[40.1567,-2.7861],[40.1601,-2.7854],[40.1581,-2.7774],[40.1631,-2.7777],[40.1661,-2.7794],[40.1667,-2.7781],[40.1675,-2.7733],[40.1659,-2.7704],[40.1619,-2.7708],[40.1595,-2.7685],[40.1635,-2.7671],[40.1619,-2.7641],[40.1623,-2.7569],[40.1641,-2.7563],[40.1659,-2.7592],[40.1671,-2.7666],[40.1695,-2.7615],[40.1723,-2.7611],[40.1709,-2.757],[40.1739,-2.757],[40.1707,-2.7514],[40.1721,-2.7416],[40.1697,-2.7416],[40.1699,-2.7462],[40.1675,-2.7424],[40.1647,-2.7435],[40.1635,-2.736],[40.1567,-2.7291],[40.1615,-2.7289],[40.1639,-2.731],[40.1653,-2.7297],[40.1661,-2.7249],[40.1625,-2.7157],[40.1673,-2.714],[40.1713,-2.7148],[40.1733,-2.7172],[40.1741,-2.7166],[40.1753,-2.7141],[40.1757,-2.7137],[40.1756,-2.7135],[39.8897,-2.3101],[39.2185,-3.0692],[39.2184,-3.0695],[39.2174,-3.0729]]],[[[40.1641,-2.9382],[40.1617,-2.927],[40.1641,-2.9137],[40.1695,-2.8973],[40.1665,-2.9011],[40.1597,-2.9281],[40.1609,-2.9315],[40.1593,-2.9352],[40.1607,-2.9389],[40.1623,-2.9396],[40.1633,-2.947],[40.1647,-2.9447],[40.1641,-2.9382]]],[[[39.9641,-3.3569],[39.9645,-3.3507],[39.9623,-3.3571],[39.9499,-3.3584],[39.9481,-3.3606],[39.9547,-3.3658],[39.9593,-3.3654],[39.9641,-3.3569]]],[[[40.1786,-2.7177],[40.1775,-2.7164],[40.1747,-2.7237],[40.1761,-2.7263],[40.1737,-2.7359],[40.1747,-2.7376],[40.1771,-2.7367],[40.1809,-2.7306],[40.1807,-2.7235],[40.1795,-2.7224],[40.1789,-2.7242],[40.1779,-2.7238],[40.1773,-2.7217],[40.1791,-2.7184],[40.179,-2.7184],[40.1786,-2.7177]]],[[[39.9741,-3.351],[39.9767,-3.3495],[39.9739,-3.3446],[39.9735,-3.3403],[39.9697,-3.338],[39.9701,-3.3415],[39.9673,-3.3455],[39.9677,-3.3476],[39.9705,-3.3502],[39.9741,-3.351]]],[[[40.1613,-2.9694],[40.1617,-2.9595],[40.1601,-2.9548],[40.1577,-2.9628],[40.1593,-2.9686],[40.1613,-2.9694]]],[[[40.1825,-2.7451],[40.1823,-2.7414],[40.1805,-2.7397],[40.1777,-2.7408],[40.1741,-2.7457],[40.1753,-2.7472],[40.1785,-2.7451],[40.1825,-2.7451]]],[[[40.1703,-2.8812],[40.1707,-2.8667],[40.1683,-2.8681],[40.1671,-2.8718],[40.1689,-2.8803],[40.1703,-2.8812]]],[[[39.9795,-3.3646],[39.9855,-3.3571],[39.9783,-3.3597],[39.9795,-3.3646]]],[[[40.1657,-2.7875],[40.1651,-2.7806],[40.1609,-2.7807],[40.1625,-2.7855],[40.1657,-2.7875]]],[[[40.1857,-2.7537],[40.1873,-2.7488],[40.1917,-2.7427],[40.1893,-2.7429],[40.1841,-2.7538],[40.1857,-2.7537]]],[[[40.1741,-2.7882],[40.1705,-2.7853],[40.1683,-2.7863],[40.1683,-2.7878],[40.1725,-2.7893],[40.1723,-2.7921],[40.1737,-2.7929],[40.1741,-2.7882]]],[[[40.1827,-2.7816],[40.1859,-2.773],[40.1841,-2.771],[40.1809,-2.7798],[40.1827,-2.7816]]],[[[40.1771,-2.9748],[40.1763,-2.9677],[40.1703,-2.9593],[40.1699,-2.9606],[40.1763,-2.9704],[40.1771,-2.9748]]],[[[40.1739,-2.7765],[40.1771,-2.7724],[40.1763,-2.7695],[40.1739,-2.7711],[40.1725,-2.7753],[40.1739,-2.7765]]],[[[40.1679,-2.9802],[40.1731,-2.9713],[40.1705,-2.9725],[40.1703,-2.975],[40.1667,-2.9785],[40.1679,-2.9802]]],[[[40.1849,-2.8142],[40.1843,-2.8092],[40.1821,-2.8118],[40.1849,-2.8142]]],[[[40.1759,-2.7659],[40.1811,-2.7587],[40.1757,-2.7636],[40.1749,-2.7653],[40.1759,-2.7659]]],[[[40.1689,-2.7391],[40.1703,-2.7379],[40.1693,-2.7352],[40.1667,-2.738],[40.1689,-2.7391]]],[[[40.1723,-2.7336],[40.1717,-2.7305],[40.1705,-2.7302],[40.1697,-2.7324],[40.1723,-2.7336]]],[[[40.1863,-2.7464],[40.1871,-2.7408],[40.1855,-2.7448],[40.1863,-2.7464]]],[[[39.9871,-3.3496],[39.9873,-3.3468],[39.9861,-3.3481],[39.9871,-3.3496]]],[[[40.1805,-2.8085],[40.1805,-2.807],[40.1791,-2.8074],[40.1805,-2.8085]]]]}},{"type":"Feature","properties":{"name":"Taita Taveta"},"geometry":{"type":"MultiPolygon","coordinates":[[[[39.0751,-3.0411],[39.0602,-3.0406],[39.0523,-3.0324],[39.0443,-3.0308],[39.0427,-3.0282],[39.0441,-3.0229],[39.0433,-3.021],[39.0343,-3.0242],[39.0278,-3.0206],[39.0245,-3.0205],[39.0149,-3.0246],[39.0068,-3.0258],[38.999,-3.0246],[38.9914,-3.0263],[38.9806,-3.0393],[38.9729,-3.0406],[38.9535,-3.0395],[38.9367,-3.0346],[38.9315,-3.0404],[38.925,-3.0402],[38.9148,-3.0448],[38.9068,-3.043],[38.8976,-3.0387],[38.8936,-3.0385],[38.8635,-3.0575],[38.8511,-3.0611],[38.8474,-3.0609],[38.8456,-3.0555],[38.8418,-3.0533],[38.8349,-3.0601],[38.827,-3.0604],[38.8182,-3.0669],[38.8056,-3.0685],[38.8001,-3.0663],[38.7979,-3.061],[38.8015,-3.0576],[38.8078,-3.0593],[38.81,-3.0563],[38.8093,-3.0531],[38.7902,-3.0484],[38.7802,-3.0488],[38.7745,-3.044],[38.7553,-3.0461],[38.7358,-3.0432],[38.7248,-3.0371],[38.7074,-3.032],[38.7027,-3.0328],[38.6969,-3.0369],[38.6903,-3.0375],[38.682,-3.0355],[38.6714,-3.037],[38.6654,-3.0395],[38.6615,-3.0288],[38.6541,-3.0251],[38.6429,-3.0122],[38.6367,-3.0113],[38.6297,-3.0122],[38.6082,-3.0058],[38.607,-3.0031],[38.6102,-2.9965],[38.6086,-2.9946],[38.6029,-2.9981],[38.5942,-2.9986],[38.5837,-2.987],[38.563,-2.9864],[38.5503,-2.9804],[38.5443,-2.9794],[38.539,-2.9737],[38.5315,-2.9761],[38.5266,-2.9739],[38.5191,-2.9748],[38.5138,-2.9792],[38.5132,-2.9832],[38.5091,-2.9819],[38.4926,-2.9835],[38.488,-2.9775],[38.4767,-2.9852],[38.4692,-2.9849],[38.4661,-2.988],[38.4634,-2.9875],[38.4588,-2.991],[38.4575,-2.9903],[38.4487,-2.9721],[38.4293,-2.9557],[38.4178,-2.9429],[38.4086,-2.9283],[38.4034,-2.9261],[38.3963,-2.9275],[38.3816,-2.9182],[38.3512,-2.8869],[38.3199,-2.8331],[38.2945,-2.8042],[38.2706,-2.77],[38.2612,-2.7605],[38.2365,-2.7422],[38.1803,-2.7014],[38.1672,-2.6944],[38.1642,-2.6894],[38.1615,-2.6799],[38.1563,-2.6886],[38.157,-2.6941],[38.151,-2.6992],[38.1448,-2.6997],[38.1415,-2.6984],[38.1362,-2.6993],[38.1333,-2.698],[38.1277,-2.699],[38.1215,-2.7041],[38.1169,-2.7058],[38.1155,-2.712],[38.1089,-2.7165],[38.1006,-2.7194],[37.9737,-2.7886],[37.9441,-2.7808],[37.9394,-2.777],[37.9183,-2.8685],[37.8951,-2.8859],[37.8708,-3.0774],[37.8654,-3.0788],[37.8541,-3.0785],[37.8529,-3.1782],[37.8503,-3.1786],[37.8478,-3.1824],[37.8433,-3.1826],[37.837,-3.1857],[37.833,-3.1855],[37.8297,-3.1799],[37.8222,-3.1736],[37.8189,-3.1733],[37.8102,-3.1663],[37.8072,-3.1675],[37.8043,-3.1658],[37.7957,-3.1696],[37.7935,-3.1723],[37.792,-3.172],[37.7913,-3.1699],[37.6906,-3.1789],[37.7112,-3.308],[37.6845,-3.32],[37.6845,-3.3463],[37.6795,-3.3527],[37.6614,-3.355],[37.618,-3.3996],[37.5848,-3.4384],[37.5848,-3.4598],[37.5943,-3.4578],[37.5974,-3.4558],[37.6091,-3.4601],[37.6187,-3.4574],[37.6225,-3.4627],[37.6229,-3.472],[37.6178,-3.486],[37.6133,-3.4932],[37.6127,-3.4977],[37.6062,-3.5018],[37.6029,-3.5064],[37.6017,-3.5127],[37.6032,-3.5169],[37.6086,-3.5192],[37.6198,-3.5184],[37.6694,-3.5061],[37.6815,-3.5115],[37.6843,-3.5106],[37.6933,-3.5234],[37.6965,-3.5259],[37.7204,-3.5288],[37.7251,-3.5328],[37.7276,-3.5372],[37.7441,-3.5426],[37.7469,-3.5496],[37.7482,-3.5615],[37.7608,-3.6172],[37.7838,-3.6734],[38.4465,-4.1372],[38.4502,-4.1359],[38.7049,-4.0448],[38.9453,-3.9589],[39.0368,-3.7597],[38.9275,-3.6955],[38.9275,-3.6954],[38.9416,-3.6715],[38.9651,-3.6318],[39.0613,-3.6893],[39.0629,-3.6827],[39.0923,-3.5671],[39.1539,-3.3234],[39.1559,-3.3157],[39.2174,-3.0729],[39.2173,-3.0728],[39.2171,-3.0724],[39.217,-3.0721],[39.217,-3.0714],[39.2177,-3.0677],[39.2161,-3.0656],[39.2041,-3.0663],[39.1951,-3.0609],[39.1819,-3.0632],[39.1781,-3.0579],[39.1744,-3.0568],[39.1728,-3.0574],[39.1686,-3.0651],[39.1631,-3.0657],[39.1619,-3.059],[39.1554,-3.0522],[39.151,-3.045],[39.1484,-3.0448],[39.1424,-3.0491],[39.14,-3.0417],[39.1321,-3.0414],[39.1327,-3.0344],[39.1293,-3.0292],[39.129,-3.0208],[39.1273,-3.0192],[39.1109,-3.0244],[39.1023,-3.036],[39.0871,-3.0431],[39.0875,-3.0498],[39.0858,-3.0522],[39.0824,-3.0525],[39.0792,-3.0504],[39.0788,-3.0431],[39.0751,-3.0411]]]]}},{"type":"Feature","properties":{"name":"Kwale"},"geometry":{"type":"MultiPolygon","coordinates":[[[[39.0923,-3.5671],[39.0629,-3.6827],[39.0613,-3.6893],[38.9651,-3.6318],[38.9416,-3.6715],[38.9275,-3.6954],[38.9275,-3.6955],[39.0368,-3.7597],[38.9453,-3.9589],[38.7049,-4.0448],[38.4502,-4.1359],[38.4465,-4.1372],[39.1913,-4.6581],[39.1939,-4.6672],[39.2023,-4.6658],[39.2039,-4.6702],[39.2065,-4.6713],[39.2065,-4.675],[39.2133,-4.6741],[39.2181,-4.6769],[39.2201,-4.6747],[39.2213,-4.6697],[39.2251,-4.6651],[39.2241,-4.6645],[39.2201,-4.6675],[39.2189,-4.6703],[39.2131,-4.6655],[39.2107,-4.6596],[39.2143,-4.6587],[39.2137,-4.6625],[39.2157,-4.663],[39.2193,-4.6594],[39.2207,-4.6508],[39.2187,-4.6502],[39.2137,-4.6525],[39.2113,-4.65],[39.2109,-4.6468],[39.2145,-4.6431],[39.2153,-4.6359],[39.2177,-4.6336],[39.2215,-4.6347],[39.2323,-4.631],[39.2293,-4.6298],[39.2235,-4.6328],[39.2225,-4.6316],[39.2231,-4.6282],[39.2267,-4.6244],[39.2261,-4.622],[39.2303,-4.6231],[39.2301,-4.6205],[39.2325,-4.6199],[39.2261,-4.6161],[39.2339,-4.6114],[39.2353,-4.6124],[39.2351,-4.6156],[39.2379,-4.6165],[39.2389,-4.6138],[39.2377,-4.6118],[39.2415,-4.6113],[39.2405,-4.6068],[39.2415,-4.6062],[39.2427,-4.609],[39.2441,-4.6087],[39.2451,-4.602],[39.2487,-4.6036],[39.2475,-4.6058],[39.2491,-4.6098],[39.2467,-4.6121],[39.2483,-4.613],[39.2549,-4.6069],[39.2535,-4.6029],[39.2563,-4.6025],[39.2559,-4.5997],[39.2579,-4.5975],[39.2629,-4.5998],[39.2615,-4.6016],[39.2627,-4.6027],[39.2641,-4.6024],[39.2643,-4.6001],[39.2689,-4.5999],[39.2643,-4.5976],[39.2627,-4.5945],[39.2603,-4.5947],[39.2551,-4.5915],[39.2519,-4.5921],[39.2527,-4.5883],[39.2513,-4.5843],[39.2453,-4.5822],[39.2443,-4.5776],[39.2423,-4.5772],[39.2419,-4.5694],[39.2445,-4.567],[39.2525,-4.5753],[39.2595,-4.5782],[39.2621,-4.5821],[39.2663,-4.5791],[39.2711,-4.5784],[39.2727,-4.5801],[39.2727,-4.584],[39.2743,-4.5843],[39.2771,-4.579],[39.2781,-4.5801],[39.2773,-4.5829],[39.2793,-4.584],[39.2823,-4.5803],[39.2837,-4.5757],[39.2947,-4.5666],[39.3007,-4.5683],[39.3063,-4.5678],[39.3115,-4.5652],[39.3163,-4.5661],[39.3189,-4.5639],[39.3173,-4.5603],[39.3143,-4.558],[39.3131,-4.5519],[39.3165,-4.5572],[39.3191,-4.5568],[39.3193,-4.5587],[39.3231,-4.5607],[39.3279,-4.5578],[39.3303,-4.5603],[39.3331,-4.5592],[39.3359,-4.5667],[39.3321,-4.568],[39.3297,-4.5652],[39.3283,-4.5678],[39.3219,-4.5708],[39.3187,-4.5766],[39.3161,-4.5908],[39.3203,-4.5949],[39.3169,-4.5984],[39.3127,-4.5994],[39.3085,-4.6069],[39.3135,-4.6059],[39.3185,-4.6026],[39.3179,-4.6066],[39.3253,-4.6094],[39.3255,-4.6125],[39.3229,-4.6104],[39.3199,-4.6114],[39.3219,-4.6133],[39.3197,-4.6144],[39.3195,-4.618],[39.3177,-4.6135],[39.3137,-4.6133],[39.3087,-4.6225],[39.3099,-4.6315],[39.3115,-4.6312],[39.3117,-4.6332],[39.3139,-4.6338],[39.3171,-4.6303],[39.3165,-4.6335],[39.3181,-4.6346],[39.3183,-4.6314],[39.3197,-4.6315],[39.3199,-4.634],[39.3233,-4.6379],[39.3279,-4.6387],[39.3289,-4.6408],[39.3405,-4.6356],[39.3479,-4.6347],[39.3571,-4.6368],[39.3795,-4.6451],[39.3915,-4.6458],[39.4029,-4.6427],[39.4035,-4.6363],[39.4007,-4.6283],[39.3965,-4.6218],[39.3961,-4.6154],[39.3917,-4.6062],[39.3907,-4.5961],[39.3893,-4.5945],[39.3909,-4.5902],[39.3935,-4.5896],[39.3941,-4.5807],[39.3919,-4.5806],[39.3881,-4.5892],[39.3863,-4.5818],[39.3879,-4.5809],[39.3889,-4.5765],[39.3853,-4.5658],[39.3855,-4.5623],[39.3835,-4.562],[39.3837,-4.559],[39.3793,-4.5554],[39.3743,-4.555],[39.3763,-4.5516],[39.3755,-4.5397],[39.3779,-4.5395],[39.3771,-4.5433],[39.3881,-4.5442],[39.3901,-4.5458],[39.3925,-4.5433],[39.3921,-4.5458],[39.3899,-4.5476],[39.3909,-4.5523],[39.3939,-4.5518],[39.3957,-4.5495],[39.4039,-4.5476],[39.4053,-4.5454],[39.4069,-4.5459],[39.4067,-4.5483],[39.4097,-4.5477],[39.4109,-4.547],[39.4125,-4.5351],[39.4153,-4.5318],[39.4169,-4.5313],[39.4247,-4.5352],[39.4267,-4.5331],[39.4241,-4.5157],[39.4215,-4.5175],[39.4225,-4.5146],[39.4277,-4.5112],[39.4355,-4.514],[39.4365,-4.5171],[39.4383,-4.517],[39.4399,-4.5116],[39.4433,-4.5097],[39.4431,-4.5033],[39.4515,-4.5148],[39.4571,-4.5176],[39.4599,-4.524],[39.4583,-4.5283],[39.4593,-4.5302],[39.4623,-4.5303],[39.4695,-4.5016],[39.4763,-4.4862],[39.4833,-4.4768],[39.4907,-4.4702],[39.4937,-4.4696],[39.4967,-4.4659],[39.4975,-4.4585],[39.4957,-4.4511],[39.4987,-4.4433],[39.4939,-4.4394],[39.4891,-4.4409],[39.4889,-4.4389],[39.4951,-4.4372],[39.4973,-4.4398],[39.5013,-4.441],[39.5079,-4.4356],[39.5113,-4.4202],[39.5087,-4.4154],[39.5085,-4.4196],[39.5057,-4.4205],[39.5085,-4.4079],[39.5077,-4.407],[39.5069,-4.4089],[39.5057,-4.4081],[39.5069,-4.4059],[39.5055,-4.4047],[39.5069,-4.4038],[39.5065,-4.401],[39.5079,-4.3992],[39.5115,-4.3984],[39.5169,-4.4018],[39.5191,-4.3984],[39.5215,-4.4048],[39.5235,-4.4051],[39.5263,-4.4018],[39.5265,-4.4043],[39.5313,-4.4057],[39.5339,-4.4101],[39.5327,-4.4137],[39.5347,-4.415],[39.5355,-4.4197],[39.5323,-4.4351],[39.5351,-4.4366],[39.5375,-4.4359],[39.5423,-4.4237],[39.5415,-4.4222],[39.5439,-4.4057],[39.5465,-4.3991],[39.5479,-4.3885],[39.5593,-4.3608],[39.5663,-4.3387],[39.5683,-4.3358],[39.5693,-4.3297],[39.5967,-4.2698],[39.5975,-4.2607],[39.5961,-4.2569],[39.5859,-4.2575],[39.5829,-4.256],[39.5895,-4.2536],[39.5967,-4.2558],[39.5979,-4.2549],[39.6025,-4.2351],[39.6067,-4.2265],[39.6131,-4.2014],[39.6211,-4.1879],[39.6289,-4.1791],[39.6407,-4.1552],[39.6253,-4.1449],[39.6309,-4.1372],[39.6315,-4.1285],[39.6367,-4.1262],[39.6377,-4.1206],[39.6313,-4.1202],[39.6281,-4.1145],[39.6119,-4.0961],[39.6129,-4.0941],[39.6099,-4.0932],[39.6081,-4.0891],[39.6031,-4.0903],[39.6045,-4.0957],[39.5953,-4.1017],[39.5977,-4.1096],[39.5951,-4.115],[39.5909,-4.1163],[39.5785,-4.1192],[39.5767,-4.1195],[39.5775,-4.1181],[39.5823,-4.1119],[39.5867,-4.1024],[39.5837,-4.0932],[39.5789,-4.0854],[39.5767,-4.0373],[39.5629,-4.0196],[39.5635,-4.0146],[39.5667,-4.0108],[39.5701,-4.0032],[39.5679,-4.0008],[39.5675,-3.993],[39.5674,-3.9928],[39.5673,-3.9929],[39.5637,-3.9869],[39.5539,-3.9832],[39.5477,-3.9861],[39.5427,-3.9914],[39.5407,-3.9861],[39.5455,-3.9774],[39.5443,-3.9691],[39.5253,-3.946],[39.5279,-3.9364],[39.5279,-3.9298],[39.5207,-3.9278],[39.5175,-3.9207],[39.5203,-3.9162],[39.5157,-3.9104],[39.5095,-3.9079],[39.5071,-3.9038],[39.5001,-3.9013],[39.4943,-3.8843],[39.4893,-3.8806],[39.4835,-3.8802],[39.4661,-3.8578],[39.4537,-3.8541],[39.4451,-3.8475],[39.4305,-3.8293],[39.4203,-3.8194],[39.4141,-3.8189],[39.4075,-3.8223],[39.4017,-3.8194],[39.3967,-3.8235],[39.3913,-3.8169],[39.3773,-3.8066],[39.3789,-3.7946],[39.3755,-3.7896],[39.3785,-3.7854],[39.3885,-3.7813],[39.3879,-3.7747],[39.3805,-3.7705],[39.3839,-3.7665],[39.3917,-3.7652],[39.3925,-3.7544],[39.3909,-3.7354],[39.3727,-3.7395],[39.3565,-3.7267],[39.3557,-3.7151],[39.3521,-3.7127],[39.3533,-3.7065],[39.3467,-3.7011],[39.3471,-3.6965],[39.3499,-3.692],[39.3521,-3.6936],[39.3537,-3.6924],[39.3521,-3.6717],[39.3545,-3.6527],[39.3529,-3.6452],[39.3483,-3.637],[39.3425,-3.6357],[39.3479,-3.6051],[39.3471,-3.6002],[39.3445,-3.5952],[39.3387,-3.5907],[39.3267,-3.5873],[39.3185,-3.5708],[39.3189,-3.5638],[39.3149,-3.563],[39.2999,-3.5683],[39.0923,-3.5671]]],[[[39.4535,-4.5588],[39.4567,-4.557],[39.4601,-4.5526],[39.4611,-4.5366],[39.4529,-4.5321],[39.4505,-4.5332],[39.4485,-4.538],[39.4487,-4.5494],[39.4449,-4.5537],[39.4461,-4.5562],[39.4453,-4.5586],[39.4341,-4.5559],[39.4323,-4.5516],[39.4295,-4.5562],[39.4311,-4.5596],[39.4259,-4.5553],[39.4265,-4.5581],[39.4335,-4.5629],[39.4323,-4.5635],[39.4343,-4.5659],[39.4359,-4.5729],[39.4347,-4.5726],[39.4337,-4.5683],[39.4371,-4.5846],[39.4363,-4.5879],[39.4409,-4.5891],[39.4457,-4.5792],[39.4489,-4.5792],[39.4533,-4.5744],[39.4545,-4.5715],[39.4539,-4.5626],[39.4523,-4.5614],[39.4535,-4.5588]]],[[[39.3647,-4.655],[39.3607,-4.6529],[39.3643,-4.6597],[39.3603,-4.6604],[39.3603,-4.6636],[39.3779,-4.6636],[39.3813,-4.6648],[39.3843,-4.6635],[39.3921,-4.6675],[39.3965,-4.6664],[39.3995,-4.6709],[39.4035,-4.6684],[39.4039,-4.6668],[39.3987,-4.6549],[39.3929,-4.6587],[39.3863,-4.6584],[39.3771,-4.6554],[39.3647,-4.655]]],[[[39.3097,-4.5744],[39.3091,-4.5718],[39.3077,-4.5716],[39.2987,-4.5752],[39.3025,-4.5901],[39.3103,-4.58],[39.3113,-4.575],[39.3097,-4.5744]]],[[[39.2299,-4.6478],[39.2273,-4.6404],[39.2231,-4.6425],[39.2227,-4.6455],[39.2257,-4.6481],[39.2299,-4.6478]]],[[[39.2461,-4.621],[39.2469,-4.6171],[39.2421,-4.6123],[39.2409,-4.614],[39.2427,-4.6162],[39.2423,-4.6188],[39.2449,-4.6215],[39.2461,-4.621]]],[[[39.2513,-4.6161],[39.2583,-4.6121],[39.2573,-4.6095],[39.2549,-4.6094],[39.2493,-4.6142],[39.2513,-4.6161]]],[[[39.2903,-4.5953],[39.2883,-4.5919],[39.2897,-4.5897],[39.2885,-4.5884],[39.2867,-4.59],[39.2867,-4.5955],[39.2921,-4.6],[39.2925,-4.5958],[39.2903,-4.5953]]],[[[39.4099,-4.5763],[39.4097,-4.5736],[39.4047,-4.5764],[39.4019,-4.5754],[39.4005,-4.5767],[39.4069,-4.5776],[39.4099,-4.5763]]],[[[39.2383,-4.6285],[39.2403,-4.6247],[39.2391,-4.6224],[39.2377,-4.6231],[39.2367,-4.6275],[39.2383,-4.6285]]],[[[39.5333,-4.4442],[39.5359,-4.4392],[39.5319,-4.441],[39.5317,-4.4436],[39.5333,-4.4442]]],[[[39.2329,-4.6379],[39.2339,-4.6361],[39.2313,-4.6347],[39.2291,-4.6385],[39.2329,-4.6379]]],[[[39.2183,-4.6446],[39.2211,-4.6433],[39.2173,-4.6415],[39.2163,-4.6442],[39.2183,-4.6446]]],[[[39.2311,-4.6514],[39.2341,-4.6484],[39.2325,-4.6463],[39.2301,-4.6504],[39.2311,-4.6514]]],[[[39.2653,-4.6114],[39.2587,-4.6086],[39.2601,-4.6103],[39.2653,-4.6114]]],[[[39.4065,-4.7022],[39.4075,-4.6996],[39.4037,-4.7007],[39.4065,-4.7022]]],[[[39.4153,-4.5703],[39.4155,-4.5675],[39.4137,-4.5685],[39.4153,-4.5703]]],[[[39.4015,-4.5742],[39.4001,-4.5727],[39.3975,-4.5727],[39.4015,-4.5742]]],[[[39.3991,-4.6849],[39.3973,-4.683],[39.3959,-4.6836],[39.3991,-4.6849]]],[[[39.4017,-4.6848],[39.4021,-4.6833],[39.3999,-4.6836],[39.4017,-4.6848]]],[[[39.4029,-4.5723],[39.4029,-4.571],[39.4015,-4.571],[39.4029,-4.5723]]]]}},{"type":"Feature","properties":{"name":"Mombasa"},"geometry":{"type":"MultiPolygon","coordinates":[[[[39.6477,-3.9507],[39.6527,-3.9554],[39.6561,-3.9556],[39.6553,-3.9522],[39.6579,-3.9531],[39.6593,-3.951],[39.6585,-3.9446],[39.6621,-3.9477],[39.6597,-3.955],[39.6601,-3.9609],[39.6627,-3.9611],[39.6603,-3.9665],[39.6603,-3.9716],[39.6643,-3.9732],[39.6633,-3.9774],[39.6643,-3.9793],[39.6647,-3.9744],[39.6675,-3.9709],[39.6667,-3.9801],[39.6679,-3.9845],[39.6723,-3.987],[39.6717,-3.9887],[39.6689,-3.9895],[39.6689,-3.9941],[39.6667,-3.9946],[39.6699,-3.9981],[39.6711,-4.0051],[39.6663,-4.0107],[39.6605,-4.0118],[39.6629,-4.0165],[39.6605,-4.0194],[39.6659,-4.0225],[39.6689,-4.0204],[39.6725,-4.0207],[39.6715,-4.0153],[39.6745,-4.0135],[39.6729,-4.0156],[39.6739,-4.0216],[39.6689,-4.0232],[39.6707,-4.0301],[39.6749,-4.0295],[39.6761,-4.0318],[39.6761,-4.0365],[39.6731,-4.0412],[39.6801,-4.042],[39.6801,-4.053],[39.6849,-4.0601],[39.6883,-4.0617],[39.6979,-4.0592],[39.7027,-4.0551],[39.7223,-4.0243],[39.7303,-4.018],[39.7303,-4.016],[39.7283,-4.0166],[39.7261,-4.0141],[39.7253,-4.0078],[39.7285,-3.9984],[39.7333,-3.9908],[39.7483,-3.9743],[39.7519,-3.9674],[39.7639,-3.9578],[39.7601,-3.9558],[39.7521,-3.956],[39.7455,-3.954],[39.7363,-3.9481],[39.7305,-3.9516],[39.7245,-3.9524],[39.7201,-3.9508],[39.7147,-3.9511],[39.7097,-3.9468],[39.7075,-3.9539],[39.7089,-3.9588],[39.7063,-3.9559],[39.7035,-3.9557],[39.7065,-3.9536],[39.7075,-3.9502],[39.7031,-3.9506],[39.7019,-3.9529],[39.6987,-3.954],[39.7009,-3.9497],[39.6977,-3.9521],[39.6913,-3.9476],[39.6865,-3.9499],[39.6879,-3.9474],[39.6869,-3.9436],[39.6891,-3.9449],[39.6909,-3.9435],[39.6921,-3.945],[39.6961,-3.9456],[39.6985,-3.9488],[39.7013,-3.9472],[39.7009,-3.9449],[39.7053,-3.9469],[39.7071,-3.9451],[39.7047,-3.9435],[39.7009,-3.9436],[39.6965,-3.94],[39.6947,-3.9341],[39.6953,-3.9312],[39.6903,-3.9336],[39.6913,-3.9308],[39.6953,-3.9284],[39.6965,-3.9257],[39.6957,-3.9233],[39.6923,-3.9218],[39.6889,-3.9235],[39.6841,-3.9225],[39.6705,-3.9187],[39.6419,-3.9231],[39.6429,-3.9317],[39.6461,-3.9338],[39.6473,-3.934],[39.6487,-3.9333],[39.6499,-3.934],[39.6499,-3.9369],[39.6485,-3.938],[39.6495,-3.9417],[39.6527,-3.9433],[39.6467,-3.9474],[39.6477,-3.9507]]],[[[39.5674,-3.9928],[39.5675,-3.993],[39.5679,-4.0008],[39.5701,-4.0032],[39.5667,-4.0108],[39.5669,-4.0182],[39.5683,-4.0198],[39.5711,-4.0198],[39.5731,-4.0236],[39.5843,-4.0249],[39.5877,-4.024],[39.5841,-4.0405],[39.5827,-4.0413],[39.5847,-4.0433],[39.5853,-4.0418],[39.6027,-4.042],[39.6129,-4.0405],[39.6173,-4.0407],[39.6211,-4.0428],[39.6277,-4.0408],[39.6379,-4.041],[39.6389,-4.038],[39.6345,-4.0356],[39.6371,-4.0304],[39.6479,-4.032],[39.6495,-4.0273],[39.6441,-4.0282],[39.6421,-4.0276],[39.6421,-4.0259],[39.6397,-4.0262],[39.6391,-4.0205],[39.6403,-4.0157],[39.6357,-4.012],[39.6343,-3.9883],[39.6277,-3.9876],[39.6259,-3.9928],[39.6229,-3.9959],[39.6221,-3.9951],[39.6239,-3.9929],[39.6239,-3.9899],[39.6201,-3.9897],[39.6175,-3.9869],[39.6161,-3.9901],[39.6139,-3.9872],[39.6115,-3.9872],[39.6149,-3.9847],[39.6115,-3.9807],[39.6069,-3.9808],[39.6027,-3.9842],[39.5967,-3.9852],[39.6007,-3.9812],[39.6007,-3.9789],[39.6077,-3.9754],[39.6059,-3.9682],[39.6071,-3.9642],[39.6023,-3.965],[39.6053,-3.9525],[39.6015,-3.9517],[39.5981,-3.9473],[39.5969,-3.9511],[39.5863,-3.9599],[39.5833,-3.9672],[39.5701,-3.9722],[39.5691,-3.9743],[39.5677,-3.9757],[39.5681,-3.9788],[39.5739,-3.9854],[39.5695,-3.9872],[39.5674,-3.9928]]],[[[39.6253,-4.1449],[39.6409,-4.155],[39.6505,-4.1384],[39.6549,-4.1256],[39.6709,-4.098],[39.6737,-4.0897],[39.6735,-4.0805],[39.6599,-4.0792],[39.6525,-4.0723],[39.6501,-4.0736],[39.6473,-4.0797],[39.6459,-4.0796],[39.6465,-4.0762],[39.6487,-4.0742],[39.6417,-4.0673],[39.6415,-4.0607],[39.6387,-4.0553],[39.6381,-4.0494],[39.6365,-4.0493],[39.6357,-4.0523],[39.6373,-4.0549],[39.6361,-4.058],[39.6285,-4.0618],[39.6255,-4.0617],[39.6211,-4.0583],[39.6169,-4.059],[39.6187,-4.0598],[39.6221,-4.0653],[39.6219,-4.0707],[39.6189,-4.0683],[39.6209,-4.0663],[39.6185,-4.0655],[39.6175,-4.0631],[39.6113,-4.0659],[39.6085,-4.0659],[39.6101,-4.0626],[39.6077,-4.0619],[39.6035,-4.0658],[39.6029,-4.0628],[39.6011,-4.0616],[39.5981,-4.0633],[39.5935,-4.0624],[39.5919,-4.0635],[39.5931,-4.0656],[39.5979,-4.065],[39.5967,-4.0684],[39.5975,-4.0704],[39.5951,-4.0705],[39.5947,-4.0679],[39.5937,-4.0679],[39.5915,-4.0701],[39.5909,-4.0734],[39.5865,-4.0753],[39.5891,-4.0832],[39.5861,-4.084],[39.5839,-4.0896],[39.5877,-4.0926],[39.5891,-4.0997],[39.5931,-4.1053],[39.5857,-4.1138],[39.5863,-4.1169],[39.5909,-4.1163],[39.5951,-4.115],[39.5977,-4.1096],[39.5953,-4.1017],[39.6045,-4.0957],[39.6031,-4.0903],[39.6081,-4.0891],[39.6099,-4.0932],[39.6129,-4.0941],[39.6119,-4.0961],[39.6281,-4.1145],[39.6313,-4.1202],[39.6377,-4.1206],[39.6367,-4.1262],[39.6315,-4.1285],[39.6309,-4.1372],[39.6253,-4.1449]]],[[[39.6641,-4.0287],[39.6573,-4.0293],[39.6517,-4.0327],[39.6487,-4.0367],[39.6451,-4.0378],[39.6419,-4.0365],[39.6401,-4.0389],[39.6407,-4.0423],[39.6457,-4.0494],[39.6469,-4.0584],[39.6523,-4.0614],[39.6545,-4.0655],[39.6567,-4.0645],[39.6567,-4.0672],[39.6611,-4.0703],[39.6617,-4.066],[39.6633,-4.0691],[39.6619,-4.0729],[39.6655,-4.0766],[39.6695,-4.0772],[39.6717,-4.0767],[39.6753,-4.0717],[39.6805,-4.0702],[39.6817,-4.0683],[39.6793,-4.0582],[39.6743,-4.0524],[39.6759,-4.0439],[39.6733,-4.0449],[39.6705,-4.0439],[39.6683,-4.0383],[39.6691,-4.0373],[39.6705,-4.0387],[39.6741,-4.0364],[39.6739,-4.0341],[39.6693,-4.0338],[39.6641,-4.0287]]],[[[39.6231,-3.9596],[39.6199,-3.958],[39.6145,-3.9664],[39.6167,-3.9739],[39.6219,-3.9737],[39.6227,-3.9763],[39.6305,-3.9792],[39.6363,-3.9735],[39.6343,-3.9701],[39.6373,-3.9688],[39.6399,-3.9711],[39.6429,-3.9711],[39.6429,-3.9731],[39.6489,-3.9779],[39.6521,-3.978],[39.6503,-3.9843],[39.6537,-3.9864],[39.6581,-3.9866],[39.6601,-3.9845],[39.6599,-3.9825],[39.6573,-3.9807],[39.6539,-3.9673],[39.6515,-3.9665],[39.6551,-3.9653],[39.6547,-3.9602],[39.6521,-3.9585],[39.6467,-3.959],[39.6437,-3.9566],[39.6407,-3.9557],[39.6277,-3.9619],[39.6231,-3.9596]]],[[[39.5785,-4.1192],[39.5843,-4.1178],[39.5813,-4.1158],[39.5805,-4.118],[39.5795,-4.1184],[39.5777,-4.1181],[39.5767,-4.1195],[39.5785,-4.1192]]],[[[39.6661,-3.9927],[39.6675,-3.9904],[39.6667,-3.9884],[39.6641,-3.9905],[39.6661,-3.9927]]],[[[39.6143,-3.961],[39.6145,-3.9594],[39.6115,-3.96],[39.6143,-3.961]]],[[[39.6473,-4.0361],[39.6475,-4.0348],[39.6457,-4.0342],[39.6459,-4.0359],[39.6473,-4.0361]]]]}}]}