{"type":"FeatureCollection","features":[{"type":"Feature","properties":{"name":"Nyarugenge"},"geometry":{"type":"MultiPolygon","coordinates":[[[[30.0769,-1.9548],[30.0732,-1.9437],[30.0669,-1.9378],[30.0591,-1.9337],[30.0492,-1.9345],[30.0465,-1.9385],[30.0429,-1.9394],[30.0414,-1.9424],[30.034,-1.943],[30.0349,-1.9408],[30.0337,-1.9379],[30.0319,-1.9399],[30.0303,-1.9397],[30.0286,-1.935],[30.0305,-1.9335],[30.0311,-1.9295],[30.0241,-1.9253],[30.022,-1.9225],[30.022,-1.9186],[30.0142,-1.9205],[30.0147,-1.9164],[30.0186,-1.9162],[30.0197,-1.914],[30.0041,-1.9057],[29.9954,-1.8935],[29.9934,-1.8839],[29.9934,-1.874],[29.9895,-1.8692],[29.9894,-1.8668],[29.98,-1.8714],[29.9775,-1.881],[29.9804,-1.8868],[29.978,-1.8907],[29.9808,-1.8914],[29.9843,-1.8958],[29.9862,-1.8963],[29.9925,-1.9074],[29.9828,-1.9134],[29.9849,-1.9213],[29.9886,-1.9253],[29.9855,-1.9292],[29.9899,-1.9297],[29.987,-1.9316],[29.9878,-1.9333],[29.9918,-1.9363],[29.9919,-1.9387],[29.994,-1.9406],[29.995,-1.9384],[29.9966,-1.9421],[29.9987,-1.9406],[29.9978,-1.9448],[29.9956,-1.9458],[29.9984,-1.9477],[30.0,-1.955],[29.9985,-1.9564],[30.0006,-1.9575],[30.0021,-1.9549],[30.0034,-1.9555],[30.0037,-1.9697],[29.9981,-1.9712],[30.0006,-1.9743],[29.9985,-1.9757],[30.0023,-1.9834],[29.9995,-1.9846],[29.9957,-1.9837],[29.9955,-1.986],[29.998,-1.9877],[29.993,-1.9932],[29.9944,-1.9941],[29.9971,-1.9926],[29.9951,-1.9975],[30.0009,-1.9984],[30.0014,-1.9994],[29.9994,-2.001],[30.0036,-2.002],[30.003,-2.0042],[30.0054,-2.0057],[30.0045,-2.0077],[30.0086,-2.0072],[30.0073,-2.0092],[30.0103,-2.013],[30.0141,-2.0114],[30.0155,-2.0128],[30.013,-2.0171],[30.0134,-2.0189],[30.0118,-2.0176],[30.0082,-2.0182],[30.0077,-2.0206],[30.0058,-2.0198],[30.0052,-2.0241],[30.0084,-2.0257],[30.0089,-2.0281],[30.0021,-2.0315],[30.0027,-2.0283],[29.9974,-2.03],[29.9955,-2.0344],[29.9924,-2.0338],[29.9862,-2.0439],[29.9834,-2.0437],[29.9874,-2.051],[29.9858,-2.0536],[29.9872,-2.0554],[29.9837,-2.0578],[29.9876,-2.0574],[29.9889,-2.0625],[29.9915,-2.0621],[29.9911,-2.0654],[29.9942,-2.0653],[29.994,-2.0683],[29.9971,-2.0667],[30.0,-2.07],[30.0009,-2.0667],[30.0023,-2.0668],[30.0051,-2.0696],[30.0043,-2.0725],[30.0054,-2.0731],[30.0072,-2.073],[30.0082,-2.0701],[30.0134,-2.073],[30.015,-2.0702],[30.0164,-2.0712],[30.0162,-2.0757],[30.0193,-2.0742],[30.0245,-2.0682],[30.0278,-2.0695],[30.0265,-2.0663],[30.0272,-2.0639],[30.0394,-2.0689],[30.0403,-2.0657],[30.0366,-2.0656],[30.0399,-2.0619],[30.0385,-2.0592],[30.0421,-2.058],[30.0452,-2.0596],[30.0441,-2.0566],[30.0467,-2.0547],[30.0524,-2.0554],[30.0543,-2.0543],[30.058,-2.0558],[30.0579,-2.0605],[30.0545,-2.0645],[30.0557,-2.066],[30.0623,-2.0667],[30.0646,-2.0711],[30.0666,-2.0712],[30.0686,-2.0683],[30.0714,-2.0685],[30.0726,-2.0643],[30.0758,-2.0647],[30.0769,-2.0693],[30.0783,-2.0671],[30.0776,-2.0639],[30.0791,-2.0624],[30.0816,-2.0648],[30.0868,-2.0625],[30.0868,-2.0601],[30.0823,-2.0574],[30.0817,-2.0398],[30.0791,-2.0379],[30.078,-2.0313],[30.074,-2.0278],[30.0728,-2.0212],[30.0653,-2.017],[30.0644,-2.0079],[30.0583,-2.0062],[30.0529,-2.0019],[30.0485,-2.0021],[30.0504,-1.9955],[30.0488,-1.9925],[30.0609,-1.9796],[30.062,-1.9746],[30.0608,-1.973],[30.066,-1.9719],[30.0693,-1.9691],[30.0713,-1.9657],[30.0723,-1.9577],[30.0769,-1.9548]]]]}},{"type":"Feature","properties":{"name":"Gasabo"},"geometry":{"type":"MultiPolygon","coordinates":[[[[30.0769,-1.9548],[30.0781,-1.9585],[30.084,-1.9631],[30.0834,-1.9639],[30.0846,-1.9644],[30.0856,-1.963],[30.0974,-1.9669],[30.0985,-1.9642],[30.1014,-1.9679],[30.1008,-1.9689],[30.1039,-1.965],[30.117,-1.9594],[30.1237,-1.9623],[30.1387,-1.9528],[30.1496,-1.9555],[30.1636,-1.9657],[30.1809,-1.973],[30.1834,-1.9782],[30.1842,-1.9874],[30.2107,-1.9876],[30.2192,-1.9828],[30.2359,-1.9812],[30.2328,-1.9763],[30.2318,-1.9685],[30.234,-1.9615],[30.2431,-1.9547],[30.2541,-1.9514],[30.2652,-1.9534],[30.2674,-1.9479],[30.2705,-1.9452],[30.2772,-1.9342],[30.2766,-1.9265],[30.2707,-1.9084],[30.271,-1.903],[30.2729,-1.9001],[30.2665,-1.8965],[30.2581,-1.8944],[30.2582,-1.8757],[30.2603,-1.8736],[30.2608,-1.8687],[30.2652,-1.8649],[30.2632,-1.8624],[30.2506,-1.8572],[30.2476,-1.8574],[30.2492,-1.8524],[30.2478,-1.8457],[30.2355,-1.8458],[30.2184,-1.8415],[30.2133,-1.8354],[30.2035,-1.8307],[30.1968,-1.8212],[30.1919,-1.8174],[30.1899,-1.8133],[30.182,-1.8054],[30.1758,-1.8023],[30.1726,-1.7972],[30.1657,-1.7919],[30.1605,-1.7899],[30.1568,-1.7921],[30.1479,-1.7927],[30.1462,-1.7913],[30.1426,-1.7807],[30.1393,-1.7797],[30.1329,-1.7839],[30.1303,-1.79],[30.1306,-1.7997],[30.128,-1.809],[30.1229,-1.8124],[30.1177,-1.82],[30.1133,-1.8205],[30.1077,-1.8161],[30.0995,-1.8127],[30.0973,-1.8183],[30.0947,-1.8206],[30.0803,-1.8264],[30.0749,-1.8261],[30.0635,-1.8288],[30.0595,-1.8322],[30.0565,-1.8375],[30.0558,-1.8402],[30.057,-1.8443],[30.0515,-1.8447],[30.0455,-1.8539],[30.0422,-1.8551],[30.0388,-1.8596],[30.0344,-1.8605],[30.0293,-1.8652],[30.0269,-1.857],[30.0216,-1.8526],[30.0199,-1.844],[30.0158,-1.8363],[30.013,-1.8382],[30.0064,-1.8387],[29.9988,-1.8416],[29.9946,-1.8466],[29.9911,-1.8475],[29.993,-1.8554],[29.9894,-1.8668],[29.9895,-1.8692],[29.9934,-1.874],[29.9934,-1.8839],[29.9954,-1.8935],[30.0041,-1.9057],[30.0197,-1.914],[30.0186,-1.9162],[30.0147,-1.9164],[30.0142,-1.9205],[30.022,-1.9186],[30.022,-1.9225],[30.0241,-1.9253],[30.0311,-1.9295],[30.0305,-1.9335],[30.0286,-1.935],[30.0303,-1.9397],[30.0319,-1.9399],[30.0337,-1.9379],[30.0349,-1.9408],[30.034,-1.943],[30.0414,-1.9424],[30.0429,-1.9394],[30.0465,-1.9385],[30.0492,-1.9345],[30.0591,-1.9337],[30.0669,-1.9378],[30.0732,-1.9437],[30.0769,-1.9548]]]]}},{"type":"Feature","properties":{"name":"Kicukiro"},"geometry":{"type":"MultiPolygon","coordinates":[[[[30.0868,-2.0625],[30.0908,-2.0594],[30.0921,-2.0601],[30.0913,-2.064],[30.0941,-2.0632],[30.095,-2.0611],[30.0962,-2.0645],[30.0993,-2.0576],[30.1018,-2.0578],[30.1017,-2.0559],[30.1037,-2.0566],[30.1042,-2.06],[30.1055,-2.0574],[30.1087,-2.0589],[30.1101,-2.0563],[30.111,-2.0592],[30.1134,-2.0581],[30.1137,-2.0603],[30.1182,-2.0547],[30.1181,-2.0591],[30.1193,-2.0596],[30.1198,-2.0563],[30.1257,-2.0554],[30.1229,-2.053],[30.1236,-2.0496],[30.1279,-2.0528],[30.1301,-2.0497],[30.129,-2.048],[30.1329,-2.0439],[30.1347,-2.0476],[30.1371,-2.0461],[30.1347,-2.043],[30.1382,-2.0433],[30.1372,-2.0395],[30.1397,-2.0408],[30.1417,-2.0383],[30.1427,-2.0411],[30.1461,-2.0394],[30.1472,-2.0409],[30.1515,-2.0373],[30.1527,-2.0344],[30.1557,-2.0361],[30.1575,-2.0356],[30.158,-2.0308],[30.1616,-2.032],[30.1624,-2.0295],[30.1639,-2.0332],[30.1656,-2.0339],[30.1667,-2.0301],[30.1719,-2.0313],[30.1726,-2.0282],[30.1748,-2.0306],[30.1754,-2.0352],[30.1783,-2.036],[30.179,-2.033],[30.181,-2.0336],[30.1832,-2.0363],[30.1829,-2.0383],[30.1855,-2.0382],[30.1878,-2.042],[30.1897,-2.0426],[30.1912,-2.0513],[30.1938,-2.0536],[30.1908,-2.0557],[30.1927,-2.0605],[30.1951,-2.0618],[30.1991,-2.057],[30.1988,-2.062],[30.2015,-2.0627],[30.2009,-2.0665],[30.2048,-2.0653],[30.2039,-2.0679],[30.2068,-2.068],[30.2047,-2.0735],[30.2069,-2.0748],[30.2081,-2.0797],[30.2109,-2.0756],[30.2127,-2.0763],[30.2135,-2.0743],[30.2162,-2.0746],[30.2188,-2.0719],[30.2218,-2.0724],[30.222,-2.0662],[30.2206,-2.0607],[30.2239,-2.0557],[30.2232,-2.0542],[30.2263,-2.0516],[30.2287,-2.0433],[30.23,-2.0121],[30.234,-2.0005],[30.2368,-1.9831],[30.2359,-1.9812],[30.2192,-1.9828],[30.2107,-1.9876],[30.1842,-1.9874],[30.1834,-1.9782],[30.1809,-1.973],[30.1636,-1.9657],[30.1496,-1.9555],[30.1387,-1.9528],[30.1237,-1.9623],[30.117,-1.9594],[30.1039,-1.965],[30.1008,-1.9689],[30.1014,-1.9679],[30.0985,-1.9642],[30.0974,-1.9669],[30.0856,-1.963],[30.0846,-1.9644],[30.0834,-1.9639],[30.084,-1.9631],[30.0781,-1.9585],[30.0769,-1.9548],[30.0723,-1.9577],[30.0713,-1.9657],[30.0693,-1.9691],[30.066,-1.9719],[30.0608,-1.973],[30.062,-1.9746],[30.0609,-1.9796],[30.0488,-1.9925],[30.0504,-1.9955],[30.0485,-2.0021],[30.0529,-2.0019],[30.0583,-2.0062],[30.0644,-2.0079],[30.0653,-2.017],[30.0728,-2.0212],[30.074,-2.0278],[30.078,-2.0313],[30.0791,-2.0379],[30.0817,-2.0398],[30.0823,-2.0574],[30.0868,-2.0601],[30.0868,-2.0625]]]]}},{"type":"Feature","properties":{"name":"Nyanza"},"geometry":{"type":"MultiPolygon","coordinates":[[[[29.9835,-2.2327],[29.9728,-2.2357],[29.9636,-2.2319],[29.9525,-2.2336],[29.9459,-2.2317],[29.9303,-2.2346],[29.9223,-2.2399],[29.9105,-2.2325],[29.9029,-2.2341],[29.8989,-2.2467],[29.9046,-2.2463],[29.9072,-2.2494],[29.9064,-2.2592],[29.9111,-2.2658],[29.9121,-2.2729],[29.9159,-2.2781],[29.9081,-2.2842],[29.9026,-2.2816],[29.8912,-2.2808],[29.8861,-2.2773],[29.8709,-2.2792],[29.8652,-2.2839],[29.8537,-2.2865],[29.8507,-2.2829],[29.8441,-2.2834],[29.8394,-2.2789],[29.8379,-2.2741],[29.8318,-2.2707],[29.8271,-2.2627],[29.8188,-2.2594],[29.813,-2.2632],[29.8065,-2.2613],[29.8004,-2.2642],[29.7978,-2.2698],[29.7988,-2.2739],[29.7937,-2.2811],[29.7806,-2.2802],[29.7708,-2.269],[29.7531,-2.2581],[29.7508,-2.2538],[29.7492,-2.2455],[29.7415,-2.2404],[29.7393,-2.2464],[29.7373,-2.248],[29.7336,-2.2462],[29.7234,-2.2472],[29.7135,-2.2417],[29.7105,-2.2426],[29.7117,-2.2472],[29.7096,-2.2475],[29.703,-2.2478],[29.6999,-2.2458],[29.6935,-2.2452],[29.6947,-2.2518],[29.6935,-2.2559],[29.6957,-2.2668],[29.694,-2.2698],[29.6892,-2.2719],[29.6873,-2.272],[29.6863,-2.2698],[29.6811,-2.2712],[29.6799,-2.2728],[29.6592,-2.2508],[29.6521,-2.2597],[29.6491,-2.2612],[29.6478,-2.2604],[29.647,-2.262],[29.6459,-2.2579],[29.6432,-2.2563],[29.6432,-2.2533],[29.6391,-2.2518],[29.6357,-2.2523],[29.6338,-2.2607],[29.6298,-2.2633],[29.6232,-2.2621],[29.6207,-2.2578],[29.61,-2.2533],[29.6057,-2.2548],[29.6011,-2.2529],[29.5955,-2.2572],[29.5983,-2.2601],[29.5994,-2.2596],[29.601,-2.2623],[29.6045,-2.2785],[29.6087,-2.2811],[29.6108,-2.2857],[29.615,-2.2864],[29.6173,-2.2891],[29.6119,-2.3041],[29.6012,-2.3121],[29.5999,-2.3117],[29.5961,-2.3183],[29.5909,-2.3204],[29.5892,-2.3307],[29.5867,-2.33],[29.5822,-2.3312],[29.5817,-2.3335],[29.5837,-2.3364],[29.5842,-2.342],[29.5831,-2.3476],[29.5923,-2.356],[29.5954,-2.3607],[29.5952,-2.3651],[29.599,-2.368],[29.5995,-2.3711],[29.6016,-2.3717],[29.6065,-2.3698],[29.6109,-2.366],[29.6114,-2.3629],[29.6197,-2.3552],[29.6238,-2.3544],[29.6215,-2.3587],[29.6226,-2.3671],[29.6272,-2.3756],[29.6293,-2.3767],[29.631,-2.3814],[29.6295,-2.3834],[29.631,-2.3838],[29.6313,-2.3881],[29.6364,-2.3893],[29.6359,-2.3979],[29.6413,-2.4067],[29.6415,-2.4096],[29.6545,-2.4123],[29.666,-2.4185],[29.6776,-2.41],[29.6765,-2.4047],[29.6801,-2.3948],[29.6835,-2.392],[29.6876,-2.3906],[29.692,-2.3928],[29.6961,-2.4047],[29.6999,-2.406],[29.7046,-2.4055],[29.7099,-2.4026],[29.7133,-2.4032],[29.7201,-2.4003],[29.7333,-2.4032],[29.7385,-2.3938],[29.7482,-2.3913],[29.7503,-2.3889],[29.762,-2.3875],[29.7699,-2.3813],[29.7729,-2.3764],[29.7784,-2.3764],[29.7804,-2.3742],[29.7835,-2.3739],[29.7844,-2.3715],[29.7913,-2.3686],[29.7986,-2.3808],[29.8038,-2.3812],[29.8089,-2.3847],[29.8141,-2.395],[29.8254,-2.3995],[29.8341,-2.4048],[29.8312,-2.4105],[29.8354,-2.4184],[29.8282,-2.416],[29.8241,-2.4181],[29.821,-2.4218],[29.8165,-2.4234],[29.8188,-2.4427],[29.8271,-2.4501],[29.846,-2.4536],[29.8524,-2.4558],[29.8678,-2.4512],[29.8841,-2.452],[29.8934,-2.4473],[29.9021,-2.4475],[29.9246,-2.4402],[29.9341,-2.4317],[29.9425,-2.4145],[29.9556,-2.3969],[29.9553,-2.3899],[29.9525,-2.3831],[29.9482,-2.3756],[29.9449,-2.3734],[29.9441,-2.3704],[29.945,-2.3639],[29.9575,-2.349],[29.9578,-2.3454],[29.9557,-2.3379],[29.9568,-2.3358],[29.9561,-2.3309],[29.9596,-2.3272],[29.9638,-2.3204],[29.9659,-2.3198],[29.9662,-2.3176],[29.9642,-2.3081],[29.9612,-2.304],[29.9615,-2.2902],[29.9629,-2.2883],[29.9669,-2.2872],[29.9711,-2.2769],[29.9735,-2.2744],[29.9745,-2.2698],[29.9733,-2.264],[29.9762,-2.2582],[29.9792,-2.2559],[29.978,-2.2521],[29.9793,-2.2483],[29.9845,-2.2433],[29.9847,-2.2352],[29.9835,-2.2327]]]]}},{"type":"Feature","properties":{"name":"Gisagara"},"geometry":{"type":"MultiPolygon","coordinates":[[[[29.846,-2.4536],[29.8408,-2.4573],[29.8397,-2.4598],[29.8334,-2.4631],[29.8223,-2.477],[29.8128,-2.4823],[29.8043,-2.4899],[29.8037,-2.4974],[29.8057,-2.5033],[29.804,-2.5064],[29.7976,-2.5102],[29.7927,-2.5096],[29.7863,-2.506],[29.7846,-2.5097],[29.7874,-2.5149],[29.7861,-2.5172],[29.7792,-2.5221],[29.776,-2.5227],[29.771,-2.5303],[29.7631,-2.5349],[29.7632,-2.5382],[29.7671,-2.546],[29.7679,-2.5547],[29.7666,-2.5622],[29.76,-2.5708],[29.7593,-2.5902],[29.7575,-2.5994],[29.7589,-2.6033],[29.7722,-2.6195],[29.7733,-2.624],[29.7693,-2.6336],[29.7695,-2.6455],[29.7665,-2.6718],[29.7578,-2.6867],[29.7469,-2.6957],[29.7438,-2.7113],[29.7371,-2.7178],[29.7337,-2.7245],[29.7234,-2.7326],[29.7233,-2.7412],[29.7205,-2.7445],[29.7185,-2.7448],[29.7195,-2.7485],[29.7168,-2.7523],[29.7169,-2.7563],[29.7136,-2.7574],[29.7146,-2.7602],[29.7122,-2.7621],[29.7144,-2.764],[29.7121,-2.773],[29.7071,-2.7773],[29.7058,-2.7821],[29.7041,-2.7819],[29.7018,-2.7853],[29.6994,-2.7965],[29.6979,-2.7976],[29.6987,-2.8003],[29.7006,-2.8005],[29.7019,-2.8048],[29.7009,-2.8109],[29.7053,-2.8128],[29.7047,-2.8159],[29.7089,-2.8201],[29.7152,-2.8163],[29.7193,-2.8188],[29.7221,-2.8163],[29.7235,-2.8189],[29.7325,-2.8116],[29.7388,-2.8118],[29.7451,-2.8079],[29.751,-2.8121],[29.754,-2.8116],[29.7644,-2.7949],[29.7663,-2.7812],[29.7697,-2.7783],[29.7689,-2.7722],[29.7699,-2.768],[29.7727,-2.7661],[29.7746,-2.7676],[29.7868,-2.7668],[29.7931,-2.7624],[29.7956,-2.7587],[29.8072,-2.7608],[29.807,-2.7636],[29.8104,-2.767],[29.8137,-2.7748],[29.8165,-2.7758],[29.8181,-2.7749],[29.8212,-2.777],[29.825,-2.7761],[29.8321,-2.7822],[29.8338,-2.7753],[29.8357,-2.7753],[29.84,-2.7696],[29.842,-2.7707],[29.8442,-2.7689],[29.8521,-2.7677],[29.8546,-2.7639],[29.8592,-2.7649],[29.8621,-2.762],[29.8666,-2.7606],[29.8714,-2.7623],[29.878,-2.7609],[29.8817,-2.7567],[29.8797,-2.7527],[29.8824,-2.753],[29.8881,-2.7505],[29.89,-2.7514],[29.894,-2.7472],[29.8937,-2.7455],[29.8919,-2.7449],[29.8939,-2.7427],[29.8945,-2.7397],[29.8931,-2.7377],[29.8944,-2.7352],[29.8966,-2.7344],[29.8966,-2.7323],[29.9009,-2.7288],[29.9031,-2.7219],[29.9106,-2.7152],[29.9131,-2.7083],[29.9189,-2.7028],[29.9198,-2.6938],[29.9247,-2.6869],[29.9307,-2.6653],[29.9294,-2.658],[29.9344,-2.651],[29.9366,-2.6421],[29.9353,-2.6381],[29.9305,-2.6356],[29.9289,-2.633],[29.9315,-2.6235],[29.9308,-2.6084],[29.9321,-2.5903],[29.9299,-2.5807],[29.9261,-2.5773],[29.9271,-2.5761],[29.9246,-2.5683],[29.9222,-2.5659],[29.9214,-2.5576],[29.9253,-2.5532],[29.9265,-2.5488],[29.93,-2.546],[29.9295,-2.5416],[29.9345,-2.5347],[29.936,-2.5258],[29.9346,-2.5205],[29.9366,-2.5199],[29.9392,-2.5155],[29.9384,-2.5121],[29.9418,-2.5027],[29.9437,-2.5008],[29.9432,-2.4991],[29.951,-2.4968],[29.9535,-2.492],[29.9562,-2.4901],[29.9642,-2.4899],[29.9684,-2.4848],[29.9692,-2.4753],[29.9672,-2.4714],[29.9708,-2.4607],[29.9686,-2.4575],[29.9688,-2.4527],[29.9662,-2.4501],[29.9681,-2.4461],[29.963,-2.436],[29.9614,-2.4248],[29.9627,-2.4236],[29.9616,-2.4192],[29.9627,-2.4143],[29.9556,-2.3969],[29.9425,-2.4145],[29.9341,-2.4317],[29.9246,-2.4402],[29.9021,-2.4475],[29.8934,-2.4473],[29.8841,-2.452],[29.8678,-2.4512],[29.8524,-2.4558],[29.846,-2.4536]]]]}},{"type":"Feature","properties":{"name":"Nyaruguru"},"geometry":{"type":"MultiPolygon","coordinates":[[[[29.7469,-2.6957],[29.7369,-2.6907],[29.7287,-2.6823],[29.7265,-2.6825],[29.7245,-2.6799],[29.7155,-2.6829],[29.7099,-2.682],[29.7041,-2.6832],[29.6889,-2.6745],[29.6827,-2.6741],[29.6827,-2.6686],[29.6783,-2.6671],[29.6756,-2.6629],[29.6687,-2.657],[29.6722,-2.647],[29.67,-2.6419],[29.6518,-2.6459],[29.6416,-2.6549],[29.6391,-2.6507],[29.6407,-2.639],[29.6375,-2.6358],[29.6366,-2.6326],[29.6303,-2.6312],[29.6259,-2.6336],[29.6184,-2.6283],[29.6155,-2.6297],[29.6099,-2.6296],[29.6077,-2.625],[29.6123,-2.6212],[29.6137,-2.6136],[29.6133,-2.6101],[29.6106,-2.6072],[29.6093,-2.6028],[29.6171,-2.5932],[29.6183,-2.5862],[29.6135,-2.5756],[29.6096,-2.5718],[29.6052,-2.5706],[29.6025,-2.561],[29.6028,-2.5571],[29.598,-2.5572],[29.5961,-2.552],[29.5917,-2.5545],[29.588,-2.5538],[29.5771,-2.5501],[29.5753,-2.5479],[29.5705,-2.5487],[29.5666,-2.5454],[29.5582,-2.5479],[29.5503,-2.5439],[29.5419,-2.5369],[29.5402,-2.537],[29.5404,-2.5325],[29.5341,-2.5336],[29.5329,-2.5368],[29.5314,-2.537],[29.5312,-2.5421],[29.527,-2.5439],[29.5264,-2.5459],[29.5228,-2.545],[29.5204,-2.546],[29.5191,-2.5476],[29.519,-2.552],[29.5126,-2.5516],[29.5048,-2.5557],[29.499,-2.5563],[29.4985,-2.5588],[29.495,-2.5602],[29.4926,-2.5633],[29.4919,-2.5687],[29.4846,-2.5689],[29.4797,-2.573],[29.4856,-2.5804],[29.486,-2.5836],[29.4832,-2.5859],[29.4805,-2.5845],[29.4757,-2.5875],[29.474,-2.5902],[29.4732,-2.5873],[29.4712,-2.5867],[29.4684,-2.5867],[29.466,-2.5887],[29.4642,-2.5871],[29.4614,-2.5879],[29.4596,-2.5906],[29.459,-2.5989],[29.4547,-2.6003],[29.4516,-2.5998],[29.4457,-2.5947],[29.4434,-2.5906],[29.4446,-2.5886],[29.4434,-2.5816],[29.4361,-2.5811],[29.4337,-2.5765],[29.431,-2.5788],[29.4283,-2.5773],[29.4284,-2.5707],[29.4245,-2.5698],[29.4229,-2.5602],[29.4131,-2.5561],[29.408,-2.5585],[29.4021,-2.5577],[29.3993,-2.556],[29.3989,-2.5537],[29.3908,-2.5532],[29.3801,-2.5581],[29.3743,-2.5539],[29.3631,-2.5548],[29.3633,-2.5612],[29.362,-2.5627],[29.3611,-2.5699],[29.349,-2.5773],[29.3454,-2.5754],[29.3397,-2.5813],[29.3413,-2.5839],[29.345,-2.5853],[29.3451,-2.5882],[29.3424,-2.5904],[29.3425,-2.5932],[29.3452,-2.597],[29.3504,-2.5952],[29.3529,-2.5958],[29.3563,-2.608],[29.3631,-2.6151],[29.3621,-2.6179],[29.3645,-2.6202],[29.3633,-2.6241],[29.3679,-2.6314],[29.3651,-2.6378],[29.3571,-2.6453],[29.3559,-2.6539],[29.3521,-2.6602],[29.3542,-2.6661],[29.3512,-2.6702],[29.3491,-2.6767],[29.3452,-2.6798],[29.3353,-2.6796],[29.3291,-2.6826],[29.3281,-2.6903],[29.3319,-2.6935],[29.3351,-2.6916],[29.3372,-2.6935],[29.3393,-2.6994],[29.3434,-2.7016],[29.3448,-2.7043],[29.3443,-2.7072],[29.3467,-2.7106],[29.3458,-2.7118],[29.3493,-2.7142],[29.348,-2.7159],[29.3487,-2.7224],[29.3521,-2.7253],[29.3548,-2.7307],[29.3475,-2.7385],[29.3387,-2.7434],[29.3353,-2.7438],[29.3331,-2.7471],[29.3408,-2.7532],[29.3401,-2.7588],[29.338,-2.7609],[29.3382,-2.7646],[29.3435,-2.7653],[29.3469,-2.7693],[29.3505,-2.7689],[29.348,-2.7771],[29.3537,-2.7839],[29.3567,-2.7921],[29.3543,-2.7974],[29.3517,-2.7979],[29.3526,-2.8024],[29.3516,-2.8039],[29.3563,-2.8075],[29.3616,-2.8185],[29.3611,-2.8245],[29.3648,-2.8285],[29.3617,-2.8329],[29.3677,-2.8327],[29.3706,-2.8401],[29.3732,-2.8385],[29.3774,-2.8384],[29.3771,-2.8334],[29.3809,-2.8312],[29.3851,-2.8221],[29.389,-2.8209],[29.3898,-2.819],[29.3955,-2.8172],[29.3965,-2.8201],[29.4004,-2.8223],[29.4012,-2.8202],[29.4077,-2.8153],[29.4094,-2.816],[29.4131,-2.8144],[29.4194,-2.8091],[29.4314,-2.8047],[29.4327,-2.8011],[29.4381,-2.7981],[29.4412,-2.8],[29.4475,-2.7987],[29.4509,-2.801],[29.4568,-2.801],[29.4573,-2.8053],[29.4634,-2.81],[29.4703,-2.8083],[29.474,-2.81],[29.4761,-2.8076],[29.4782,-2.8089],[29.4828,-2.803],[29.486,-2.8026],[29.4921,-2.8095],[29.4975,-2.8111],[29.5024,-2.8147],[29.5067,-2.8193],[29.5077,-2.8224],[29.5129,-2.8233],[29.5149,-2.8277],[29.5214,-2.8303],[29.5325,-2.8276],[29.5373,-2.8291],[29.538,-2.828],[29.5425,-2.8302],[29.5443,-2.8264],[29.5426,-2.8192],[29.5435,-2.8177],[29.5516,-2.8184],[29.5659,-2.8121],[29.574,-2.8122],[29.5828,-2.8052],[29.5886,-2.8032],[29.5897,-2.8077],[29.5915,-2.8085],[29.5938,-2.8073],[29.5969,-2.8083],[29.5984,-2.8066],[29.6011,-2.8081],[29.6059,-2.807],[29.6084,-2.8082],[29.609,-2.8105],[29.6128,-2.8117],[29.6162,-2.8106],[29.6213,-2.8058],[29.624,-2.8071],[29.6303,-2.8039],[29.6393,-2.7897],[29.6482,-2.7877],[29.6521,-2.789],[29.66,-2.7881],[29.6653,-2.7921],[29.6691,-2.792],[29.6792,-2.8002],[29.6853,-2.8005],[29.6885,-2.8036],[29.6898,-2.8071],[29.6944,-2.8092],[29.6958,-2.8073],[29.7009,-2.8109],[29.7019,-2.8048],[29.7006,-2.8005],[29.6987,-2.8003],[29.6979,-2.7976],[29.6994,-2.7965],[29.7018,-2.7853],[29.7041,-2.7819],[29.7058,-2.7821],[29.7071,-2.7773],[29.7121,-2.773],[29.7144,-2.764],[29.7122,-2.7621],[29.7146,-2.7602],[29.7136,-2.7574],[29.7169,-2.7563],[29.7168,-2.7523],[29.7195,-2.7485],[29.7185,-2.7448],[29.7205,-2.7445],[29.7233,-2.7412],[29.7234,-2.7326],[29.7337,-2.7245],[29.7371,-2.7178],[29.7438,-2.7113],[29.7469,-2.6957]]]]}},{"type":"Feature","properties":{"name":"Huye"},"geometry":{"type":"MultiPolygon","coordinates":[[[[29.666,-2.4185],[29.6647,-2.4226],[29.6619,-2.4231],[29.6571,-2.4293],[29.6479,-2.4325],[29.6422,-2.4376],[29.642,-2.4443],[29.6341,-2.4564],[29.6321,-2.4629],[29.6226,-2.4681],[29.6166,-2.4697],[29.6104,-2.478],[29.6058,-2.4773],[29.6009,-2.4738],[29.5951,-2.4788],[29.5981,-2.4898],[29.5969,-2.4956],[29.5997,-2.5018],[29.6039,-2.5052],[29.6041,-2.5078],[29.5921,-2.5161],[29.5897,-2.5162],[29.5872,-2.5226],[29.5851,-2.5219],[29.5834,-2.5244],[29.587,-2.5324],[29.5914,-2.537],[29.5891,-2.5463],[29.5898,-2.551],[29.588,-2.5538],[29.5917,-2.5545],[29.5961,-2.552],[29.598,-2.5572],[29.6028,-2.5571],[29.6025,-2.561],[29.6052,-2.5706],[29.6096,-2.5718],[29.6135,-2.5756],[29.6183,-2.5862],[29.6171,-2.5932],[29.6093,-2.6028],[29.6106,-2.6072],[29.6133,-2.6101],[29.6137,-2.6136],[29.6123,-2.6212],[29.6077,-2.625],[29.6099,-2.6296],[29.6155,-2.6297],[29.6184,-2.6283],[29.6259,-2.6336],[29.6303,-2.6312],[29.6366,-2.6326],[29.6375,-2.6358],[29.6407,-2.639],[29.6391,-2.6507],[29.6416,-2.6549],[29.6518,-2.6459],[29.67,-2.6419],[29.6722,-2.647],[29.6687,-2.657],[29.6756,-2.6629],[29.6783,-2.6671],[29.6827,-2.6686],[29.6827,-2.6741],[29.6889,-2.6745],[29.7041,-2.6832],[29.7099,-2.682],[29.7155,-2.6829],[29.7245,-2.6799],[29.7265,-2.6825],[29.7287,-2.6823],[29.7369,-2.6907],[29.7469,-2.6957],[29.7578,-2.6867],[29.7665,-2.6718],[29.7695,-2.6455],[29.7693,-2.6336],[29.7733,-2.624],[29.7722,-2.6195],[29.7589,-2.6033],[29.7575,-2.5994],[29.7593,-2.5902],[29.76,-2.5708],[29.7666,-2.5622],[29.7679,-2.5547],[29.7671,-2.546],[29.7632,-2.5382],[29.7631,-2.5349],[29.771,-2.5303],[29.776,-2.5227],[29.7792,-2.5221],[29.7861,-2.5172],[29.7874,-2.5149],[29.7846,-2.5097],[29.7863,-2.506],[29.7927,-2.5096],[29.7976,-2.5102],[29.804,-2.5064],[29.8057,-2.5033],[29.8037,-2.4974],[29.8043,-2.4899],[29.8128,-2.4823],[29.8223,-2.477],[29.8334,-2.4631],[29.8397,-2.4598],[29.8408,-2.4573],[29.846,-2.4536],[29.8271,-2.4501],[29.8188,-2.4427],[29.8165,-2.4234],[29.821,-2.4218],[29.8241,-2.4181],[29.8282,-2.416],[29.8354,-2.4184],[29.8312,-2.4105],[29.8341,-2.4048],[29.8254,-2.3995],[29.8141,-2.395],[29.8089,-2.3847],[29.8038,-2.3812],[29.7986,-2.3808],[29.7913,-2.3686],[29.7844,-2.3715],[29.7835,-2.3739],[29.7804,-2.3742],[29.7784,-2.3764],[29.7729,-2.3764],[29.7699,-2.3813],[29.762,-2.3875],[29.7503,-2.3889],[29.7482,-2.3913],[29.7385,-2.3938],[29.7333,-2.4032],[29.7201,-2.4003],[29.7133,-2.4032],[29.7099,-2.4026],[29.7046,-2.4055],[29.6999,-2.406],[29.6961,-2.4047],[29.692,-2.3928],[29.6876,-2.3906],[29.6835,-2.392],[29.6801,-2.3948],[29.6765,-2.4047],[29.6776,-2.41],[29.666,-2.4185]]]]}},{"type":"Feature","properties":{"name":"Nyamagabe"},"geometry":{"type":"MultiPolygon","coordinates":[[[[29.5955,-2.2572],[29.5935,-2.255],[29.595,-2.2517],[29.5915,-2.2502],[29.5882,-2.2513],[29.5866,-2.2487],[29.5848,-2.2484],[29.5827,-2.2455],[29.5834,-2.2436],[29.5817,-2.2429],[29.5826,-2.2421],[29.5785,-2.2384],[29.58,-2.2361],[29.5754,-2.2344],[29.5765,-2.2337],[29.5758,-2.23],[29.5742,-2.2299],[29.5678,-2.2227],[29.5675,-2.2204],[29.5651,-2.2197],[29.5639,-2.2131],[29.5619,-2.2122],[29.5621,-2.2058],[29.56,-2.2052],[29.5581,-2.2002],[29.5513,-2.1998],[29.5501,-2.204],[29.5485,-2.2035],[29.5476,-2.2046],[29.5494,-2.2075],[29.5479,-2.2088],[29.5461,-2.2072],[29.5447,-2.2079],[29.5482,-2.2117],[29.5452,-2.2122],[29.5441,-2.2109],[29.5427,-2.2128],[29.5416,-2.2108],[29.5393,-2.2148],[29.5323,-2.2185],[29.5323,-2.2202],[29.5301,-2.2214],[29.5305,-2.2229],[29.5267,-2.2235],[29.5271,-2.2254],[29.5242,-2.2245],[29.5232,-2.2276],[29.5196,-2.2266],[29.5177,-2.2295],[29.5195,-2.2338],[29.517,-2.2325],[29.5166,-2.2305],[29.5146,-2.2366],[29.5103,-2.236],[29.5093,-2.2346],[29.5064,-2.2381],[29.5011,-2.2397],[29.4994,-2.2431],[29.4971,-2.2404],[29.494,-2.241],[29.49,-2.2499],[29.4855,-2.2516],[29.4817,-2.257],[29.4785,-2.2575],[29.4776,-2.2598],[29.475,-2.2608],[29.4735,-2.266],[29.4748,-2.2678],[29.4725,-2.2722],[29.4714,-2.271],[29.4696,-2.2737],[29.4675,-2.2719],[29.4612,-2.2718],[29.4587,-2.2675],[29.4537,-2.2696],[29.4524,-2.2716],[29.4507,-2.2706],[29.4477,-2.2713],[29.449,-2.2735],[29.4449,-2.2736],[29.4416,-2.276],[29.4404,-2.2741],[29.4339,-2.2739],[29.4266,-2.2685],[29.4214,-2.2671],[29.418,-2.2732],[29.4128,-2.2747],[29.4086,-2.2787],[29.4051,-2.2761],[29.4028,-2.2769],[29.3863,-2.298],[29.3828,-2.2986],[29.384,-2.2964],[29.3819,-2.2908],[29.3799,-2.2902],[29.3746,-2.2904],[29.3711,-2.2932],[29.3679,-2.2909],[29.364,-2.2932],[29.3477,-2.2916],[29.3441,-2.2926],[29.3439,-2.2952],[29.3384,-2.2987],[29.3318,-2.3067],[29.3281,-2.3158],[29.3258,-2.3159],[29.3232,-2.3169],[29.3206,-2.32],[29.3213,-2.3229],[29.3246,-2.3244],[29.3258,-2.3309],[29.3283,-2.3344],[29.3267,-2.3368],[29.3273,-2.3396],[29.3337,-2.347],[29.3375,-2.3482],[29.3379,-2.3529],[29.343,-2.3569],[29.344,-2.36],[29.3425,-2.3621],[29.3431,-2.3658],[29.3374,-2.3706],[29.336,-2.3784],[29.3306,-2.3799],[29.3308,-2.3837],[29.3275,-2.3887],[29.3227,-2.3883],[29.3183,-2.3986],[29.3215,-2.4019],[29.3229,-2.406],[29.3258,-2.4057],[29.3272,-2.4069],[29.3285,-2.411],[29.3272,-2.4134],[29.3294,-2.4162],[29.3275,-2.4201],[29.3287,-2.4217],[29.3259,-2.423],[29.3259,-2.4279],[29.3235,-2.4325],[29.3175,-2.4313],[29.3099,-2.4357],[29.3072,-2.4341],[29.3031,-2.4341],[29.2991,-2.4404],[29.2803,-2.4419],[29.2795,-2.448],[29.2774,-2.4489],[29.2733,-2.4566],[29.2724,-2.4638],[29.2687,-2.4665],[29.2662,-2.4707],[29.2656,-2.4723],[29.2694,-2.4755],[29.2647,-2.482],[29.2698,-2.483],[29.2772,-2.4875],[29.2779,-2.4868],[29.2798,-2.4892],[29.2828,-2.4901],[29.2887,-2.4896],[29.2921,-2.4934],[29.2997,-2.4951],[29.3011,-2.4933],[29.3072,-2.4929],[29.3108,-2.4985],[29.3225,-2.5076],[29.3232,-2.5139],[29.3215,-2.5172],[29.3241,-2.5177],[29.3231,-2.5187],[29.324,-2.5258],[29.3222,-2.5275],[29.3226,-2.5291],[29.3191,-2.5352],[29.3191,-2.5378],[29.3261,-2.5365],[29.3289,-2.5391],[29.3346,-2.5381],[29.3392,-2.5401],[29.3402,-2.5434],[29.3372,-2.5483],[29.3379,-2.5536],[29.336,-2.5572],[29.3372,-2.5583],[29.345,-2.5576],[29.3469,-2.5594],[29.3447,-2.5633],[29.3469,-2.5654],[29.3443,-2.5708],[29.3454,-2.5754],[29.349,-2.5773],[29.3611,-2.5699],[29.362,-2.5627],[29.3633,-2.5612],[29.3631,-2.5548],[29.3743,-2.5539],[29.3801,-2.5581],[29.3908,-2.5532],[29.3989,-2.5537],[29.3993,-2.556],[29.4021,-2.5577],[29.408,-2.5585],[29.4131,-2.5561],[29.4229,-2.5602],[29.4245,-2.5698],[29.4284,-2.5707],[29.4283,-2.5773],[29.431,-2.5788],[29.4337,-2.5765],[29.4361,-2.5811],[29.4434,-2.5816],[29.4446,-2.5886],[29.4434,-2.5906],[29.4457,-2.5947],[29.4516,-2.5998],[29.4547,-2.6003],[29.459,-2.5989],[29.4596,-2.5906],[29.4614,-2.5879],[29.4642,-2.5871],[29.466,-2.5887],[29.4684,-2.5867],[29.4712,-2.5867],[29.4732,-2.5873],[29.474,-2.5902],[29.4757,-2.5875],[29.4805,-2.5845],[29.4832,-2.5859],[29.486,-2.5836],[29.4856,-2.5804],[29.4797,-2.573],[29.4846,-2.5689],[29.4919,-2.5687],[29.4926,-2.5633],[29.495,-2.5602],[29.4985,-2.5588],[29.499,-2.5563],[29.5048,-2.5557],[29.5126,-2.5516],[29.519,-2.552],[29.5191,-2.5476],[29.5204,-2.546],[29.5228,-2.545],[29.5264,-2.5459],[29.527,-2.5439],[29.5312,-2.5421],[29.5314,-2.537],[29.5329,-2.5368],[29.5341,-2.5336],[29.5404,-2.5325],[29.5402,-2.537],[29.5419,-2.5369],[29.5503,-2.5439],[29.5582,-2.5479],[29.5666,-2.5454],[29.5705,-2.5487],[29.5753,-2.5479],[29.5771,-2.5501],[29.588,-2.5538],[29.5898,-2.551],[29.5891,-2.5463],[29.5914,-2.537],[29.587,-2.5324],[29.5834,-2.5244],[29.5851,-2.5219],[29.5872,-2.5226],[29.5897,-2.5162],[29.5921,-2.5161],[29.6041,-2.5078],[29.6039,-2.5052],[29.5997,-2.5018],[29.5969,-2.4956],[29.5981,-2.4898],[29.5951,-2.4788],[29.6009,-2.4738],[29.6058,-2.4773],[29.6104,-2.478],[29.6166,-2.4697],[29.6226,-2.4681],[29.6321,-2.4629],[29.6341,-2.4564],[29.642,-2.4443],[29.6422,-2.4376],[29.6479,-2.4325],[29.6571,-2.4293],[29.6619,-2.4231],[29.6647,-2.4226],[29.666,-2.4185],[29.6545,-2.4123],[29.6415,-2.4096],[29.6413,-2.4067],[29.6359,-2.3979],[29.6364,-2.3893],[29.6313,-2.3881],[29.631,-2.3838],[29.6295,-2.3834],[29.631,-2.3814],[29.6293,-2.3767],[29.6272,-2.3756],[29.6226,-2.3671],[29.6215,-2.3587],[29.6238,-2.3544],[29.6197,-2.3552],[29.6114,-2.3629],[29.6109,-2.366],[29.6065,-2.3698],[29.6016,-2.3717],[29.5995,-2.3711],[29.599,-2.368],[29.5952,-2.3651],[29.5954,-2.3607],[29.5923,-2.356],[29.5831,-2.3476],[29.5842,-2.342],[29.5837,-2.3364],[29.5817,-2.3335],[29.5822,-2.3312],[29.5867,-2.33],[29.5892,-2.3307],[29.5909,-2.3204],[29.5961,-2.3183],[29.5999,-2.3117],[29.6012,-2.3121],[29.6119,-2.3041],[29.6173,-2.2891],[29.615,-2.2864],[29.6108,-2.2857],[29.6087,-2.2811],[29.6045,-2.2785],[29.601,-2.2623],[29.5994,-2.2596],[29.5983,-2.2601],[29.5955,-2.2572]]]]}},{"type":"Feature","properties":{"name":"Ruhango"},"geometry":{"type":"MultiPolygon","coordinates":[[[[29.9835,-2.2327],[29.9838,-2.2301],[29.9864,-2.2279],[29.9879,-2.2225],[29.9898,-2.2209],[29.9907,-2.2156],[29.9901,-2.2105],[29.9883,-2.2084],[29.9887,-2.202],[29.9849,-2.2006],[29.9834,-2.2025],[29.9638,-2.2021],[29.9593,-2.1993],[29.9288,-2.1519],[29.9271,-2.1414],[29.9063,-2.1356],[29.8992,-2.1293],[29.8983,-2.1267],[29.895,-2.1259],[29.8917,-2.1172],[29.8882,-2.1136],[29.8874,-2.1098],[29.8888,-2.1063],[29.8872,-2.1014],[29.8855,-2.1005],[29.8687,-2.1065],[29.8646,-2.1057],[29.8571,-2.1077],[29.8553,-2.1067],[29.8418,-2.1125],[29.8227,-2.1116],[29.8187,-2.113],[29.8143,-2.1112],[29.8078,-2.1113],[29.8044,-2.1119],[29.8037,-2.1139],[29.8033,-2.1156],[29.8067,-2.1192],[29.8076,-2.123],[29.8034,-2.1242],[29.8003,-2.1279],[29.7918,-2.1277],[29.7929,-2.1323],[29.7962,-2.1364],[29.7928,-2.1384],[29.791,-2.141],[29.7911,-2.1455],[29.7894,-2.146],[29.7876,-2.1439],[29.7791,-2.1452],[29.7735,-2.1438],[29.7689,-2.1399],[29.7664,-2.1352],[29.7575,-2.1307],[29.7503,-2.1296],[29.7394,-2.1219],[29.7378,-2.1181],[29.7335,-2.1183],[29.7252,-2.1118],[29.7234,-2.113],[29.7196,-2.1119],[29.7144,-2.1126],[29.7134,-2.1115],[29.7075,-2.1142],[29.7046,-2.1134],[29.6993,-2.1146],[29.6961,-2.1194],[29.6904,-2.1198],[29.688,-2.1215],[29.6837,-2.1191],[29.6844,-2.1176],[29.6813,-2.1132],[29.6835,-2.1124],[29.6815,-2.1104],[29.683,-2.1079],[29.6821,-2.1066],[29.6793,-2.1059],[29.6794,-2.1046],[29.6777,-2.1045],[29.6775,-2.1059],[29.6724,-2.1043],[29.6701,-2.1073],[29.6696,-2.1061],[29.6654,-2.1059],[29.6661,-2.1198],[29.6589,-2.1193],[29.652,-2.1124],[29.6518,-2.1152],[29.6488,-2.1186],[29.6424,-2.1194],[29.6323,-2.1174],[29.6296,-2.1191],[29.6261,-2.1185],[29.6196,-2.1226],[29.6182,-2.1204],[29.615,-2.1214],[29.6126,-2.1166],[29.6105,-2.1183],[29.6104,-2.1218],[29.6079,-2.1235],[29.6083,-2.125],[29.6061,-2.1264],[29.6082,-2.1287],[29.5977,-2.139],[29.5979,-2.1442],[29.5995,-2.1446],[29.5961,-2.1467],[29.5946,-2.1507],[29.5991,-2.1511],[29.5999,-2.1557],[29.6024,-2.1564],[29.6038,-2.155],[29.6044,-2.1583],[29.6065,-2.1586],[29.6052,-2.1609],[29.6058,-2.1625],[29.6041,-2.1638],[29.6044,-2.1685],[29.6062,-2.1712],[29.6088,-2.1716],[29.6098,-2.1763],[29.6091,-2.1807],[29.6053,-2.1852],[29.6063,-2.1879],[29.6032,-2.1911],[29.5984,-2.1905],[29.5959,-2.1886],[29.5931,-2.1912],[29.5897,-2.192],[29.5901,-2.1947],[29.587,-2.1936],[29.5852,-2.197],[29.5866,-2.1991],[29.5852,-2.2019],[29.5803,-2.1975],[29.5784,-2.1991],[29.577,-2.1972],[29.5728,-2.2036],[29.5621,-2.2058],[29.5619,-2.2122],[29.5639,-2.2131],[29.5651,-2.2197],[29.5675,-2.2204],[29.5678,-2.2227],[29.5742,-2.2299],[29.5758,-2.23],[29.5765,-2.2337],[29.5754,-2.2344],[29.58,-2.2361],[29.5785,-2.2384],[29.5826,-2.2421],[29.5817,-2.2429],[29.5834,-2.2436],[29.5827,-2.2455],[29.5848,-2.2484],[29.5866,-2.2487],[29.5882,-2.2513],[29.5915,-2.2502],[29.595,-2.2517],[29.5935,-2.255],[29.5955,-2.2572],[29.6011,-2.2529],[29.6057,-2.2548],[29.61,-2.2533],[29.6207,-2.2578],[29.6232,-2.2621],[29.6298,-2.2633],[29.6338,-2.2607],[29.6357,-2.2523],[29.6391,-2.2518],[29.6432,-2.2533],[29.6432,-2.2563],[29.6459,-2.2579],[29.647,-2.262],[29.6478,-2.2604],[29.6491,-2.2612],[29.6521,-2.2597],[29.6592,-2.2508],[29.6799,-2.2728],[29.6811,-2.2712],[29.6863,-2.2698],[29.6873,-2.272],[29.6892,-2.2719],[29.694,-2.2698],[29.6957,-2.2668],[29.6935,-2.2559],[29.6947,-2.2518],[29.6935,-2.2452],[29.6999,-2.2458],[29.703,-2.2478],[29.7096,-2.2475],[29.7117,-2.2472],[29.7105,-2.2426],[29.7135,-2.2417],[29.7234,-2.2472],[29.7336,-2.2462],[29.7373,-2.248],[29.7393,-2.2464],[29.7415,-2.2404],[29.7492,-2.2455],[29.7508,-2.2538],[29.7531,-2.2581],[29.7708,-2.269],[29.7806,-2.2802],[29.7937,-2.2811],[29.7988,-2.2739],[29.7978,-2.2698],[29.8004,-2.2642],[29.8065,-2.2613],[29.813,-2.2632],[29.8188,-2.2594],[29.8271,-2.2627],[29.8318,-2.2707],[29.8379,-2.2741],[29.8394,-2.2789],[29.8441,-2.2834],[29.8507,-2.2829],[29.8537,-2.2865],[29.8652,-2.2839],[29.8709,-2.2792],[29.8861,-2.2773],[29.8912,-2.2808],[29.9026,-2.2816],[29.9081,-2.2842],[29.9159,-2.2781],[29.9121,-2.2729],[29.9111,-2.2658],[29.9064,-2.2592],[29.9072,-2.2494],[29.9046,-2.2463],[29.8989,-2.2467],[29.9029,-2.2341],[29.9105,-2.2325],[29.9223,-2.2399],[29.9303,-2.2346],[29.9459,-2.2317],[29.9525,-2.2336],[29.9636,-2.2319],[29.9728,-2.2357],[29.9835,-2.2327]]]]}},{"type":"Feature","properties":{"name":"Muhanga"},"geometry":{"type":"MultiPolygon","coordinates":[[[[29.8037,-2.1139],[29.8006,-2.1108],[29.7994,-2.1053],[29.797,-2.1055],[29.792,-2.1003],[29.7928,-2.0985],[29.794,-2.0988],[29.7942,-2.0961],[29.7997,-2.0953],[29.8005,-2.0932],[29.8053,-2.0953],[29.8044,-2.0885],[29.802,-2.0863],[29.7929,-2.0832],[29.7913,-2.0783],[29.7919,-2.0759],[29.7952,-2.074],[29.7952,-2.0709],[29.7967,-2.0698],[29.7947,-2.0664],[29.7963,-2.0648],[29.7949,-2.0646],[29.7975,-2.0618],[29.8034,-2.0575],[29.8099,-2.0621],[29.8152,-2.0598],[29.8091,-2.0547],[29.8077,-2.0482],[29.8051,-2.0463],[29.8078,-2.043],[29.8075,-2.0388],[29.8042,-2.0374],[29.8046,-2.0358],[29.797,-2.0396],[29.7902,-2.031],[29.7948,-2.0285],[29.7974,-2.0228],[29.8011,-2.0198],[29.8102,-2.018],[29.812,-2.0118],[29.8076,-2.0114],[29.8054,-2.0084],[29.8037,-2.0021],[29.7972,-1.9986],[29.7971,-1.9956],[29.7992,-1.9931],[29.7981,-1.9848],[29.8007,-1.982],[29.8014,-1.977],[29.7967,-1.9631],[29.793,-1.9613],[29.7905,-1.9569],[29.7919,-1.9469],[29.7908,-1.9401],[29.7931,-1.9343],[29.7929,-1.9308],[29.7893,-1.9178],[29.7854,-1.9171],[29.7841,-1.9125],[29.787,-1.9115],[29.7872,-1.9072],[29.7938,-1.9],[29.7946,-1.8948],[29.7967,-1.8944],[29.7966,-1.8922],[29.7984,-1.8912],[29.7982,-1.8875],[29.8012,-1.8872],[29.8012,-1.8838],[29.803,-1.8831],[29.8021,-1.8818],[29.805,-1.8787],[29.8049,-1.877],[29.808,-1.8758],[29.8087,-1.8719],[29.8111,-1.8717],[29.8105,-1.8666],[29.8118,-1.8648],[29.8113,-1.8631],[29.8129,-1.8627],[29.8122,-1.8573],[29.8175,-1.8529],[29.8165,-1.8514],[29.805,-1.8522],[29.7973,-1.848],[29.7966,-1.845],[29.7994,-1.8428],[29.8008,-1.8387],[29.799,-1.8297],[29.7963,-1.8263],[29.7915,-1.8252],[29.7896,-1.8208],[29.7859,-1.8196],[29.7781,-1.8094],[29.7719,-1.8104],[29.7693,-1.8068],[29.7697,-1.7914],[29.7638,-1.7809],[29.7563,-1.775],[29.7503,-1.7745],[29.7443,-1.7646],[29.7479,-1.7507],[29.7463,-1.75],[29.7445,-1.7515],[29.7416,-1.7498],[29.7383,-1.7514],[29.7336,-1.7483],[29.7285,-1.7482],[29.7209,-1.755],[29.7174,-1.7555],[29.7136,-1.7524],[29.7103,-1.7533],[29.7034,-1.7473],[29.7011,-1.7445],[29.7011,-1.7377],[29.6965,-1.7364],[29.6947,-1.7336],[29.6882,-1.7316],[29.6729,-1.7326],[29.6681,-1.7312],[29.6604,-1.7332],[29.6589,-1.735],[29.6597,-1.7387],[29.6648,-1.7422],[29.6628,-1.7456],[29.6619,-1.7534],[29.6644,-1.7596],[29.6677,-1.7626],[29.6665,-1.7652],[29.6695,-1.772],[29.6714,-1.7736],[29.6712,-1.7795],[29.6729,-1.7796],[29.6733,-1.781],[29.672,-1.7829],[29.6732,-1.7871],[29.6694,-1.7893],[29.6689,-1.7997],[29.6726,-1.8047],[29.6722,-1.8091],[29.6693,-1.8093],[29.6687,-1.8176],[29.6708,-1.8174],[29.6723,-1.8226],[29.6648,-1.8308],[29.6669,-1.836],[29.6643,-1.8433],[29.6658,-1.8502],[29.6638,-1.853],[29.6648,-1.8581],[29.6633,-1.8613],[29.6652,-1.8626],[29.6653,-1.8648],[29.6681,-1.8661],[29.6677,-1.8697],[29.6712,-1.8759],[29.6712,-1.8799],[29.6689,-1.8841],[29.6711,-1.8862],[29.6729,-1.8939],[29.6752,-1.8963],[29.6733,-1.9013],[29.6701,-1.9017],[29.67,-1.9078],[29.6731,-1.9105],[29.6707,-1.9141],[29.6661,-1.9152],[29.6614,-1.9198],[29.6616,-1.923],[29.664,-1.9242],[29.6618,-1.9291],[29.6641,-1.9343],[29.6609,-1.9383],[29.6618,-1.9442],[29.6645,-1.947],[29.6709,-1.9488],[29.6728,-1.9526],[29.6736,-1.9594],[29.6658,-1.9719],[29.6558,-1.9739],[29.6546,-1.9763],[29.6512,-1.9756],[29.6436,-1.9791],[29.6408,-1.9771],[29.6391,-1.9781],[29.6257,-1.9735],[29.6224,-1.9758],[29.622,-1.9799],[29.6261,-1.9848],[29.6344,-1.9899],[29.6368,-1.9951],[29.6345,-1.9993],[29.6314,-2.0007],[29.6286,-2.0077],[29.6311,-2.0154],[29.6337,-2.0168],[29.6284,-2.0219],[29.6313,-2.0241],[29.6324,-2.0271],[29.6311,-2.0294],[29.6327,-2.0333],[29.6309,-2.0379],[29.6343,-2.0388],[29.6348,-2.0426],[29.6364,-2.0427],[29.6362,-2.0457],[29.6393,-2.0495],[29.6356,-2.0548],[29.6368,-2.0588],[29.6339,-2.059],[29.633,-2.062],[29.6333,-2.0641],[29.6348,-2.0646],[29.634,-2.066],[29.6372,-2.067],[29.6319,-2.0722],[29.6326,-2.075],[29.6341,-2.0755],[29.6336,-2.0791],[29.6292,-2.0798],[29.6298,-2.085],[29.6279,-2.0835],[29.6267,-2.0857],[29.6245,-2.0859],[29.6231,-2.0898],[29.6211,-2.0888],[29.6193,-2.09],[29.6201,-2.0928],[29.6229,-2.0927],[29.6223,-2.0954],[29.6189,-2.0958],[29.6179,-2.0993],[29.6156,-2.098],[29.6175,-2.102],[29.6168,-2.1071],[29.6145,-2.1071],[29.6136,-2.1034],[29.6124,-2.1052],[29.6127,-2.1073],[29.6148,-2.1084],[29.6145,-2.1101],[29.6174,-2.11],[29.6193,-2.1136],[29.6126,-2.1166],[29.615,-2.1214],[29.6182,-2.1204],[29.6196,-2.1226],[29.6261,-2.1185],[29.6296,-2.1191],[29.6323,-2.1174],[29.6424,-2.1194],[29.6488,-2.1186],[29.6518,-2.1152],[29.652,-2.1124],[29.6589,-2.1193],[29.6661,-2.1198],[29.6654,-2.1059],[29.6696,-2.1061],[29.6701,-2.1073],[29.6724,-2.1043],[29.6775,-2.1059],[29.6777,-2.1045],[29.6794,-2.1046],[29.6793,-2.1059],[29.6821,-2.1066],[29.683,-2.1079],[29.6815,-2.1104],[29.6835,-2.1124],[29.6813,-2.1132],[29.6844,-2.1176],[29.6837,-2.1191],[29.688,-2.1215],[29.6904,-2.1198],[29.6961,-2.1194],[29.6993,-2.1146],[29.7046,-2.1134],[29.7075,-2.1142],[29.7134,-2.1115],[29.7144,-2.1126],[29.7196,-2.1119],[29.7234,-2.113],[29.7252,-2.1118],[29.7335,-2.1183],[29.7378,-2.1181],[29.7394,-2.1219],[29.7503,-2.1296],[29.7575,-2.1307],[29.7664,-2.1352],[29.7689,-2.1399],[29.7735,-2.1438],[29.7791,-2.1452],[29.7876,-2.1439],[29.7894,-2.146],[29.7911,-2.1455],[29.791,-2.141],[29.7928,-2.1384],[29.7962,-2.1364],[29.7929,-2.1323],[29.7918,-2.1277],[29.8003,-2.1279],[29.8034,-2.1242],[29.8076,-2.123],[29.8067,-2.1192],[29.8033,-2.1156],[29.8037,-2.1139]]]]}},{"type":"Feature","properties":{"name":"Kamonyi"},"geometry":{"type":"MultiPolygon","coordinates":[[[[29.9828,-1.9134],[29.9803,-1.9117],[29.9772,-1.9058],[29.9757,-1.9062],[29.9757,-1.9095],[29.9718,-1.9074],[29.9688,-1.9089],[29.9659,-1.9073],[29.9629,-1.9076],[29.9622,-1.9065],[29.9636,-1.9038],[29.9614,-1.9035],[29.9603,-1.9006],[29.9566,-1.9002],[29.9595,-1.8953],[29.9565,-1.8944],[29.9537,-1.8911],[29.9487,-1.8909],[29.9478,-1.8871],[29.9424,-1.8844],[29.9424,-1.878],[29.9381,-1.8765],[29.9338,-1.8777],[29.9316,-1.8716],[29.9291,-1.8716],[29.9269,-1.8678],[29.9185,-1.8696],[29.918,-1.8644],[29.9101,-1.8573],[29.9048,-1.8599],[29.9015,-1.8627],[29.8929,-1.8625],[29.8898,-1.859],[29.8844,-1.8574],[29.8799,-1.854],[29.8744,-1.8573],[29.872,-1.8616],[29.8649,-1.8635],[29.8626,-1.8685],[29.8526,-1.8733],[29.8489,-1.8715],[29.8482,-1.8653],[29.8444,-1.8592],[29.841,-1.8572],[29.8354,-1.8552],[29.8278,-1.8549],[29.8234,-1.8566],[29.8175,-1.8529],[29.8122,-1.8573],[29.8129,-1.8627],[29.8113,-1.8631],[29.8118,-1.8648],[29.8105,-1.8666],[29.8111,-1.8717],[29.8087,-1.8719],[29.808,-1.8758],[29.8049,-1.877],[29.805,-1.8787],[29.8021,-1.8818],[29.803,-1.8831],[29.8012,-1.8838],[29.8012,-1.8872],[29.7982,-1.8875],[29.7984,-1.8912],[29.7966,-1.8922],[29.7967,-1.8944],[29.7946,-1.8948],[29.7938,-1.9],[29.7872,-1.9072],[29.787,-1.9115],[29.7841,-1.9125],[29.7854,-1.9171],[29.7893,-1.9178],[29.7929,-1.9308],[29.7931,-1.9343],[29.7908,-1.9401],[29.7919,-1.9469],[29.7905,-1.9569],[29.793,-1.9613],[29.7967,-1.9631],[29.8014,-1.977],[29.8007,-1.982],[29.7981,-1.9848],[29.7992,-1.9931],[29.7971,-1.9956],[29.7972,-1.9986],[29.8037,-2.0021],[29.8054,-2.0084],[29.8076,-2.0114],[29.812,-2.0118],[29.8102,-2.018],[29.8011,-2.0198],[29.7974,-2.0228],[29.7948,-2.0285],[29.7902,-2.031],[29.797,-2.0396],[29.8046,-2.0358],[29.8042,-2.0374],[29.8075,-2.0388],[29.8078,-2.043],[29.8051,-2.0463],[29.8077,-2.0482],[29.8091,-2.0547],[29.8152,-2.0598],[29.8099,-2.0621],[29.8034,-2.0575],[29.7975,-2.0618],[29.7949,-2.0646],[29.7963,-2.0648],[29.7947,-2.0664],[29.7967,-2.0698],[29.7952,-2.0709],[29.7952,-2.074],[29.7919,-2.0759],[29.7913,-2.0783],[29.7929,-2.0832],[29.802,-2.0863],[29.8044,-2.0885],[29.8053,-2.0953],[29.8005,-2.0932],[29.7997,-2.0953],[29.7942,-2.0961],[29.794,-2.0988],[29.7928,-2.0985],[29.792,-2.1003],[29.797,-2.1055],[29.7994,-2.1053],[29.8006,-2.1108],[29.8037,-2.1139],[29.8044,-2.1119],[29.8078,-2.1113],[29.8143,-2.1112],[29.8187,-2.113],[29.8227,-2.1116],[29.8418,-2.1125],[29.8553,-2.1067],[29.8571,-2.1077],[29.8646,-2.1057],[29.8687,-2.1065],[29.8855,-2.1005],[29.8872,-2.1014],[29.8888,-2.1063],[29.8874,-2.1098],[29.8882,-2.1136],[29.8917,-2.1172],[29.895,-2.1259],[29.8983,-2.1267],[29.8992,-2.1293],[29.9063,-2.1356],[29.9271,-2.1414],[29.9288,-2.1519],[29.9593,-2.1993],[29.9638,-2.2021],[29.9834,-2.2025],[29.9849,-2.2006],[29.9843,-2.1974],[29.9859,-2.1958],[29.9851,-2.193],[29.9864,-2.19],[29.9817,-2.1713],[29.9839,-2.1662],[29.9833,-2.1555],[29.9854,-2.1537],[29.9861,-2.1465],[29.9887,-2.1441],[29.9938,-2.1456],[29.9989,-2.1405],[30.0005,-2.1413],[30.0033,-2.1391],[30.0097,-2.1315],[30.0092,-2.1273],[30.0113,-2.1218],[30.0143,-2.119],[30.0181,-2.1182],[30.0208,-2.1118],[30.0198,-2.1084],[30.0172,-2.1077],[30.0156,-2.1039],[30.0155,-2.1005],[30.0176,-2.0982],[30.0149,-2.0935],[30.018,-2.0874],[30.0172,-2.0835],[30.0193,-2.0742],[30.0162,-2.0757],[30.0164,-2.0712],[30.015,-2.0702],[30.0134,-2.073],[30.0082,-2.0701],[30.0072,-2.073],[30.0054,-2.0731],[30.0043,-2.0725],[30.0051,-2.0696],[30.0023,-2.0668],[30.0009,-2.0667],[30.0,-2.07],[29.9971,-2.0667],[29.994,-2.0683],[29.9942,-2.0653],[29.9911,-2.0654],[29.9915,-2.0621],[29.9889,-2.0625],[29.9876,-2.0574],[29.9837,-2.0578],[29.9872,-2.0554],[29.9858,-2.0536],[29.9874,-2.051],[29.9834,-2.0437],[29.9862,-2.0439],[29.9924,-2.0338],[29.9955,-2.0344],[29.9974,-2.03],[30.0027,-2.0283],[30.0021,-2.0315],[30.0089,-2.0281],[30.0084,-2.0257],[30.0052,-2.0241],[30.0058,-2.0198],[30.0077,-2.0206],[30.0082,-2.0182],[30.0118,-2.0176],[30.0134,-2.0189],[30.013,-2.0171],[30.0155,-2.0128],[30.0141,-2.0114],[30.0103,-2.013],[30.0073,-2.0092],[30.0086,-2.0072],[30.0045,-2.0077],[30.0054,-2.0057],[30.003,-2.0042],[30.0036,-2.002],[29.9994,-2.001],[30.0014,-1.9994],[30.0009,-1.9984],[29.9951,-1.9975],[29.9971,-1.9926],[29.9944,-1.9941],[29.993,-1.9932],[29.998,-1.9877],[29.9955,-1.986],[29.9957,-1.9837],[29.9995,-1.9846],[30.0023,-1.9834],[29.9985,-1.9757],[30.0006,-1.9743],[29.9981,-1.9712],[30.0037,-1.9697],[30.0034,-1.9555],[30.0021,-1.9549],[30.0006,-1.9575],[29.9985,-1.9564],[30.0,-1.955],[29.9984,-1.9477],[29.9956,-1.9458],[29.9978,-1.9448],[29.9987,-1.9406],[29.9966,-1.9421],[29.995,-1.9384],[29.994,-1.9406],[29.9919,-1.9387],[29.9918,-1.9363],[29.9878,-1.9333],[29.987,-1.9316],[29.9899,-1.9297],[29.9855,-1.9292],[29.9886,-1.9253],[29.9849,-1.9213],[29.9828,-1.9134]]]]}},{"type":"Feature","properties":{"name":"Karongi"},"geometry":{"type":"MultiPolygon","coordinates":[[[[29.5621,-2.2058],[29.5728,-2.2036],[29.577,-2.1972],[29.5784,-2.1991],[29.5803,-2.1975],[29.5852,-2.2019],[29.5866,-2.1991],[29.5852,-2.197],[29.587,-2.1936],[29.5901,-2.1947],[29.5897,-2.192],[29.5931,-2.1912],[29.5959,-2.1886],[29.5984,-2.1905],[29.6032,-2.1911],[29.6063,-2.1879],[29.6053,-2.1852],[29.6091,-2.1807],[29.6098,-2.1763],[29.6088,-2.1716],[29.6062,-2.1712],[29.6044,-2.1685],[29.6041,-2.1638],[29.6058,-2.1625],[29.6052,-2.1609],[29.6065,-2.1586],[29.6044,-2.1583],[29.6038,-2.155],[29.6024,-2.1564],[29.5999,-2.1557],[29.5991,-2.1511],[29.5946,-2.1507],[29.5961,-2.1467],[29.5995,-2.1446],[29.5979,-2.1442],[29.5977,-2.139],[29.6082,-2.1287],[29.6061,-2.1264],[29.6083,-2.125],[29.6079,-2.1235],[29.6104,-2.1218],[29.6105,-2.1183],[29.6126,-2.1166],[29.6193,-2.1136],[29.6174,-2.11],[29.6145,-2.1101],[29.6148,-2.1084],[29.6127,-2.1073],[29.6124,-2.1052],[29.6136,-2.1034],[29.6145,-2.1071],[29.6168,-2.1071],[29.6175,-2.102],[29.6156,-2.098],[29.6179,-2.0993],[29.6189,-2.0958],[29.6223,-2.0954],[29.6229,-2.0927],[29.6201,-2.0928],[29.6193,-2.09],[29.6211,-2.0888],[29.6231,-2.0898],[29.6245,-2.0859],[29.6234,-2.0834],[29.618,-2.0827],[29.6102,-2.0725],[29.6066,-2.0735],[29.6009,-2.0719],[29.5923,-2.0743],[29.5907,-2.0677],[29.5873,-2.0645],[29.5879,-2.0619],[29.584,-2.0626],[29.5781,-2.0676],[29.5748,-2.0659],[29.569,-2.0659],[29.5641,-2.0634],[29.5584,-2.0638],[29.5623,-2.0657],[29.56,-2.0694],[29.5581,-2.0676],[29.556,-2.0683],[29.5543,-2.0656],[29.552,-2.0659],[29.5508,-2.0677],[29.5437,-2.0672],[29.5412,-2.0702],[29.5389,-2.0677],[29.5398,-2.0642],[29.5364,-2.0624],[29.5332,-2.0635],[29.5322,-2.0624],[29.531,-2.0639],[29.5268,-2.0585],[29.5205,-2.0587],[29.517,-2.0568],[29.515,-2.0591],[29.5108,-2.0575],[29.5076,-2.0593],[29.503,-2.0591],[29.5005,-2.061],[29.5019,-2.0631],[29.501,-2.0641],[29.4847,-2.0634],[29.4797,-2.0587],[29.4813,-2.0557],[29.4773,-2.0512],[29.4671,-2.0464],[29.4668,-2.0433],[29.462,-2.0437],[29.4618,-2.0418],[29.4633,-2.0411],[29.4665,-2.0327],[29.4609,-2.0293],[29.4607,-2.0314],[29.455,-2.035],[29.4512,-2.0434],[29.4476,-2.0456],[29.4446,-2.0469],[29.4426,-2.0443],[29.4388,-2.0442],[29.4365,-2.0425],[29.4352,-2.0437],[29.432,-2.043],[29.4307,-2.0472],[29.427,-2.0461],[29.4254,-2.0421],[29.4225,-2.0419],[29.4224,-2.0437],[29.4201,-2.0429],[29.4175,-2.0379],[29.413,-2.0367],[29.4115,-2.0381],[29.4113,-2.032],[29.4078,-2.0317],[29.4073,-2.034],[29.4026,-2.0315],[29.3999,-2.0323],[29.399,-2.0304],[29.3947,-2.0366],[29.3935,-2.0329],[29.3895,-2.0341],[29.3878,-2.0305],[29.3804,-2.0294],[29.3796,-2.028],[29.3821,-2.0253],[29.3766,-2.0255],[29.3743,-2.0238],[29.3683,-2.0286],[29.3606,-2.027],[29.3545,-2.0301],[29.1596,-2.0299],[29.169,-2.0666],[29.1744,-2.1049],[29.174,-2.1275],[29.1678,-2.1471],[29.2468,-2.1465],[29.2635,-2.1566],[29.2672,-2.1605],[29.2808,-2.1811],[29.2823,-2.1848],[29.281,-2.1877],[29.2822,-2.1888],[29.2902,-2.199],[29.2891,-2.2023],[29.2911,-2.2038],[29.2936,-2.2013],[29.2964,-2.2088],[29.3023,-2.2093],[29.3049,-2.2147],[29.3097,-2.2121],[29.3119,-2.2124],[29.3134,-2.2147],[29.3156,-2.214],[29.3153,-2.217],[29.3111,-2.2167],[29.3089,-2.225],[29.3065,-2.2262],[29.3067,-2.2288],[29.3041,-2.2322],[29.3057,-2.2345],[29.3114,-2.2373],[29.3124,-2.2403],[29.311,-2.2429],[29.3147,-2.2445],[29.3118,-2.2484],[29.3133,-2.2534],[29.3118,-2.2635],[29.3158,-2.2744],[29.3179,-2.2756],[29.3149,-2.2775],[29.3137,-2.2807],[29.3103,-2.2821],[29.3091,-2.2849],[29.3056,-2.2843],[29.305,-2.2885],[29.3063,-2.2908],[29.311,-2.2929],[29.3089,-2.2995],[29.3148,-2.3042],[29.3208,-2.3061],[29.3215,-2.3124],[29.3228,-2.3152],[29.3251,-2.316],[29.3229,-2.317],[29.3217,-2.3181],[29.32,-2.3209],[29.3214,-2.3231],[29.3246,-2.3244],[29.3213,-2.3229],[29.3206,-2.32],[29.3232,-2.3169],[29.3258,-2.3159],[29.3281,-2.3158],[29.3318,-2.3067],[29.3384,-2.2987],[29.3439,-2.2952],[29.3441,-2.2926],[29.3477,-2.2916],[29.364,-2.2932],[29.3679,-2.2909],[29.3711,-2.2932],[29.3746,-2.2904],[29.3799,-2.2902],[29.3819,-2.2908],[29.384,-2.2964],[29.3828,-2.2986],[29.3863,-2.298],[29.4028,-2.2769],[29.4051,-2.2761],[29.4086,-2.2787],[29.4128,-2.2747],[29.418,-2.2732],[29.4214,-2.2671],[29.4266,-2.2685],[29.4339,-2.2739],[29.4404,-2.2741],[29.4416,-2.276],[29.4449,-2.2736],[29.449,-2.2735],[29.4477,-2.2713],[29.4507,-2.2706],[29.4524,-2.2716],[29.4537,-2.2696],[29.4587,-2.2675],[29.4612,-2.2718],[29.4675,-2.2719],[29.4696,-2.2737],[29.4714,-2.271],[29.4725,-2.2722],[29.4748,-2.2678],[29.4735,-2.266],[29.475,-2.2608],[29.4776,-2.2598],[29.4785,-2.2575],[29.4817,-2.257],[29.4855,-2.2516],[29.49,-2.2499],[29.494,-2.241],[29.4971,-2.2404],[29.4994,-2.2431],[29.5011,-2.2397],[29.5064,-2.2381],[29.5093,-2.2346],[29.5103,-2.236],[29.5146,-2.2366],[29.5166,-2.2305],[29.517,-2.2325],[29.5195,-2.2338],[29.5177,-2.2295],[29.5196,-2.2266],[29.5232,-2.2276],[29.5242,-2.2245],[29.5271,-2.2254],[29.5267,-2.2235],[29.5305,-2.2229],[29.5301,-2.2214],[29.5323,-2.2202],[29.5323,-2.2185],[29.5393,-2.2148],[29.5416,-2.2108],[29.5427,-2.2128],[29.5441,-2.2109],[29.5452,-2.2122],[29.5482,-2.2117],[29.5447,-2.2079],[29.5461,-2.2072],[29.5479,-2.2088],[29.5494,-2.2075],[29.5476,-2.2046],[29.5485,-2.2035],[29.5501,-2.204],[29.5513,-2.1998],[29.5581,-2.2002],[29.56,-2.2052],[29.5621,-2.2058]]]]}},{"type":"Feature","properties":{"name":"Rutsiro"},"geometry":{"type":"MultiPolygon","coordinates":[[[[29.5584,-2.0638],[29.5557,-2.0623],[29.5547,-2.0592],[29.5489,-2.0626],[29.5449,-2.0594],[29.5396,-2.0593],[29.5379,-2.0557],[29.5384,-2.0519],[29.5416,-2.0464],[29.5493,-2.0401],[29.545,-2.0317],[29.5474,-2.0312],[29.5498,-2.0271],[29.5501,-2.0281],[29.558,-2.0263],[29.5601,-2.0277],[29.5632,-2.027],[29.5656,-2.025],[29.5644,-2.0214],[29.5597,-2.0187],[29.5526,-2.0175],[29.5476,-2.0109],[29.5358,-2.0059],[29.5313,-1.9971],[29.5195,-1.9834],[29.517,-1.9833],[29.5168,-1.9804],[29.515,-1.9792],[29.5153,-1.976],[29.5242,-1.9759],[29.5244,-1.974],[29.5265,-1.9729],[29.5254,-1.971],[29.5284,-1.9702],[29.5278,-1.9664],[29.5288,-1.9663],[29.527,-1.9654],[29.5281,-1.9636],[29.527,-1.9621],[29.5331,-1.9544],[29.5291,-1.9522],[29.5288,-1.9508],[29.5253,-1.9512],[29.5145,-1.9414],[29.5149,-1.9374],[29.5082,-1.9327],[29.509,-1.9306],[29.5065,-1.9307],[29.5084,-1.9273],[29.5058,-1.9261],[29.5042,-1.9269],[29.5009,-1.9225],[29.4957,-1.9231],[29.4918,-1.9181],[29.4902,-1.9193],[29.4838,-1.915],[29.4806,-1.9174],[29.4796,-1.9165],[29.4809,-1.9158],[29.4789,-1.914],[29.4791,-1.9096],[29.4719,-1.902],[29.4727,-1.8998],[29.4712,-1.8991],[29.4723,-1.8982],[29.4715,-1.895],[29.4666,-1.8911],[29.4666,-1.8878],[29.4687,-1.8858],[29.4672,-1.8827],[29.4616,-1.8804],[29.4617,-1.8754],[29.4581,-1.8727],[29.4593,-1.8667],[29.4571,-1.861],[29.4621,-1.8549],[29.4616,-1.8501],[29.463,-1.8465],[29.4595,-1.844],[29.4536,-1.8438],[29.4469,-1.8382],[29.4393,-1.8367],[29.4367,-1.8315],[29.4339,-1.8302],[29.4297,-1.8165],[29.4254,-1.8149],[29.4228,-1.8116],[29.4182,-1.8121],[29.4152,-1.809],[29.4141,-1.8043],[29.415,-1.8028],[29.4137,-1.8015],[29.4106,-1.8008],[29.4085,-1.8029],[29.4048,-1.8029],[29.4035,-1.7993],[29.4011,-1.8003],[29.3982,-1.798],[29.399,-1.796],[29.4047,-1.7935],[29.4097,-1.7937],[29.4107,-1.7916],[29.4142,-1.792],[29.416,-1.7948],[29.4184,-1.7946],[29.4243,-1.7864],[29.4326,-1.7795],[29.4364,-1.7793],[29.44,-1.7758],[29.4445,-1.7757],[29.4467,-1.7776],[29.4471,-1.7734],[29.4455,-1.7711],[29.4482,-1.7657],[29.448,-1.7614],[29.4445,-1.7562],[29.4449,-1.7525],[29.4373,-1.7479],[29.4349,-1.7386],[29.4318,-1.7389],[29.4297,-1.7374],[29.4275,-1.7383],[29.4239,-1.7355],[29.4235,-1.7365],[29.4219,-1.7347],[29.4204,-1.7352],[29.4199,-1.7327],[29.4212,-1.7306],[29.4199,-1.7295],[29.4133,-1.7313],[29.4087,-1.7294],[29.407,-1.7301],[29.3999,-1.7382],[29.3825,-1.7343],[29.3817,-1.7354],[29.3793,-1.7343],[29.3722,-1.736],[29.373,-1.7402],[29.3714,-1.7424],[29.3717,-1.7444],[29.3698,-1.7459],[29.3714,-1.7485],[29.3704,-1.7508],[29.3662,-1.7524],[29.3585,-1.7505],[29.3551,-1.7474],[29.3506,-1.7513],[29.3449,-1.7504],[29.3429,-1.7493],[29.343,-1.7465],[29.3413,-1.7458],[29.3364,-1.7469],[29.334,-1.7447],[29.3308,-1.7459],[29.3288,-1.744],[29.3235,-1.7437],[29.3217,-1.7414],[29.3107,-1.7378],[29.308,-1.7415],[29.3042,-1.7428],[29.3044,-1.7445],[29.3002,-1.7486],[29.3015,-1.7514],[29.2987,-1.7557],[29.3015,-1.7636],[29.3008,-1.7675],[29.299,-1.7692],[29.2973,-1.7675],[29.288,-1.7709],[29.2879,-1.7707],[29.2796,-1.7735],[29.2684,-1.7724],[29.1905,-1.7724],[29.1541,-1.8222],[29.1453,-1.8365],[29.1336,-1.8679],[29.1279,-1.9003],[29.1264,-1.9298],[29.1278,-1.9384],[29.1596,-2.0299],[29.3545,-2.0301],[29.3606,-2.027],[29.3683,-2.0286],[29.3743,-2.0238],[29.3766,-2.0255],[29.3821,-2.0253],[29.3796,-2.028],[29.3804,-2.0294],[29.3878,-2.0305],[29.3895,-2.0341],[29.3935,-2.0329],[29.3947,-2.0366],[29.399,-2.0304],[29.3999,-2.0323],[29.4026,-2.0315],[29.4073,-2.034],[29.4078,-2.0317],[29.4113,-2.032],[29.4115,-2.0381],[29.413,-2.0367],[29.4175,-2.0379],[29.4201,-2.0429],[29.4224,-2.0437],[29.4225,-2.0419],[29.4254,-2.0421],[29.427,-2.0461],[29.4307,-2.0472],[29.432,-2.043],[29.4352,-2.0437],[29.4365,-2.0425],[29.4388,-2.0442],[29.4426,-2.0443],[29.4446,-2.0469],[29.4476,-2.0456],[29.4512,-2.0434],[29.455,-2.035],[29.4607,-2.0314],[29.4609,-2.0293],[29.4665,-2.0327],[29.4633,-2.0411],[29.4618,-2.0418],[29.462,-2.0437],[29.4668,-2.0433],[29.4671,-2.0464],[29.4773,-2.0512],[29.4813,-2.0557],[29.4797,-2.0587],[29.4847,-2.0634],[29.501,-2.0641],[29.5019,-2.0631],[29.5005,-2.061],[29.503,-2.0591],[29.5076,-2.0593],[29.5108,-2.0575],[29.515,-2.0591],[29.517,-2.0568],[29.5205,-2.0587],[29.5268,-2.0585],[29.531,-2.0639],[29.5322,-2.0624],[29.5332,-2.0635],[29.5364,-2.0624],[29.5398,-2.0642],[29.5389,-2.0677],[29.5412,-2.0702],[29.5437,-2.0672],[29.5508,-2.0677],[29.552,-2.0659],[29.5543,-2.0656],[29.556,-2.0683],[29.5581,-2.0676],[29.56,-2.0694],[29.5623,-2.0657],[29.5584,-2.0638]]]]}},{"type":"Feature","properties":{"name":"Rubavu"},"geometry":{"type":"MultiPolygon","coordinates":[[[[29.4199,-1.7295],[29.4208,-1.7266],[29.4228,-1.7256],[29.4215,-1.7219],[29.4234,-1.7171],[29.4264,-1.7148],[29.4299,-1.716],[29.4349,-1.7148],[29.4344,-1.7117],[29.4357,-1.7102],[29.4331,-1.7071],[29.4324,-1.7037],[29.4372,-1.6926],[29.431,-1.6877],[29.4266,-1.6884],[29.4174,-1.6858],[29.4147,-1.6874],[29.4111,-1.686],[29.4079,-1.6808],[29.4027,-1.6805],[29.4005,-1.682],[29.3987,-1.6801],[29.4008,-1.673],[29.3995,-1.6675],[29.4015,-1.665],[29.399,-1.6594],[29.4007,-1.6586],[29.4019,-1.6538],[29.4022,-1.6429],[29.4009,-1.6385],[29.4188,-1.6293],[29.4118,-1.619],[29.4173,-1.6175],[29.4131,-1.6096],[29.4156,-1.6073],[29.4037,-1.5987],[29.4033,-1.5847],[29.4014,-1.5774],[29.406,-1.5696],[29.3989,-1.5647],[29.3957,-1.5593],[29.3883,-1.5596],[29.3882,-1.5619],[29.381,-1.5622],[29.3808,-1.5531],[29.3843,-1.5528],[29.3843,-1.5499],[29.3987,-1.549],[29.3975,-1.5079],[29.3616,-1.5092],[29.3535,-1.537],[29.3369,-1.5476],[29.3279,-1.5658],[29.3264,-1.5748],[29.3205,-1.5806],[29.3104,-1.6],[29.2991,-1.6063],[29.2936,-1.6147],[29.2685,-1.629],[29.2615,-1.6483],[29.2564,-1.6583],[29.2506,-1.6637],[29.2429,-1.6681],[29.2444,-1.676],[29.2452,-1.6951],[29.2443,-1.6988],[29.1905,-1.7724],[29.2684,-1.7724],[29.2796,-1.7735],[29.2879,-1.7707],[29.288,-1.7709],[29.2973,-1.7675],[29.299,-1.7692],[29.3008,-1.7675],[29.3015,-1.7636],[29.2987,-1.7557],[29.3015,-1.7514],[29.3002,-1.7486],[29.3044,-1.7445],[29.3042,-1.7428],[29.308,-1.7415],[29.3107,-1.7378],[29.3217,-1.7414],[29.3235,-1.7437],[29.3288,-1.744],[29.3308,-1.7459],[29.334,-1.7447],[29.3364,-1.7469],[29.3413,-1.7458],[29.343,-1.7465],[29.3429,-1.7493],[29.3449,-1.7504],[29.3506,-1.7513],[29.3551,-1.7474],[29.3585,-1.7505],[29.3662,-1.7524],[29.3704,-1.7508],[29.3714,-1.7485],[29.3698,-1.7459],[29.3717,-1.7444],[29.3714,-1.7424],[29.373,-1.7402],[29.3722,-1.736],[29.3793,-1.7343],[29.3817,-1.7354],[29.3825,-1.7343],[29.3999,-1.7382],[29.407,-1.7301],[29.4087,-1.7294],[29.4133,-1.7313],[29.4199,-1.7295]]]]}},{"type":"Feature","properties":{"name":"Nyabihu"},"geometry":{"type":"MultiPolygon","coordinates":[[[[29.4349,-1.7386],[29.4402,-1.7353],[29.4459,-1.7368],[29.452,-1.7356],[29.4562,-1.7389],[29.4526,-1.7473],[29.4566,-1.7467],[29.4622,-1.7527],[29.4625,-1.7641],[29.4705,-1.767],[29.4879,-1.767],[29.4948,-1.7714],[29.5031,-1.7701],[29.5076,-1.777],[29.5116,-1.7742],[29.5148,-1.7675],[29.5186,-1.766],[29.5191,-1.7625],[29.5222,-1.7595],[29.5216,-1.7577],[29.5236,-1.7567],[29.5238,-1.7509],[29.5269,-1.7507],[29.5278,-1.7521],[29.5304,-1.7512],[29.5326,-1.7492],[29.5333,-1.7448],[29.5367,-1.7438],[29.5382,-1.7408],[29.5399,-1.7406],[29.547,-1.747],[29.5542,-1.7482],[29.5624,-1.7467],[29.5709,-1.7415],[29.5748,-1.741],[29.5872,-1.7469],[29.6082,-1.7472],[29.6107,-1.7429],[29.6159,-1.7435],[29.6164,-1.741],[29.6181,-1.7402],[29.6165,-1.7365],[29.617,-1.7347],[29.6233,-1.7324],[29.6281,-1.7267],[29.6337,-1.7253],[29.6387,-1.7221],[29.6356,-1.7194],[29.6354,-1.7155],[29.6342,-1.7146],[29.6346,-1.7002],[29.6325,-1.6986],[29.634,-1.6949],[29.637,-1.6947],[29.64,-1.6766],[29.6386,-1.6716],[29.6396,-1.6676],[29.6384,-1.6583],[29.6361,-1.6533],[29.6339,-1.6535],[29.6343,-1.6496],[29.6332,-1.6491],[29.6343,-1.643],[29.6334,-1.6385],[29.636,-1.6321],[29.634,-1.629],[29.6334,-1.6192],[29.6349,-1.6115],[29.6331,-1.6089],[29.6365,-1.6033],[29.6355,-1.5974],[29.6385,-1.5923],[29.6324,-1.5904],[29.6292,-1.5912],[29.6245,-1.585],[29.6182,-1.5884],[29.6137,-1.588],[29.6124,-1.5892],[29.6078,-1.5877],[29.596,-1.5934],[29.5904,-1.5912],[29.5856,-1.592],[29.5847,-1.589],[29.5744,-1.5861],[29.5733,-1.5843],[29.5701,-1.5835],[29.5679,-1.5779],[29.5592,-1.5699],[29.5558,-1.5728],[29.5565,-1.5758],[29.5532,-1.5764],[29.5509,-1.5732],[29.5502,-1.569],[29.5485,-1.5679],[29.5455,-1.5714],[29.5402,-1.5712],[29.5383,-1.5746],[29.5349,-1.5712],[29.5281,-1.572],[29.508,-1.5622],[29.507,-1.564],[29.4992,-1.5637],[29.4839,-1.5492],[29.45,-1.506],[29.3975,-1.5079],[29.3987,-1.549],[29.3843,-1.5499],[29.3843,-1.5528],[29.3808,-1.5531],[29.381,-1.5622],[29.3882,-1.5619],[29.3883,-1.5596],[29.3957,-1.5593],[29.3989,-1.5647],[29.406,-1.5696],[29.4014,-1.5774],[29.4033,-1.5847],[29.4037,-1.5987],[29.4156,-1.6073],[29.4131,-1.6096],[29.4173,-1.6175],[29.4118,-1.619],[29.4188,-1.6293],[29.4009,-1.6385],[29.4022,-1.6429],[29.4019,-1.6538],[29.4007,-1.6586],[29.399,-1.6594],[29.4015,-1.665],[29.3995,-1.6675],[29.4008,-1.673],[29.3987,-1.6801],[29.4005,-1.682],[29.4027,-1.6805],[29.4079,-1.6808],[29.4111,-1.686],[29.4147,-1.6874],[29.4174,-1.6858],[29.4266,-1.6884],[29.431,-1.6877],[29.4372,-1.6926],[29.4324,-1.7037],[29.4331,-1.7071],[29.4357,-1.7102],[29.4344,-1.7117],[29.4349,-1.7148],[29.4299,-1.716],[29.4264,-1.7148],[29.4234,-1.7171],[29.4215,-1.7219],[29.4228,-1.7256],[29.4208,-1.7266],[29.4199,-1.7295],[29.4212,-1.7306],[29.4199,-1.7327],[29.4204,-1.7352],[29.4219,-1.7347],[29.4235,-1.7365],[29.4239,-1.7355],[29.4275,-1.7383],[29.4297,-1.7374],[29.4318,-1.7389],[29.4349,-1.7386]]]]}},{"type":"Feature","properties":{"name":"Ngororero"},"geometry":{"type":"MultiPolygon","coordinates":[[[[29.6589,-1.735],[29.6538,-1.7349],[29.6521,-1.73],[29.6492,-1.7269],[29.6401,-1.7246],[29.6387,-1.7221],[29.6337,-1.7253],[29.6281,-1.7267],[29.6233,-1.7324],[29.617,-1.7347],[29.6165,-1.7365],[29.6181,-1.7402],[29.6164,-1.741],[29.6159,-1.7435],[29.6107,-1.7429],[29.6082,-1.7472],[29.5872,-1.7469],[29.5748,-1.741],[29.5709,-1.7415],[29.5624,-1.7467],[29.5542,-1.7482],[29.547,-1.747],[29.5399,-1.7406],[29.5382,-1.7408],[29.5367,-1.7438],[29.5333,-1.7448],[29.5326,-1.7492],[29.5304,-1.7512],[29.5278,-1.7521],[29.5269,-1.7507],[29.5238,-1.7509],[29.5236,-1.7567],[29.5216,-1.7577],[29.5222,-1.7595],[29.5191,-1.7625],[29.5186,-1.766],[29.5148,-1.7675],[29.5116,-1.7742],[29.5076,-1.777],[29.5031,-1.7701],[29.4948,-1.7714],[29.4879,-1.767],[29.4705,-1.767],[29.4625,-1.7641],[29.4622,-1.7527],[29.4566,-1.7467],[29.4526,-1.7473],[29.4562,-1.7389],[29.452,-1.7356],[29.4459,-1.7368],[29.4402,-1.7353],[29.4349,-1.7386],[29.4373,-1.7479],[29.4449,-1.7525],[29.4445,-1.7562],[29.448,-1.7614],[29.4482,-1.7657],[29.4455,-1.7711],[29.4471,-1.7734],[29.4467,-1.7776],[29.4445,-1.7757],[29.44,-1.7758],[29.4364,-1.7793],[29.4326,-1.7795],[29.4243,-1.7864],[29.4184,-1.7946],[29.416,-1.7948],[29.4142,-1.792],[29.4107,-1.7916],[29.4097,-1.7937],[29.4047,-1.7935],[29.399,-1.796],[29.3982,-1.798],[29.4011,-1.8003],[29.4035,-1.7993],[29.4048,-1.8029],[29.4085,-1.8029],[29.4106,-1.8008],[29.4137,-1.8015],[29.415,-1.8028],[29.4141,-1.8043],[29.4152,-1.809],[29.4182,-1.8121],[29.4228,-1.8116],[29.4254,-1.8149],[29.4297,-1.8165],[29.4339,-1.8302],[29.4367,-1.8315],[29.4393,-1.8367],[29.4469,-1.8382],[29.4536,-1.8438],[29.4595,-1.844],[29.463,-1.8465],[29.4616,-1.8501],[29.4621,-1.8549],[29.4571,-1.861],[29.4593,-1.8667],[29.4581,-1.8727],[29.4617,-1.8754],[29.4616,-1.8804],[29.4672,-1.8827],[29.4687,-1.8858],[29.4666,-1.8878],[29.4666,-1.8911],[29.4715,-1.895],[29.4723,-1.8982],[29.4712,-1.8991],[29.4727,-1.8998],[29.4719,-1.902],[29.4791,-1.9096],[29.4789,-1.914],[29.4809,-1.9158],[29.4796,-1.9165],[29.4806,-1.9174],[29.4838,-1.915],[29.4902,-1.9193],[29.4918,-1.9181],[29.4957,-1.9231],[29.5009,-1.9225],[29.5042,-1.9269],[29.5058,-1.9261],[29.5084,-1.9273],[29.5065,-1.9307],[29.509,-1.9306],[29.5082,-1.9327],[29.5149,-1.9374],[29.5145,-1.9414],[29.5253,-1.9512],[29.5288,-1.9508],[29.5291,-1.9522],[29.5331,-1.9544],[29.527,-1.9621],[29.5281,-1.9636],[29.527,-1.9654],[29.5288,-1.9663],[29.5278,-1.9664],[29.5284,-1.9702],[29.5254,-1.971],[29.5265,-1.9729],[29.5244,-1.974],[29.5242,-1.9759],[29.5153,-1.976],[29.515,-1.9792],[29.5168,-1.9804],[29.517,-1.9833],[29.5195,-1.9834],[29.5313,-1.9971],[29.5358,-2.0059],[29.5476,-2.0109],[29.5526,-2.0175],[29.5597,-2.0187],[29.5644,-2.0214],[29.5656,-2.025],[29.5632,-2.027],[29.5601,-2.0277],[29.558,-2.0263],[29.5501,-2.0281],[29.5498,-2.0271],[29.5474,-2.0312],[29.545,-2.0317],[29.5493,-2.0401],[29.5416,-2.0464],[29.5384,-2.0519],[29.5379,-2.0557],[29.5396,-2.0593],[29.5449,-2.0594],[29.5489,-2.0626],[29.5547,-2.0592],[29.5557,-2.0623],[29.5584,-2.0638],[29.5641,-2.0634],[29.569,-2.0659],[29.5748,-2.0659],[29.5781,-2.0676],[29.584,-2.0626],[29.5879,-2.0619],[29.5873,-2.0645],[29.5907,-2.0677],[29.5923,-2.0743],[29.6009,-2.0719],[29.6066,-2.0735],[29.6102,-2.0725],[29.618,-2.0827],[29.6234,-2.0834],[29.6245,-2.0859],[29.6267,-2.0857],[29.6279,-2.0835],[29.6298,-2.085],[29.6292,-2.0798],[29.6336,-2.0791],[29.6341,-2.0755],[29.6326,-2.075],[29.6319,-2.0722],[29.6372,-2.067],[29.634,-2.066],[29.6348,-2.0646],[29.6333,-2.0641],[29.633,-2.062],[29.6339,-2.059],[29.6368,-2.0588],[29.6356,-2.0548],[29.6393,-2.0495],[29.6362,-2.0457],[29.6364,-2.0427],[29.6348,-2.0426],[29.6343,-2.0388],[29.6309,-2.0379],[29.6327,-2.0333],[29.6311,-2.0294],[29.6324,-2.0271],[29.6313,-2.0241],[29.6284,-2.0219],[29.6337,-2.0168],[29.6311,-2.0154],[29.6286,-2.0077],[29.6314,-2.0007],[29.6345,-1.9993],[29.6368,-1.9951],[29.6344,-1.9899],[29.6261,-1.9848],[29.622,-1.9799],[29.6224,-1.9758],[29.6257,-1.9735],[29.6391,-1.9781],[29.6408,-1.9771],[29.6436,-1.9791],[29.6512,-1.9756],[29.6546,-1.9763],[29.6558,-1.9739],[29.6658,-1.9719],[29.6736,-1.9594],[29.6728,-1.9526],[29.6709,-1.9488],[29.6645,-1.947],[29.6618,-1.9442],[29.6609,-1.9383],[29.6641,-1.9343],[29.6618,-1.9291],[29.664,-1.9242],[29.6616,-1.923],[29.6614,-1.9198],[29.6661,-1.9152],[29.6707,-1.9141],[29.6731,-1.9105],[29.67,-1.9078],[29.6701,-1.9017],[29.6733,-1.9013],[29.6752,-1.8963],[29.6729,-1.8939],[29.6711,-1.8862],[29.6689,-1.8841],[29.6712,-1.8799],[29.6712,-1.8759],[29.6677,-1.8697],[29.6681,-1.8661],[29.6653,-1.8648],[29.6652,-1.8626],[29.6633,-1.8613],[29.6648,-1.8581],[29.6638,-1.853],[29.6658,-1.8502],[29.6643,-1.8433],[29.6669,-1.836],[29.6648,-1.8308],[29.6723,-1.8226],[29.6708,-1.8174],[29.6687,-1.8176],[29.6693,-1.8093],[29.6722,-1.8091],[29.6726,-1.8047],[29.6689,-1.7997],[29.6694,-1.7893],[29.6732,-1.7871],[29.672,-1.7829],[29.6733,-1.781],[29.6729,-1.7796],[29.6712,-1.7795],[29.6714,-1.7736],[29.6695,-1.772],[29.6665,-1.7652],[29.6677,-1.7626],[29.6644,-1.7596],[29.6619,-1.7534],[29.6628,-1.7456],[29.6648,-1.7422],[29.6597,-1.7387],[29.6589,-1.735]]]]}},{"type":"Feature","properties":{"name":"Rusizi"},"geometry":{"type":"MultiPolygon","coordinates":[[[[29.3454,-2.5754],[29.3443,-2.5708],[29.3469,-2.5654],[29.3447,-2.5633],[29.3469,-2.5594],[29.345,-2.5576],[29.3372,-2.5583],[29.336,-2.5572],[29.3379,-2.5536],[29.3372,-2.5483],[29.3402,-2.5434],[29.3392,-2.5401],[29.3346,-2.5381],[29.3289,-2.5391],[29.3261,-2.5365],[29.3191,-2.5378],[29.3191,-2.5352],[29.3226,-2.5291],[29.3222,-2.5275],[29.324,-2.5258],[29.3231,-2.5187],[29.3241,-2.5177],[29.3215,-2.5172],[29.3232,-2.5139],[29.3225,-2.5076],[29.3108,-2.4985],[29.3072,-2.4929],[29.3011,-2.4933],[29.2997,-2.4951],[29.2921,-2.4934],[29.2887,-2.4896],[29.2828,-2.4901],[29.2798,-2.4892],[29.2779,-2.4868],[29.2772,-2.4875],[29.2767,-2.49],[29.2726,-2.492],[29.267,-2.4875],[29.265,-2.4883],[29.2619,-2.4869],[29.2545,-2.479],[29.2548,-2.4773],[29.2525,-2.4781],[29.252,-2.4753],[29.2491,-2.477],[29.2479,-2.4755],[29.2451,-2.4782],[29.2455,-2.4755],[29.2422,-2.4746],[29.2406,-2.4726],[29.2393,-2.4737],[29.2373,-2.4731],[29.2366,-2.4745],[29.2295,-2.474],[29.2243,-2.4758],[29.2191,-2.4782],[29.215,-2.4821],[29.2113,-2.4812],[29.2055,-2.4759],[29.2035,-2.4756],[29.2006,-2.4788],[29.1985,-2.4879],[29.192,-2.4906],[29.1865,-2.4888],[29.182,-2.4839],[29.1786,-2.4824],[29.1776,-2.4839],[29.1747,-2.4804],[29.1734,-2.4814],[29.1729,-2.4805],[29.1719,-2.4833],[29.1666,-2.4823],[29.1643,-2.4865],[29.1604,-2.4885],[29.1585,-2.4915],[29.1531,-2.4899],[29.1515,-2.492],[29.1518,-2.4952],[29.1442,-2.4919],[29.1417,-2.4929],[29.138,-2.4917],[29.1326,-2.4859],[29.1275,-2.4877],[29.1204,-2.4817],[29.1193,-2.4781],[29.1184,-2.4827],[29.121,-2.4886],[29.121,-2.4929],[29.1239,-2.4958],[29.1241,-2.4996],[29.1222,-2.5014],[29.1227,-2.5053],[29.1176,-2.5055],[29.1153,-2.5134],[29.1124,-2.5149],[29.1054,-2.5149],[29.1008,-2.5204],[29.0934,-2.5196],[29.0917,-2.5179],[29.0807,-2.5185],[29.0791,-2.5198],[29.0803,-2.5211],[29.0774,-2.5228],[29.0744,-2.5278],[29.0737,-2.5327],[29.0713,-2.532],[29.0655,-2.5355],[29.0634,-2.5349],[29.0586,-2.5385],[29.0538,-2.5376],[29.051,-2.5413],[29.0484,-2.5413],[29.0437,-2.5452],[29.0461,-2.5501],[29.0438,-2.5546],[29.0456,-2.5592],[29.045,-2.5623],[29.0431,-2.5647],[29.0401,-2.5651],[29.0403,-2.5671],[29.0388,-2.5667],[29.0391,-2.5683],[29.0375,-2.569],[29.0374,-2.567],[29.0349,-2.5647],[29.0338,-2.5593],[29.036,-2.5462],[29.0347,-2.5414],[29.0309,-2.5407],[29.0266,-2.5367],[29.0175,-2.5353],[29.0169,-2.5313],[29.0086,-2.5267],[29.0073,-2.5219],[29.0015,-2.5165],[29.0009,-2.5118],[28.9976,-2.507],[28.9897,-2.5021],[28.988,-2.498],[28.985,-2.4971],[28.9817,-2.4919],[28.9775,-2.4905],[28.9764,-2.4883],[28.9763,-2.4776],[28.9803,-2.4751],[28.9818,-2.4718],[28.9754,-2.4592],[28.9786,-2.4477],[28.9765,-2.4432],[28.9681,-2.4428],[28.9649,-2.4384],[28.9661,-2.4309],[28.9698,-2.4235],[28.9677,-2.4114],[28.9694,-2.405],[28.9697,-2.4048],[28.9699,-2.4044],[28.9709,-2.4011],[28.971,-2.4008],[28.9711,-2.4008],[28.9729,-2.395],[28.9718,-2.3885],[28.9621,-2.3731],[28.9564,-2.3756],[28.9496,-2.3764],[28.9374,-2.3746],[28.9316,-2.3719],[28.9133,-2.3713],[28.9042,-2.375],[28.8927,-2.3835],[28.8799,-2.3979],[28.8752,-2.4056],[28.875,-2.4087],[28.8717,-2.4128],[28.8674,-2.4273],[28.8669,-2.4395],[28.8692,-2.4484],[28.8751,-2.4573],[28.8914,-2.4739],[28.8929,-2.4909],[28.8886,-2.5056],[28.8743,-2.5094],[28.8661,-2.5167],[28.8618,-2.5237],[28.8621,-2.532],[28.8696,-2.5386],[28.8778,-2.5507],[28.8929,-2.5601],[28.8952,-2.568],[28.8952,-2.5748],[28.8995,-2.5842],[28.8975,-2.5989],[28.9023,-2.6082],[28.9002,-2.6159],[28.9013,-2.6176],[28.9003,-2.622],[28.904,-2.6269],[28.9039,-2.6374],[28.9058,-2.6453],[28.9041,-2.6495],[28.8961,-2.6522],[28.8954,-2.6551],[28.8976,-2.6607],[28.9034,-2.6624],[28.9052,-2.6647],[28.9072,-2.6639],[28.91,-2.665],[28.9103,-2.6688],[28.9176,-2.6802],[28.9232,-2.6821],[28.9313,-2.6814],[28.9339,-2.6831],[28.9347,-2.6809],[28.9373,-2.6818],[28.9404,-2.6858],[28.94,-2.6895],[28.9438,-2.693],[28.945,-2.691],[28.9473,-2.6906],[28.9595,-2.6938],[28.9666,-2.7035],[28.9688,-2.7035],[28.9714,-2.6982],[28.9747,-2.6954],[28.9805,-2.694],[28.9831,-2.6939],[28.9885,-2.6996],[28.9913,-2.6982],[28.9957,-2.6994],[28.9971,-2.7029],[29.0041,-2.7046],[29.0157,-2.717],[29.0213,-2.7199],[29.024,-2.7252],[29.0323,-2.7335],[29.0349,-2.734],[29.0355,-2.7379],[29.0405,-2.7447],[29.0406,-2.7395],[29.0421,-2.7388],[29.0413,-2.7352],[29.0431,-2.7359],[29.0415,-2.7293],[29.0425,-2.7294],[29.0424,-2.7251],[29.0452,-2.7249],[29.0471,-2.7205],[29.0493,-2.7196],[29.0573,-2.7098],[29.0553,-2.7087],[29.0556,-2.7058],[29.0513,-2.7045],[29.0499,-2.7021],[29.0526,-2.6989],[29.0505,-2.6944],[29.0516,-2.6928],[29.0551,-2.6932],[29.055,-2.6894],[29.0477,-2.6874],[29.0491,-2.6853],[29.0518,-2.6863],[29.0567,-2.6838],[29.0581,-2.6781],[29.0566,-2.6759],[29.0523,-2.676],[29.0499,-2.6722],[29.0478,-2.6705],[29.0467,-2.6712],[29.0493,-2.6692],[29.048,-2.665],[29.0524,-2.6571],[29.055,-2.6564],[29.0548,-2.653],[29.0561,-2.6539],[29.0584,-2.653],[29.0618,-2.6498],[29.0598,-2.6486],[29.0598,-2.6455],[29.0543,-2.6401],[29.0553,-2.6374],[29.0539,-2.6305],[29.0548,-2.6301],[29.0545,-2.6272],[29.0525,-2.6276],[29.0526,-2.6234],[29.0544,-2.6208],[29.0535,-2.6193],[29.0582,-2.6183],[29.0596,-2.6135],[29.0585,-2.6105],[29.0609,-2.6082],[29.0623,-2.6023],[29.0731,-2.6038],[29.0761,-2.5995],[29.0819,-2.5952],[29.0883,-2.5922],[29.0914,-2.5934],[29.093,-2.5921],[29.0956,-2.5971],[29.0988,-2.5958],[29.1026,-2.597],[29.1082,-2.5952],[29.1133,-2.5979],[29.1161,-2.5972],[29.1156,-2.5995],[29.1171,-2.5988],[29.1209,-2.6036],[29.1242,-2.604],[29.1239,-2.6073],[29.1279,-2.6106],[29.1355,-2.6047],[29.1387,-2.6059],[29.1416,-2.6043],[29.1395,-2.5986],[29.1418,-2.5964],[29.1443,-2.5967],[29.1451,-2.595],[29.1488,-2.5951],[29.1497,-2.5917],[29.1508,-2.5921],[29.151,-2.5959],[29.1533,-2.5949],[29.1569,-2.5969],[29.1629,-2.5956],[29.1625,-2.6008],[29.1685,-2.6032],[29.1688,-2.6066],[29.1716,-2.6075],[29.1738,-2.6105],[29.1738,-2.6156],[29.1762,-2.6162],[29.1772,-2.6147],[29.1826,-2.6143],[29.1836,-2.6118],[29.1871,-2.6103],[29.1886,-2.613],[29.1855,-2.6148],[29.186,-2.6159],[29.1973,-2.618],[29.2034,-2.6157],[29.2081,-2.622],[29.2098,-2.6229],[29.213,-2.6217],[29.2156,-2.6259],[29.219,-2.6266],[29.219,-2.6313],[29.2204,-2.6323],[29.2238,-2.6311],[29.2237,-2.6286],[29.2259,-2.6277],[29.2264,-2.6257],[29.2304,-2.6291],[29.2331,-2.6288],[29.2358,-2.6279],[29.2359,-2.6248],[29.2393,-2.6274],[29.2406,-2.6247],[29.2444,-2.6231],[29.2464,-2.6252],[29.2476,-2.6221],[29.2488,-2.6258],[29.2513,-2.6269],[29.2545,-2.6231],[29.2634,-2.6187],[29.2653,-2.6188],[29.2673,-2.6223],[29.2671,-2.6247],[29.2724,-2.624],[29.2813,-2.6264],[29.2842,-2.6318],[29.2867,-2.6323],[29.2936,-2.6409],[29.3117,-2.6449],[29.3149,-2.647],[29.3153,-2.6516],[29.3198,-2.6567],[29.3225,-2.6538],[29.3262,-2.6535],[29.3327,-2.6634],[29.3318,-2.6662],[29.335,-2.6694],[29.335,-2.6741],[29.3319,-2.6764],[29.332,-2.6801],[29.3291,-2.6826],[29.3353,-2.6796],[29.3452,-2.6798],[29.3491,-2.6767],[29.3512,-2.6702],[29.3542,-2.6661],[29.3521,-2.6602],[29.3559,-2.6539],[29.3571,-2.6453],[29.3651,-2.6378],[29.3679,-2.6314],[29.3633,-2.6241],[29.3645,-2.6202],[29.3621,-2.6179],[29.3631,-2.6151],[29.3563,-2.608],[29.3529,-2.5958],[29.3504,-2.5952],[29.3452,-2.597],[29.3425,-2.5932],[29.3424,-2.5904],[29.3451,-2.5882],[29.345,-2.5853],[29.3413,-2.5839],[29.3397,-2.5813],[29.3454,-2.5754]]]]}},{"type":"Feature","properties":{"name":"Rulindo"},"geometry":{"type":"MultiPolygon","coordinates":[[[[29.9894,-1.8668],[29.993,-1.8554],[29.9911,-1.8475],[29.9946,-1.8466],[29.9988,-1.8416],[30.0064,-1.8387],[30.013,-1.8382],[30.0158,-1.8363],[30.0199,-1.844],[30.0216,-1.8526],[30.0269,-1.857],[30.0293,-1.8652],[30.0344,-1.8605],[30.0388,-1.8596],[30.0422,-1.8551],[30.0455,-1.8539],[30.0515,-1.8447],[30.057,-1.8443],[30.0558,-1.8402],[30.0565,-1.8375],[30.0595,-1.8322],[30.0635,-1.8288],[30.0749,-1.8261],[30.0803,-1.8264],[30.0947,-1.8206],[30.0973,-1.8183],[30.0995,-1.8127],[30.1077,-1.8161],[30.1133,-1.8205],[30.1177,-1.82],[30.1229,-1.8124],[30.128,-1.809],[30.1306,-1.7997],[30.1303,-1.79],[30.1329,-1.7839],[30.133,-1.7796],[30.13,-1.7776],[30.1265,-1.7721],[30.1189,-1.7712],[30.1133,-1.7753],[30.0992,-1.7727],[30.0978,-1.7697],[30.0938,-1.7678],[30.0909,-1.7618],[30.0844,-1.7565],[30.0862,-1.7514],[30.0821,-1.7436],[30.0818,-1.74],[30.0759,-1.7329],[30.0769,-1.7259],[30.0815,-1.7221],[30.0839,-1.717],[30.0834,-1.7149],[30.0817,-1.7143],[30.0785,-1.7051],[30.0732,-1.7015],[30.0721,-1.6968],[30.0665,-1.6881],[30.0634,-1.6872],[30.0583,-1.6745],[30.0564,-1.6738],[30.0578,-1.6723],[30.055,-1.668],[30.0555,-1.6659],[30.0619,-1.6611],[30.0605,-1.6589],[30.0633,-1.6595],[30.0717,-1.6522],[30.0764,-1.651],[30.0713,-1.6457],[30.0665,-1.6372],[30.0622,-1.6338],[30.0532,-1.6178],[30.049,-1.6165],[30.0412,-1.611],[30.0349,-1.6019],[30.0322,-1.6053],[30.0224,-1.6105],[30.0194,-1.6163],[30.0125,-1.6194],[30.0105,-1.6226],[30.014,-1.6312],[30.0131,-1.643],[30.0162,-1.6471],[30.0181,-1.6541],[30.0141,-1.6543],[30.0073,-1.6518],[29.9999,-1.6615],[29.9939,-1.6413],[29.9868,-1.6335],[29.9826,-1.6323],[29.9789,-1.6363],[29.9786,-1.6391],[29.9746,-1.6392],[29.9673,-1.6288],[29.9666,-1.6205],[29.9631,-1.6169],[29.9583,-1.6147],[29.9596,-1.6114],[29.9578,-1.6073],[29.9505,-1.6042],[29.944,-1.5957],[29.9431,-1.5965],[29.9416,-1.5951],[29.9361,-1.5976],[29.9285,-1.5932],[29.9222,-1.5917],[29.9209,-1.5934],[29.9178,-1.5938],[29.9171,-1.5958],[29.9146,-1.5923],[29.9095,-1.5898],[29.9009,-1.5896],[29.9052,-1.595],[29.9038,-1.6036],[29.9053,-1.611],[29.893,-1.6082],[29.8873,-1.6121],[29.886,-1.6091],[29.8821,-1.6091],[29.8746,-1.6101],[29.8732,-1.6129],[29.8708,-1.6116],[29.8643,-1.6127],[29.8691,-1.6315],[29.8715,-1.6327],[29.8712,-1.6351],[29.8746,-1.6446],[29.8809,-1.6497],[29.8796,-1.6569],[29.8744,-1.6606],[29.8725,-1.6642],[29.8751,-1.6752],[29.8835,-1.6843],[29.8852,-1.6893],[29.8879,-1.6922],[29.8881,-1.6957],[29.8918,-1.6982],[29.8969,-1.7072],[29.9003,-1.7169],[29.9,-1.7194],[29.9031,-1.7236],[29.9012,-1.7269],[29.9032,-1.7298],[29.9032,-1.7377],[29.9039,-1.742],[29.9064,-1.7444],[29.9061,-1.7489],[29.9077,-1.7522],[29.9124,-1.756],[29.9118,-1.7596],[29.9151,-1.7629],[29.919,-1.7717],[29.9212,-1.7729],[29.9202,-1.7776],[29.9228,-1.7832],[29.9231,-1.788],[29.9284,-1.7961],[29.9327,-1.7999],[29.9187,-1.8054],[29.9145,-1.8048],[29.9122,-1.807],[29.9117,-1.8154],[29.9088,-1.8226],[29.9077,-1.8316],[29.9109,-1.8401],[29.9087,-1.8453],[29.9034,-1.849],[29.9029,-1.8537],[29.9048,-1.8599],[29.9101,-1.8573],[29.918,-1.8644],[29.9185,-1.8696],[29.9269,-1.8678],[29.9291,-1.8716],[29.9316,-1.8716],[29.9338,-1.8777],[29.9381,-1.8765],[29.9424,-1.878],[29.9424,-1.8844],[29.9478,-1.8871],[29.9487,-1.8909],[29.9537,-1.8911],[29.9565,-1.8944],[29.9595,-1.8953],[29.9566,-1.9002],[29.9603,-1.9006],[29.9614,-1.9035],[29.9636,-1.9038],[29.9622,-1.9065],[29.9629,-1.9076],[29.9659,-1.9073],[29.9688,-1.9089],[29.9718,-1.9074],[29.9757,-1.9095],[29.9757,-1.9062],[29.9772,-1.9058],[29.9803,-1.9117],[29.9828,-1.9134],[29.9925,-1.9074],[29.9862,-1.8963],[29.9843,-1.8958],[29.9808,-1.8914],[29.978,-1.8907],[29.9804,-1.8868],[29.9775,-1.881],[29.98,-1.8714],[29.9894,-1.8668]]]]}},{"type":"Feature","properties":{"name":"Gakenke"},"geometry":{"type":"MultiPolygon","coordinates":[[[[29.8175,-1.8529],[29.8234,-1.8566],[29.8278,-1.8549],[29.8354,-1.8552],[29.841,-1.8572],[29.8444,-1.8592],[29.8482,-1.8653],[29.8489,-1.8715],[29.8526,-1.8733],[29.8626,-1.8685],[29.8649,-1.8635],[29.872,-1.8616],[29.8744,-1.8573],[29.8799,-1.854],[29.8844,-1.8574],[29.8898,-1.859],[29.8929,-1.8625],[29.9015,-1.8627],[29.9048,-1.8599],[29.9029,-1.8537],[29.9034,-1.849],[29.9087,-1.8453],[29.9109,-1.8401],[29.9077,-1.8316],[29.9088,-1.8226],[29.9117,-1.8154],[29.9122,-1.807],[29.9145,-1.8048],[29.9187,-1.8054],[29.9327,-1.7999],[29.9284,-1.7961],[29.9231,-1.788],[29.9228,-1.7832],[29.9202,-1.7776],[29.9212,-1.7729],[29.919,-1.7717],[29.9151,-1.7629],[29.9118,-1.7596],[29.9124,-1.756],[29.9077,-1.7522],[29.9061,-1.7489],[29.9064,-1.7444],[29.9039,-1.742],[29.9032,-1.7377],[29.9032,-1.7298],[29.9012,-1.7269],[29.9031,-1.7236],[29.9,-1.7194],[29.9003,-1.7169],[29.8969,-1.7072],[29.8918,-1.6982],[29.8881,-1.6957],[29.8879,-1.6922],[29.8852,-1.6893],[29.8835,-1.6843],[29.8751,-1.6752],[29.8725,-1.6642],[29.8744,-1.6606],[29.8796,-1.6569],[29.8809,-1.6497],[29.8746,-1.6446],[29.8712,-1.6351],[29.8715,-1.6327],[29.8691,-1.6315],[29.8643,-1.6127],[29.8605,-1.6102],[29.8585,-1.6069],[29.8571,-1.5951],[29.8546,-1.5897],[29.8556,-1.585],[29.8536,-1.5798],[29.8423,-1.5798],[29.8371,-1.5693],[29.8387,-1.567],[29.8378,-1.5657],[29.8404,-1.564],[29.8375,-1.5596],[29.8268,-1.5626],[29.8227,-1.5614],[29.8133,-1.565],[29.8129,-1.5665],[29.8047,-1.5638],[29.8043,-1.5657],[29.7972,-1.568],[29.7947,-1.5666],[29.7866,-1.5691],[29.7818,-1.5659],[29.7818,-1.5615],[29.7795,-1.5591],[29.7743,-1.56],[29.7706,-1.5543],[29.7618,-1.5497],[29.7567,-1.5572],[29.7566,-1.5619],[29.7534,-1.5633],[29.7519,-1.5659],[29.7536,-1.5822],[29.75,-1.5854],[29.748,-1.5835],[29.7357,-1.5841],[29.7281,-1.5766],[29.7243,-1.577],[29.7196,-1.5745],[29.7148,-1.5703],[29.713,-1.5664],[29.7062,-1.5633],[29.704,-1.5602],[29.6902,-1.561],[29.6842,-1.558],[29.6795,-1.5626],[29.6786,-1.5725],[29.6735,-1.5746],[29.6766,-1.5804],[29.6687,-1.5793],[29.6712,-1.5889],[29.6736,-1.59],[29.6743,-1.5929],[29.6671,-1.5925],[29.6688,-1.5947],[29.6672,-1.5988],[29.665,-1.5964],[29.6565,-1.5965],[29.6533,-1.5983],[29.6492,-1.5961],[29.6477,-1.5966],[29.6464,-1.5929],[29.6428,-1.5894],[29.6385,-1.5923],[29.6355,-1.5974],[29.6365,-1.6033],[29.6331,-1.6089],[29.6349,-1.6115],[29.6334,-1.6192],[29.634,-1.629],[29.636,-1.6321],[29.6334,-1.6385],[29.6343,-1.643],[29.6332,-1.6491],[29.6343,-1.6496],[29.6339,-1.6535],[29.6361,-1.6533],[29.6384,-1.6583],[29.6396,-1.6676],[29.6386,-1.6716],[29.64,-1.6766],[29.637,-1.6947],[29.634,-1.6949],[29.6325,-1.6986],[29.6346,-1.7002],[29.6342,-1.7146],[29.6354,-1.7155],[29.6356,-1.7194],[29.6387,-1.7221],[29.6401,-1.7246],[29.6492,-1.7269],[29.6521,-1.73],[29.6538,-1.7349],[29.6589,-1.735],[29.6604,-1.7332],[29.6681,-1.7312],[29.6729,-1.7326],[29.6882,-1.7316],[29.6947,-1.7336],[29.6965,-1.7364],[29.7011,-1.7377],[29.7011,-1.7445],[29.7034,-1.7473],[29.7103,-1.7533],[29.7136,-1.7524],[29.7174,-1.7555],[29.7209,-1.755],[29.7285,-1.7482],[29.7336,-1.7483],[29.7383,-1.7514],[29.7416,-1.7498],[29.7445,-1.7515],[29.7463,-1.75],[29.7479,-1.7507],[29.7443,-1.7646],[29.7503,-1.7745],[29.7563,-1.775],[29.7638,-1.7809],[29.7697,-1.7914],[29.7693,-1.8068],[29.7719,-1.8104],[29.7781,-1.8094],[29.7859,-1.8196],[29.7896,-1.8208],[29.7915,-1.8252],[29.7963,-1.8263],[29.799,-1.8297],[29.8008,-1.8387],[29.7994,-1.8428],[29.7966,-1.845],[29.7973,-1.848],[29.805,-1.8522],[29.8165,-1.8514],[29.8175,-1.8529]]]]}},{"type":"Feature","properties":{"name":"Musanze"},"geometry":{"type":"MultiPolygon","coordinates":[[[[29.6385,-1.5923],[29.6428,-1.5894],[29.6464,-1.5929],[29.6477,-1.5966],[29.6492,-1.5961],[29.6533,-1.5983],[29.6565,-1.5965],[29.665,-1.5964],[29.6672,-1.5988],[29.6688,-1.5947],[29.6671,-1.5925],[29.6743,-1.5929],[29.6736,-1.59],[29.6712,-1.5889],[29.6687,-1.5793],[29.6766,-1.5804],[29.6735,-1.5746],[29.6786,-1.5725],[29.6795,-1.5626],[29.6842,-1.558],[29.6902,-1.561],[29.704,-1.5602],[29.7062,-1.5633],[29.713,-1.5664],[29.7148,-1.5703],[29.7196,-1.5745],[29.7243,-1.577],[29.7281,-1.5766],[29.7357,-1.5841],[29.748,-1.5835],[29.75,-1.5854],[29.7536,-1.5822],[29.7519,-1.5659],[29.7534,-1.5633],[29.7566,-1.5619],[29.7567,-1.5572],[29.7618,-1.5497],[29.7652,-1.5368],[29.7634,-1.5174],[29.7591,-1.5032],[29.7471,-1.4818],[29.7362,-1.4895],[29.725,-1.4928],[29.723,-1.4843],[29.7208,-1.4822],[29.7178,-1.4825],[29.7165,-1.4785],[29.7112,-1.474],[29.7111,-1.4718],[29.7031,-1.4678],[29.7021,-1.4628],[29.6961,-1.4577],[29.6942,-1.4598],[29.692,-1.459],[29.6856,-1.4617],[29.6796,-1.4567],[29.6763,-1.4564],[29.6745,-1.4578],[29.6728,-1.4561],[29.6715,-1.4463],[29.6642,-1.4478],[29.6603,-1.4504],[29.6562,-1.4253],[29.6564,-1.4152],[29.6602,-1.4007],[29.6598,-1.3931],[29.6574,-1.3901],[29.6469,-1.3866],[29.6274,-1.3876],[29.608,-1.3858],[29.5982,-1.3877],[29.5928,-1.3871],[29.5893,-1.3915],[29.587,-1.3925],[29.5807,-1.3881],[29.574,-1.3868],[29.5665,-1.3868],[29.562,-1.3901],[29.5572,-1.3898],[29.5489,-1.397],[29.5471,-1.4003],[29.539,-1.4057],[29.534,-1.4083],[29.5301,-1.4085],[29.5292,-1.4108],[29.526,-1.4094],[29.525,-1.4141],[29.5184,-1.4249],[29.5216,-1.4266],[29.5203,-1.4288],[29.5061,-1.434],[29.5045,-1.4404],[29.4962,-1.4427],[29.4955,-1.4458],[29.4935,-1.4467],[29.45,-1.506],[29.4839,-1.5492],[29.4992,-1.5637],[29.507,-1.564],[29.508,-1.5622],[29.5281,-1.572],[29.5349,-1.5712],[29.5383,-1.5746],[29.5402,-1.5712],[29.5455,-1.5714],[29.5485,-1.5679],[29.5502,-1.569],[29.5509,-1.5732],[29.5532,-1.5764],[29.5565,-1.5758],[29.5558,-1.5728],[29.5592,-1.5699],[29.5679,-1.5779],[29.5701,-1.5835],[29.5733,-1.5843],[29.5744,-1.5861],[29.5847,-1.589],[29.5856,-1.592],[29.5904,-1.5912],[29.596,-1.5934],[29.6078,-1.5877],[29.6124,-1.5892],[29.6137,-1.588],[29.6182,-1.5884],[29.6245,-1.585],[29.6292,-1.5912],[29.6324,-1.5904],[29.6385,-1.5923]]]]}},{"type":"Feature","properties":{"name":"Burera"},"geometry":{"type":"MultiPolygon","coordinates":[[[[29.944,-1.5957],[29.949,-1.5975],[29.9477,-1.5936],[29.9518,-1.5954],[29.9545,-1.5931],[29.9513,-1.5827],[29.9511,-1.5765],[29.9559,-1.5654],[29.9643,-1.5743],[29.9715,-1.5697],[29.9727,-1.5868],[29.9911,-1.569],[29.9964,-1.568],[29.9976,-1.5689],[29.9946,-1.5624],[29.9898,-1.5565],[29.9821,-1.5507],[29.9794,-1.5455],[29.9741,-1.5437],[29.9726,-1.5378],[29.9707,-1.5362],[29.9698,-1.5408],[29.9664,-1.5398],[29.9665,-1.5372],[29.9615,-1.5277],[29.9616,-1.5263],[29.9639,-1.5272],[29.9668,-1.5257],[29.9694,-1.5182],[29.9751,-1.5179],[29.9793,-1.5212],[29.9828,-1.5213],[29.9896,-1.5148],[29.9936,-1.5131],[29.9955,-1.5096],[29.9934,-1.5008],[29.9884,-1.5023],[29.9852,-1.5009],[29.9807,-1.5015],[29.9759,-1.493],[29.9765,-1.4899],[29.9834,-1.4861],[29.9799,-1.4763],[29.9804,-1.4698],[29.9847,-1.468],[29.9839,-1.4654],[29.9882,-1.4621],[29.9859,-1.461],[29.9827,-1.4542],[29.9786,-1.4566],[29.9776,-1.4588],[29.9612,-1.4619],[29.9414,-1.4692],[29.9339,-1.4722],[29.9251,-1.4798],[29.9143,-1.482],[29.9027,-1.4608],[29.8968,-1.4569],[29.8937,-1.4516],[29.8934,-1.4422],[29.8901,-1.4331],[29.891,-1.4299],[29.8856,-1.4231],[29.886,-1.4153],[29.8879,-1.4133],[29.8837,-1.4055],[29.8834,-1.3877],[29.8809,-1.3717],[29.8809,-1.3616],[29.8831,-1.3565],[29.871,-1.3556],[29.8615,-1.3604],[29.8582,-1.3555],[29.8589,-1.3521],[29.8556,-1.3476],[29.8517,-1.3459],[29.8494,-1.3382],[29.8412,-1.3333],[29.842,-1.3306],[29.8402,-1.3259],[29.8432,-1.3228],[29.8423,-1.3203],[29.8373,-1.319],[29.8336,-1.315],[29.8295,-1.315],[29.8244,-1.3089],[29.8209,-1.3109],[29.8189,-1.3147],[29.8209,-1.3162],[29.8212,-1.3186],[29.8192,-1.3274],[29.8094,-1.3297],[29.8057,-1.3351],[29.8048,-1.3391],[29.7965,-1.3503],[29.7958,-1.3575],[29.7967,-1.359],[29.7951,-1.3648],[29.7971,-1.3701],[29.7964,-1.3728],[29.7839,-1.3673],[29.7767,-1.3657],[29.7677,-1.354],[29.7591,-1.3471],[29.7466,-1.3421],[29.7334,-1.3404],[29.7179,-1.3433],[29.7117,-1.3473],[29.7075,-1.3521],[29.7013,-1.3542],[29.6971,-1.3608],[29.6923,-1.3629],[29.6832,-1.3778],[29.6783,-1.3828],[29.6681,-1.3864],[29.6598,-1.3931],[29.6602,-1.4007],[29.6564,-1.4152],[29.6562,-1.4253],[29.6603,-1.4504],[29.6642,-1.4478],[29.6715,-1.4463],[29.6728,-1.4561],[29.6745,-1.4578],[29.6763,-1.4564],[29.6796,-1.4567],[29.6856,-1.4617],[29.692,-1.459],[29.6942,-1.4598],[29.6961,-1.4577],[29.7021,-1.4628],[29.7031,-1.4678],[29.7111,-1.4718],[29.7112,-1.474],[29.7165,-1.4785],[29.7178,-1.4825],[29.7208,-1.4822],[29.723,-1.4843],[29.725,-1.4928],[29.7362,-1.4895],[29.7471,-1.4818],[29.7591,-1.5032],[29.7634,-1.5174],[29.7652,-1.5368],[29.7618,-1.5497],[29.7706,-1.5543],[29.7743,-1.56],[29.7795,-1.5591],[29.7818,-1.5615],[29.7818,-1.5659],[29.7866,-1.5691],[29.7947,-1.5666],[29.7972,-1.568],[29.8043,-1.5657],[29.8047,-1.5638],[29.8129,-1.5665],[29.8133,-1.565],[29.8227,-1.5614],[29.8268,-1.5626],[29.8375,-1.5596],[29.8404,-1.564],[29.8378,-1.5657],[29.8387,-1.567],[29.8371,-1.5693],[29.8423,-1.5798],[29.8536,-1.5798],[29.8556,-1.585],[29.8546,-1.5897],[29.8571,-1.5951],[29.8585,-1.6069],[29.8605,-1.6102],[29.8643,-1.6127],[29.8708,-1.6116],[29.8732,-1.6129],[29.8746,-1.6101],[29.8821,-1.6091],[29.886,-1.6091],[29.8873,-1.6121],[29.893,-1.6082],[29.9053,-1.611],[29.9038,-1.6036],[29.9052,-1.595],[29.9009,-1.5896],[29.9095,-1.5898],[29.9146,-1.5923],[29.9171,-1.5958],[29.9178,-1.5938],[29.9209,-1.5934],[29.9222,-1.5917],[29.9285,-1.5932],[29.9361,-1.5976],[29.9416,-1.5951],[29.9431,-1.5965],[29.944,-1.5957]]]]}},{"type":"Feature","properties":{"name":"Gicumbi"},"geometry":{"type":"MultiPolygon","coordinates":[[[[30.2478,-1.8457],[30.2561,-1.8416],[30.2603,-1.8287],[30.2641,-1.828],[30.2711,-1.8316],[30.2756,-1.8305],[30.2713,-1.8173],[30.2751,-1.807],[30.2742,-1.7953],[30.2634,-1.7812],[30.2559,-1.763],[30.2533,-1.7452],[30.2548,-1.7379],[30.2522,-1.7277],[30.2471,-1.722],[30.2478,-1.7185],[30.263,-1.7085],[30.2567,-1.6966],[30.2524,-1.6921],[30.2524,-1.6869],[30.2461,-1.6804],[30.2424,-1.674],[30.2305,-1.6699],[30.2274,-1.6674],[30.227,-1.6618],[30.2236,-1.6541],[30.224,-1.6508],[30.22,-1.6522],[30.2166,-1.6502],[30.2161,-1.6444],[30.2106,-1.6384],[30.2111,-1.6332],[30.2082,-1.6276],[30.206,-1.6269],[30.2014,-1.6286],[30.1972,-1.6242],[30.1941,-1.6256],[30.1895,-1.6131],[30.1828,-1.6058],[30.1765,-1.5946],[30.1762,-1.5915],[30.1707,-1.5839],[30.1698,-1.5693],[30.1676,-1.5628],[30.1632,-1.556],[30.1625,-1.5429],[30.1642,-1.5373],[30.167,-1.5343],[30.1736,-1.5333],[30.1781,-1.531],[30.1813,-1.5188],[30.1793,-1.5173],[30.1764,-1.5186],[30.1714,-1.5177],[30.1593,-1.52],[30.1565,-1.5194],[30.1507,-1.5222],[30.1483,-1.5271],[30.1445,-1.5293],[30.1399,-1.5269],[30.1384,-1.5166],[30.143,-1.5149],[30.1453,-1.5157],[30.1455,-1.5141],[30.1422,-1.5027],[30.1338,-1.4947],[30.1366,-1.491],[30.1338,-1.4819],[30.1292,-1.4784],[30.126,-1.4794],[30.1247,-1.4727],[30.1258,-1.4718],[30.1224,-1.4691],[30.1236,-1.4657],[30.1202,-1.4617],[30.1171,-1.4524],[30.1148,-1.4505],[30.1152,-1.4482],[30.1112,-1.4463],[30.1103,-1.444],[30.1081,-1.4438],[30.1064,-1.4405],[30.1067,-1.4369],[30.0993,-1.4349],[30.1008,-1.4332],[30.0984,-1.4256],[30.0954,-1.4262],[30.0926,-1.4204],[30.0936,-1.4129],[30.0915,-1.4118],[30.0827,-1.4135],[30.0837,-1.4076],[30.0828,-1.4031],[30.0756,-1.3924],[30.0707,-1.3919],[30.0514,-1.3981],[30.0541,-1.4124],[30.054,-1.418],[30.0559,-1.4213],[30.0543,-1.4297],[30.0529,-1.4311],[30.0425,-1.4272],[30.037,-1.4209],[30.0258,-1.4175],[30.0242,-1.4151],[30.0133,-1.4201],[30.0087,-1.4285],[30.0032,-1.4311],[29.9967,-1.4464],[29.9906,-1.4503],[29.987,-1.4507],[29.9827,-1.4542],[29.9859,-1.461],[29.9882,-1.4621],[29.9839,-1.4654],[29.9847,-1.468],[29.9804,-1.4698],[29.9799,-1.4763],[29.9834,-1.4861],[29.9765,-1.4899],[29.9759,-1.493],[29.9807,-1.5015],[29.9852,-1.5009],[29.9884,-1.5023],[29.9934,-1.5008],[29.9955,-1.5096],[29.9936,-1.5131],[29.9896,-1.5148],[29.9828,-1.5213],[29.9793,-1.5212],[29.9751,-1.5179],[29.9694,-1.5182],[29.9668,-1.5257],[29.9639,-1.5272],[29.9616,-1.5263],[29.9615,-1.5277],[29.9665,-1.5372],[29.9664,-1.5398],[29.9698,-1.5408],[29.9707,-1.5362],[29.9726,-1.5378],[29.9741,-1.5437],[29.9794,-1.5455],[29.9821,-1.5507],[29.9898,-1.5565],[29.9946,-1.5624],[29.9976,-1.5689],[29.9964,-1.568],[29.9911,-1.569],[29.9727,-1.5868],[29.9715,-1.5697],[29.9643,-1.5743],[29.9559,-1.5654],[29.9511,-1.5765],[29.9513,-1.5827],[29.9545,-1.5931],[29.9518,-1.5954],[29.9477,-1.5936],[29.949,-1.5975],[29.944,-1.5957],[29.9505,-1.6042],[29.9578,-1.6073],[29.9596,-1.6114],[29.9583,-1.6147],[29.9631,-1.6169],[29.9666,-1.6205],[29.9673,-1.6288],[29.9746,-1.6392],[29.9786,-1.6391],[29.9789,-1.6363],[29.9826,-1.6323],[29.9868,-1.6335],[29.9939,-1.6413],[29.9999,-1.6615],[30.0073,-1.6518],[30.0141,-1.6543],[30.0181,-1.6541],[30.0162,-1.6471],[30.0131,-1.643],[30.014,-1.6312],[30.0105,-1.6226],[30.0125,-1.6194],[30.0194,-1.6163],[30.0224,-1.6105],[30.0322,-1.6053],[30.0349,-1.6019],[30.0412,-1.611],[30.049,-1.6165],[30.0532,-1.6178],[30.0622,-1.6338],[30.0665,-1.6372],[30.0713,-1.6457],[30.0764,-1.651],[30.0717,-1.6522],[30.0633,-1.6595],[30.0605,-1.6589],[30.0619,-1.6611],[30.0555,-1.6659],[30.055,-1.668],[30.0578,-1.6723],[30.0564,-1.6738],[30.0583,-1.6745],[30.0634,-1.6872],[30.0665,-1.6881],[30.0721,-1.6968],[30.0732,-1.7015],[30.0785,-1.7051],[30.0817,-1.7143],[30.0834,-1.7149],[30.0839,-1.717],[30.0815,-1.7221],[30.0769,-1.7259],[30.0759,-1.7329],[30.0818,-1.74],[30.0821,-1.7436],[30.0862,-1.7514],[30.0844,-1.7565],[30.0909,-1.7618],[30.0938,-1.7678],[30.0978,-1.7697],[30.0992,-1.7727],[30.1133,-1.7753],[30.1189,-1.7712],[30.1265,-1.7721],[30.13,-1.7776],[30.133,-1.7796],[30.1329,-1.7839],[30.1393,-1.7797],[30.1426,-1.7807],[30.1462,-1.7913],[30.1479,-1.7927],[30.1568,-1.7921],[30.1605,-1.7899],[30.1657,-1.7919],[30.1726,-1.7972],[30.1758,-1.8023],[30.182,-1.8054],[30.1899,-1.8133],[30.1919,-1.8174],[30.1968,-1.8212],[30.2035,-1.8307],[30.2133,-1.8354],[30.2184,-1.8415],[30.2355,-1.8458],[30.2478,-1.8457]]]]}},{"type":"Feature","properties":{"name":"Rwamagana"},"geometry":{"type":"MultiPolygon","coordinates":[[[[30.2359,-1.9812],[30.2368,-1.9831],[30.234,-2.0005],[30.23,-2.0121],[30.2287,-2.0433],[30.2263,-2.0516],[30.2232,-2.0542],[30.2239,-2.0557],[30.2206,-2.0607],[30.222,-2.0662],[30.2289,-2.068],[30.2317,-2.0707],[30.2332,-2.0688],[30.237,-2.0713],[30.2383,-2.0687],[30.2416,-2.0751],[30.2449,-2.0737],[30.242,-2.0774],[30.2453,-2.0828],[30.2444,-2.0852],[30.2462,-2.087],[30.2446,-2.0904],[30.2497,-2.0909],[30.2462,-2.0949],[30.2482,-2.0965],[30.2479,-2.0982],[30.253,-2.1002],[30.2523,-2.1024],[30.2498,-2.102],[30.2533,-2.1068],[30.2528,-2.1079],[30.2607,-2.1063],[30.2633,-2.1097],[30.269,-2.1126],[30.2707,-2.1229],[30.2675,-2.1226],[30.2701,-2.1249],[30.2658,-2.1253],[30.2652,-2.1269],[30.2679,-2.1278],[30.2679,-2.1319],[30.2663,-2.1333],[30.2703,-2.1326],[30.2808,-2.131],[30.2835,-2.1233],[30.2973,-2.1188],[30.3683,-2.0784],[30.395,-2.0795],[30.4091,-2.0857],[30.4354,-2.0827],[30.4469,-2.0785],[30.4466,-2.0755],[30.4493,-2.0668],[30.4541,-2.06],[30.4618,-2.0558],[30.4662,-2.0555],[30.4778,-2.0587],[30.483,-2.0536],[30.4841,-2.0489],[30.4831,-2.0398],[30.4854,-2.0313],[30.4859,-2.0218],[30.4837,-2.01],[30.4778,-2.0039],[30.4751,-1.9986],[30.4715,-1.9847],[30.4688,-1.9644],[30.471,-1.9569],[30.4693,-1.9447],[30.4704,-1.9345],[30.4667,-1.9222],[30.4592,-1.9116],[30.4588,-1.9068],[30.4615,-1.9029],[30.459,-1.8934],[30.4614,-1.8858],[30.4636,-1.8865],[30.4657,-1.885],[30.4713,-1.8885],[30.4784,-1.8904],[30.4826,-1.888],[30.4871,-1.8723],[30.4863,-1.8687],[30.4889,-1.8591],[30.4724,-1.8453],[30.4622,-1.841],[30.4504,-1.8405],[30.4306,-1.8432],[30.4198,-1.8464],[30.3995,-1.8563],[30.3845,-1.8668],[30.3759,-1.8694],[30.3667,-1.8694],[30.3591,-1.8743],[30.353,-1.876],[30.3398,-1.8699],[30.3314,-1.8627],[30.3202,-1.8584],[30.2991,-1.8292],[30.2943,-1.8248],[30.2864,-1.8241],[30.2756,-1.8305],[30.2711,-1.8316],[30.2641,-1.828],[30.2603,-1.8287],[30.2561,-1.8416],[30.2478,-1.8457],[30.2492,-1.8524],[30.2476,-1.8574],[30.2506,-1.8572],[30.2632,-1.8624],[30.2652,-1.8649],[30.2608,-1.8687],[30.2603,-1.8736],[30.2582,-1.8757],[30.2581,-1.8944],[30.2665,-1.8965],[30.2729,-1.9001],[30.271,-1.903],[30.2707,-1.9084],[30.2766,-1.9265],[30.2772,-1.9342],[30.2705,-1.9452],[30.2674,-1.9479],[30.2652,-1.9534],[30.2541,-1.9514],[30.2431,-1.9547],[30.234,-1.9615],[30.2318,-1.9685],[30.2328,-1.9763],[30.2359,-1.9812]]]]}},{"type":"Feature","properties":{"name":"Nyagatare"},"geometry":{"type":"MultiPolygon","coordinates":[[[[30.1813,-1.5188],[30.1842,-1.5179],[30.1855,-1.5156],[30.1911,-1.5153],[30.1942,-1.5128],[30.1941,-1.5113],[30.1974,-1.5081],[30.1953,-1.5035],[30.1959,-1.5004],[30.1994,-1.4979],[30.2046,-1.4988],[30.2098,-1.4949],[30.2157,-1.4979],[30.2205,-1.4931],[30.2249,-1.4925],[30.2275,-1.4952],[30.2347,-1.4907],[30.2453,-1.488],[30.2476,-1.4896],[30.2479,-1.4854],[30.2556,-1.4847],[30.2568,-1.4822],[30.2596,-1.4848],[30.2618,-1.4841],[30.267,-1.4857],[30.2746,-1.4962],[30.2745,-1.5044],[30.272,-1.5108],[30.2727,-1.5134],[30.2752,-1.5151],[30.2794,-1.5153],[30.2806,-1.5192],[30.2907,-1.5236],[30.2973,-1.5284],[30.312,-1.5321],[30.316,-1.5319],[30.3183,-1.5244],[30.3269,-1.5084],[30.3343,-1.5026],[30.347,-1.4965],[30.3476,-1.513],[30.3457,-1.5263],[30.3474,-1.5423],[30.3454,-1.5459],[30.3665,-1.5452],[30.3809,-1.5428],[30.3927,-1.5479],[30.3944,-1.5473],[30.3971,-1.5356],[30.4033,-1.5229],[30.4043,-1.5079],[30.4077,-1.5011],[30.405,-1.482],[30.4158,-1.4854],[30.4308,-1.4844],[30.4334,-1.4818],[30.4339,-1.4773],[30.4372,-1.4778],[30.4437,-1.4756],[30.4477,-1.4708],[30.4532,-1.4684],[30.4581,-1.4683],[30.4629,-1.4716],[30.4686,-1.4855],[30.472,-1.489],[30.5059,-1.4813],[30.5107,-1.4789],[30.5243,-1.4784],[30.5529,-1.4693],[30.7391,-1.4582],[30.7389,-1.4549],[30.7411,-1.4528],[30.7379,-1.4454],[30.7359,-1.4497],[30.6856,-1.3993],[30.6795,-1.3959],[30.6786,-1.3936],[30.6292,-1.3844],[30.6133,-1.35],[30.5746,-1.3398],[30.5688,-1.3371],[30.567,-1.326],[30.5637,-1.324],[30.5589,-1.3141],[30.559,-1.3111],[30.5546,-1.3061],[30.5595,-1.2965],[30.5587,-1.2922],[30.562,-1.2915],[30.5623,-1.2892],[30.5598,-1.2878],[30.5569,-1.2747],[30.5524,-1.2721],[30.5521,-1.2529],[30.5455,-1.2454],[30.5406,-1.2341],[30.5333,-1.2259],[30.5301,-1.2186],[30.5241,-1.2128],[30.5212,-1.2049],[30.5221,-1.2004],[30.5146,-1.1927],[30.5121,-1.1816],[30.509,-1.1754],[30.5094,-1.1717],[30.5055,-1.1694],[30.5011,-1.164],[30.4961,-1.163],[30.4914,-1.1601],[30.4849,-1.1595],[30.4776,-1.1613],[30.4707,-1.1575],[30.4696,-1.152],[30.4707,-1.1478],[30.4677,-1.1398],[30.4693,-1.1373],[30.4701,-1.1293],[30.4754,-1.1252],[30.4765,-1.1221],[30.4727,-1.1188],[30.4591,-1.1177],[30.4532,-1.1037],[30.4512,-1.0889],[30.4529,-1.0862],[30.4527,-1.0816],[30.459,-1.0767],[30.4638,-1.0678],[30.4669,-1.0658],[30.4681,-1.0606],[30.4731,-1.0568],[30.4706,-1.0548],[30.4704,-1.0525],[30.4671,-1.0552],[30.4675,-1.0522],[30.4604,-1.0529],[30.4571,-1.05],[30.4508,-1.0485],[30.45,-1.0496],[30.4479,-1.0472],[30.4477,-1.0498],[30.4449,-1.0482],[30.4446,-1.0503],[30.4439,-1.0479],[30.4393,-1.0483],[30.4373,-1.0503],[30.4381,-1.0526],[30.4368,-1.0525],[30.4366,-1.0548],[30.4355,-1.052],[30.4324,-1.0562],[30.4349,-1.0571],[30.4302,-1.0584],[30.4305,-1.0621],[30.4286,-1.0643],[30.4152,-1.0624],[30.4134,-1.0636],[30.4113,-1.0619],[30.4099,-1.0629],[30.4062,-1.0614],[30.405,-1.0632],[30.4029,-1.0609],[30.4016,-1.062],[30.4024,-1.0631],[30.3993,-1.064],[30.3993,-1.0622],[30.398,-1.0619],[30.3916,-1.0684],[30.391,-1.0667],[30.3892,-1.0672],[30.3875,-1.0659],[30.3863,-1.0674],[30.3769,-1.0609],[30.3751,-1.0639],[30.3721,-1.0657],[30.3746,-1.0676],[30.374,-1.0697],[30.3708,-1.068],[30.3695,-1.0645],[30.3661,-1.0648],[30.3658,-1.0668],[30.3618,-1.0648],[30.359,-1.0603],[30.3558,-1.0615],[30.3545,-1.0644],[30.3521,-1.0622],[30.3531,-1.0657],[30.351,-1.0666],[30.3523,-1.0689],[30.3489,-1.0696],[30.3485,-1.0722],[30.3509,-1.0762],[30.3509,-1.0793],[30.3487,-1.0807],[30.3487,-1.0868],[30.3442,-1.0887],[30.3407,-1.0925],[30.3385,-1.1006],[30.3397,-1.1014],[30.3384,-1.1065],[30.3399,-1.1088],[30.3421,-1.1246],[30.3446,-1.1315],[30.3411,-1.1302],[30.3348,-1.1313],[30.3293,-1.1356],[30.3232,-1.1371],[30.3178,-1.141],[30.3137,-1.1418],[30.3131,-1.1433],[30.3072,-1.1448],[30.2976,-1.1585],[30.2974,-1.168],[30.2931,-1.1762],[30.2913,-1.1853],[30.2923,-1.1893],[30.2841,-1.1957],[30.2782,-1.1981],[30.2756,-1.2097],[30.2736,-1.2112],[30.2707,-1.2107],[30.2651,-1.2125],[30.2537,-1.2202],[30.2527,-1.2248],[30.2458,-1.2326],[30.2431,-1.2411],[30.2331,-1.2485],[30.2308,-1.2544],[30.2267,-1.256],[30.2217,-1.2606],[30.2193,-1.2663],[30.2129,-1.2698],[30.2108,-1.2761],[30.2052,-1.2729],[30.1981,-1.274],[30.1981,-1.2808],[30.1914,-1.2819],[30.1886,-1.2763],[30.1877,-1.2711],[30.1713,-1.273],[30.1714,-1.2844],[30.1751,-1.3017],[30.1658,-1.3068],[30.1657,-1.3133],[30.1616,-1.3181],[30.1644,-1.3272],[30.1624,-1.335],[30.1701,-1.3452],[30.1527,-1.3512],[30.1445,-1.351],[30.1389,-1.3559],[30.1376,-1.3616],[30.133,-1.3633],[30.1293,-1.3629],[30.1277,-1.368],[30.1249,-1.3714],[30.1234,-1.3844],[30.1183,-1.3849],[30.1127,-1.3769],[30.1037,-1.372],[30.0981,-1.3762],[30.0954,-1.3751],[30.0892,-1.3756],[30.0861,-1.3731],[30.0823,-1.3729],[30.0704,-1.3812],[30.0707,-1.3919],[30.0756,-1.3924],[30.0828,-1.4031],[30.0837,-1.4076],[30.0827,-1.4135],[30.0915,-1.4118],[30.0936,-1.4129],[30.0926,-1.4204],[30.0954,-1.4262],[30.0984,-1.4256],[30.1008,-1.4332],[30.0993,-1.4349],[30.1067,-1.4369],[30.1064,-1.4405],[30.1081,-1.4438],[30.1103,-1.444],[30.1112,-1.4463],[30.1152,-1.4482],[30.1148,-1.4505],[30.1171,-1.4524],[30.1202,-1.4617],[30.1236,-1.4657],[30.1224,-1.4691],[30.1258,-1.4718],[30.1247,-1.4727],[30.126,-1.4794],[30.1292,-1.4784],[30.1338,-1.4819],[30.1366,-1.491],[30.1338,-1.4947],[30.1422,-1.5027],[30.1455,-1.5141],[30.1453,-1.5157],[30.143,-1.5149],[30.1384,-1.5166],[30.1399,-1.5269],[30.1445,-1.5293],[30.1483,-1.5271],[30.1507,-1.5222],[30.1565,-1.5194],[30.1593,-1.52],[30.1714,-1.5177],[30.1764,-1.5186],[30.1793,-1.5173],[30.1813,-1.5188]]]]}},{"type":"Feature","properties":{"name":"Gatsibo"},"geometry":{"type":"MultiPolygon","coordinates":[[[[30.2756,-1.8305],[30.2864,-1.8241],[30.2943,-1.8248],[30.2991,-1.8292],[30.3202,-1.8584],[30.3314,-1.8627],[30.3398,-1.8699],[30.353,-1.876],[30.3591,-1.8743],[30.3667,-1.8694],[30.3759,-1.8694],[30.3845,-1.8668],[30.3995,-1.8563],[30.4198,-1.8464],[30.4286,-1.8292],[30.446,-1.8097],[30.4492,-1.8002],[30.4481,-1.7885],[30.4492,-1.7755],[30.4591,-1.7665],[30.4599,-1.7451],[30.4541,-1.7401],[30.4526,-1.7348],[30.4434,-1.7273],[30.4448,-1.7097],[30.4521,-1.6989],[30.4594,-1.6826],[30.4646,-1.677],[30.4657,-1.6739],[30.4785,-1.6708],[30.486,-1.6719],[30.4886,-1.6738],[30.4932,-1.6676],[30.4966,-1.6666],[30.508,-1.6666],[30.5148,-1.6637],[30.5261,-1.6643],[30.5299,-1.662],[30.5278,-1.6571],[30.5192,-1.6541],[30.5159,-1.6436],[30.5588,-1.6266],[30.6382,-1.5997],[30.8392,-1.6508],[30.746,-1.5221],[30.7463,-1.5197],[30.7444,-1.5179],[30.7391,-1.4582],[30.5529,-1.4693],[30.5243,-1.4784],[30.5107,-1.4789],[30.5059,-1.4813],[30.472,-1.489],[30.4686,-1.4855],[30.4629,-1.4716],[30.4581,-1.4683],[30.4532,-1.4684],[30.4477,-1.4708],[30.4437,-1.4756],[30.4372,-1.4778],[30.4339,-1.4773],[30.4334,-1.4818],[30.4308,-1.4844],[30.4158,-1.4854],[30.405,-1.482],[30.4077,-1.5011],[30.4043,-1.5079],[30.4033,-1.5229],[30.3971,-1.5356],[30.3944,-1.5473],[30.3927,-1.5479],[30.3809,-1.5428],[30.3665,-1.5452],[30.3454,-1.5459],[30.3474,-1.5423],[30.3457,-1.5263],[30.3476,-1.513],[30.347,-1.4965],[30.3343,-1.5026],[30.3269,-1.5084],[30.3183,-1.5244],[30.316,-1.5319],[30.312,-1.5321],[30.2973,-1.5284],[30.2907,-1.5236],[30.2806,-1.5192],[30.2794,-1.5153],[30.2752,-1.5151],[30.2727,-1.5134],[30.272,-1.5108],[30.2745,-1.5044],[30.2746,-1.4962],[30.267,-1.4857],[30.2618,-1.4841],[30.2596,-1.4848],[30.2568,-1.4822],[30.2556,-1.4847],[30.2479,-1.4854],[30.2476,-1.4896],[30.2453,-1.488],[30.2347,-1.4907],[30.2275,-1.4952],[30.2249,-1.4925],[30.2205,-1.4931],[30.2157,-1.4979],[30.2098,-1.4949],[30.2046,-1.4988],[30.1994,-1.4979],[30.1959,-1.5004],[30.1953,-1.5035],[30.1974,-1.5081],[30.1941,-1.5113],[30.1942,-1.5128],[30.1911,-1.5153],[30.1855,-1.5156],[30.1842,-1.5179],[30.1813,-1.5188],[30.1781,-1.531],[30.1736,-1.5333],[30.167,-1.5343],[30.1642,-1.5373],[30.1625,-1.5429],[30.1632,-1.556],[30.1676,-1.5628],[30.1698,-1.5693],[30.1707,-1.5839],[30.1762,-1.5915],[30.1765,-1.5946],[30.1828,-1.6058],[30.1895,-1.6131],[30.1941,-1.6256],[30.1972,-1.6242],[30.2014,-1.6286],[30.206,-1.6269],[30.2082,-1.6276],[30.2111,-1.6332],[30.2106,-1.6384],[30.2161,-1.6444],[30.2166,-1.6502],[30.22,-1.6522],[30.224,-1.6508],[30.2236,-1.6541],[30.227,-1.6618],[30.2274,-1.6674],[30.2305,-1.6699],[30.2424,-1.674],[30.2461,-1.6804],[30.2524,-1.6869],[30.2524,-1.6921],[30.2567,-1.6966],[30.263,-1.7085],[30.2478,-1.7185],[30.2471,-1.722],[30.2522,-1.7277],[30.2548,-1.7379],[30.2533,-1.7452],[30.2559,-1.763],[30.2634,-1.7812],[30.2742,-1.7953],[30.2751,-1.807],[30.2713,-1.8173],[30.2756,-1.8305]]]]}},{"type":"Feature","properties":{"name":"Kayonza"},"geometry":{"type":"MultiPolygon","coordinates":[[[[30.483,-2.0536],[30.4874,-2.0529],[30.5025,-2.0455],[30.507,-2.0469],[30.5162,-2.0587],[30.524,-2.0629],[30.529,-2.0637],[30.5349,-2.0605],[30.5407,-2.0545],[30.545,-2.055],[30.55,-2.0534],[30.5546,-2.0536],[30.5585,-2.0555],[30.561,-2.0601],[30.5601,-2.0626],[30.5618,-2.0641],[30.5672,-2.0641],[30.5689,-2.0624],[30.5757,-2.0607],[30.5791,-2.0612],[30.5811,-2.0662],[30.575,-2.0819],[30.5744,-2.0878],[30.5761,-2.0922],[30.587,-2.0918],[30.5892,-2.0944],[30.5972,-2.0968],[30.6008,-2.0963],[30.6027,-2.1002],[30.6066,-2.1015],[30.6077,-2.098],[30.6092,-2.0984],[30.6117,-2.1005],[30.6089,-2.1089],[30.6092,-2.1142],[30.6198,-2.1139],[30.6284,-2.125],[30.6333,-2.1231],[30.6396,-2.1234],[30.6464,-2.1194],[30.6557,-2.119],[30.6561,-2.1159],[30.6607,-2.1175],[30.6638,-2.1138],[30.6682,-2.1148],[30.6703,-2.1132],[30.6748,-2.1128],[30.6773,-2.1028],[30.6791,-2.1022],[30.6806,-2.0986],[30.6801,-2.0932],[30.6839,-2.0883],[30.6884,-2.0852],[30.6937,-2.0824],[30.6915,-2.0908],[30.6962,-2.0919],[30.7073,-2.0862],[30.7088,-2.0755],[30.7082,-2.0678],[30.7109,-2.0593],[30.7091,-2.0577],[30.7182,-2.0506],[30.724,-2.0474],[30.7253,-2.0509],[30.7331,-2.051],[30.7443,-2.0574],[30.7628,-2.0528],[30.7642,-2.0462],[30.7684,-2.0377],[30.776,-2.0306],[30.7871,-2.023],[30.8043,-2.0019],[30.8064,-1.9969],[30.8066,-1.9948],[30.8034,-1.9926],[30.8053,-1.9894],[30.8096,-1.9847],[30.8145,-1.9856],[30.8178,-1.9811],[30.8229,-1.9792],[30.8278,-1.9715],[30.8121,-1.9456],[30.8107,-1.9402],[30.8079,-1.9377],[30.8143,-1.8944],[30.831,-1.8114],[30.8222,-1.7213],[30.8215,-1.6932],[30.8392,-1.6508],[30.6382,-1.5997],[30.5588,-1.6266],[30.5159,-1.6436],[30.5192,-1.6541],[30.5278,-1.6571],[30.5299,-1.662],[30.5261,-1.6643],[30.5148,-1.6637],[30.508,-1.6666],[30.4966,-1.6666],[30.4932,-1.6676],[30.4886,-1.6738],[30.486,-1.6719],[30.4785,-1.6708],[30.4657,-1.6739],[30.4646,-1.677],[30.4594,-1.6826],[30.4521,-1.6989],[30.4448,-1.7097],[30.4434,-1.7273],[30.4526,-1.7348],[30.4541,-1.7401],[30.4599,-1.7451],[30.4591,-1.7665],[30.4492,-1.7755],[30.4481,-1.7885],[30.4492,-1.8002],[30.446,-1.8097],[30.4286,-1.8292],[30.4198,-1.8464],[30.4306,-1.8432],[30.4504,-1.8405],[30.4622,-1.841],[30.4724,-1.8453],[30.4889,-1.8591],[30.4863,-1.8687],[30.4871,-1.8723],[30.4826,-1.888],[30.4784,-1.8904],[30.4713,-1.8885],[30.4657,-1.885],[30.4636,-1.8865],[30.4614,-1.8858],[30.459,-1.8934],[30.4615,-1.9029],[30.4588,-1.9068],[30.4592,-1.9116],[30.4667,-1.9222],[30.4704,-1.9345],[30.4693,-1.9447],[30.471,-1.9569],[30.4688,-1.9644],[30.4715,-1.9847],[30.4751,-1.9986],[30.4778,-2.0039],[30.4837,-2.01],[30.4859,-2.0218],[30.4854,-2.0313],[30.4831,-2.0398],[30.4841,-2.0489],[30.483,-2.0536]]]]}},{"type":"Feature","properties":{"name":"Kirehe"},"geometry":{"type":"MultiPolygon","coordinates":[[[[30.6557,-2.119],[30.6582,-2.1314],[30.6567,-2.1409],[30.6541,-2.1443],[30.6443,-2.1453],[30.64,-2.1483],[30.6419,-2.1507],[30.6528,-2.1553],[30.657,-2.1595],[30.6575,-2.1621],[30.661,-2.1657],[30.6603,-2.167],[30.6447,-2.1867],[30.6401,-2.1882],[30.6369,-2.1917],[30.628,-2.1823],[30.6235,-2.1851],[30.6228,-2.1873],[30.6189,-2.1869],[30.616,-2.1992],[30.6081,-2.2],[30.6035,-2.2021],[30.6015,-2.204],[30.6013,-2.2075],[30.5912,-2.2075],[30.5878,-2.2098],[30.5835,-2.2095],[30.5815,-2.2198],[30.5745,-2.2273],[30.571,-2.2345],[30.5817,-2.2325],[30.5853,-2.2368],[30.586,-2.2459],[30.5879,-2.2507],[30.5815,-2.2546],[30.577,-2.2624],[30.5744,-2.2641],[30.5608,-2.2665],[30.557,-2.2712],[30.5546,-2.278],[30.5465,-2.286],[30.5326,-2.2924],[30.5195,-2.2955],[30.5125,-2.2998],[30.5076,-2.2993],[30.5075,-2.2982],[30.5004,-2.2949],[30.4966,-2.2885],[30.491,-2.2872],[30.4851,-2.2949],[30.486,-2.3034],[30.4848,-2.3086],[30.4664,-2.3128],[30.4596,-2.3204],[30.4626,-2.325],[30.4583,-2.3334],[30.46,-2.3386],[30.4578,-2.3441],[30.4599,-2.3478],[30.4695,-2.3519],[30.4686,-2.3626],[30.4707,-2.3669],[30.4777,-2.3691],[30.4832,-2.3662],[30.4859,-2.3672],[30.4895,-2.3775],[30.4946,-2.3784],[30.4992,-2.3846],[30.508,-2.3904],[30.5106,-2.4019],[30.5203,-2.4058],[30.5338,-2.4059],[30.5387,-2.4119],[30.5423,-2.414],[30.5448,-2.4145],[30.5501,-2.4122],[30.5651,-2.4166],[30.5689,-2.4203],[30.5784,-2.4182],[30.5849,-2.4147],[30.5918,-2.4062],[30.5962,-2.404],[30.6009,-2.404],[30.6075,-2.4004],[30.6136,-2.4041],[30.6233,-2.4013],[30.6302,-2.4044],[30.6404,-2.4051],[30.6442,-2.4109],[30.6522,-2.4144],[30.6589,-2.4138],[30.6633,-2.4102],[30.6648,-2.4059],[30.6694,-2.4042],[30.6731,-2.3981],[30.6807,-2.3944],[30.6889,-2.3843],[30.6907,-2.3787],[30.6911,-2.3704],[30.6951,-2.365],[30.7031,-2.3637],[30.7088,-2.359],[30.716,-2.3568],[30.7223,-2.3615],[30.7315,-2.3644],[30.7371,-2.3739],[30.742,-2.3777],[30.7503,-2.3819],[30.7623,-2.383],[30.7653,-2.3858],[30.7654,-2.3917],[30.7675,-2.3927],[30.776,-2.3898],[30.7817,-2.3913],[30.7806,-2.3857],[30.7836,-2.3833],[30.7837,-2.3799],[30.7852,-2.3783],[30.7876,-2.3789],[30.7916,-2.3774],[30.7951,-2.3729],[30.7965,-2.3676],[30.8056,-2.3647],[30.8094,-2.367],[30.8189,-2.3645],[30.8267,-2.3568],[30.8359,-2.3444],[30.8356,-2.3386],[30.8387,-2.3293],[30.8435,-2.3251],[30.8492,-2.3245],[30.8531,-2.3212],[30.8571,-2.314],[30.8563,-2.3119],[30.8521,-2.3135],[30.8511,-2.3122],[30.8519,-2.3064],[30.8498,-2.3014],[30.8531,-2.2941],[30.8531,-2.2743],[30.8459,-2.2589],[30.8465,-2.2516],[30.8423,-2.2402],[30.844,-2.2317],[30.8426,-2.2272],[30.8464,-2.2245],[30.8463,-2.2193],[30.8437,-2.2161],[30.8453,-2.2132],[30.8442,-2.2058],[30.8496,-2.2002],[30.8523,-2.1873],[30.8599,-2.18],[30.859,-2.1773],[30.8604,-2.1739],[30.859,-2.169],[30.8624,-2.1632],[30.8615,-2.1556],[30.8659,-2.1482],[30.8661,-2.1441],[30.8682,-2.1403],[30.8765,-2.1352],[30.877,-2.1257],[30.8742,-2.1201],[30.8863,-2.1034],[30.8868,-2.0938],[30.8915,-2.0944],[30.8939,-2.0919],[30.8956,-2.0854],[30.8982,-2.0834],[30.8997,-2.078],[30.8982,-2.0701],[30.8936,-2.0673],[30.8847,-2.0529],[30.8814,-2.0503],[30.8774,-2.0497],[30.8782,-2.0433],[30.8765,-2.0374],[30.8639,-2.032],[30.8278,-1.9715],[30.8229,-1.9792],[30.8178,-1.9811],[30.8145,-1.9856],[30.8096,-1.9847],[30.8053,-1.9894],[30.8034,-1.9926],[30.8066,-1.9948],[30.8064,-1.9969],[30.8043,-2.0019],[30.7871,-2.023],[30.776,-2.0306],[30.7684,-2.0377],[30.7642,-2.0462],[30.7628,-2.0528],[30.7443,-2.0574],[30.7331,-2.051],[30.7253,-2.0509],[30.724,-2.0474],[30.7182,-2.0506],[30.7091,-2.0577],[30.7109,-2.0593],[30.7082,-2.0678],[30.7088,-2.0755],[30.7073,-2.0862],[30.6962,-2.0919],[30.6915,-2.0908],[30.6937,-2.0824],[30.6884,-2.0852],[30.6839,-2.0883],[30.6801,-2.0932],[30.6806,-2.0986],[30.6791,-2.1022],[30.6773,-2.1028],[30.6748,-2.1128],[30.6703,-2.1132],[30.6682,-2.1148],[30.6638,-2.1138],[30.6607,-2.1175],[30.6561,-2.1159],[30.6557,-2.119]]]]}},{"type":"Feature","properties":{"name":"Ngoma"},"geometry":{"type":"MultiPolygon","coordinates":[[[[30.2703,-2.1326],[30.2664,-2.138],[30.2696,-2.1378],[30.2663,-2.1454],[30.2706,-2.1453],[30.274,-2.1496],[30.2729,-2.1527],[30.2692,-2.155],[30.2673,-2.1646],[30.2631,-2.1661],[30.2596,-2.1736],[30.261,-2.1732],[30.2698,-2.179],[30.2682,-2.1821],[30.2684,-2.1868],[30.2663,-2.189],[30.2698,-2.1925],[30.2743,-2.1936],[30.2718,-2.1953],[30.2739,-2.1965],[30.276,-2.1955],[30.2749,-2.1986],[30.2778,-2.2],[30.2793,-2.2094],[30.2839,-2.2092],[30.2844,-2.207],[30.2869,-2.2078],[30.2876,-2.2056],[30.2935,-2.203],[30.2941,-2.2039],[30.2924,-2.2049],[30.2942,-2.2067],[30.2964,-2.2035],[30.297,-2.207],[30.2987,-2.2041],[30.3047,-2.2074],[30.3076,-2.2036],[30.3092,-2.2044],[30.3082,-2.2061],[30.31,-2.2067],[30.3106,-2.204],[30.3125,-2.2027],[30.3142,-2.2055],[30.3178,-2.2045],[30.3221,-2.1981],[30.324,-2.2003],[30.3259,-2.1995],[30.3273,-2.2027],[30.3221,-2.2064],[30.3219,-2.2086],[30.3339,-2.2173],[30.3356,-2.2264],[30.3337,-2.2289],[30.3336,-2.232],[30.3362,-2.2371],[30.3358,-2.2387],[30.3384,-2.2379],[30.3401,-2.2468],[30.3379,-2.2463],[30.3345,-2.2491],[30.3359,-2.2525],[30.3346,-2.2527],[30.3349,-2.2552],[30.3376,-2.2593],[30.3373,-2.267],[30.3349,-2.27],[30.3331,-2.2685],[30.3346,-2.2719],[30.3325,-2.2716],[30.3306,-2.2746],[30.3291,-2.274],[30.3305,-2.2776],[30.3281,-2.2827],[30.3298,-2.2855],[30.3281,-2.2883],[30.3305,-2.2906],[30.3322,-2.29],[30.3378,-2.2969],[30.3433,-2.3002],[30.3443,-2.3074],[30.3493,-2.3081],[30.3536,-2.3114],[30.3532,-2.3136],[30.3594,-2.325],[30.3574,-2.328],[30.3597,-2.3334],[30.3575,-2.335],[30.3595,-2.3371],[30.3582,-2.3397],[30.359,-2.3417],[30.3628,-2.3426],[30.3629,-2.3464],[30.3644,-2.3459],[30.3644,-2.3483],[30.3665,-2.3499],[30.368,-2.3482],[30.3729,-2.3488],[30.3742,-2.3477],[30.374,-2.3448],[30.377,-2.3411],[30.3809,-2.3265],[30.3848,-2.3237],[30.3887,-2.3174],[30.3932,-2.3135],[30.404,-2.3129],[30.4089,-2.3108],[30.4136,-2.3147],[30.4163,-2.3204],[30.4208,-2.3237],[30.4213,-2.3268],[30.4258,-2.3257],[30.4293,-2.3291],[30.4372,-2.3303],[30.4398,-2.3286],[30.4432,-2.323],[30.4497,-2.3195],[30.4571,-2.3187],[30.4596,-2.3204],[30.4664,-2.3128],[30.4848,-2.3086],[30.486,-2.3034],[30.4851,-2.2949],[30.491,-2.2872],[30.4966,-2.2885],[30.5004,-2.2949],[30.5075,-2.2982],[30.5076,-2.2993],[30.5125,-2.2998],[30.5195,-2.2955],[30.5326,-2.2924],[30.5465,-2.286],[30.5546,-2.278],[30.557,-2.2712],[30.5608,-2.2665],[30.5744,-2.2641],[30.577,-2.2624],[30.5815,-2.2546],[30.5879,-2.2507],[30.586,-2.2459],[30.5853,-2.2368],[30.5817,-2.2325],[30.571,-2.2345],[30.5745,-2.2273],[30.5815,-2.2198],[30.5835,-2.2095],[30.5878,-2.2098],[30.5912,-2.2075],[30.6013,-2.2075],[30.6015,-2.204],[30.6035,-2.2021],[30.6081,-2.2],[30.616,-2.1992],[30.6189,-2.1869],[30.6228,-2.1873],[30.6235,-2.1851],[30.628,-2.1823],[30.6369,-2.1917],[30.6401,-2.1882],[30.6447,-2.1867],[30.6603,-2.167],[30.661,-2.1657],[30.6575,-2.1621],[30.657,-2.1595],[30.6528,-2.1553],[30.6419,-2.1507],[30.64,-2.1483],[30.6443,-2.1453],[30.6541,-2.1443],[30.6567,-2.1409],[30.6582,-2.1314],[30.6557,-2.119],[30.6464,-2.1194],[30.6396,-2.1234],[30.6333,-2.1231],[30.6284,-2.125],[30.6198,-2.1139],[30.6092,-2.1142],[30.6089,-2.1089],[30.6117,-2.1005],[30.6092,-2.0984],[30.6077,-2.098],[30.6066,-2.1015],[30.6027,-2.1002],[30.6008,-2.0963],[30.5972,-2.0968],[30.5892,-2.0944],[30.587,-2.0918],[30.5761,-2.0922],[30.5744,-2.0878],[30.575,-2.0819],[30.5811,-2.0662],[30.5791,-2.0612],[30.5757,-2.0607],[30.5689,-2.0624],[30.5672,-2.0641],[30.5618,-2.0641],[30.5601,-2.0626],[30.561,-2.0601],[30.5585,-2.0555],[30.5546,-2.0536],[30.55,-2.0534],[30.545,-2.055],[30.5407,-2.0545],[30.5349,-2.0605],[30.529,-2.0637],[30.524,-2.0629],[30.5162,-2.0587],[30.507,-2.0469],[30.5025,-2.0455],[30.4874,-2.0529],[30.483,-2.0536],[30.4778,-2.0587],[30.4662,-2.0555],[30.4618,-2.0558],[30.4541,-2.06],[30.4493,-2.0668],[30.4466,-2.0755],[30.4469,-2.0785],[30.4354,-2.0827],[30.4091,-2.0857],[30.395,-2.0795],[30.3683,-2.0784],[30.2973,-2.1188],[30.2835,-2.1233],[30.2808,-2.131],[30.2703,-2.1326]]]]}},{"type":"Feature","properties":{"name":"Bugesera"},"geometry":{"type":"MultiPolygon","coordinates":[[[[30.0193,-2.0742],[30.0172,-2.0835],[30.018,-2.0874],[30.0149,-2.0935],[30.0176,-2.0982],[30.0155,-2.1005],[30.0156,-2.1039],[30.0172,-2.1077],[30.0198,-2.1084],[30.0208,-2.1118],[30.0181,-2.1182],[30.0143,-2.119],[30.0113,-2.1218],[30.0092,-2.1273],[30.0097,-2.1315],[30.0033,-2.1391],[30.0005,-2.1413],[29.9989,-2.1405],[29.9938,-2.1456],[29.9887,-2.1441],[29.9861,-2.1465],[29.9854,-2.1537],[29.9833,-2.1555],[29.9839,-2.1662],[29.9817,-2.1713],[29.9864,-2.19],[29.9851,-2.193],[29.9859,-2.1958],[29.9843,-2.1974],[29.9849,-2.2006],[29.9887,-2.202],[29.9883,-2.2084],[29.9901,-2.2105],[29.9907,-2.2156],[29.9898,-2.2209],[29.9879,-2.2225],[29.9864,-2.2279],[29.9838,-2.2301],[29.9835,-2.2327],[29.9847,-2.2352],[29.9845,-2.2433],[29.9793,-2.2483],[29.978,-2.2521],[29.9792,-2.2559],[29.9762,-2.2582],[29.9733,-2.264],[29.9745,-2.2698],[29.9735,-2.2744],[29.9711,-2.2769],[29.9669,-2.2872],[29.9629,-2.2883],[29.9615,-2.2902],[29.9612,-2.304],[29.9642,-2.3081],[29.9662,-2.3176],[29.9659,-2.3198],[29.9638,-2.3204],[29.9596,-2.3272],[29.9833,-2.3366],[29.9976,-2.344],[30.0033,-2.3455],[30.0186,-2.3442],[30.0324,-2.3503],[30.0419,-2.3574],[30.0472,-2.3633],[30.0574,-2.3793],[30.063,-2.394],[30.075,-2.4024],[30.0891,-2.4168],[30.0977,-2.4237],[30.1042,-2.4246],[30.1234,-2.4363],[30.1315,-2.4381],[30.1387,-2.4377],[30.1478,-2.4328],[30.1583,-2.4309],[30.1644,-2.427],[30.1711,-2.4271],[30.1798,-2.4305],[30.1842,-2.4291],[30.1969,-2.4097],[30.1994,-2.398],[30.1982,-2.3932],[30.199,-2.3885],[30.2055,-2.3871],[30.2142,-2.3825],[30.2155,-2.3712],[30.2257,-2.3697],[30.2358,-2.3626],[30.2424,-2.36],[30.2483,-2.365],[30.2501,-2.371],[30.2548,-2.3739],[30.2776,-2.376],[30.2856,-2.3755],[30.3744,-2.356],[30.3742,-2.3477],[30.3729,-2.3488],[30.368,-2.3482],[30.3665,-2.3499],[30.3644,-2.3483],[30.3644,-2.3459],[30.3629,-2.3464],[30.3628,-2.3426],[30.359,-2.3417],[30.3582,-2.3397],[30.3595,-2.3371],[30.3575,-2.335],[30.3597,-2.3334],[30.3574,-2.328],[30.3594,-2.325],[30.3532,-2.3136],[30.3536,-2.3114],[30.3493,-2.3081],[30.3443,-2.3074],[30.3433,-2.3002],[30.3378,-2.2969],[30.3322,-2.29],[30.3305,-2.2906],[30.3281,-2.2883],[30.3298,-2.2855],[30.3281,-2.2827],[30.3305,-2.2776],[30.3291,-2.274],[30.3306,-2.2746],[30.3325,-2.2716],[30.3346,-2.2719],[30.3331,-2.2685],[30.3349,-2.27],[30.3373,-2.267],[30.3376,-2.2593],[30.3349,-2.2552],[30.3346,-2.2527],[30.3359,-2.2525],[30.3345,-2.2491],[30.3379,-2.2463],[30.3401,-2.2468],[30.3384,-2.2379],[30.3358,-2.2387],[30.3362,-2.2371],[30.3336,-2.232],[30.3337,-2.2289],[30.3356,-2.2264],[30.3339,-2.2173],[30.3219,-2.2086],[30.3221,-2.2064],[30.3273,-2.2027],[30.3259,-2.1995],[30.324,-2.2003],[30.3221,-2.1981],[30.3178,-2.2045],[30.3142,-2.2055],[30.3125,-2.2027],[30.3106,-2.204],[30.31,-2.2067],[30.3082,-2.2061],[30.3092,-2.2044],[30.3076,-2.2036],[30.3047,-2.2074],[30.2987,-2.2041],[30.297,-2.207],[30.2964,-2.2035],[30.2942,-2.2067],[30.2924,-2.2049],[30.2941,-2.2039],[30.2935,-2.203],[30.2876,-2.2056],[30.2869,-2.2078],[30.2844,-2.207],[30.2839,-2.2092],[30.2793,-2.2094],[30.2778,-2.2],[30.2749,-2.1986],[30.276,-2.1955],[30.2739,-2.1965],[30.2718,-2.1953],[30.2743,-2.1936],[30.2698,-2.1925],[30.2663,-2.189],[30.2684,-2.1868],[30.2682,-2.1821],[30.2698,-2.179],[30.261,-2.1732],[30.2596,-2.1736],[30.2631,-2.1661],[30.2673,-2.1646],[30.2692,-2.155],[30.2729,-2.1527],[30.274,-2.1496],[30.2706,-2.1453],[30.2663,-2.1454],[30.2696,-2.1378],[30.2664,-2.138],[30.2703,-2.1326],[30.2663,-2.1333],[30.2679,-2.1319],[30.2679,-2.1278],[30.2652,-2.1269],[30.2658,-2.1253],[30.2701,-2.1249],[30.2675,-2.1226],[30.2707,-2.1229],[30.269,-2.1126],[30.2633,-2.1097],[30.2607,-2.1063],[30.2528,-2.1079],[30.2533,-2.1068],[30.2498,-2.102],[30.2523,-2.1024],[30.253,-2.1002],[30.2479,-2.0982],[30.2482,-2.0965],[30.2462,-2.0949],[30.2497,-2.0909],[30.2446,-2.0904],[30.2462,-2.087],[30.2444,-2.0852],[30.2453,-2.0828],[30.242,-2.0774],[30.2449,-2.0737],[30.2416,-2.0751],[30.2383,-2.0687],[30.237,-2.0713],[30.2332,-2.0688],[30.2317,-2.0707],[30.2289,-2.068],[30.222,-2.0662],[30.2218,-2.0724],[30.2188,-2.0719],[30.2162,-2.0746],[30.2135,-2.0743],[30.2127,-2.0763],[30.2109,-2.0756],[30.2081,-2.0797],[30.2069,-2.0748],[30.2047,-2.0735],[30.2068,-2.068],[30.2039,-2.0679],[30.2048,-2.0653],[30.2009,-2.0665],[30.2015,-2.0627],[30.1988,-2.062],[30.1991,-2.057],[30.1951,-2.0618],[30.1927,-2.0605],[30.1908,-2.0557],[30.1938,-2.0536],[30.1912,-2.0513],[30.1897,-2.0426],[30.1878,-2.042],[30.1855,-2.0382],[30.1829,-2.0383],[30.1832,-2.0363],[30.181,-2.0336],[30.179,-2.033],[30.1783,-2.036],[30.1754,-2.0352],[30.1748,-2.0306],[30.1726,-2.0282],[30.1719,-2.0313],[30.1667,-2.0301],[30.1656,-2.0339],[30.1639,-2.0332],[30.1624,-2.0295],[30.1616,-2.032],[30.158,-2.0308],[30.1575,-2.0356],[30.1557,-2.0361],[30.1527,-2.0344],[30.1515,-2.0373],[30.1472,-2.0409],[30.1461,-2.0394],[30.1427,-2.0411],[30.1417,-2.0383],[30.1397,-2.0408],[30.1372,-2.0395],[30.1382,-2.0433],[30.1347,-2.043],[30.1371,-2.0461],[30.1347,-2.0476],[30.1329,-2.0439],[30.129,-2.048],[30.1301,-2.0497],[30.1279,-2.0528],[30.1236,-2.0496],[30.1229,-2.053],[30.1257,-2.0554],[30.1198,-2.0563],[30.1193,-2.0596],[30.1181,-2.0591],[30.1182,-2.0547],[30.1137,-2.0603],[30.1134,-2.0581],[30.111,-2.0592],[30.1101,-2.0563],[30.1087,-2.0589],[30.1055,-2.0574],[30.1042,-2.06],[30.1037,-2.0566],[30.1017,-2.0559],[30.1018,-2.0578],[30.0993,-2.0576],[30.0962,-2.0645],[30.095,-2.0611],[30.0941,-2.0632],[30.0913,-2.064],[30.0921,-2.0601],[30.0908,-2.0594],[30.0868,-2.0625],[30.0816,-2.0648],[30.0791,-2.0624],[30.0776,-2.0639],[30.0783,-2.0671],[30.0769,-2.0693],[30.0758,-2.0647],[30.0726,-2.0643],[30.0714,-2.0685],[30.0686,-2.0683],[30.0666,-2.0712],[30.0646,-2.0711],[30.0623,-2.0667],[30.0557,-2.066],[30.0545,-2.0645],[30.0579,-2.0605],[30.058,-2.0558],[30.0543,-2.0543],[30.0524,-2.0554],[30.0467,-2.0547],[30.0441,-2.0566],[30.0452,-2.0596],[30.0421,-2.058],[30.0385,-2.0592],[30.0399,-2.0619],[30.0366,-2.0656],[30.0403,-2.0657],[30.0394,-2.0689],[30.0272,-2.0639],[30.0265,-2.0663],[30.0278,-2.0695],[30.0245,-2.0682],[30.0193,-2.0742]]]]}},{"type":"Feature","properties":{"name":"Nyamasheke"},"geometry":{"type":"MultiPolygon","coordinates":[[[[29.3246,-2.3244],[29.3214,-2.3231],[29.32,-2.3209],[29.3217,-2.3181],[29.3229,-2.317],[29.3251,-2.316],[29.3228,-2.3152],[29.3215,-2.3124],[29.3208,-2.3061],[29.3148,-2.3042],[29.3089,-2.2995],[29.311,-2.2929],[29.3063,-2.2908],[29.305,-2.2885],[29.3056,-2.2843],[29.3091,-2.2849],[29.3103,-2.2821],[29.3137,-2.2807],[29.3149,-2.2775],[29.3179,-2.2756],[29.3158,-2.2744],[29.3118,-2.2635],[29.3133,-2.2534],[29.3118,-2.2484],[29.3147,-2.2445],[29.311,-2.2429],[29.3124,-2.2403],[29.3114,-2.2373],[29.3057,-2.2345],[29.3041,-2.2322],[29.3067,-2.2288],[29.3065,-2.2262],[29.3089,-2.225],[29.3111,-2.2167],[29.3153,-2.217],[29.3156,-2.214],[29.3134,-2.2147],[29.3119,-2.2124],[29.3097,-2.2121],[29.3049,-2.2147],[29.3023,-2.2093],[29.2964,-2.2088],[29.2936,-2.2013],[29.2911,-2.2038],[29.2891,-2.2023],[29.2902,-2.199],[29.2822,-2.1888],[29.281,-2.1877],[29.2823,-2.1848],[29.2808,-2.1811],[29.2672,-2.1605],[29.2635,-2.1566],[29.2468,-2.1465],[29.1678,-2.1471],[29.1178,-2.2522],[29.1085,-2.2664],[29.0984,-2.2745],[29.0825,-2.2792],[29.015,-2.2895],[29.0012,-2.2941],[28.9989,-2.2964],[28.9931,-2.3176],[28.9834,-2.3396],[28.9785,-2.3442],[28.9653,-2.3493],[28.9616,-2.3524],[28.9614,-2.3565],[28.9655,-2.3626],[28.9662,-2.366],[28.9621,-2.3731],[28.9718,-2.3885],[28.9729,-2.395],[28.9711,-2.4008],[28.971,-2.4008],[28.9709,-2.4011],[28.9699,-2.4044],[28.9697,-2.4048],[28.9694,-2.405],[28.9677,-2.4114],[28.9698,-2.4235],[28.9661,-2.4309],[28.9649,-2.4384],[28.9681,-2.4428],[28.9765,-2.4432],[28.9786,-2.4477],[28.9754,-2.4592],[28.9818,-2.4718],[28.9803,-2.4751],[28.9763,-2.4776],[28.9764,-2.4883],[28.9775,-2.4905],[28.9817,-2.4919],[28.985,-2.4971],[28.988,-2.498],[28.9897,-2.5021],[28.9976,-2.507],[29.0009,-2.5118],[29.0015,-2.5165],[29.0073,-2.5219],[29.0086,-2.5267],[29.0169,-2.5313],[29.0175,-2.5353],[29.0266,-2.5367],[29.0309,-2.5407],[29.0347,-2.5414],[29.036,-2.5462],[29.0338,-2.5593],[29.0349,-2.5647],[29.0374,-2.567],[29.0375,-2.569],[29.0391,-2.5683],[29.0388,-2.5667],[29.0403,-2.5671],[29.0401,-2.5651],[29.0431,-2.5647],[29.045,-2.5623],[29.0456,-2.5592],[29.0438,-2.5546],[29.0461,-2.5501],[29.0437,-2.5452],[29.0484,-2.5413],[29.051,-2.5413],[29.0538,-2.5376],[29.0586,-2.5385],[29.0634,-2.5349],[29.0655,-2.5355],[29.0713,-2.532],[29.0737,-2.5327],[29.0744,-2.5278],[29.0774,-2.5228],[29.0803,-2.5211],[29.0791,-2.5198],[29.0807,-2.5185],[29.0917,-2.5179],[29.0934,-2.5196],[29.1008,-2.5204],[29.1054,-2.5149],[29.1124,-2.5149],[29.1153,-2.5134],[29.1176,-2.5055],[29.1227,-2.5053],[29.1222,-2.5014],[29.1241,-2.4996],[29.1239,-2.4958],[29.121,-2.4929],[29.121,-2.4886],[29.1184,-2.4827],[29.1193,-2.4781],[29.1204,-2.4817],[29.1275,-2.4877],[29.1326,-2.4859],[29.138,-2.4917],[29.1417,-2.4929],[29.1442,-2.4919],[29.1518,-2.4952],[29.1515,-2.492],[29.1531,-2.4899],[29.1585,-2.4915],[29.1604,-2.4885],[29.1643,-2.4865],[29.1666,-2.4823],[29.1719,-2.4833],[29.1729,-2.4805],[29.1734,-2.4814],[29.1747,-2.4804],[29.1776,-2.4839],[29.1786,-2.4824],[29.182,-2.4839],[29.1865,-2.4888],[29.192,-2.4906],[29.1985,-2.4879],[29.2006,-2.4788],[29.2035,-2.4756],[29.2055,-2.4759],[29.2113,-2.4812],[29.215,-2.4821],[29.2191,-2.4782],[29.2243,-2.4758],[29.2295,-2.474],[29.2366,-2.4745],[29.2373,-2.4731],[29.2393,-2.4737],[29.2406,-2.4726],[29.2422,-2.4746],[29.2455,-2.4755],[29.2451,-2.4782],[29.2479,-2.4755],[29.2491,-2.477],[29.252,-2.4753],[29.2525,-2.4781],[29.2548,-2.4773],[29.2545,-2.479],[29.2619,-2.4869],[29.265,-2.4883],[29.267,-2.4875],[29.2726,-2.492],[29.2767,-2.49],[29.2772,-2.4875],[29.2698,-2.483],[29.2647,-2.482],[29.2694,-2.4755],[29.2656,-2.4723],[29.2662,-2.4707],[29.2687,-2.4665],[29.2724,-2.4638],[29.2733,-2.4566],[29.2774,-2.4489],[29.2795,-2.448],[29.2803,-2.4419],[29.2991,-2.4404],[29.3031,-2.4341],[29.3072,-2.4341],[29.3099,-2.4357],[29.3175,-2.4313],[29.3235,-2.4325],[29.3259,-2.4279],[29.3259,-2.423],[29.3287,-2.4217],[29.3275,-2.4201],[29.3294,-2.4162],[29.3272,-2.4134],[29.3285,-2.411],[29.3272,-2.4069],[29.3258,-2.4057],[29.3229,-2.406],[29.3215,-2.4019],[29.3183,-2.3986],[29.3227,-2.3883],[29.3275,-2.3887],[29.3308,-2.3837],[29.3306,-2.3799],[29.336,-2.3784],[29.3374,-2.3706],[29.3431,-2.3658],[29.3425,-2.3621],[29.344,-2.36],[29.343,-2.3569],[29.3379,-2.3529],[29.3375,-2.3482],[29.3337,-2.347],[29.3273,-2.3396],[29.3267,-2.3368],[29.3283,-2.3344],[29.3258,-2.3309],[29.3246,-2.3244]]]]}}]}