{"type":"FeatureCollection","features":[{"type":"Feature","properties":{"name":"Northern Region"},"geometry":{"type":"MultiPolygon","coordinates":[[[[34.7871,1.3652],[34.8065,1.3838],[34.8049,1.3923],[34.7993,1.4042],[34.7945,1.4103],[34.7943,1.4146],[34.8008,1.4232],[34.8175,1.4316],[34.8269,1.4479],[34.8311,1.4518],[34.8417,1.4545],[34.8442,1.4571],[34.8641,1.5283],[34.8902,1.5553],[34.9066,1.553],[34.9437,1.5766],[34.9912,1.6644],[35.0003,1.7585],[35.0002,1.9624],[34.9846,1.9852],[34.98,2.052],[34.9455,2.2113],[34.9202,2.373],[34.9178,2.3901],[34.9197,2.3935],[34.9151,2.3965],[34.9143,2.4029],[34.9171,2.4099],[34.9166,2.4247],[34.9189,2.4242],[34.9222,2.4267],[34.9261,2.4271],[34.9256,2.4287],[34.9299,2.4288],[34.9324,2.4309],[34.9315,2.439],[34.9358,2.438],[34.9375,2.4404],[34.9366,2.4437],[34.9404,2.448],[34.9399,2.45],[34.9437,2.4492],[34.9421,2.4529],[34.9448,2.4551],[34.9461,2.4539],[34.9488,2.4563],[34.9539,2.4579],[34.9526,2.4612],[34.955,2.4685],[34.9534,2.471],[34.9544,2.4724],[34.9485,2.4722],[34.9368,2.4999],[34.9331,2.5159],[34.913,2.5166],[34.8973,2.588],[34.8939,2.5929],[34.8805,2.5894],[34.8783,2.5724],[34.8682,2.5706],[34.8522,2.5836],[34.8385,2.6042],[34.8316,2.6209],[34.7992,2.6558],[34.7904,2.6834],[34.7754,2.6979],[34.7841,2.7485],[34.7835,2.7552],[34.7782,2.7703],[34.7754,2.7878],[34.7672,2.8024],[34.767,2.8112],[34.7622,2.8209],[34.755,2.8284],[34.7519,2.8258],[34.7491,2.8261],[34.7363,2.855],[34.7117,2.8653],[34.7084,2.8734],[34.7017,2.8777],[34.6924,2.8629],[34.685,2.864],[34.6685,2.8631],[34.6529,2.8676],[34.6393,2.9067],[34.599,2.9247],[34.5888,2.9821],[34.5874,3.0038],[34.5844,3.0106],[34.5766,3.0205],[34.5757,3.0352],[34.5727,3.0501],[34.5749,3.0689],[34.5723,3.0914],[34.5626,3.1075],[34.5589,3.1104],[34.5458,3.1365],[34.5121,3.1488],[34.4948,3.1414],[34.4888,3.1553],[34.482,3.1651],[34.4706,3.1726],[34.4604,3.1743],[34.4558,3.182],[34.4474,3.283],[34.438,3.3074],[34.43,3.3427],[34.4006,3.3706],[34.4017,3.415],[34.4098,3.4181],[34.4193,3.4333],[34.4166,3.4507],[34.4038,3.47],[34.391,3.4829],[34.389,3.4918],[34.391,3.4928],[34.3961,3.488],[34.4248,3.4917],[34.4397,3.5043],[34.4515,3.5171],[34.4567,3.5755],[34.4531,3.6112],[34.4632,3.6695],[34.4558,3.6763],[34.422,3.6886],[34.4049,3.6927],[34.4029,3.7052],[34.3942,3.7177],[34.3824,3.7275],[34.3651,3.7352],[34.331,3.733],[34.3234,3.7282],[34.3159,3.7162],[34.3079,3.7114],[34.2975,3.7211],[34.2833,3.7308],[34.2664,3.7482],[34.258,3.7665],[34.2456,3.7839],[34.2332,3.7808],[34.229,3.7741],[34.2268,3.7741],[34.226,3.7826],[34.2203,3.7842],[34.1858,3.7709],[34.1709,3.7677],[34.1661,3.7735],[34.1901,3.7828],[34.1882,3.7902],[34.1886,3.7951],[34.1706,3.8003],[34.1635,3.7977],[34.1591,3.8014],[34.1538,3.7999],[34.1532,3.807],[34.1583,3.8075],[34.1639,3.8105],[34.1686,3.8183],[34.1801,3.8316],[34.226,3.831],[34.2251,3.8521],[34.2156,3.8809],[34.2046,3.8821],[34.175,3.8797],[34.1707,3.8766],[34.1669,3.8699],[34.1526,3.8688],[34.1278,3.8721],[34.1094,3.8684],[34.0927,3.8599],[34.0884,3.8613],[34.0914,3.8852],[34.1163,3.8974],[34.1199,3.9008],[34.1342,3.9554],[34.1346,3.9613],[34.1057,3.9766],[34.0821,4.0023],[34.0601,4.0095],[34.0588,4.0277],[34.0876,4.0366],[34.0914,4.0491],[34.0916,4.0613],[34.0797,4.0855],[34.0631,4.0942],[34.0495,4.1211],[34.0657,4.144],[34.0474,4.1792],[33.9878,4.2341],[33.5111,3.7518],[33.1788,3.7787],[33.0817,3.8529],[33.0711,3.8591],[33.0626,3.8673],[33.0278,3.8936],[32.9012,3.8156],[32.7202,3.7678],[32.4153,3.7456],[32.1972,3.6005],[32.1946,3.5967],[32.1994,3.5956],[32.2012,3.5934],[32.2068,3.5947],[32.2111,3.5832],[32.2152,3.5769],[32.2132,3.5696],[32.2179,3.5637],[32.2105,3.5558],[32.2076,3.5488],[32.2071,3.5445],[32.2094,3.5397],[32.2059,3.5368],[32.2028,3.5307],[32.2013,3.5238],[32.2041,3.5149],[32.2008,3.5071],[32.1025,3.532],[32.0965,3.5328],[32.086,3.5315],[32.0837,3.5344],[32.0844,3.5366],[32.0865,3.5358],[32.0875,3.5331],[32.0898,3.5352],[32.0868,3.5424],[32.0897,3.547],[32.0868,3.5474],[32.0844,3.5447],[32.0826,3.5463],[32.0844,3.5481],[32.0818,3.5532],[32.0839,3.5584],[32.0871,3.5591],[32.0871,3.5604],[32.084,3.5615],[32.0811,3.5589],[32.081,3.5609],[32.0826,3.5625],[32.0814,3.5653],[32.077,3.5663],[32.0766,3.5685],[32.0728,3.5664],[32.0731,3.5715],[32.0693,3.5715],[32.0685,3.5729],[32.0703,3.5738],[32.0708,3.5762],[32.0674,3.574],[32.0656,3.5766],[32.0631,3.5756],[32.0618,3.5768],[32.0634,3.5801],[32.062,3.5811],[32.0601,3.5799],[32.0595,3.581],[32.0572,3.5806],[32.0572,3.5826],[32.0612,3.5852],[32.0575,3.5881],[32.0558,3.5863],[32.0536,3.5882],[32.0531,3.5922],[32.0502,3.5906],[32.0501,3.5889],[32.0475,3.589],[32.047,3.5869],[32.0449,3.5887],[32.0463,3.5898],[32.0453,3.5929],[32.0434,3.5923],[32.0436,3.5894],[32.0418,3.5895],[32.0394,3.5855],[32.0369,3.5876],[32.0334,3.5857],[32.0199,3.5843],[31.9941,3.5783],[31.9886,3.5805],[31.9832,3.5791],[31.9805,3.5799],[31.9749,3.5751],[31.9691,3.5759],[31.9616,3.5718],[31.9581,3.5719],[31.9584,3.5761],[31.9601,3.5788],[31.9533,3.607],[31.9517,3.6293],[31.9542,3.6377],[31.9604,3.6482],[31.9603,3.6532],[31.9575,3.6599],[31.9499,3.6677],[31.9319,3.6993],[31.9154,3.7203],[31.9064,3.7371],[31.897,3.75],[31.8813,3.7668],[31.8698,3.7847],[31.8418,3.8037],[31.8273,3.8184],[31.8128,3.8248],[31.8028,3.8246],[31.7958,3.822],[31.7954,3.8142],[31.8006,3.8113],[31.8022,3.8073],[31.8004,3.8007],[31.7821,3.7885],[31.7426,3.7557],[31.7375,3.7537],[31.7286,3.7534],[31.7258,3.7512],[31.7074,3.724],[31.6924,3.7189],[31.6718,3.715],[31.6089,3.6925],[31.5757,3.6824],[31.5457,3.6564],[31.5396,3.656],[31.5215,3.6458],[31.5178,3.6382],[31.5125,3.6407],[31.5049,3.6416],[31.5018,3.644],[31.5025,3.6526],[31.5081,3.6701],[31.5079,3.6763],[31.4914,3.6819],[31.4551,3.699],[31.4151,3.7223],[31.3524,3.7528],[31.2891,3.7966],[31.269,3.7946],[31.182,3.7947],[31.1722,3.793],[31.1677,3.7906],[31.1637,3.7908],[31.16,3.7885],[31.1567,3.7815],[31.1531,3.778],[31.1498,3.7774],[31.1435,3.7722],[31.142,3.7726],[31.1358,3.7691],[31.1343,3.7655],[31.1299,3.7661],[31.1277,3.7629],[31.1227,3.7608],[31.1229,3.7579],[31.1205,3.758],[31.1181,3.7539],[31.1159,3.7537],[31.1146,3.7552],[31.1104,3.7535],[31.1082,3.7496],[31.1051,3.7506],[31.1037,3.7466],[31.1005,3.7448],[31.1009,3.7424],[31.1055,3.7408],[31.1019,3.7396],[31.1008,3.7365],[31.0936,3.742],[31.0922,3.7373],[31.09,3.7375],[31.0881,3.7442],[31.084,3.7421],[31.0795,3.7456],[31.0723,3.7462],[31.0686,3.7451],[31.0624,3.7401],[31.0624,3.7382],[31.0603,3.7386],[31.0583,3.7363],[31.063,3.7323],[31.0629,3.7303],[31.06,3.7278],[31.061,3.7253],[31.06,3.7219],[31.0541,3.7193],[31.0524,3.7155],[31.0503,3.7164],[31.0479,3.7154],[31.0298,3.6993],[31.0188,3.6948],[31.0162,3.6997],[31.0109,3.7025],[31.0078,3.7065],[31.0029,3.7074],[30.9989,3.7045],[30.9913,3.7049],[30.9883,3.7035],[30.9886,3.7],[30.9791,3.6979],[30.9719,3.6903],[30.9708,3.6813],[30.9684,3.6754],[30.956,3.6682],[30.9552,3.6635],[30.9524,3.6614],[30.9498,3.6538],[30.9479,3.653],[30.9469,3.6503],[30.9499,3.6403],[30.949,3.633],[30.9417,3.6263],[30.9396,3.6197],[30.9344,3.6198],[30.9276,3.6165],[30.9236,3.6047],[30.9243,3.6035],[30.9222,3.6019],[30.9216,3.5994],[30.9126,3.5968],[30.9084,3.5923],[30.9081,3.5867],[30.9053,3.585],[30.9035,3.5741],[30.8876,3.5544],[30.8868,3.5479],[30.8822,3.5381],[30.8787,3.5256],[30.8743,3.5184],[30.8741,3.513],[30.8702,3.5062],[30.87,3.5021],[30.8661,3.4937],[30.8584,3.4918],[30.8544,3.489],[30.8513,3.4907],[30.8522,3.5006],[30.8502,3.5006],[30.8488,3.4967],[30.848,3.4877],[30.8561,3.4849],[30.8615,3.4797],[30.8654,3.48],[30.8696,3.478],[30.8793,3.4823],[30.8787,3.4888],[30.8904,3.4949],[30.897,3.5031],[30.9041,3.501],[30.91,3.5018],[30.9187,3.5065],[30.9316,3.5048],[30.9378,3.5074],[30.942,3.5062],[30.9407,3.5019],[30.9422,3.4982],[30.9391,3.4968],[30.9389,3.4954],[30.9433,3.4801],[30.9421,3.4775],[30.9396,3.4765],[30.9387,3.4711],[30.9421,3.4698],[30.9442,3.466],[30.9372,3.4601],[30.9382,3.4559],[30.9367,3.4534],[30.9377,3.4496],[30.936,3.4441],[30.9373,3.4394],[30.9393,3.4381],[30.9369,3.4315],[30.9384,3.4234],[30.9405,3.4224],[30.9374,3.4178],[30.9384,3.4109],[30.9371,3.4096],[30.9368,3.3992],[30.923,3.3874],[30.9189,3.3881],[30.9168,3.3824],[30.9195,3.3751],[30.9117,3.3684],[30.9098,3.3623],[30.9036,3.3606],[30.9016,3.3587],[30.8943,3.3455],[30.8875,3.3412],[30.8909,3.332],[30.8874,3.3282],[30.8902,3.3244],[30.8926,3.3146],[30.8875,3.3166],[30.8821,3.3097],[30.8761,3.3074],[30.8746,3.3055],[30.8735,3.3019],[30.8752,3.2949],[30.8687,3.2897],[30.8664,3.286],[30.8707,3.2805],[30.8652,3.2761],[30.8563,3.2749],[30.8459,3.2697],[30.842,3.2697],[30.8382,3.2633],[30.8361,3.251],[30.8414,3.2428],[30.8411,3.2391],[30.8359,3.2358],[30.8297,3.2271],[30.8266,3.2177],[30.8297,3.2042],[30.8245,3.198],[30.822,3.1897],[30.8147,3.1766],[30.8097,3.1614],[30.8083,3.1477],[30.809,3.1424],[30.8021,3.1354],[30.8022,3.1268],[30.7998,3.1217],[30.7994,3.1041],[30.7935,3.0952],[30.7931,3.0753],[30.7944,3.0691],[30.7904,3.0634],[30.7849,3.0636],[30.7749,3.0597],[30.7721,3.0548],[30.768,3.0519],[30.7691,3.0452],[30.7744,3.0414],[30.7779,3.0366],[30.7777,3.0267],[30.7807,3.0227],[30.7917,3.0173],[30.8022,3.0068],[30.8086,3.0053],[30.8169,3.0082],[30.8226,3.0041],[30.8252,3.0011],[30.8239,2.9913],[30.8255,2.9887],[30.8325,2.9837],[30.8383,2.9736],[30.858,2.9617],[30.856,2.954],[30.8534,2.9507],[30.8545,2.9409],[30.8606,2.934],[30.8574,2.9283],[30.8628,2.926],[30.8668,2.9221],[30.8649,2.9184],[30.8654,2.9146],[30.8665,2.9118],[30.8698,2.9104],[30.8693,2.9038],[30.8748,2.9018],[30.8743,2.891],[30.8834,2.8855],[30.8873,2.8805],[30.8873,2.8711],[30.8901,2.8583],[30.8871,2.8529],[30.8878,2.8502],[30.8839,2.8379],[30.8857,2.8314],[30.8841,2.8142],[30.8675,2.7941],[30.8666,2.7888],[30.8614,2.7837],[30.8592,2.7736],[30.8541,2.7708],[30.8472,2.7697],[30.8463,2.766],[30.8442,2.765],[30.8414,2.768],[30.8373,2.767],[30.8357,2.7652],[30.8359,2.7568],[30.8316,2.7522],[30.8228,2.7497],[30.8221,2.7374],[30.8265,2.7292],[30.8233,2.7271],[30.8219,2.7198],[30.819,2.7192],[30.8186,2.7167],[30.8136,2.7152],[30.8138,2.7133],[30.8082,2.7087],[30.8093,2.7072],[30.8072,2.7038],[30.8104,2.6986],[30.8107,2.6948],[30.8066,2.6895],[30.8077,2.6851],[30.8069,2.6829],[30.8043,2.6816],[30.8052,2.6783],[30.7973,2.6712],[30.7988,2.6653],[30.7969,2.6626],[30.7978,2.6604],[30.7929,2.6531],[30.7919,2.6476],[30.7866,2.6454],[30.7874,2.6367],[30.7909,2.6349],[30.7796,2.6168],[30.7805,2.6145],[30.7785,2.6133],[30.7792,2.6069],[30.778,2.6037],[30.772,2.6023],[30.7714,2.5987],[30.7666,2.5989],[30.76,2.5964],[30.7567,2.5915],[30.753,2.5911],[30.7501,2.5863],[30.7539,2.579],[30.7528,2.5724],[30.7576,2.5649],[30.7558,2.5569],[30.7589,2.5503],[30.7563,2.5382],[30.7618,2.5101],[30.7585,2.4978],[30.7512,2.4969],[30.7464,2.4913],[30.7461,2.4812],[30.7434,2.4721],[30.7444,2.4612],[30.7404,2.4557],[30.7409,2.4502],[30.7485,2.4411],[30.7516,2.4197],[30.7547,2.4229],[30.7552,2.4266],[30.7626,2.4285],[30.7649,2.4313],[30.7704,2.4309],[30.7717,2.4337],[30.7779,2.4387],[30.7835,2.4343],[30.7889,2.4352],[30.796,2.4278],[30.8057,2.4249],[30.8151,2.4261],[30.8198,2.4238],[30.8229,2.4239],[30.8269,2.4246],[30.83,2.4269],[30.8342,2.4268],[30.8345,2.4203],[30.8325,2.4172],[30.8376,2.4148],[30.8396,2.4095],[30.8379,2.404],[30.841,2.4041],[30.8457,2.3973],[30.8448,2.3936],[30.8484,2.3841],[30.8538,2.3818],[30.8558,2.3772],[30.8644,2.3762],[30.8649,2.3711],[30.8662,2.37],[30.8727,2.369],[30.8736,2.3657],[30.8764,2.3636],[30.875,2.3594],[30.8759,2.3545],[30.881,2.347],[30.8819,2.3408],[30.887,2.3411],[30.889,2.3391],[30.8912,2.3401],[30.9049,2.3323],[30.9111,2.3319],[30.9128,2.3414],[30.9243,2.3393],[30.928,2.3351],[30.9318,2.3349],[30.9364,2.3366],[30.9373,2.3397],[30.9418,2.3437],[30.946,2.3591],[30.9493,2.3621],[30.9489,2.3654],[30.9422,2.3669],[30.9434,2.3716],[30.9418,2.3744],[30.9449,2.3815],[30.9494,2.3869],[30.9482,2.3927],[30.9548,2.4007],[30.9593,2.3948],[30.9619,2.395],[30.9661,2.4007],[30.9756,2.4012],[30.9824,2.4048],[30.9878,2.4022],[30.9907,2.4035],[30.9937,2.403],[31.002,2.3961],[31.008,2.3985],[31.0115,2.3956],[31.0109,2.3911],[31.0127,2.3875],[31.0175,2.3852],[31.0219,2.3851],[31.0219,2.3823],[31.0244,2.3837],[31.0243,2.3819],[31.0261,2.3818],[31.0273,2.3843],[31.0283,2.383],[31.0276,2.3814],[31.0292,2.3805],[31.0289,2.3777],[31.03,2.3788],[31.0743,2.3436],[31.0709,2.3413],[31.0693,2.3333],[31.0719,2.3298],[31.0738,2.3224],[31.0768,2.3201],[31.0775,2.3161],[31.0855,2.3094],[31.0836,2.3046],[31.0787,2.3018],[31.0701,2.3028],[31.0764,2.2993],[31.0772,2.2956],[31.0821,2.294],[31.084,2.295],[31.084,2.2929],[31.0885,2.2864],[31.0958,2.2855],[31.0979,2.2794],[31.1015,2.2789],[31.1051,2.2763],[31.1077,2.278],[31.113,2.2728],[31.1156,2.2734],[31.1171,2.2723],[31.1187,2.2739],[31.1248,2.2664],[31.1306,2.2645],[31.1327,2.2654],[31.133,2.2712],[31.1354,2.2705],[31.1369,2.277],[31.1387,2.2806],[31.1415,2.2817],[31.1411,2.2834],[31.1494,2.2832],[31.1502,2.2811],[31.1526,2.2801],[31.1559,2.2818],[31.1578,2.2799],[31.1595,2.281],[31.1616,2.2783],[31.1639,2.278],[31.172,2.2809],[31.1721,2.2828],[31.175,2.2852],[31.1761,2.2837],[31.1788,2.2853],[31.1809,2.2848],[31.1895,2.2896],[31.1957,2.2903],[31.197,2.2872],[31.2003,2.288],[31.2003,2.29],[31.2032,2.2906],[31.2033,2.2932],[31.2031,2.2209],[31.2475,2.2002],[31.2774,2.1779],[31.2862,2.1945],[31.296,2.196],[31.2999,2.2021],[31.3041,2.2042],[31.3052,2.206],[31.3042,2.2082],[31.3067,2.2126],[31.3036,2.2173],[31.3036,2.2207],[31.3065,2.2271],[31.319,2.239],[31.322,2.2462],[31.3227,2.2559],[31.3342,2.2648],[31.3355,2.2698],[31.3343,2.2819],[31.3407,2.285],[31.3442,2.2918],[31.3591,2.3014],[31.3664,2.3189],[31.3759,2.3267],[31.3785,2.3271],[31.3867,2.3237],[31.3957,2.3296],[31.4,2.3289],[31.4056,2.3304],[31.4066,2.3332],[31.4099,2.3345],[31.4146,2.334],[31.4244,2.339],[31.4356,2.3378],[31.437,2.3421],[31.4429,2.3437],[31.4564,2.3535],[31.4628,2.3611],[31.471,2.382],[31.472,2.3962],[31.4701,2.4208],[31.4714,2.432],[31.4698,2.4343],[31.4741,2.4374],[31.4745,2.4431],[31.4851,2.4528],[31.498,2.4582],[31.5072,2.4603],[31.5203,2.4692],[31.5262,2.4822],[31.5195,2.4908],[31.506,2.488],[31.5042,2.4852],[31.5051,2.4829],[31.5078,2.4843],[31.506,2.4818],[31.4918,2.4833],[31.4847,2.4893],[31.472,2.5119],[31.476,2.5141],[31.4832,2.5041],[31.4942,2.4984],[31.4988,2.498],[31.5081,2.5008],[31.519,2.5019],[31.5198,2.498],[31.5307,2.488],[31.5338,2.4776],[31.5297,2.4705],[31.5254,2.4694],[31.5231,2.4667],[31.5077,2.4583],[31.5083,2.4555],[31.5069,2.4578],[31.5029,2.4557],[31.4958,2.4551],[31.4947,2.4533],[31.4955,2.451],[31.4872,2.4399],[31.4815,2.423],[31.483,2.41],[31.479,2.377],[31.4798,2.3732],[31.4824,2.3763],[31.4846,2.3767],[31.4868,2.3727],[31.4785,2.3597],[31.4807,2.3573],[31.4823,2.358],[31.4784,2.356],[31.478,2.3529],[31.4759,2.3508],[31.4727,2.3503],[31.47,2.348],[31.4685,2.3435],[31.4626,2.3378],[31.4609,2.3343],[31.4573,2.3332],[31.4562,2.3302],[31.4535,2.3304],[31.4448,2.3267],[31.4419,2.3276],[31.4334,2.3238],[31.4259,2.3162],[31.4129,2.3109],[31.4091,2.3071],[31.3885,2.2946],[31.3864,2.2889],[31.3875,2.286],[31.3861,2.2849],[31.3863,2.281],[31.384,2.2813],[31.3832,2.2848],[31.3811,2.2845],[31.3806,2.2771],[31.373,2.2687],[31.3756,2.2632],[31.3801,2.2607],[31.3797,2.257],[31.3773,2.2558],[31.3775,2.254],[31.3798,2.2529],[31.3767,2.2517],[31.3762,2.2554],[31.3737,2.2552],[31.3704,2.2576],[31.3638,2.2677],[31.357,2.2654],[31.3542,2.26],[31.3582,2.2485],[31.3707,2.249],[31.3804,2.2433],[31.3862,2.2417],[31.3882,2.2395],[31.3972,2.2379],[31.4012,2.2399],[31.4023,2.2422],[31.4126,2.2386],[31.4273,2.2403],[31.4307,2.2391],[31.4332,2.2361],[31.447,2.232],[31.4661,2.2299],[31.4733,2.2336],[31.484,2.2456],[31.4899,2.2497],[31.5115,2.2535],[31.5249,2.2594],[31.5286,2.263],[31.5365,2.276],[31.5368,2.2736],[31.5401,2.2748],[31.5486,2.2824],[31.5544,2.2854],[31.5624,2.2864],[31.5664,2.2854],[31.569,2.287],[31.5788,2.2854],[31.581,2.283],[31.5855,2.2829],[31.6031,2.2725],[31.6074,2.272],[31.6108,2.2747],[31.6112,2.2731],[31.6143,2.2722],[31.6179,2.2745],[31.6239,2.2745],[31.6346,2.261],[31.6467,2.2586],[31.6519,2.2613],[31.6532,2.2649],[31.6581,2.2652],[31.6593,2.2677],[31.6627,2.2696],[31.6625,2.2718],[31.6647,2.274],[31.6667,2.2737],[31.6692,2.2766],[31.6738,2.2774],[31.6752,2.2765],[31.6762,2.2779],[31.6851,2.2809],[31.6925,2.2776],[31.6955,2.278],[31.698,2.285],[31.6962,2.2878],[31.6988,2.2912],[31.706,2.2888],[31.7208,2.2926],[31.7272,2.2958],[31.7306,2.2958],[31.7367,2.2988],[31.7391,2.2973],[31.7413,2.2978],[31.7496,2.3036],[31.7504,2.3088],[31.7524,2.3114],[31.7628,2.3189],[31.7644,2.3241],[31.7684,2.3298],[31.7747,2.334],[31.7798,2.3341],[31.7841,2.3359],[31.7836,2.3419],[31.7955,2.3481],[31.7985,2.3524],[31.8077,2.3605],[31.8138,2.3621],[31.8239,2.3679],[31.8277,2.3684],[31.8325,2.3719],[31.8491,2.3616],[31.8532,2.3638],[31.854,2.3688],[31.8562,2.3692],[31.868,2.3619],[31.8814,2.3658],[31.8864,2.3656],[31.8903,2.3625],[31.8994,2.3653],[31.9082,2.362],[31.9142,2.368],[31.9177,2.3683],[31.9264,2.363],[31.9343,2.3508],[31.9354,2.3462],[31.9434,2.3476],[31.9437,2.3463],[31.9406,2.3433],[31.9413,2.3415],[31.955,2.3434],[31.9602,2.3397],[31.9661,2.3286],[31.97,2.3276],[31.9726,2.3299],[31.9762,2.3287],[31.9788,2.3295],[31.9777,2.323],[31.9795,2.3206],[31.9894,2.321],[31.9961,2.3135],[32.0073,2.3118],[32.0124,2.3092],[32.0151,2.3064],[32.0179,2.2984],[32.0221,2.2918],[32.0229,2.2825],[32.0249,2.2792],[32.0322,2.2799],[32.0412,2.2868],[32.0525,2.2852],[32.084,2.2654],[32.0894,2.2587],[32.0946,2.255],[32.1071,2.2496],[32.1091,2.2476],[32.1196,2.2485],[32.1239,2.2454],[32.1286,2.2456],[32.1322,2.2434],[32.1362,2.2389],[32.1449,2.2338],[32.1478,2.2243],[32.1652,2.2248],[32.1739,2.221],[32.1885,2.2197],[32.193,2.2276],[32.2001,2.2302],[32.2124,2.2405],[32.2133,2.2442],[32.2205,2.2463],[32.2221,2.2491],[32.2426,2.2439],[32.2466,2.2462],[32.248,2.2495],[32.2499,2.2496],[32.2521,2.2544],[32.2582,2.2566],[32.2611,2.2558],[32.2621,2.2529],[32.268,2.251],[32.2773,2.2437],[32.2819,2.2419],[32.2879,2.2337],[32.2901,2.2281],[32.2959,2.223],[32.2962,2.2181],[32.3033,2.2155],[32.3161,2.1976],[32.3161,2.1884],[32.3214,2.1691],[32.3204,2.1583],[32.3177,2.1495],[32.318,2.1433],[32.3202,2.1389],[32.3282,2.1325],[32.332,2.1276],[32.3277,2.1128],[32.3294,2.1059],[32.3411,2.0935],[32.3426,2.0859],[32.3509,2.0799],[32.352,2.0771],[32.3494,2.0557],[32.3442,2.0446],[32.3431,2.0381],[32.3427,2.0165],[32.3393,2.0003],[32.336,1.9932],[32.3358,1.9883],[32.3382,1.9787],[32.3333,1.9716],[32.3328,1.9679],[32.3338,1.9613],[32.3372,1.9585],[32.352,1.9606],[32.3578,1.9599],[32.3625,1.9564],[32.3629,1.9524],[32.3603,1.9459],[32.3522,1.9371],[32.3438,1.9318],[32.3416,1.9261],[32.3434,1.8983],[32.3389,1.8844],[32.3385,1.8794],[32.3426,1.8669],[32.3424,1.8612],[32.3405,1.8574],[32.3369,1.8546],[32.3161,1.8478],[32.3048,1.8411],[32.2921,1.8384],[32.283,1.8414],[32.2782,1.8398],[32.2749,1.8339],[32.2775,1.8244],[32.2773,1.8164],[32.2758,1.8133],[32.2712,1.8094],[32.2562,1.8054],[32.2326,1.7924],[32.216,1.7961],[32.2127,1.7942],[32.2083,1.7862],[32.2055,1.7842],[32.194,1.7847],[32.1778,1.7805],[32.1656,1.7796],[32.151,1.7642],[32.1267,1.749],[32.1065,1.7419],[32.1003,1.7306],[32.095,1.7026],[32.0965,1.6936],[32.1001,1.6868],[32.1006,1.6825],[32.0976,1.6717],[32.0917,1.6589],[32.0922,1.6549],[32.0948,1.6509],[32.099,1.6492],[32.1046,1.6502],[32.126,1.6668],[32.1392,1.6729],[32.1879,1.6775],[32.2095,1.6777],[32.2705,1.6672],[32.2839,1.6629],[32.3002,1.6559],[32.3081,1.6507],[32.3164,1.6389],[32.3198,1.6284],[32.3243,1.6226],[32.3436,1.6167],[32.3501,1.6133],[32.359,1.6048],[32.3802,1.5971],[32.4006,1.5957],[32.4099,1.5931],[32.4224,1.5836],[32.4356,1.5792],[32.448,1.5678],[32.4589,1.5633],[32.4686,1.554],[32.4962,1.5412],[32.5097,1.5244],[32.5208,1.5245],[32.5309,1.5175],[32.5454,1.5234],[32.5525,1.5222],[32.5618,1.5179],[32.5702,1.5112],[32.5759,1.4926],[32.5799,1.487],[32.5908,1.474],[32.6246,1.4407],[32.6438,1.4392],[32.6555,1.44],[32.6767,1.4484],[32.6956,1.4534],[32.7391,1.459],[32.7756,1.4693],[32.8195,1.4777],[32.8646,1.4831],[32.8938,1.484],[32.9455,1.4824],[32.9729,1.4799],[32.9738,1.5603],[32.9666,1.5851],[32.9672,1.5963],[32.9654,1.6182],[32.962,1.6257],[32.9512,1.6344],[32.9445,1.6447],[32.9957,1.6742],[32.9931,1.6851],[32.9933,1.6911],[32.9992,1.715],[33.0035,1.7161],[33.0135,1.7108],[33.0253,1.7088],[33.0461,1.7108],[33.0722,1.7257],[33.0831,1.7346],[33.086,1.7408],[33.0832,1.7508],[33.089,1.7581],[33.0928,1.7673],[33.1032,1.78],[33.1009,1.7943],[33.1041,1.8049],[33.1145,1.8254],[33.1113,1.8333],[33.1129,1.842],[33.1111,1.8516],[33.1132,1.8565],[33.1185,1.8608],[33.1317,1.8566],[33.141,1.8597],[33.1435,1.8633],[33.1434,1.8683],[33.1454,1.8733],[33.1542,1.8771],[33.1595,1.8752],[33.1644,1.8768],[33.1797,1.8933],[33.1897,1.9022],[33.1939,1.9037],[33.1996,1.9105],[33.2104,1.9139],[33.2202,1.9123],[33.2265,1.9224],[33.2293,1.9243],[33.2364,1.9241],[33.2414,1.9266],[33.2441,1.9365],[33.25,1.943],[33.248,1.954],[33.2584,1.9579],[33.2636,1.9568],[33.2707,1.9599],[33.2713,1.9647],[33.27,1.969],[33.2715,1.9743],[33.274,1.9769],[33.2739,1.9889],[33.2786,2.0034],[33.2822,2.009],[33.2822,2.028],[33.2893,2.0418],[33.2937,2.0455],[33.3086,2.0501],[33.3137,2.0561],[33.326,2.055],[33.3305,2.0488],[33.3356,2.0469],[33.3389,2.0413],[33.3442,2.0383],[33.3465,2.0347],[33.3497,2.0327],[33.3633,2.0306],[33.3649,2.0387],[33.3627,2.0448],[33.3579,2.0536],[33.3494,2.0607],[33.3468,2.0662],[33.3483,2.072],[33.3527,2.0784],[33.3604,2.1013],[33.3676,2.1105],[33.3726,2.1135],[33.3863,2.1164],[33.39,2.1205],[33.401,2.1259],[33.4075,2.1331],[33.4152,2.1456],[33.4211,2.1387],[33.4217,2.1341],[33.4287,2.1226],[33.4368,2.1138],[33.4435,2.1221],[33.4544,2.1303],[33.4536,2.1393],[33.4551,2.147],[33.4573,2.1514],[33.4657,2.1591],[33.4702,2.1813],[33.477,2.1912],[33.4779,2.1989],[33.4741,2.2101],[33.4684,2.2136],[33.4622,2.2145],[33.4527,2.2248],[33.447,2.2271],[33.4416,2.232],[33.4401,2.2357],[33.4405,2.2438],[33.4432,2.2486],[33.4484,2.2461],[33.4505,2.247],[33.4572,2.2439],[33.46,2.2446],[33.4604,2.2431],[33.4666,2.24],[33.4692,2.2403],[33.4716,2.2377],[33.4727,2.2387],[33.4743,2.2371],[33.4786,2.2377],[33.4812,2.2358],[33.4851,2.2367],[33.4885,2.2336],[33.4878,2.2326],[33.4905,2.2323],[33.4995,2.2459],[33.5001,2.2496],[33.5031,2.2503],[33.5094,2.2573],[33.5456,2.2833],[33.5473,2.29],[33.5433,2.3049],[33.5436,2.3122],[33.5413,2.3217],[33.5432,2.332],[33.5338,2.3556],[33.5353,2.3595],[33.5436,2.3574],[33.5446,2.3586],[33.5456,2.3573],[33.5516,2.3577],[33.5526,2.356],[33.5551,2.3562],[33.5565,2.354],[33.5574,2.3556],[33.5598,2.3549],[33.5599,2.3527],[33.562,2.3532],[33.5611,2.3511],[33.5639,2.3485],[33.5643,2.3446],[33.5664,2.3439],[33.566,2.3371],[33.569,2.3383],[33.576,2.3344],[33.5781,2.3358],[33.5819,2.3296],[33.5864,2.3333],[33.5892,2.3323],[33.5903,2.3333],[33.5922,2.3314],[33.5944,2.3339],[33.5995,2.3342],[33.6054,2.3377],[33.6052,2.3389],[33.6071,2.3366],[33.6109,2.3364],[33.6149,2.3384],[33.6158,2.3426],[33.6177,2.3412],[33.6204,2.3423],[33.6199,2.3434],[33.6218,2.344],[33.6234,2.3472],[33.6213,2.3485],[33.6233,2.3513],[33.6231,2.3538],[33.6306,2.3579],[33.6311,2.3604],[33.6374,2.3579],[33.6481,2.3583],[33.6566,2.3566],[33.672,2.3576],[33.6699,2.3623],[33.6715,2.363],[33.6731,2.369],[33.6764,2.371],[33.6769,2.3733],[33.686,2.3778],[33.6939,2.3888],[33.6971,2.3882],[33.7046,2.3923],[33.7052,2.3961],[33.7113,2.4015],[33.7121,2.4044],[33.7137,2.4049],[33.7132,2.4065],[33.7206,2.406],[33.7237,2.4114],[33.7279,2.4151],[33.7322,2.4164],[33.7328,2.4189],[34.2103,2.1219],[34.216,2.0681],[34.2153,2.0558],[34.2182,2.0309],[34.2179,2.0079],[34.2231,1.9866],[34.2243,1.9541],[34.2227,1.925],[34.2233,1.8832],[34.2213,1.8054],[34.2215,1.6429],[34.2283,1.6428],[34.2288,1.5643],[34.2594,1.5644],[34.2615,1.5614],[34.2667,1.5615],[34.2714,1.5525],[34.2709,1.5498],[34.2766,1.5492],[34.2801,1.5504],[34.2827,1.5495],[34.2961,1.5553],[34.2986,1.5575],[34.3033,1.5557],[34.3061,1.557],[34.3273,1.5537],[34.3293,1.5567],[34.3358,1.5609],[34.3386,1.5611],[34.3425,1.5658],[34.3416,1.5692],[34.3468,1.5705],[34.3566,1.566],[34.3617,1.5611],[34.3698,1.5665],[34.3724,1.565],[34.3747,1.566],[34.378,1.565],[34.3855,1.5681],[34.388,1.5668],[34.3932,1.5674],[34.3952,1.5667],[34.3932,1.5654],[34.3956,1.5651],[34.3982,1.5614],[34.4038,1.5595],[34.4062,1.5569],[34.4088,1.5582],[34.4136,1.5553],[34.4166,1.5565],[34.4184,1.5556],[34.4248,1.5576],[34.4261,1.561],[34.4299,1.5639],[34.4299,1.5655],[34.4317,1.5646],[34.4305,1.5667],[34.4328,1.5668],[34.4329,1.5698],[34.4341,1.5692],[34.4353,1.5707],[34.4333,1.5716],[34.4352,1.5714],[34.4359,1.5733],[34.4372,1.5723],[34.4394,1.5747],[34.442,1.5733],[34.4433,1.5749],[34.4445,1.5734],[34.4439,1.5747],[34.4468,1.5762],[34.4504,1.5737],[34.4526,1.575],[34.4531,1.5735],[34.4526,1.5757],[34.4541,1.5748],[34.4552,1.5768],[34.4552,1.5752],[34.4563,1.5768],[34.4573,1.5758],[34.4577,1.5777],[34.4589,1.5773],[34.4605,1.5794],[34.4592,1.5815],[34.4633,1.5813],[34.4632,1.5844],[34.4648,1.5842],[34.4633,1.5852],[34.4646,1.5852],[34.4643,1.5871],[34.4693,1.587],[34.4708,1.5879],[34.47,1.5891],[34.471,1.589],[34.4711,1.5906],[34.475,1.5888],[34.4744,1.5901],[34.4759,1.5892],[34.4779,1.5907],[34.4785,1.5889],[34.4813,1.5891],[34.4816,1.5878],[34.4832,1.5897],[34.4855,1.5889],[34.4854,1.5958],[34.4881,1.5947],[34.4879,1.5966],[34.4863,1.5971],[34.4885,1.6],[34.488,1.6017],[34.4943,1.6046],[34.4947,1.6036],[34.4969,1.6042],[34.4968,1.6023],[34.4988,1.6007],[34.4972,1.6003],[34.4986,1.5976],[34.4993,1.5988],[34.5006,1.5978],[34.5159,1.5986],[34.5152,1.6004],[34.5195,1.602],[34.5202,1.6009],[34.5208,1.6025],[34.5319,1.6003],[34.5445,1.6009],[34.5461,1.5983],[34.5455,1.5965],[34.5477,1.5967],[34.5479,1.5953],[34.5486,1.5966],[34.5491,1.5943],[34.5618,1.5908],[34.5679,1.5832],[34.5698,1.5838],[34.5743,1.5819],[34.5747,1.5832],[34.5777,1.5833],[34.5831,1.5862],[34.5849,1.5885],[34.5914,1.5857],[34.5925,1.5874],[34.5926,1.5821],[34.5979,1.5811],[34.6002,1.5789],[34.6049,1.5795],[34.6066,1.577],[34.6075,1.578],[34.6128,1.5765],[34.6171,1.5794],[34.6187,1.5755],[34.6218,1.5747],[34.6256,1.5622],[34.6246,1.5585],[34.63,1.5488],[34.636,1.5438],[34.6395,1.5425],[34.6444,1.5429],[34.6509,1.5379],[34.6546,1.5367],[34.6546,1.5347],[34.6581,1.5305],[34.6585,1.5264],[34.6611,1.5269],[34.6616,1.5251],[34.6634,1.5247],[34.6701,1.5246],[34.6694,1.5264],[34.6705,1.5278],[34.6748,1.5267],[34.676,1.5292],[34.6791,1.5306],[34.6856,1.5273],[34.6912,1.528],[34.6992,1.5269],[34.699,1.5235],[34.7007,1.5201],[34.6997,1.5147],[34.7023,1.5076],[34.701,1.5074],[34.7006,1.5049],[34.7021,1.5011],[34.706,1.4984],[34.7073,1.5003],[34.7118,1.4986],[34.7109,1.4961],[34.7123,1.4957],[34.7112,1.4944],[34.7131,1.4925],[34.711,1.4864],[34.713,1.486],[34.7116,1.4843],[34.7129,1.4814],[34.7117,1.4784],[34.7235,1.4746],[34.7262,1.4697],[34.7243,1.4673],[34.723,1.4694],[34.7203,1.4669],[34.7221,1.4634],[34.7208,1.4608],[34.7223,1.4547],[34.7183,1.448],[34.719,1.4423],[34.722,1.4405],[34.7233,1.4375],[34.7262,1.4396],[34.7291,1.4365],[34.7345,1.4347],[34.7345,1.4329],[34.7391,1.4269],[34.7391,1.4247],[34.7421,1.4243],[34.7436,1.4226],[34.7427,1.421],[34.7469,1.4189],[34.7464,1.4171],[34.75,1.4177],[34.7523,1.4158],[34.7504,1.4136],[34.7541,1.4124],[34.7556,1.409],[34.7597,1.4089],[34.7656,1.4009],[34.7683,1.3991],[34.7698,1.3997],[34.7714,1.3982],[34.7712,1.3963],[34.7781,1.3932],[34.7793,1.3904],[34.777,1.3841],[34.7775,1.3818],[34.782,1.3755],[34.7835,1.3686],[34.7871,1.3652]]]]}},{"type":"Feature","properties":{"name":"Eastern Region"},"geometry":{"type":"MultiPolygon","coordinates":[[[[33.6643,-0.1337],[33.6678,-0.134],[33.6729,-0.1316],[33.6757,-0.1278],[33.6825,-0.1265],[33.688,-0.1272],[33.6908,-0.1289],[33.6904,-0.1309],[33.6877,-0.133],[33.6897,-0.146],[33.7024,-0.1471],[33.7021,-0.1498],[33.7086,-0.1515],[33.7079,-0.1539],[33.7182,-0.1639],[33.7162,-0.1563],[33.7165,-0.1512],[33.7203,-0.1429],[33.7165,-0.1361],[33.723,-0.1289],[33.7282,-0.1261],[33.732,-0.1261],[33.7309,-0.1203],[33.7275,-0.1189],[33.7244,-0.112],[33.722,-0.1103],[33.7179,-0.1031],[33.7169,-0.0921],[33.7155,-0.0897],[33.7121,-0.0908],[33.7097,-0.0887],[33.7086,-0.1014],[33.7055,-0.1052],[33.6949,-0.1062],[33.6928,-0.1048],[33.6891,-0.1062],[33.6839,-0.1131],[33.6801,-0.1144],[33.6681,-0.1131],[33.665,-0.1158],[33.665,-0.121],[33.6674,-0.1189],[33.6719,-0.1217],[33.6688,-0.1285],[33.6643,-0.1337]]],[[[33.6376,-0.0178],[33.64,-0.0197],[33.641,-0.023],[33.6432,-0.0238],[33.6515,-0.0238],[33.6544,-0.0254],[33.6558,-0.0206],[33.6606,-0.02],[33.6669,-0.0224],[33.6695,-0.0266],[33.6727,-0.0269],[33.6686,-0.0175],[33.6722,-0.0042],[33.6743,-0.0025],[33.6774,-0.0024],[33.6786,-0.0005],[33.6782,0.0042],[33.6729,0.0042],[33.6697,0.0009],[33.6551,0.0034],[33.6547,-0.0036],[33.6489,-0.0061],[33.6472,-0.0116],[33.6439,-0.0123],[33.6376,-0.0178]]],[[[33.6304,0.021],[33.6318,0.0134],[33.6352,0.01],[33.6381,0.0118],[33.6379,0.0143],[33.6397,0.0162],[33.6451,0.0145],[33.6503,0.0174],[33.6511,0.0337],[33.6473,0.0395],[33.6447,0.0293],[33.6334,0.0257],[33.6327,0.0228],[33.6304,0.021]]],[[[33.6085,0.2888],[33.6094,0.2864],[33.6118,0.286],[33.6147,0.2814],[33.6178,0.2793],[33.6242,0.2878],[33.6182,0.2989],[33.6159,0.2975],[33.6134,0.292],[33.6085,0.2888]]],[[[33.5423,0.1382],[33.5437,0.1326],[33.5459,0.1309],[33.5471,0.1334],[33.5533,0.1331],[33.5569,0.1321],[33.5574,0.1286],[33.5639,0.1297],[33.5771,0.1228],[33.5794,0.1194],[33.579,0.1139],[33.5771,0.1128],[33.5771,0.1104],[33.5742,0.1089],[33.5751,0.1075],[33.5773,0.1091],[33.5792,0.1072],[33.584,0.1156],[33.5859,0.1161],[33.5881,0.1216],[33.5869,0.1315],[33.5852,0.1348],[33.5867,0.1537],[33.5807,0.1549],[33.5785,0.1487],[33.5763,0.1494],[33.5713,0.1551],[33.5656,0.1564],[33.5627,0.1504],[33.5658,0.1454],[33.5667,0.1403],[33.5656,0.1384],[33.5631,0.1375],[33.5605,0.1406],[33.5577,0.141],[33.5522,0.1382],[33.5476,0.1422],[33.5423,0.1382]]],[[[33.4491,0.2898],[33.4506,0.2845],[33.454,0.2819],[33.457,0.2816],[33.4571,0.2841],[33.4583,0.2824],[33.4635,0.2823],[33.4638,0.2843],[33.4692,0.2824],[33.471,0.2831],[33.4693,0.2855],[33.471,0.286],[33.4724,0.2845],[33.4795,0.2871],[33.4796,0.2857],[33.4853,0.2864],[33.4837,0.2835],[33.4868,0.2831],[33.4894,0.2787],[33.4915,0.2792],[33.4925,0.2817],[33.4913,0.2862],[33.4896,0.2862],[33.4901,0.2881],[33.4875,0.2902],[33.4848,0.2903],[33.4848,0.2891],[33.4832,0.2905],[33.4755,0.2902],[33.4757,0.289],[33.4738,0.2902],[33.4666,0.2902],[33.4674,0.2884],[33.465,0.2884],[33.4652,0.2896],[33.4491,0.2898]]],[[[32.8195,1.4777],[32.8357,1.3884],[32.8323,1.3753],[32.8413,1.3648],[32.8406,1.3609],[32.8361,1.3569],[32.8356,1.354],[32.8385,1.3488],[32.848,1.3395],[32.8479,1.3348],[32.8427,1.3275],[32.842,1.3226],[32.8535,1.313],[32.8582,1.2977],[32.8621,1.2969],[32.8706,1.298],[32.8805,1.2963],[32.883,1.2925],[32.8812,1.2861],[32.8875,1.2786],[32.8933,1.2842],[32.897,1.2839],[32.8987,1.2824],[32.9016,1.27],[32.9104,1.2656],[32.9207,1.2497],[32.9258,1.2314],[32.9325,1.225],[32.9335,1.2162],[32.9369,1.207],[32.9393,1.2026],[32.9433,1.1994],[32.9449,1.1758],[32.9435,1.1743],[32.9455,1.1735],[32.9471,1.1601],[32.9542,1.1404],[32.9494,1.1226],[32.9382,1.1018],[32.9339,1.0873],[32.9351,1.0528],[32.9321,1.0505],[32.9284,1.0399],[32.9318,1.0083],[32.9351,0.9999],[32.9403,0.9987],[32.9413,0.9967],[32.9399,0.9933],[32.9412,0.9818],[32.9473,0.9651],[32.9453,0.954],[32.9463,0.9457],[32.9506,0.9398],[32.961,0.938],[32.9643,0.928],[32.9627,0.9234],[32.9633,0.9189],[32.9662,0.9148],[32.9738,0.9096],[32.9745,0.9065],[32.9937,0.8844],[33.0008,0.8799],[33.0022,0.8745],[33.0016,0.8686],[33.0074,0.8606],[33.0067,0.8527],[33.0084,0.8486],[33.0182,0.8392],[33.0223,0.8384],[33.0273,0.8327],[33.0315,0.8125],[33.0347,0.8046],[33.0336,0.8012],[33.0361,0.7975],[33.0368,0.7899],[33.0414,0.7834],[33.0402,0.7756],[33.0477,0.7675],[33.0459,0.7613],[33.0492,0.7519],[33.0477,0.748],[33.0508,0.7403],[33.045,0.7349],[33.0456,0.7318],[33.0482,0.7293],[33.0514,0.7082],[33.0554,0.704],[33.0567,0.695],[33.0554,0.6822],[33.0487,0.6724],[33.0453,0.6565],[33.0425,0.6505],[33.044,0.6471],[33.0434,0.6412],[33.0479,0.6372],[33.0491,0.6324],[33.0538,0.6266],[33.0507,0.6208],[33.053,0.6164],[33.0507,0.6088],[33.0499,0.598],[33.0548,0.5971],[33.0562,0.5943],[33.0714,0.5835],[33.0711,0.5749],[33.0724,0.5694],[33.0759,0.5646],[33.0745,0.5592],[33.0808,0.5563],[33.08,0.5543],[33.0819,0.5493],[33.0884,0.5498],[33.0959,0.5384],[33.1044,0.5322],[33.1045,0.5299],[33.1093,0.528],[33.1101,0.5252],[33.1162,0.522],[33.1186,0.5186],[33.1227,0.5172],[33.128,0.513],[33.1284,0.5109],[33.134,0.5084],[33.1373,0.5039],[33.1362,0.4994],[33.1409,0.494],[33.144,0.4948],[33.1496,0.4924],[33.153,0.4877],[33.152,0.4844],[33.154,0.481],[33.159,0.4832],[33.1582,0.4797],[33.1597,0.4761],[33.1669,0.4706],[33.1741,0.4585],[33.1817,0.4539],[33.184,0.4445],[33.1926,0.4321],[33.1963,0.4154],[33.2076,0.4142],[33.2094,0.4156],[33.2128,0.4153],[33.2152,0.4115],[33.2187,0.4139],[33.2214,0.4188],[33.2241,0.4184],[33.2271,0.4122],[33.2295,0.4115],[33.2326,0.4171],[33.2318,0.421],[33.234,0.4242],[33.2322,0.4258],[33.2333,0.4261],[33.2347,0.4329],[33.2388,0.4339],[33.2413,0.4371],[33.2458,0.4394],[33.2519,0.4387],[33.2539,0.4417],[33.249,0.4498],[33.2486,0.4562],[33.2502,0.4607],[33.2575,0.4616],[33.261,0.4599],[33.2635,0.462],[33.2728,0.4642],[33.2731,0.4664],[33.2753,0.4677],[33.2758,0.4722],[33.2836,0.4757],[33.2866,0.4754],[33.2894,0.4731],[33.2908,0.4692],[33.2875,0.4593],[33.2831,0.4533],[33.2841,0.45],[33.2893,0.4473],[33.2914,0.4446],[33.2925,0.4395],[33.2944,0.439],[33.2934,0.437],[33.2955,0.4353],[33.303,0.434],[33.3034,0.4324],[33.3086,0.431],[33.3122,0.4277],[33.3077,0.4218],[33.3125,0.4203],[33.3121,0.4183],[33.3164,0.4191],[33.3233,0.426],[33.3237,0.4274],[33.318,0.4327],[33.3204,0.4338],[33.3213,0.4362],[33.3286,0.4381],[33.3307,0.4344],[33.333,0.4346],[33.3327,0.441],[33.3352,0.4432],[33.3473,0.4441],[33.354,0.4479],[33.3584,0.4486],[33.3643,0.4549],[33.3653,0.4591],[33.361,0.4663],[33.3595,0.4642],[33.3548,0.4652],[33.3505,0.4692],[33.356,0.4767],[33.3596,0.4747],[33.3613,0.4711],[33.3661,0.473],[33.3665,0.4777],[33.3612,0.4857],[33.3647,0.4905],[33.3675,0.4889],[33.3682,0.4857],[33.3703,0.4848],[33.375,0.4848],[33.3798,0.4887],[33.3912,0.4869],[33.4013,0.4824],[33.4041,0.4721],[33.4015,0.4692],[33.3929,0.4702],[33.3868,0.468],[33.3845,0.4635],[33.3859,0.4591],[33.3778,0.4601],[33.3739,0.4524],[33.3689,0.4477],[33.3655,0.4381],[33.3612,0.4333],[33.361,0.4199],[33.3564,0.418],[33.3538,0.4201],[33.3523,0.422],[33.3536,0.4261],[33.3524,0.4275],[33.3452,0.4177],[33.3468,0.4127],[33.3438,0.4107],[33.3442,0.4079],[33.3495,0.4064],[33.3572,0.3964],[33.3603,0.3949],[33.3631,0.3959],[33.3622,0.3875],[33.3662,0.3858],[33.3677,0.3813],[33.3624,0.3803],[33.3553,0.3829],[33.3538,0.3865],[33.3469,0.3887],[33.3483,0.3851],[33.3474,0.3811],[33.3447,0.3782],[33.3414,0.3851],[33.3359,0.3842],[33.3356,0.3772],[33.3322,0.3727],[33.3246,0.3751],[33.3227,0.3861],[33.3183,0.3861],[33.3174,0.3779],[33.3133,0.3762],[33.3073,0.3667],[33.3087,0.3612],[33.3126,0.3645],[33.3188,0.3669],[33.319,0.3698],[33.3214,0.3713],[33.3255,0.3715],[33.3275,0.3696],[33.3286,0.3677],[33.3174,0.3506],[33.3167,0.3482],[33.319,0.3473],[33.3251,0.3518],[33.3253,0.3556],[33.3272,0.3586],[33.3347,0.3631],[33.3416,0.3641],[33.349,0.3595],[33.354,0.3662],[33.3619,0.3669],[33.3729,0.3556],[33.3725,0.3528],[33.3638,0.3465],[33.3607,0.3422],[33.3603,0.3315],[33.3583,0.3303],[33.3608,0.3271],[33.3696,0.3277],[33.3783,0.3307],[33.3795,0.336],[33.3826,0.3372],[33.3909,0.3336],[33.3912,0.3317],[33.395,0.33],[33.3943,0.3281],[33.3971,0.3269],[33.4007,0.3265],[33.3998,0.3315],[33.4017,0.3324],[33.4039,0.3314],[33.4077,0.3265],[33.4089,0.3217],[33.4141,0.3187],[33.4211,0.3168],[33.4274,0.3217],[33.4312,0.3305],[33.4309,0.3336],[33.4254,0.3418],[33.431,0.3449],[33.4319,0.3477],[33.4482,0.3518],[33.4463,0.3538],[33.4412,0.3684],[33.4489,0.3645],[33.4513,0.3588],[33.4565,0.3592],[33.4587,0.3616],[33.4602,0.3554],[33.4649,0.3592],[33.4623,0.3626],[33.4635,0.3667],[33.4661,0.3681],[33.4762,0.3621],[33.4882,0.3595],[33.4844,0.3571],[33.4767,0.3585],[33.4743,0.3576],[33.4738,0.3552],[33.4678,0.3542],[33.4638,0.3502],[33.4635,0.3477],[33.4602,0.348],[33.4601,0.3422],[33.4638,0.3362],[33.463,0.3348],[33.4573,0.3398],[33.451,0.3386],[33.4542,0.3324],[33.4618,0.3288],[33.4681,0.3216],[33.4654,0.3135],[33.4692,0.3101],[33.4728,0.3111],[33.4741,0.3145],[33.4726,0.3233],[33.4738,0.3262],[33.4757,0.3265],[33.4774,0.3248],[33.4781,0.3185],[33.48,0.3168],[33.4839,0.3162],[33.4892,0.3188],[33.4942,0.3193],[33.4947,0.3171],[33.5004,0.3145],[33.4994,0.3128],[33.4915,0.3116],[33.4868,0.3092],[33.4868,0.2963],[33.4918,0.2972],[33.5045,0.2956],[33.5059,0.2993],[33.5076,0.2991],[33.5083,0.2975],[33.5037,0.2915],[33.5045,0.2864],[33.5062,0.2823],[33.5129,0.2816],[33.5158,0.279],[33.5131,0.2783],[33.5122,0.2745],[33.5057,0.275],[33.5013,0.2737],[33.5009,0.2668],[33.4959,0.2656],[33.4916,0.2668],[33.4886,0.2629],[33.4863,0.2627],[33.4853,0.2728],[33.48,0.2773],[33.4762,0.2787],[33.4719,0.2778],[33.4721,0.2749],[33.4683,0.2744],[33.4661,0.2696],[33.4611,0.266],[33.4601,0.2666],[33.4613,0.2735],[33.4585,0.2757],[33.4544,0.2764],[33.4499,0.2713],[33.4515,0.2673],[33.4472,0.2639],[33.4465,0.2601],[33.4412,0.2651],[33.4432,0.2701],[33.4417,0.2726],[33.4427,0.2757],[33.445,0.2757],[33.4453,0.2787],[33.4429,0.2787],[33.4455,0.2823],[33.4443,0.2833],[33.4335,0.2838],[33.4331,0.2805],[33.4359,0.2797],[33.4383,0.2759],[33.4367,0.2726],[33.4333,0.272],[33.4314,0.2738],[33.4329,0.2766],[33.4321,0.2797],[33.4252,0.2792],[33.4223,0.2809],[33.4204,0.2866],[33.4149,0.2848],[33.413,0.2871],[33.4104,0.2876],[33.4019,0.2841],[33.4101,0.279],[33.4177,0.2768],[33.4218,0.2735],[33.4213,0.2708],[33.4178,0.2713],[33.4178,0.2673],[33.4232,0.2637],[33.431,0.2635],[33.4317,0.2617],[33.429,0.2599],[33.4298,0.2577],[33.4362,0.2512],[33.4396,0.2496],[33.453,0.2484],[33.4532,0.2443],[33.4374,0.2426],[33.435,0.239],[33.4304,0.2433],[33.4256,0.2416],[33.4268,0.2323],[33.4285,0.2289],[33.4304,0.2282],[33.431,0.2215],[33.4381,0.2189],[33.4381,0.2163],[33.4429,0.216],[33.4419,0.2179],[33.4436,0.2194],[33.4489,0.2206],[33.4516,0.2199],[33.4547,0.2148],[33.4597,0.2177],[33.4649,0.2141],[33.4635,0.2076],[33.4717,0.2047],[33.4757,0.2012],[33.4748,0.1959],[33.4776,0.193],[33.4769,0.187],[33.4822,0.182],[33.4813,0.1805],[33.4853,0.1775],[33.4877,0.1772],[33.4887,0.1825],[33.4862,0.1866],[33.4846,0.1959],[33.4896,0.2002],[33.4896,0.2072],[33.4944,0.2134],[33.4935,0.217],[33.4963,0.2198],[33.4999,0.2208],[33.5016,0.2112],[33.498,0.2083],[33.4987,0.2011],[33.4975,0.1975],[33.4995,0.1935],[33.5064,0.1906],[33.5092,0.1925],[33.5146,0.1921],[33.515,0.1952],[33.5174,0.1949],[33.5208,0.2009],[33.5248,0.2026],[33.5273,0.2014],[33.528,0.1963],[33.5273,0.1935],[33.5248,0.1925],[33.5244,0.1892],[33.5263,0.1841],[33.5255,0.1815],[33.5224,0.1815],[33.5229,0.1765],[33.52,0.1748],[33.5174,0.1698],[33.5205,0.1681],[33.5258,0.1686],[33.5268,0.176],[33.5292,0.1777],[33.5347,0.1927],[33.5404,0.1987],[33.5394,0.2011],[33.5406,0.2033],[33.5471,0.2005],[33.5486,0.1966],[33.5517,0.1954],[33.5502,0.1932],[33.5462,0.193],[33.5449,0.1897],[33.5457,0.1794],[33.5445,0.177],[33.5411,0.1765],[33.5433,0.1751],[33.5437,0.1722],[33.5526,0.1781],[33.5569,0.1739],[33.5625,0.1729],[33.5656,0.17],[33.567,0.1724],[33.5687,0.1724],[33.5701,0.1777],[33.5739,0.1775],[33.5752,0.1791],[33.5713,0.187],[33.5694,0.1887],[33.5673,0.1878],[33.5658,0.1894],[33.5665,0.1915],[33.5643,0.1932],[33.5649,0.1968],[33.5677,0.1993],[33.5697,0.1993],[33.5718,0.2024],[33.5792,0.2071],[33.5855,0.2064],[33.5912,0.2004],[33.5926,0.2031],[33.5962,0.2052],[33.6025,0.2055],[33.6039,0.2084],[33.6034,0.2138],[33.6048,0.2157],[33.6108,0.2167],[33.6166,0.2203],[33.619,0.2189],[33.6243,0.2199],[33.6252,0.2186],[33.6267,0.2205],[33.6281,0.2232],[33.6231,0.2254],[33.623,0.2376],[33.6164,0.2503],[33.6221,0.2565],[33.6271,0.2575],[33.6254,0.2593],[33.623,0.2593],[33.6209,0.2646],[33.6221,0.2742],[33.6123,0.28],[33.6109,0.2845],[33.6087,0.2859],[33.6075,0.289],[33.6137,0.2956],[33.6144,0.2993],[33.6128,0.3049],[33.6106,0.3075],[33.6072,0.3087],[33.6067,0.3077],[33.6065,0.3121],[33.6015,0.3161],[33.5965,0.3152],[33.5952,0.3128],[33.5941,0.3174],[33.5883,0.3207],[33.5962,0.3211],[33.5979,0.3238],[33.6025,0.3212],[33.6103,0.3235],[33.6171,0.3202],[33.623,0.3202],[33.6231,0.3168],[33.6255,0.3162],[33.6276,0.3173],[33.6314,0.3248],[33.6389,0.3255],[33.6417,0.3211],[33.6401,0.3197],[33.6412,0.3162],[33.6439,0.3147],[33.6449,0.3065],[33.6487,0.3085],[33.6532,0.3183],[33.6588,0.3176],[33.6594,0.3118],[33.6616,0.3087],[33.6707,0.3073],[33.6721,0.3054],[33.6746,0.3058],[33.676,0.3109],[33.6722,0.3128],[33.6791,0.3154],[33.6806,0.3207],[33.6853,0.3207],[33.6849,0.3195],[33.6884,0.3188],[33.688,0.3162],[33.6908,0.3171],[33.6909,0.3209],[33.6956,0.3228],[33.6964,0.3245],[33.7064,0.3264],[33.7114,0.3228],[33.7112,0.3181],[33.7097,0.3157],[33.7165,0.3164],[33.7179,0.3152],[33.7206,0.3162],[33.7266,0.3138],[33.7292,0.3149],[33.7284,0.3224],[33.7304,0.3228],[33.7333,0.3221],[33.7356,0.3185],[33.7416,0.3162],[33.7454,0.3214],[33.7469,0.3199],[33.7472,0.3142],[33.751,0.3106],[33.7584,0.3154],[33.7663,0.3132],[33.7697,0.314],[33.7658,0.3109],[33.7658,0.3066],[33.7641,0.3078],[33.7567,0.308],[33.7512,0.3051],[33.7507,0.3008],[33.749,0.2999],[33.7366,0.3056],[33.7351,0.3018],[33.7406,0.2989],[33.7416,0.2963],[33.74,0.295],[33.7261,0.2986],[33.7249,0.2938],[33.7275,0.286],[33.716,0.2936],[33.7141,0.2821],[33.709,0.2824],[33.7042,0.2878],[33.7024,0.2872],[33.7012,0.285],[33.7028,0.2809],[33.6963,0.2733],[33.6959,0.2706],[33.6896,0.2708],[33.6918,0.2682],[33.6916,0.2654],[33.6896,0.2613],[33.6867,0.2596],[33.6873,0.2581],[33.6885,0.2591],[33.6921,0.2584],[33.6937,0.2567],[33.6949,0.2579],[33.6973,0.2572],[33.7002,0.2639],[33.7076,0.2651],[33.7086,0.2665],[33.7124,0.2663],[33.7145,0.2646],[33.7145,0.2627],[33.7188,0.2615],[33.7239,0.2563],[33.7282,0.2579],[33.7315,0.2565],[33.7357,0.2584],[33.7385,0.2569],[33.7385,0.2526],[33.7435,0.2527],[33.7432,0.2512],[33.7414,0.2512],[33.7426,0.2467],[33.7378,0.2412],[33.732,0.2402],[33.7306,0.2428],[33.7266,0.2416],[33.7261,0.2397],[33.7278,0.2373],[33.7196,0.2206],[33.7217,0.221],[33.7241,0.2179],[33.7218,0.2127],[33.7186,0.2112],[33.7167,0.2126],[33.7093,0.21],[33.7047,0.2054],[33.7052,0.1961],[33.7097,0.1916],[33.7112,0.1873],[33.7193,0.1839],[33.7201,0.186],[33.7248,0.1858],[33.7285,0.192],[33.7321,0.1921],[33.7366,0.1892],[33.7366,0.187],[33.7412,0.192],[33.744,0.1933],[33.7469,0.1928],[33.7521,0.1789],[33.7565,0.1782],[33.7586,0.1827],[33.7593,0.1896],[33.763,0.1947],[33.7673,0.1969],[33.7732,0.1927],[33.7727,0.1899],[33.7783,0.1858],[33.7812,0.188],[33.7819,0.1937],[33.7855,0.1969],[33.7855,0.2023],[33.7814,0.2045],[33.7778,0.2014],[33.7757,0.2096],[33.7697,0.2127],[33.7778,0.2167],[33.7807,0.2151],[33.7864,0.2186],[33.7924,0.2172],[33.7939,0.2194],[33.7847,0.2308],[33.785,0.2326],[33.7876,0.2337],[33.7886,0.2405],[33.7874,0.2424],[33.7895,0.2464],[33.7914,0.2431],[33.7941,0.2417],[33.7987,0.2316],[33.8048,0.2309],[33.807,0.2284],[33.8094,0.2284],[33.8065,0.2234],[33.807,0.2165],[33.8099,0.2155],[33.8118,0.2167],[33.818,0.2139],[33.8183,0.2121],[33.8113,0.2066],[33.8092,0.2066],[33.8039,0.2],[33.8063,0.1999],[33.8092,0.1971],[33.8183,0.1854],[33.8187,0.1825],[33.8073,0.1748],[33.8089,0.1691],[33.8133,0.1638],[33.8145,0.1594],[33.8139,0.1544],[33.8121,0.1539],[33.8102,0.1485],[33.8084,0.1482],[33.8075,0.1454],[33.8114,0.14],[33.8151,0.142],[33.8231,0.1427],[33.8245,0.1453],[33.8236,0.1503],[33.8329,0.1606],[33.8348,0.1726],[33.83,0.1717],[33.832,0.177],[33.8296,0.1829],[33.8307,0.1901],[33.8278,0.1964],[33.8231,0.2021],[33.8238,0.2086],[33.8262,0.2043],[33.832,0.2007],[33.8369,0.2028],[33.8393,0.209],[33.8434,0.2],[33.8382,0.199],[33.8399,0.1944],[33.8432,0.1935],[33.8468,0.189],[33.8566,0.1834],[33.8635,0.1733],[33.8736,0.1657],[33.8767,0.1607],[33.8787,0.1624],[33.8832,0.1628],[33.8882,0.1683],[33.8932,0.169],[33.8957,0.1679],[33.9012,0.177],[33.8978,0.1827],[33.8966,0.1908],[33.9016,0.1973],[33.905,0.1985],[33.9138,0.1968],[33.916,0.1951],[33.9167,0.192],[33.9205,0.1918],[33.9235,0.1899],[33.9275,0.1927],[33.9237,0.2066],[33.921,0.2103],[33.921,0.2134],[33.9217,0.2162],[33.9242,0.2179],[33.9309,0.2191],[33.929,0.2217],[33.9287,0.2256],[33.9242,0.2297],[33.923,0.2356],[33.9271,0.2304],[33.9409,0.2273],[33.9462,0.2217],[33.9488,0.2239],[33.9502,0.2294],[33.9529,0.2311],[33.9656,0.2316],[33.9675,0.2405],[33.963,0.2436],[33.9582,0.244],[33.9613,0.2496],[33.9651,0.2445],[33.9702,0.2459],[33.9761,0.2582],[33.9749,0.2658],[33.9768,0.2642],[33.9845,0.2634],[33.9867,0.2618],[33.9868,0.2598],[33.9895,0.2587],[33.9893,0.2538],[33.9869,0.2493],[33.9877,0.2426],[33.9895,0.2404],[33.992,0.2395],[33.9938,0.2424],[33.9953,0.2421],[34.0032,0.2369],[34.0089,0.2451],[34.0229,0.2567],[34.0219,0.2613],[34.0258,0.2693],[34.0277,0.2706],[34.0291,0.2692],[34.0378,0.2727],[34.0381,0.2756],[34.0395,0.2751],[34.0421,0.2782],[34.0399,0.2812],[34.0409,0.2827],[34.0401,0.2861],[34.0428,0.2883],[34.0423,0.2925],[34.048,0.2936],[34.05,0.2967],[34.0483,0.3035],[34.0489,0.3053],[34.0514,0.3064],[34.0505,0.3087],[34.054,0.309],[34.0604,0.3134],[34.0583,0.3153],[34.0579,0.3212],[34.0563,0.3238],[34.0582,0.3252],[34.06,0.3237],[34.0647,0.326],[34.0718,0.3251],[34.0738,0.3272],[34.0733,0.3284],[34.0746,0.3283],[34.0743,0.33],[34.0751,0.329],[34.0784,0.3318],[34.081,0.3315],[34.0804,0.3328],[34.0817,0.3327],[34.0802,0.3355],[34.0819,0.3356],[34.0809,0.3369],[34.084,0.3365],[34.0851,0.3397],[34.0893,0.3425],[34.0903,0.345],[34.0914,0.3445],[34.0915,0.3464],[34.094,0.3462],[34.099,0.3498],[34.0974,0.3546],[34.0985,0.3547],[34.0986,0.3576],[34.1022,0.3613],[34.1027,0.364],[34.1079,0.3694],[34.1086,0.3809],[34.1004,0.4139],[34.09,0.4269],[34.0895,0.4387],[34.0916,0.4425],[34.0884,0.4562],[34.0954,0.461],[34.1118,0.4784],[34.1195,0.4834],[34.1175,0.4929],[34.1189,0.4966],[34.1178,0.5112],[34.123,0.5172],[34.1204,0.5216],[34.1161,0.5231],[34.1261,0.5393],[34.1275,0.5585],[34.1382,0.5829],[34.1427,0.5804],[34.1434,0.5817],[34.1447,0.5809],[34.1452,0.5829],[34.1489,0.5833],[34.1481,0.5848],[34.1494,0.5857],[34.1539,0.5845],[34.1537,0.5883],[34.1572,0.5895],[34.1571,0.5911],[34.1594,0.5916],[34.1599,0.5934],[34.1611,0.5929],[34.1601,0.5943],[34.162,0.5947],[34.1622,0.5967],[34.164,0.5955],[34.1667,0.6],[34.1717,0.5997],[34.1708,0.6017],[34.1724,0.6013],[34.1726,0.6025],[34.174,0.6009],[34.1753,0.6053],[34.1764,0.6038],[34.1789,0.6067],[34.1815,0.6047],[34.1831,0.6054],[34.1835,0.6037],[34.1855,0.605],[34.1865,0.6039],[34.1876,0.6068],[34.1847,0.6097],[34.1859,0.6111],[34.1877,0.6108],[34.188,0.6123],[34.1897,0.6121],[34.1894,0.6136],[34.1919,0.6132],[34.19,0.616],[34.1924,0.6162],[34.1919,0.6201],[34.1932,0.6185],[34.1939,0.6197],[34.1943,0.6178],[34.197,0.6184],[34.1955,0.62],[34.1969,0.6209],[34.1964,0.6228],[34.1979,0.6248],[34.199,0.6238],[34.2003,0.626],[34.2036,0.622],[34.206,0.6222],[34.2062,0.6253],[34.2078,0.6259],[34.212,0.6226],[34.2155,0.6235],[34.2165,0.6221],[34.2174,0.6272],[34.2194,0.6276],[34.2208,0.6301],[34.2249,0.6295],[34.2296,0.6253],[34.2338,0.6276],[34.2362,0.6256],[34.2362,0.6269],[34.2404,0.6287],[34.2413,0.6329],[34.2484,0.6288],[34.2518,0.6287],[34.2579,0.6326],[34.258,0.6341],[34.2613,0.635],[34.2614,0.637],[34.2666,0.6378],[34.2677,0.6366],[34.27,0.6396],[34.2723,0.6376],[34.271,0.6398],[34.2726,0.6408],[34.2734,0.6388],[34.2739,0.6401],[34.2777,0.6401],[34.2773,0.6428],[34.2798,0.6456],[34.2782,0.6465],[34.2799,0.6488],[34.2782,0.6518],[34.2796,0.6525],[34.2792,0.6545],[34.2769,0.6558],[34.2795,0.6571],[34.2802,0.6561],[34.2784,0.6608],[34.2802,0.6613],[34.2803,0.6645],[34.2816,0.6634],[34.2815,0.6661],[34.2803,0.6655],[34.2799,0.6691],[34.2782,0.6704],[34.2787,0.6794],[34.282,0.68],[34.2837,0.6822],[34.2857,0.6801],[34.2878,0.6804],[34.2898,0.6818],[34.2885,0.6829],[34.2938,0.6841],[34.2938,0.6864],[34.2958,0.6844],[34.2949,0.6882],[34.2976,0.6878],[34.2987,0.691],[34.3009,0.6899],[34.3035,0.6909],[34.3081,0.695],[34.3126,0.6942],[34.3142,0.698],[34.3098,0.7056],[34.3105,0.7126],[34.3079,0.7167],[34.3077,0.7216],[34.3098,0.7258],[34.3078,0.7292],[34.3116,0.7455],[34.3103,0.7475],[34.3124,0.7537],[34.3136,0.7537],[34.3132,0.7565],[34.3153,0.7582],[34.3141,0.7593],[34.3148,0.7616],[34.3183,0.7624],[34.3192,0.765],[34.3228,0.7638],[34.3222,0.7653],[34.3283,0.7665],[34.3351,0.7659],[34.3381,0.7679],[34.3376,0.7689],[34.3426,0.7689],[34.346,0.7722],[34.3548,0.7716],[34.3548,0.7738],[34.3581,0.7743],[34.3595,0.7761],[34.3616,0.7741],[34.3648,0.779],[34.367,0.7796],[34.3678,0.7784],[34.3731,0.7833],[34.3725,0.7879],[34.3748,0.7885],[34.3771,0.7939],[34.3797,0.7953],[34.3816,0.7899],[34.3841,0.7901],[34.3844,0.7989],[34.3856,0.801],[34.392,0.8031],[34.3926,0.8008],[34.3952,0.8024],[34.3954,0.7996],[34.4017,0.8031],[34.4125,0.8066],[34.4149,0.8089],[34.411,0.8133],[34.4141,0.8152],[34.4144,0.8172],[34.4094,0.8208],[34.4092,0.825],[34.4067,0.8246],[34.4065,0.8259],[34.4092,0.8274],[34.4096,0.8296],[34.4161,0.8324],[34.4142,0.8343],[34.4148,0.8397],[34.4159,0.8406],[34.418,0.8394],[34.4215,0.8431],[34.4213,0.8473],[34.4227,0.8469],[34.4233,0.8484],[34.4306,0.8521],[34.4335,0.8518],[34.4333,0.8553],[34.4399,0.8565],[34.4461,0.8634],[34.4468,0.8792],[34.4517,0.8911],[34.4505,0.9003],[34.4563,0.9035],[34.4586,0.9079],[34.4642,0.9117],[34.4791,0.9375],[34.4793,0.9448],[34.4825,0.9549],[34.4827,0.961],[34.4893,0.9828],[34.488,0.9893],[34.4886,0.9982],[34.487,1.0005],[34.4887,1.0177],[34.4917,1.0263],[34.4911,1.0318],[34.4932,1.0427],[34.497,1.0542],[34.4997,1.0577],[34.499,1.0618],[34.5025,1.0705],[34.5082,1.0775],[34.5137,1.0815],[34.5223,1.1023],[34.5262,1.1041],[34.5269,1.107],[34.575,1.0986],[34.579,1.1497],[34.6094,1.1582],[34.6143,1.161],[34.6206,1.1676],[34.6361,1.1717],[34.6405,1.1758],[34.6488,1.1791],[34.6508,1.1817],[34.655,1.1838],[34.6569,1.1879],[34.6634,1.1923],[34.6696,1.2081],[34.6955,1.2133],[34.7007,1.2159],[34.7105,1.2151],[34.7204,1.2177],[34.7388,1.2192],[34.7427,1.2208],[34.7496,1.2197],[34.7572,1.2227],[34.7694,1.2194],[34.7787,1.2222],[34.7752,1.2237],[34.7826,1.2249],[34.7865,1.2228],[34.7952,1.2231],[34.8052,1.2306],[34.8084,1.2376],[34.8114,1.2408],[34.8107,1.2428],[34.815,1.2484],[34.8133,1.2484],[34.8184,1.2506],[34.8178,1.2556],[34.8199,1.2629],[34.8248,1.2645],[34.8314,1.2707],[34.829,1.2749],[34.8284,1.2865],[34.8282,1.2966],[34.83,1.3043],[34.8286,1.3105],[34.8087,1.3354],[34.7909,1.3621],[34.7871,1.3652],[34.7835,1.3686],[34.782,1.3755],[34.7775,1.3818],[34.777,1.3841],[34.7793,1.3904],[34.7781,1.3932],[34.7712,1.3963],[34.7714,1.3982],[34.7698,1.3997],[34.7683,1.3991],[34.7656,1.4009],[34.7597,1.4089],[34.7556,1.409],[34.7541,1.4124],[34.7504,1.4136],[34.7523,1.4158],[34.75,1.4177],[34.7464,1.4171],[34.7469,1.4189],[34.7427,1.421],[34.7436,1.4226],[34.7421,1.4243],[34.7391,1.4247],[34.7391,1.4269],[34.7345,1.4329],[34.7345,1.4347],[34.7291,1.4365],[34.7262,1.4396],[34.7233,1.4375],[34.722,1.4405],[34.719,1.4423],[34.7183,1.448],[34.7223,1.4547],[34.7208,1.4608],[34.7221,1.4634],[34.7203,1.4669],[34.723,1.4694],[34.7243,1.4673],[34.7262,1.4697],[34.7235,1.4746],[34.7117,1.4784],[34.7129,1.4814],[34.7116,1.4843],[34.713,1.486],[34.711,1.4864],[34.7131,1.4925],[34.7112,1.4944],[34.7123,1.4957],[34.7109,1.4961],[34.7118,1.4986],[34.7073,1.5003],[34.706,1.4984],[34.7021,1.5011],[34.7006,1.5049],[34.701,1.5074],[34.7023,1.5076],[34.6997,1.5147],[34.7007,1.5201],[34.699,1.5235],[34.6992,1.5269],[34.6912,1.528],[34.6856,1.5273],[34.6791,1.5306],[34.676,1.5292],[34.6748,1.5267],[34.6705,1.5278],[34.6694,1.5264],[34.6701,1.5246],[34.6634,1.5247],[34.6616,1.5251],[34.6611,1.5269],[34.6585,1.5264],[34.6581,1.5305],[34.6546,1.5347],[34.6546,1.5367],[34.6509,1.5379],[34.6444,1.5429],[34.6395,1.5425],[34.636,1.5438],[34.63,1.5488],[34.6246,1.5585],[34.6256,1.5622],[34.6218,1.5747],[34.6187,1.5755],[34.6171,1.5794],[34.6128,1.5765],[34.6075,1.578],[34.6066,1.577],[34.6049,1.5795],[34.6002,1.5789],[34.5979,1.5811],[34.5926,1.5821],[34.5925,1.5874],[34.5914,1.5857],[34.5849,1.5885],[34.5831,1.5862],[34.5777,1.5833],[34.5747,1.5832],[34.5743,1.5819],[34.5698,1.5838],[34.5679,1.5832],[34.5618,1.5908],[34.5491,1.5943],[34.5486,1.5966],[34.5479,1.5953],[34.5477,1.5967],[34.5455,1.5965],[34.5461,1.5983],[34.5445,1.6009],[34.5319,1.6003],[34.5208,1.6025],[34.5202,1.6009],[34.5195,1.602],[34.5152,1.6004],[34.5159,1.5986],[34.5006,1.5978],[34.4993,1.5988],[34.4986,1.5976],[34.4972,1.6003],[34.4988,1.6007],[34.4968,1.6023],[34.4969,1.6042],[34.4947,1.6036],[34.4943,1.6046],[34.488,1.6017],[34.4885,1.6],[34.4863,1.5971],[34.4879,1.5966],[34.4881,1.5947],[34.4854,1.5958],[34.4855,1.5889],[34.4832,1.5897],[34.4816,1.5878],[34.4813,1.5891],[34.4785,1.5889],[34.4779,1.5907],[34.4759,1.5892],[34.4744,1.5901],[34.475,1.5888],[34.4711,1.5906],[34.471,1.589],[34.47,1.5891],[34.4708,1.5879],[34.4693,1.587],[34.4643,1.5871],[34.4646,1.5852],[34.4633,1.5852],[34.4648,1.5842],[34.4632,1.5844],[34.4633,1.5813],[34.4592,1.5815],[34.4605,1.5794],[34.4589,1.5773],[34.4577,1.5777],[34.4573,1.5758],[34.4563,1.5768],[34.4552,1.5752],[34.4552,1.5768],[34.4541,1.5748],[34.4526,1.5757],[34.4531,1.5735],[34.4526,1.575],[34.4504,1.5737],[34.4468,1.5762],[34.4439,1.5747],[34.4445,1.5734],[34.4433,1.5749],[34.442,1.5733],[34.4394,1.5747],[34.4372,1.5723],[34.4359,1.5733],[34.4352,1.5714],[34.4333,1.5716],[34.4353,1.5707],[34.4341,1.5692],[34.4329,1.5698],[34.4328,1.5668],[34.4305,1.5667],[34.4317,1.5646],[34.4299,1.5655],[34.4299,1.5639],[34.4261,1.561],[34.4248,1.5576],[34.4184,1.5556],[34.4166,1.5565],[34.4136,1.5553],[34.4088,1.5582],[34.4062,1.5569],[34.4038,1.5595],[34.3982,1.5614],[34.3956,1.5651],[34.3932,1.5654],[34.3952,1.5667],[34.3932,1.5674],[34.388,1.5668],[34.3855,1.5681],[34.378,1.565],[34.3747,1.566],[34.3724,1.565],[34.3698,1.5665],[34.3617,1.5611],[34.3566,1.566],[34.3468,1.5705],[34.3416,1.5692],[34.3425,1.5658],[34.3386,1.5611],[34.3358,1.5609],[34.3293,1.5567],[34.3273,1.5537],[34.3061,1.557],[34.3033,1.5557],[34.2986,1.5575],[34.2961,1.5553],[34.2827,1.5495],[34.2801,1.5504],[34.2766,1.5492],[34.2709,1.5498],[34.2714,1.5525],[34.2667,1.5615],[34.2615,1.5614],[34.2594,1.5644],[34.2288,1.5643],[34.2283,1.6428],[34.2215,1.6429],[34.2213,1.8054],[34.2233,1.8832],[34.2227,1.925],[34.2243,1.9541],[34.2231,1.9866],[34.2179,2.0079],[34.2182,2.0309],[34.2153,2.0558],[34.216,2.0681],[34.2103,2.1219],[33.7328,2.4189],[33.7322,2.4164],[33.7279,2.4151],[33.7237,2.4114],[33.7206,2.406],[33.7132,2.4065],[33.7137,2.4049],[33.7121,2.4044],[33.7113,2.4015],[33.7052,2.3961],[33.7046,2.3923],[33.6971,2.3882],[33.6939,2.3888],[33.686,2.3778],[33.6769,2.3733],[33.6764,2.371],[33.6731,2.369],[33.6715,2.363],[33.6699,2.3623],[33.672,2.3576],[33.6566,2.3566],[33.6481,2.3583],[33.6374,2.3579],[33.6311,2.3604],[33.6306,2.3579],[33.6231,2.3538],[33.6233,2.3513],[33.6213,2.3485],[33.6234,2.3472],[33.6218,2.344],[33.6199,2.3434],[33.6204,2.3423],[33.6177,2.3412],[33.6158,2.3426],[33.6149,2.3384],[33.6109,2.3364],[33.6071,2.3366],[33.6052,2.3389],[33.6054,2.3377],[33.5995,2.3342],[33.5944,2.3339],[33.5922,2.3314],[33.5903,2.3333],[33.5892,2.3323],[33.5864,2.3333],[33.5819,2.3296],[33.5781,2.3358],[33.576,2.3344],[33.569,2.3383],[33.566,2.3371],[33.5664,2.3439],[33.5643,2.3446],[33.5639,2.3485],[33.5611,2.3511],[33.562,2.3532],[33.5599,2.3527],[33.5598,2.3549],[33.5574,2.3556],[33.5565,2.354],[33.5551,2.3562],[33.5526,2.356],[33.5516,2.3577],[33.5456,2.3573],[33.5446,2.3586],[33.5436,2.3574],[33.5353,2.3595],[33.5338,2.3556],[33.5432,2.332],[33.5413,2.3217],[33.5436,2.3122],[33.5433,2.3049],[33.5473,2.29],[33.5456,2.2833],[33.5094,2.2573],[33.5031,2.2503],[33.5001,2.2496],[33.4995,2.2459],[33.4905,2.2323],[33.4878,2.2326],[33.4885,2.2336],[33.4851,2.2367],[33.4812,2.2358],[33.4786,2.2377],[33.4743,2.2371],[33.4727,2.2387],[33.4716,2.2377],[33.4692,2.2403],[33.4666,2.24],[33.4604,2.2431],[33.46,2.2446],[33.4572,2.2439],[33.4505,2.247],[33.4484,2.2461],[33.4432,2.2486],[33.4405,2.2438],[33.4401,2.2357],[33.4416,2.232],[33.447,2.2271],[33.4527,2.2248],[33.4622,2.2145],[33.4684,2.2136],[33.4741,2.2101],[33.4779,2.1989],[33.477,2.1912],[33.4702,2.1813],[33.4657,2.1591],[33.4573,2.1514],[33.4551,2.147],[33.4536,2.1393],[33.4544,2.1303],[33.4435,2.1221],[33.4368,2.1138],[33.4287,2.1226],[33.4217,2.1341],[33.4211,2.1387],[33.4152,2.1456],[33.4075,2.1331],[33.401,2.1259],[33.39,2.1205],[33.3863,2.1164],[33.3726,2.1135],[33.3676,2.1105],[33.3604,2.1013],[33.3527,2.0784],[33.3483,2.072],[33.3468,2.0662],[33.3494,2.0607],[33.3579,2.0536],[33.3627,2.0448],[33.3649,2.0387],[33.3633,2.0306],[33.3497,2.0327],[33.3465,2.0347],[33.3442,2.0383],[33.3389,2.0413],[33.3356,2.0469],[33.3305,2.0488],[33.326,2.055],[33.3137,2.0561],[33.3086,2.0501],[33.2937,2.0455],[33.2893,2.0418],[33.2822,2.028],[33.2822,2.009],[33.2786,2.0034],[33.2739,1.9889],[33.274,1.9769],[33.2715,1.9743],[33.27,1.969],[33.2713,1.9647],[33.2707,1.9599],[33.2636,1.9568],[33.2584,1.9579],[33.248,1.954],[33.25,1.943],[33.2441,1.9365],[33.2414,1.9266],[33.2364,1.9241],[33.2293,1.9243],[33.2265,1.9224],[33.2202,1.9123],[33.2104,1.9139],[33.1996,1.9105],[33.1939,1.9037],[33.1897,1.9022],[33.1797,1.8933],[33.1644,1.8768],[33.1595,1.8752],[33.1542,1.8771],[33.1454,1.8733],[33.1434,1.8683],[33.1435,1.8633],[33.141,1.8597],[33.1317,1.8566],[33.1185,1.8608],[33.1132,1.8565],[33.1111,1.8516],[33.1129,1.842],[33.1113,1.8333],[33.1145,1.8254],[33.1041,1.8049],[33.1009,1.7943],[33.1032,1.78],[33.0928,1.7673],[33.089,1.7581],[33.0832,1.7508],[33.086,1.7408],[33.0831,1.7346],[33.0722,1.7257],[33.0461,1.7108],[33.0253,1.7088],[33.0135,1.7108],[33.0035,1.7161],[32.9992,1.715],[32.9933,1.6911],[32.9931,1.6851],[32.9957,1.6742],[32.9445,1.6447],[32.9512,1.6344],[32.962,1.6257],[32.9654,1.6182],[32.9672,1.5963],[32.9666,1.5851],[32.9738,1.5603],[32.9729,1.4799],[32.9455,1.4824],[32.8938,1.484],[32.8646,1.4831],[32.8195,1.4777]]],[[[33.7593,0.0953],[33.7615,0.0977],[33.7682,0.0938],[33.766,0.0922],[33.7656,0.0885],[33.7682,0.0862],[33.7784,0.0846],[33.7843,0.0821],[33.7889,0.0827],[33.7922,0.0804],[33.7957,0.0803],[33.7942,0.0835],[33.7975,0.084],[33.7977,0.0861],[33.8007,0.0867],[33.8025,0.0901],[33.8044,0.0902],[33.8089,0.087],[33.8089,0.0851],[33.8058,0.0812],[33.8092,0.0769],[33.8135,0.077],[33.8178,0.0746],[33.8238,0.0735],[33.8231,0.0794],[33.8267,0.0819],[33.8259,0.0835],[33.8271,0.0847],[33.8314,0.0857],[33.8308,0.0905],[33.8334,0.0915],[33.8336,0.0861],[33.8367,0.0836],[33.8448,0.0848],[33.8492,0.0895],[33.8557,0.0854],[33.861,0.0845],[33.8616,0.081],[33.8635,0.0827],[33.8659,0.0826],[33.8705,0.0779],[33.8714,0.0781],[33.8704,0.08],[33.8727,0.0812],[33.8761,0.0797],[33.8798,0.0806],[33.8796,0.0818],[33.8809,0.0803],[33.8852,0.0804],[33.8925,0.0857],[33.8947,0.089],[33.8971,0.0893],[33.893,0.0898],[33.8894,0.0864],[33.885,0.0866],[33.8838,0.0843],[33.8785,0.0839],[33.8765,0.0867],[33.8794,0.0886],[33.8787,0.0898],[33.8774,0.0905],[33.8741,0.0881],[33.8712,0.091],[33.8719,0.0929],[33.8796,0.0939],[33.8765,0.0945],[33.8769,0.0964],[33.8717,0.0982],[33.8698,0.0962],[33.8662,0.0977],[33.8612,0.0921],[33.8569,0.0931],[33.8453,0.1003],[33.843,0.0972],[33.8377,0.0962],[33.8353,0.0977],[33.8345,0.1003],[33.8382,0.1044],[33.8381,0.1099],[33.8363,0.1115],[33.8281,0.1049],[33.8226,0.1053],[33.8207,0.1077],[33.825,0.1123],[33.8242,0.1142],[33.8192,0.1149],[33.8128,0.1199],[33.8099,0.1254],[33.806,0.1272],[33.8029,0.137],[33.8008,0.1351],[33.795,0.1345],[33.7963,0.126],[33.7921,0.1226],[33.7857,0.123],[33.7773,0.1267],[33.7735,0.1266],[33.7677,0.1219],[33.7656,0.1171],[33.7658,0.1132],[33.7646,0.1125],[33.7649,0.1096],[33.761,0.1039],[33.7593,0.0953]]]]}},{"type":"Feature","properties":{"name":"Central Region"},"geometry":{"type":"MultiPolygon","coordinates":[[[[33.3941,0.2375],[33.3984,0.239],[33.4029,0.2385],[33.4055,0.2357],[33.4094,0.2349],[33.4111,0.2375],[33.4106,0.2392],[33.4156,0.2419],[33.4135,0.2445],[33.407,0.2462],[33.4015,0.2443],[33.3957,0.2455],[33.3941,0.2375]]],[[[33.3332,0.3147],[33.3339,0.3122],[33.3385,0.3096],[33.3526,0.3128],[33.3531,0.3159],[33.3553,0.3183],[33.3538,0.3267],[33.3499,0.3259],[33.3466,0.3274],[33.3444,0.3264],[33.3332,0.3147]]],[[[32.2987,-0.1893],[32.3013,-0.2008],[32.305,-0.2032],[32.3176,-0.1978],[32.3219,-0.1978],[32.3243,-0.203],[32.3282,-0.2016],[32.3316,-0.2042],[32.331,-0.2112],[32.3328,-0.215],[32.3349,-0.2164],[32.3352,-0.2145],[32.3418,-0.2128],[32.3402,-0.2114],[32.3406,-0.2093],[32.3356,-0.2081],[32.3334,-0.2061],[32.3322,-0.1968],[32.3296,-0.1929],[32.3232,-0.1891],[32.3208,-0.1841],[32.3134,-0.1855],[32.3092,-0.1884],[32.3066,-0.187],[32.3025,-0.1894],[32.2987,-0.1893]]],[[[32.2546,-0.1908],[32.2611,-0.1939],[32.2637,-0.2002],[32.2693,-0.1935],[32.2748,-0.1922],[32.2788,-0.1851],[32.2848,-0.1814],[32.2899,-0.1805],[32.2965,-0.1819],[32.294,-0.1781],[32.2867,-0.1764],[32.2776,-0.1699],[32.2741,-0.165],[32.2714,-0.1681],[32.2618,-0.1688],[32.264,-0.1738],[32.2657,-0.1844],[32.2635,-0.1898],[32.2614,-0.1903],[32.2565,-0.1879],[32.2546,-0.1908]]],[[[32.5855,-0.089],[32.5893,-0.0931],[32.5993,-0.0976],[32.6014,-0.0957],[32.6065,-0.0953],[32.6085,-0.1003],[32.6114,-0.1024],[32.6191,-0.1035],[32.6296,-0.1],[32.6354,-0.1041],[32.6358,-0.0974],[32.634,-0.0952],[32.6292,-0.096],[32.6247,-0.0938],[32.6155,-0.0929],[32.6137,-0.0915],[32.6131,-0.087],[32.6062,-0.0848],[32.6007,-0.0846],[32.5997,-0.0866],[32.5976,-0.0869],[32.5921,-0.0866],[32.5899,-0.0849],[32.5862,-0.0858],[32.5855,-0.089]]],[[[33.1328,-0.0639],[33.1455,-0.0552],[33.1472,-0.0521],[33.1544,-0.0542],[33.1615,-0.0476],[33.1651,-0.0475],[33.169,-0.0442],[33.1685,-0.0428],[33.1651,-0.0411],[33.1517,-0.0437],[33.1475,-0.0478],[33.1443,-0.0488],[33.1443,-0.053],[33.1372,-0.0557],[33.1362,-0.0607],[33.1328,-0.0639]]],[[[32.8989,-0.0001],[32.8992,-0.0012],[32.9052,-0.0026],[32.9108,-0.0008],[32.9179,-0.0007],[32.9197,-0.0022],[32.9191,-0.0069],[32.9217,-0.0065],[32.9222,-0.0024],[32.9292,0.0004],[32.9301,0.0049],[32.9337,0.008],[32.9403,0.0084],[32.9399,0.0104],[32.9433,0.0117],[32.952,0.0108],[32.9438,0.0166],[32.9439,0.019],[32.9477,0.0231],[32.9373,0.0231],[32.9251,0.0185],[32.9218,0.0186],[32.9206,0.0152],[32.9179,0.0139],[32.9125,0.0162],[32.9124,0.0174],[32.9062,0.0137],[32.9027,0.0144],[32.9015,0.0122],[32.9041,0.0095],[32.9044,0.0071],[32.9019,0.0017],[32.8989,-0.0001]]],[[[32.6652,-0.1009],[32.6664,-0.1041],[32.67,-0.1055],[32.6696,-0.1084],[32.6719,-0.1093],[32.6859,-0.1079],[32.6875,-0.1089],[32.6861,-0.1119],[32.6904,-0.1132],[32.7014,-0.1108],[32.7014,-0.1125],[32.7117,-0.1136],[32.7134,-0.117],[32.7184,-0.1184],[32.7275,-0.1273],[32.7299,-0.1256],[32.7318,-0.1189],[32.7397,-0.1127],[32.7404,-0.1093],[32.7532,-0.1069],[32.7639,-0.1079],[32.7649,-0.1098],[32.7635,-0.112],[32.7589,-0.1151],[32.7544,-0.116],[32.7508,-0.1192],[32.7434,-0.128],[32.7414,-0.1325],[32.7445,-0.1297],[32.7472,-0.1297],[32.7634,-0.1215],[32.7677,-0.1222],[32.7683,-0.127],[32.7713,-0.1278],[32.7828,-0.1204],[32.7958,-0.1172],[32.7953,-0.1146],[32.7999,-0.1091],[32.8107,-0.1019],[32.8164,-0.0962],[32.8164,-0.0909],[32.819,-0.0887],[32.815,-0.0829],[32.8152,-0.0787],[32.8174,-0.076],[32.8181,-0.0719],[32.8049,-0.0626],[32.8008,-0.0633],[32.801,-0.0657],[32.7955,-0.0739],[32.7895,-0.0803],[32.7931,-0.0789],[32.7946,-0.0811],[32.7944,-0.0877],[32.7907,-0.0944],[32.7853,-0.094],[32.786,-0.0911],[32.7845,-0.0866],[32.7812,-0.0868],[32.779,-0.0846],[32.7725,-0.0873],[32.7692,-0.0863],[32.7697,-0.0799],[32.7766,-0.0775],[32.78,-0.0743],[32.7719,-0.0748],[32.7702,-0.0731],[32.7683,-0.0688],[32.7701,-0.0659],[32.7683,-0.0621],[32.7637,-0.0578],[32.7627,-0.054],[32.7625,-0.0437],[32.7525,-0.0291],[32.7457,-0.0245],[32.7465,-0.0327],[32.7505,-0.0367],[32.7568,-0.0477],[32.7577,-0.0556],[32.7568,-0.0617],[32.755,-0.0636],[32.7519,-0.0629],[32.7496,-0.0598],[32.7436,-0.0478],[32.738,-0.0465],[32.7398,-0.0602],[32.7371,-0.0691],[32.7354,-0.0708],[32.7342,-0.0712],[32.7319,-0.0679],[32.7302,-0.0684],[32.7258,-0.06],[32.7203,-0.0554],[32.715,-0.0549],[32.7146,-0.0624],[32.7162,-0.0693],[32.7215,-0.0751],[32.7275,-0.0758],[32.729,-0.0782],[32.7273,-0.083],[32.7228,-0.0851],[32.7232,-0.0883],[32.7213,-0.0933],[32.7132,-0.0961],[32.7067,-0.0961],[32.7047,-0.0942],[32.706,-0.0882],[32.704,-0.0887],[32.7009,-0.0913],[32.7031,-0.0961],[32.7019,-0.0988],[32.6995,-0.1009],[32.6954,-0.1009],[32.695,-0.0945],[32.6933,-0.0926],[32.6878,-0.0916],[32.6875,-0.0859],[32.6861,-0.0859],[32.6822,-0.0883],[32.682,-0.0904],[32.6839,-0.0907],[32.6847,-0.0933],[32.6817,-0.0961],[32.6827,-0.1007],[32.6813,-0.1022],[32.6799,-0.1031],[32.6726,-0.1002],[32.6652,-0.1009]]],[[[32.6522,-0.0208],[32.655,-0.0254],[32.6646,-0.0291],[32.6669,-0.0334],[32.6706,-0.0324],[32.6799,-0.0351],[32.6744,-0.0299],[32.67,-0.0233],[32.6694,-0.017],[32.6672,-0.0118],[32.6677,-0.0197],[32.6655,-0.0223],[32.6593,-0.0233],[32.6564,-0.0176],[32.6522,-0.0208]]],[[[32.7486,0.0017],[32.7504,-0.0126],[32.7527,-0.0142],[32.7595,-0.0277],[32.763,-0.0385],[32.7676,-0.0438],[32.7709,-0.045],[32.773,-0.0423],[32.7763,-0.0423],[32.7777,-0.0344],[32.777,-0.0295],[32.7788,-0.0279],[32.7778,-0.0235],[32.7876,-0.0242],[32.7949,-0.0285],[32.7949,-0.0251],[32.7973,-0.02],[32.7956,-0.0169],[32.7973,-0.0134],[32.8017,-0.0079],[32.8047,-0.0056],[32.8071,-0.0056],[32.8036,0.0002],[32.806,0.0071],[32.816,0.0194],[32.8239,0.0246],[32.8217,0.0293],[32.8178,0.0263],[32.8158,0.0287],[32.8166,0.0309],[32.8071,0.0355],[32.806,0.0433],[32.8081,0.0442],[32.8068,0.0459],[32.8049,0.0439],[32.8017,0.0446],[32.7997,0.0426],[32.8023,0.038],[32.8013,0.0296],[32.7984,0.0273],[32.7961,0.0274],[32.7913,0.0352],[32.7832,0.035],[32.7808,0.0277],[32.7765,0.0273],[32.7756,0.0243],[32.7765,0.019],[32.779,0.0148],[32.7786,0.0128],[32.7739,0.0121],[32.7679,0.0143],[32.7645,0.0112],[32.7644,0.0076],[32.7661,0.0059],[32.7732,0.0027],[32.7747,-0.0035],[32.7732,-0.0111],[32.7693,-0.0119],[32.7662,-0.01],[32.7614,-0.0114],[32.7594,-0.0048],[32.7524,-0.0038],[32.7508,0.0017],[32.7496,0.0026],[32.7486,0.0017]]],[[[33.2417,0.0485],[33.2445,0.0394],[33.2507,0.0326],[33.2515,0.0295],[33.2549,0.0278],[33.2532,0.0199],[33.2555,0.0202],[33.2581,0.0173],[33.2551,0.0116],[33.2573,0.0109],[33.2659,0.0129],[33.2724,0.0203],[33.2755,0.0261],[33.2753,0.0297],[33.2886,0.0378],[33.2881,0.0397],[33.2903,0.0418],[33.2975,0.0423],[33.2978,0.0407],[33.3016,0.0395],[33.308,0.0419],[33.3083,0.0445],[33.3069,0.0486],[33.3023,0.0519],[33.3002,0.0495],[33.2929,0.0486],[33.2886,0.0538],[33.2855,0.0675],[33.2786,0.0709],[33.274,0.0713],[33.2709,0.0675],[33.2618,0.0651],[33.2565,0.0653],[33.2529,0.0677],[33.2474,0.0605],[33.2474,0.0579],[33.2417,0.0485]]],[[[33.2626,0.0801],[33.2634,0.0762],[33.2721,0.0746],[33.2747,0.0788],[33.266,0.0846],[33.2626,0.0801]]],[[[33.029,0.0953],[33.0318,0.0921],[33.0376,0.0921],[33.0398,0.0907],[33.0412,0.0943],[33.0448,0.0926],[33.0476,0.0945],[33.0457,0.1006],[33.0367,0.1034],[33.0306,0.0989],[33.029,0.0953]]],[[[33.1626,0.2019],[33.1633,0.1995],[33.1667,0.198],[33.1691,0.1992],[33.1715,0.1944],[33.1682,0.1894],[33.1641,0.1872],[33.167,0.1812],[33.1655,0.1781],[33.1706,0.1781],[33.1684,0.1794],[33.1681,0.1813],[33.1772,0.1973],[33.1736,0.2014],[33.1706,0.2021],[33.1682,0.2048],[33.1684,0.2071],[33.1639,0.2059],[33.1626,0.2019]]],[[[33.1253,0.123],[33.1288,0.1187],[33.1341,0.119],[33.1411,0.1163],[33.143,0.1127],[33.1416,0.1099],[33.1427,0.106],[33.1502,0.108],[33.1538,0.1068],[33.153,0.1152],[33.1483,0.1163],[33.1494,0.1216],[33.1456,0.1243],[33.1459,0.1276],[33.1432,0.1322],[33.127,0.1343],[33.1257,0.1322],[33.1272,0.1305],[33.127,0.125],[33.1253,0.123]]],[[[33.1502,0.1674],[33.1521,0.1628],[33.1542,0.1623],[33.1554,0.1575],[33.1617,0.158],[33.1638,0.1564],[33.1677,0.1564],[33.165,0.1489],[33.1548,0.1478],[33.153,0.1489],[33.1518,0.1437],[33.1615,0.1379],[33.1612,0.1319],[33.1595,0.1283],[33.1619,0.1281],[33.1651,0.1245],[33.1658,0.1224],[33.1634,0.1178],[33.1645,0.114],[33.1701,0.1118],[33.172,0.107],[33.1742,0.1072],[33.177,0.1127],[33.1763,0.1157],[33.172,0.1199],[33.1742,0.1293],[33.1713,0.1367],[33.1722,0.1401],[33.1792,0.1472],[33.1804,0.1528],[33.1828,0.154],[33.1842,0.1569],[33.1868,0.1569],[33.1902,0.1614],[33.1918,0.1703],[33.1765,0.1714],[33.1727,0.1678],[33.1696,0.1619],[33.1675,0.1688],[33.1572,0.1717],[33.1545,0.1715],[33.1502,0.1674]]],[[[33.0719,0.1024],[33.0747,0.1029],[33.0791,0.0991],[33.0918,0.0953],[33.0924,0.0926],[33.0881,0.0891],[33.0879,0.0873],[33.0932,0.0836],[33.0967,0.0831],[33.103,0.0874],[33.102,0.0917],[33.1049,0.0941],[33.1068,0.0946],[33.1073,0.0929],[33.1088,0.0929],[33.1188,0.101],[33.1245,0.1024],[33.1246,0.1001],[33.1269,0.103],[33.12,0.1068],[33.1202,0.1096],[33.1116,0.1084],[33.1064,0.1121],[33.1045,0.1109],[33.1056,0.1097],[33.1047,0.108],[33.0953,0.1049],[33.0918,0.1053],[33.0872,0.1082],[33.0797,0.1094],[33.0719,0.1024]]],[[[33.2005,0.2538],[33.2053,0.2572],[33.2079,0.2546],[33.2081,0.2519],[33.2142,0.25],[33.2166,0.2469],[33.2312,0.2428],[33.2484,0.2311],[33.2551,0.2249],[33.2587,0.2187],[33.2618,0.2175],[33.2654,0.2131],[33.2656,0.1969],[33.269,0.1918],[33.2675,0.1884],[33.2663,0.1892],[33.2573,0.188],[33.252,0.1841],[33.2455,0.1851],[33.2439,0.1896],[33.2419,0.1899],[33.2364,0.1854],[33.2266,0.1836],[33.2214,0.1928],[33.2213,0.1952],[33.2239,0.2002],[33.2163,0.1959],[33.2091,0.2012],[33.2048,0.2007],[33.2151,0.1868],[33.2196,0.1846],[33.2192,0.1817],[33.2237,0.1799],[33.2254,0.1774],[33.2239,0.1662],[33.2281,0.1664],[33.2293,0.1652],[33.2285,0.163],[33.2331,0.1592],[33.2364,0.1602],[33.2388,0.1631],[33.2432,0.1751],[33.2457,0.177],[33.2561,0.1743],[33.2568,0.1717],[33.2645,0.1654],[33.2637,0.1606],[33.2676,0.1563],[33.2657,0.1544],[33.2714,0.1491],[33.2745,0.1415],[33.2844,0.1298],[33.2855,0.1274],[33.2826,0.1243],[33.2851,0.1209],[33.2858,0.1161],[33.2832,0.113],[33.2869,0.1118],[33.2925,0.1106],[33.2947,0.112],[33.2973,0.1214],[33.3008,0.1274],[33.2999,0.1329],[33.304,0.137],[33.3066,0.1448],[33.3109,0.147],[33.3133,0.1466],[33.3109,0.142],[33.3075,0.1264],[33.3116,0.1142],[33.3085,0.1103],[33.3061,0.1013],[33.3104,0.1005],[33.3112,0.1022],[33.3133,0.1005],[33.3135,0.0933],[33.3121,0.0921],[33.3129,0.0897],[33.3181,0.0888],[33.3267,0.0914],[33.3279,0.0897],[33.3255,0.0864],[33.3246,0.0816],[33.3286,0.0773],[33.3299,0.0836],[33.3325,0.0861],[33.3354,0.0861],[33.3414,0.091],[33.338,0.0964],[33.3339,0.0969],[33.328,0.0946],[33.32,0.1005],[33.3181,0.1109],[33.3191,0.1154],[33.325,0.12],[33.322,0.1286],[33.3222,0.1333],[33.325,0.1363],[33.3229,0.1386],[33.3231,0.1405],[33.32,0.1424],[33.3202,0.1446],[33.3251,0.1496],[33.3358,0.1499],[33.3402,0.1552],[33.3368,0.1628],[33.3349,0.1623],[33.3339,0.164],[33.3313,0.1611],[33.3293,0.1624],[33.3282,0.1599],[33.3226,0.1678],[33.3229,0.1703],[33.3291,0.1712],[33.3214,0.1709],[33.3208,0.1772],[33.3184,0.183],[33.3219,0.1904],[33.3279,0.1908],[33.3169,0.1944],[33.3162,0.1961],[33.3256,0.2036],[33.321,0.2122],[33.3234,0.2199],[33.3229,0.2227],[33.327,0.2248],[33.3332,0.221],[33.3361,0.2174],[33.3389,0.2078],[33.3402,0.2131],[33.349,0.2165],[33.3523,0.2158],[33.3553,0.2114],[33.356,0.2151],[33.3535,0.2187],[33.3535,0.2215],[33.356,0.2273],[33.3617,0.2287],[33.3692,0.2256],[33.3708,0.2237],[33.3692,0.2187],[33.3723,0.2169],[33.3734,0.2191],[33.3811,0.2191],[33.379,0.2227],[33.3777,0.2306],[33.3814,0.2467],[33.3847,0.2483],[33.3852,0.2505],[33.3948,0.255],[33.3967,0.2601],[33.3886,0.2656],[33.3878,0.2675],[33.3907,0.2744],[33.3898,0.2766],[33.3792,0.2872],[33.3789,0.2903],[33.3838,0.2941],[33.3835,0.2994],[33.3787,0.3082],[33.377,0.3104],[33.3735,0.3108],[33.3698,0.3085],[33.349,0.3063],[33.3466,0.3037],[33.3476,0.3006],[33.3531,0.3001],[33.3588,0.2972],[33.3662,0.2972],[33.367,0.2962],[33.3658,0.2951],[33.3684,0.2941],[33.3723,0.2881],[33.3747,0.2869],[33.3765,0.2802],[33.3763,0.2745],[33.3737,0.2744],[33.3662,0.2811],[33.3529,0.2845],[33.3528,0.2829],[33.3627,0.2764],[33.3648,0.2733],[33.3643,0.2718],[33.36,0.2732],[33.3553,0.269],[33.3519,0.2684],[33.3476,0.2641],[33.3404,0.2641],[33.3401,0.262],[33.3495,0.2572],[33.3524,0.2519],[33.3555,0.2495],[33.3595,0.2486],[33.3596,0.2471],[33.3541,0.2447],[33.3519,0.2417],[33.35,0.2423],[33.3481,0.2457],[33.3452,0.2466],[33.3438,0.2498],[33.3404,0.2498],[33.3359,0.2538],[33.3335,0.2539],[33.3332,0.2512],[33.3363,0.2431],[33.3346,0.2426],[33.3318,0.2428],[33.3272,0.252],[33.3222,0.2498],[33.3203,0.2438],[33.3169,0.2491],[33.3119,0.2493],[33.3145,0.2524],[33.319,0.2546],[33.3203,0.2574],[33.3181,0.2677],[33.3224,0.2673],[33.325,0.2696],[33.3227,0.2745],[33.3123,0.2785],[33.3112,0.2769],[33.3124,0.273],[33.3112,0.2718],[33.31,0.273],[33.2992,0.2637],[33.2937,0.2732],[33.2902,0.2717],[33.288,0.2738],[33.2875,0.2763],[33.2923,0.2789],[33.2935,0.2823],[33.2958,0.2837],[33.2943,0.2902],[33.2954,0.2934],[33.293,0.2987],[33.2942,0.3005],[33.2999,0.3001],[33.3141,0.3032],[33.3208,0.3102],[33.3071,0.3106],[33.302,0.3123],[33.2941,0.3108],[33.2932,0.3065],[33.2908,0.3058],[33.2891,0.3085],[33.2855,0.3101],[33.2676,0.3094],[33.2467,0.3022],[33.236,0.3001],[33.2269,0.295],[33.2259,0.2912],[33.2226,0.2874],[33.2139,0.282],[33.2101,0.2759],[33.2062,0.2728],[33.2075,0.2678],[33.2045,0.2599],[33.2015,0.2586],[33.2005,0.2538]]],[[[31.8237,-1.0044],[31.8289,-1.0119],[31.8275,-1.0215],[31.8391,-1.0281],[31.8376,-1.0218],[31.8431,-1.0113],[31.8431,-1.0024],[31.8409,-1.0014],[31.8361,-1.0023],[31.8363,-1.0013],[31.8353,-1.0019],[31.8343,-0.9998],[31.8318,-0.9989],[31.8273,-0.9999],[31.8237,-1.0044]]],[[[32.3502,-0.654],[32.3576,-0.6466],[32.3591,-0.6423],[32.3589,-0.631],[32.3596,-0.626],[32.3612,-0.6253],[32.3608,-0.6202],[32.362,-0.6207],[32.3617,-0.6145],[32.3601,-0.6135],[32.3564,-0.6171],[32.3534,-0.6138],[32.3517,-0.6145],[32.3531,-0.6169],[32.3526,-0.6219],[32.3552,-0.621],[32.3529,-0.6474],[32.3502,-0.654]]],[[[32.3256,-0.6797],[32.326,-0.6821],[32.3297,-0.6754],[32.3325,-0.6747],[32.3325,-0.6766],[32.3418,-0.6564],[32.3442,-0.6541],[32.3459,-0.6505],[32.3433,-0.6481],[32.3426,-0.6442],[32.3356,-0.6545],[32.3328,-0.6663],[32.3303,-0.6663],[32.3279,-0.6684],[32.3256,-0.6797]]],[[[32.2944,-0.6627],[32.3002,-0.6574],[32.3028,-0.6581],[32.3019,-0.6619],[32.3049,-0.6588],[32.3079,-0.6543],[32.3095,-0.6478],[32.3155,-0.6428],[32.3177,-0.6353],[32.321,-0.6334],[32.3212,-0.6303],[32.3177,-0.6325],[32.3164,-0.6299],[32.314,-0.6329],[32.31,-0.6306],[32.3102,-0.6227],[32.3081,-0.6322],[32.3093,-0.631],[32.3117,-0.6334],[32.3126,-0.638],[32.3109,-0.6378],[32.3102,-0.6413],[32.3091,-0.6426],[32.3073,-0.6423],[32.3064,-0.6454],[32.3042,-0.6471],[32.3018,-0.6468],[32.2994,-0.6559],[32.2944,-0.6627]]],[[[32.2192,-0.5743],[32.2209,-0.5709],[32.2237,-0.5705],[32.2242,-0.5777],[32.2254,-0.5759],[32.2274,-0.5757],[32.2281,-0.5805],[32.2326,-0.5736],[32.2329,-0.5707],[32.2386,-0.5678],[32.24,-0.5698],[32.2403,-0.5681],[32.2364,-0.5635],[32.2324,-0.5678],[32.2242,-0.5657],[32.2238,-0.5688],[32.2197,-0.571],[32.2192,-0.5743]]],[[[32.3474,-0.4203],[32.3531,-0.4226],[32.3543,-0.4281],[32.3572,-0.4299],[32.3593,-0.4287],[32.3608,-0.4324],[32.3711,-0.4246],[32.3677,-0.4251],[32.3651,-0.4226],[32.3646,-0.42],[32.3675,-0.4162],[32.3648,-0.4124],[32.3655,-0.4102],[32.3682,-0.4088],[32.3706,-0.4107],[32.3709,-0.408],[32.3776,-0.4087],[32.3785,-0.4135],[32.3756,-0.4208],[32.3795,-0.4188],[32.3826,-0.4123],[32.3891,-0.4119],[32.3926,-0.4181],[32.3962,-0.4181],[32.4058,-0.413],[32.406,-0.41],[32.4082,-0.4085],[32.4077,-0.4044],[32.4061,-0.4008],[32.4037,-0.403],[32.4029,-0.4069],[32.3969,-0.41],[32.395,-0.4087],[32.3976,-0.4003],[32.396,-0.3951],[32.3917,-0.3937],[32.3799,-0.3951],[32.372,-0.3937],[32.3699,-0.3975],[32.3655,-0.4003],[32.3603,-0.4011],[32.351,-0.4068],[32.3488,-0.4097],[32.3474,-0.4203]]],[[[32.4066,-0.3857],[32.413,-0.3884],[32.4127,-0.3901],[32.4218,-0.3901],[32.4228,-0.3965],[32.4266,-0.3975],[32.4255,-0.3853],[32.423,-0.3829],[32.4187,-0.3851],[32.4097,-0.3841],[32.4066,-0.3857]]],[[[32.31,-0.4543],[32.3102,-0.4567],[32.3186,-0.4584],[32.3344,-0.456],[32.3354,-0.4567],[32.3344,-0.4665],[32.3436,-0.4615],[32.3433,-0.4583],[32.3478,-0.4564],[32.3497,-0.4493],[32.3543,-0.4447],[32.3579,-0.4439],[32.3586,-0.4375],[32.3533,-0.4375],[32.3514,-0.4361],[32.3407,-0.4406],[32.3358,-0.4406],[32.3272,-0.444],[32.3244,-0.4402],[32.3224,-0.4409],[32.3188,-0.443],[32.3179,-0.4466],[32.3129,-0.4488],[32.31,-0.4543]]],[[[32.2904,-0.512],[32.293,-0.5139],[32.2935,-0.5161],[32.2987,-0.519],[32.2982,-0.53],[32.3007,-0.5335],[32.3057,-0.536],[32.3061,-0.5343],[32.311,-0.5317],[32.3133,-0.5321],[32.311,-0.525],[32.3098,-0.5115],[32.3152,-0.5106],[32.3176,-0.5082],[32.3181,-0.5032],[32.3203,-0.5039],[32.321,-0.5062],[32.3227,-0.5058],[32.3208,-0.5027],[32.3222,-0.5002],[32.3287,-0.4976],[32.3306,-0.4952],[32.3284,-0.4952],[32.3282,-0.4935],[32.3208,-0.4921],[32.3198,-0.4785],[32.317,-0.477],[32.3131,-0.4789],[32.3098,-0.4832],[32.3081,-0.482],[32.3033,-0.4838],[32.3037,-0.4899],[32.3,-0.4972],[32.2958,-0.5007],[32.2976,-0.5067],[32.2992,-0.5075],[32.3019,-0.5029],[32.3052,-0.5024],[32.3054,-0.5074],[32.3002,-0.5122],[32.2954,-0.5094],[32.2904,-0.5103],[32.2904,-0.512]]],[[[32.2316,-0.4893],[32.2353,-0.4881],[32.24,-0.4888],[32.2408,-0.4859],[32.2424,-0.4859],[32.2432,-0.4828],[32.2415,-0.4813],[32.2396,-0.473],[32.2331,-0.4835],[32.2316,-0.4893]]],[[[32.5682,-0.3304],[32.5684,-0.333],[32.5716,-0.3369],[32.5733,-0.3381],[32.5749,-0.3366],[32.5764,-0.3379],[32.5812,-0.3378],[32.5819,-0.3398],[32.5807,-0.3407],[32.5817,-0.3415],[32.5847,-0.3402],[32.5833,-0.3398],[32.5855,-0.3352],[32.5853,-0.3323],[32.5932,-0.3285],[32.5955,-0.3321],[32.5944,-0.3359],[32.5962,-0.3369],[32.6072,-0.3364],[32.6157,-0.3311],[32.6159,-0.3292],[32.6118,-0.3276],[32.6111,-0.3254],[32.6154,-0.3192],[32.6159,-0.3108],[32.6094,-0.3191],[32.5996,-0.323],[32.5896,-0.3156],[32.5732,-0.3112],[32.5723,-0.312],[32.5773,-0.3139],[32.5747,-0.3189],[32.5747,-0.3223],[32.573,-0.3251],[32.5685,-0.3273],[32.5682,-0.3304]]],[[[32.4456,-0.488],[32.4478,-0.4885],[32.4468,-0.4923],[32.4487,-0.4941],[32.4528,-0.4928],[32.4583,-0.4955],[32.4626,-0.4904],[32.4657,-0.4929],[32.4681,-0.4923],[32.469,-0.4941],[32.4741,-0.4931],[32.475,-0.4943],[32.4793,-0.4943],[32.4808,-0.4917],[32.4834,-0.4914],[32.4834,-0.4928],[32.4902,-0.4875],[32.4906,-0.4917],[32.4923,-0.4899],[32.494,-0.4876],[32.4925,-0.4847],[32.4932,-0.4796],[32.4951,-0.4785],[32.4933,-0.477],[32.4963,-0.4708],[32.4935,-0.4713],[32.4909,-0.4691],[32.492,-0.462],[32.4964,-0.4603],[32.4999,-0.4605],[32.5028,-0.4629],[32.505,-0.461],[32.5052,-0.4622],[32.5091,-0.4622],[32.5098,-0.4607],[32.5133,-0.4612],[32.515,-0.459],[32.5134,-0.4564],[32.5145,-0.4517],[32.5084,-0.4468],[32.5084,-0.4452],[32.5127,-0.4408],[32.5148,-0.442],[32.5177,-0.4409],[32.5187,-0.4375],[32.5211,-0.4372],[32.5236,-0.4324],[32.5191,-0.4303],[32.5205,-0.4287],[32.5282,-0.4265],[32.5344,-0.4133],[32.5359,-0.4136],[32.5357,-0.4124],[32.5376,-0.4119],[32.5352,-0.4109],[32.5339,-0.4066],[32.526,-0.4095],[32.5175,-0.4045],[32.5169,-0.4021],[32.5174,-0.3994],[32.5213,-0.3946],[32.5289,-0.3891],[32.5263,-0.3875],[32.528,-0.3865],[32.5292,-0.3802],[32.5261,-0.3807],[32.5199,-0.3781],[32.517,-0.3735],[32.5096,-0.3755],[32.5117,-0.3771],[32.5091,-0.3824],[32.5119,-0.3824],[32.5146,-0.3853],[32.5157,-0.3934],[32.515,-0.3966],[32.5126,-0.3992],[32.5088,-0.4001],[32.5048,-0.4059],[32.4983,-0.409],[32.4983,-0.4109],[32.5024,-0.4106],[32.5042,-0.4121],[32.5038,-0.4191],[32.5019,-0.4205],[32.493,-0.4195],[32.4916,-0.4157],[32.4892,-0.4142],[32.488,-0.416],[32.4836,-0.4172],[32.4695,-0.4193],[32.4655,-0.419],[32.4611,-0.4148],[32.4576,-0.4138],[32.4568,-0.4162],[32.4597,-0.4159],[32.4614,-0.4174],[32.4602,-0.4188],[32.4611,-0.421],[32.4671,-0.4222],[32.4669,-0.425],[32.4648,-0.4272],[32.4696,-0.4253],[32.4825,-0.4253],[32.4837,-0.4265],[32.4868,-0.426],[32.4896,-0.4286],[32.4896,-0.4324],[32.4863,-0.4325],[32.4844,-0.4351],[32.4858,-0.4366],[32.4851,-0.439],[32.4817,-0.4394],[32.4805,-0.4413],[32.4832,-0.4423],[32.4832,-0.4456],[32.481,-0.4469],[32.481,-0.4512],[32.4829,-0.4514],[32.4844,-0.454],[32.4885,-0.4523],[32.4892,-0.4502],[32.4918,-0.4509],[32.4858,-0.4603],[32.4774,-0.4608],[32.4787,-0.4657],[32.4726,-0.4713],[32.466,-0.4735],[32.4654,-0.4754],[32.4599,-0.479],[32.4587,-0.4773],[32.4525,-0.484],[32.4478,-0.4842],[32.4477,-0.4866],[32.4456,-0.488]]],[[[32.2858,-0.3912],[32.2918,-0.3922],[32.298,-0.397],[32.3006,-0.4088],[32.3069,-0.4037],[32.31,-0.4045],[32.3117,-0.4066],[32.3091,-0.4143],[32.3097,-0.4195],[32.3133,-0.4229],[32.316,-0.4221],[32.3194,-0.4121],[32.3246,-0.4114],[32.3321,-0.3889],[32.3236,-0.3946],[32.32,-0.3934],[32.3174,-0.3851],[32.3222,-0.3747],[32.3218,-0.3706],[32.3181,-0.3675],[32.3148,-0.3676],[32.3114,-0.3726],[32.3086,-0.3721],[32.3102,-0.3678],[32.3095,-0.3647],[32.3076,-0.3613],[32.3033,-0.3615],[32.2946,-0.3642],[32.2934,-0.3709],[32.2899,-0.3748],[32.2913,-0.3815],[32.2897,-0.3833],[32.2887,-0.3891],[32.2858,-0.3912]]],[[[32.5297,-0.38],[32.5301,-0.3814],[32.5375,-0.3843],[32.5399,-0.3879],[32.5402,-0.3918],[32.5416,-0.3915],[32.5447,-0.3965],[32.549,-0.3956],[32.552,-0.3908],[32.5447,-0.3889],[32.5421,-0.3845],[32.5431,-0.3807],[32.5493,-0.3776],[32.5526,-0.38],[32.5543,-0.3781],[32.5534,-0.3764],[32.5558,-0.3697],[32.563,-0.3659],[32.5606,-0.3656],[32.5596,-0.3635],[32.5515,-0.3639],[32.5527,-0.3683],[32.5517,-0.369],[32.5496,-0.3675],[32.5464,-0.3692],[32.5464,-0.3738],[32.5438,-0.379],[32.5419,-0.3798],[32.5404,-0.3776],[32.5364,-0.3764],[32.5357,-0.374],[32.5333,-0.374],[32.5297,-0.38]]],[[[32.4271,-0.3815],[32.4446,-0.3839],[32.449,-0.3812],[32.4581,-0.3814],[32.4556,-0.3779],[32.4648,-0.3743],[32.4793,-0.3771],[32.4827,-0.3757],[32.4818,-0.3721],[32.4633,-0.3683],[32.4628,-0.3666],[32.4643,-0.3644],[32.4606,-0.3628],[32.46,-0.3604],[32.4652,-0.3579],[32.4775,-0.3572],[32.4815,-0.3522],[32.4861,-0.3498],[32.4896,-0.3512],[32.4873,-0.3534],[32.4878,-0.3551],[32.4897,-0.3551],[32.492,-0.351],[32.4963,-0.3482],[32.493,-0.3438],[32.493,-0.3407],[32.4896,-0.3395],[32.4868,-0.3427],[32.4825,-0.3395],[32.4786,-0.3422],[32.4746,-0.3397],[32.4679,-0.339],[32.4702,-0.3403],[32.4671,-0.3438],[32.453,-0.351],[32.4468,-0.3465],[32.4492,-0.3398],[32.4442,-0.3393],[32.4391,-0.3433],[32.4412,-0.351],[32.4429,-0.3513],[32.4412,-0.3575],[32.443,-0.3591],[32.4425,-0.3609],[32.4386,-0.3659],[32.4302,-0.3723],[32.4461,-0.3694],[32.4468,-0.3719],[32.4441,-0.375],[32.4271,-0.3815]]],[[[32.0542,-0.2488],[32.0584,-0.2573],[32.0672,-0.2595],[32.0689,-0.2628],[32.073,-0.2656],[32.0728,-0.2674],[32.0767,-0.2696],[32.0862,-0.27],[32.0867,-0.265],[32.0887,-0.2645],[32.0978,-0.2658],[32.1014,-0.2672],[32.1037,-0.27],[32.1056,-0.2782],[32.1045,-0.2839],[32.1133,-0.2918],[32.1188,-0.299],[32.1117,-0.3048],[32.1066,-0.312],[32.1069,-0.3161],[32.1083,-0.3153],[32.1085,-0.318],[32.1107,-0.3165],[32.1157,-0.3162],[32.1217,-0.3175],[32.1255,-0.3208],[32.1367,-0.3211],[32.1516,-0.3252],[32.1589,-0.3278],[32.1622,-0.3316],[32.1708,-0.3311],[32.1737,-0.3324],[32.1753,-0.33],[32.1893,-0.3354],[32.1922,-0.33],[32.1909,-0.328],[32.1976,-0.3228],[32.2123,-0.3249],[32.2206,-0.3295],[32.2283,-0.3297],[32.2326,-0.3345],[32.2314,-0.3391],[32.235,-0.339],[32.2413,-0.3493],[32.24,-0.3529],[32.2382,-0.3536],[32.2388,-0.3561],[32.2365,-0.3609],[32.2381,-0.3651],[32.2369,-0.3702],[32.2425,-0.3709],[32.2491,-0.3659],[32.2534,-0.3688],[32.2513,-0.3874],[32.2525,-0.3894],[32.2523,-0.398],[32.2496,-0.4049],[32.2485,-0.4018],[32.2449,-0.4035],[32.2448,-0.3997],[32.2358,-0.3912],[32.2295,-0.3934],[32.2249,-0.3934],[32.2245,-0.3913],[32.2201,-0.393],[32.2187,-0.3918],[32.2185,-0.3965],[32.2202,-0.3972],[32.2207,-0.4009],[32.2154,-0.4085],[32.2072,-0.414],[32.201,-0.4159],[32.1955,-0.4215],[32.1912,-0.4236],[32.1787,-0.4233],[32.1766,-0.4279],[32.1818,-0.4305],[32.1825,-0.4353],[32.1804,-0.437],[32.1728,-0.437],[32.1718,-0.4423],[32.1747,-0.4469],[32.1823,-0.4478],[32.1837,-0.4547],[32.1766,-0.4622],[32.1686,-0.4579],[32.1679,-0.4595],[32.1747,-0.4631],[32.1761,-0.4679],[32.1749,-0.4725],[32.1716,-0.4753],[32.161,-0.472],[32.1627,-0.4747],[32.1615,-0.4801],[32.1541,-0.483],[32.1543,-0.4876],[32.1655,-0.4885],[32.1665,-0.4907],[32.1653,-0.4993],[32.16,-0.5056],[32.1589,-0.5117],[32.1565,-0.5123],[32.1502,-0.5002],[32.1444,-0.5022],[32.1426,-0.5013],[32.1424,-0.4984],[32.1397,-0.5001],[32.1375,-0.5064],[32.1406,-0.5055],[32.1425,-0.5071],[32.1436,-0.5117],[32.1509,-0.5187],[32.1502,-0.5225],[32.1439,-0.5196],[32.1418,-0.5161],[32.1403,-0.5176],[32.1392,-0.522],[32.1418,-0.5218],[32.1456,-0.5266],[32.1457,-0.5292],[32.1425,-0.5319],[32.1423,-0.5336],[32.1462,-0.5309],[32.1516,-0.5312],[32.154,-0.5323],[32.1543,-0.5372],[32.1598,-0.536],[32.162,-0.5386],[32.1603,-0.5431],[32.1648,-0.5414],[32.1725,-0.5333],[32.1715,-0.5309],[32.1687,-0.5302],[32.1655,-0.5262],[32.167,-0.5209],[32.172,-0.5182],[32.1692,-0.5165],[32.1698,-0.5141],[32.1723,-0.5122],[32.1713,-0.5098],[32.1747,-0.5075],[32.1722,-0.5062],[32.1718,-0.501],[32.1758,-0.4991],[32.1771,-0.5007],[32.1782,-0.4976],[32.1857,-0.4971],[32.1873,-0.5],[32.1921,-0.5015],[32.1931,-0.5046],[32.1953,-0.4988],[32.2019,-0.495],[32.2056,-0.4959],[32.2082,-0.4928],[32.2043,-0.49],[32.2025,-0.4907],[32.1971,-0.4849],[32.1984,-0.4801],[32.201,-0.4782],[32.2065,-0.4772],[32.2032,-0.4746],[32.2036,-0.4723],[32.1931,-0.4627],[32.1921,-0.4608],[32.1936,-0.4593],[32.1967,-0.4583],[32.207,-0.4658],[32.213,-0.4629],[32.2082,-0.4555],[32.2118,-0.4528],[32.2187,-0.4516],[32.2219,-0.4535],[32.2219,-0.4554],[32.2231,-0.4529],[32.2255,-0.4529],[32.2262,-0.4554],[32.2283,-0.4562],[32.2341,-0.4557],[32.234,-0.4485],[32.2401,-0.4475],[32.2549,-0.4584],[32.2544,-0.4617],[32.2412,-0.4651],[32.2403,-0.4701],[32.2475,-0.4689],[32.2482,-0.471],[32.2528,-0.4691],[32.2551,-0.4701],[32.2561,-0.4722],[32.2532,-0.4799],[32.2578,-0.4854],[32.2575,-0.4878],[32.259,-0.49],[32.2607,-0.488],[32.2642,-0.4871],[32.2676,-0.4832],[32.2666,-0.4763],[32.2683,-0.4703],[32.2719,-0.4694],[32.2734,-0.471],[32.2746,-0.4698],[32.2721,-0.4622],[32.277,-0.4612],[32.2844,-0.4741],[32.2844,-0.4765],[32.2861,-0.4753],[32.288,-0.4761],[32.2877,-0.4729],[32.2908,-0.4679],[32.2959,-0.4706],[32.2988,-0.4706],[32.3004,-0.4679],[32.298,-0.4617],[32.2899,-0.4584],[32.2891,-0.4564],[32.2899,-0.4521],[32.2932,-0.448],[32.292,-0.4437],[32.2892,-0.4394],[32.2877,-0.4425],[32.2812,-0.4409],[32.281,-0.4317],[32.2836,-0.4212],[32.2885,-0.414],[32.2889,-0.4033],[32.2837,-0.3953],[32.281,-0.3946],[32.2774,-0.3912],[32.2748,-0.3819],[32.2762,-0.3785],[32.274,-0.37],[32.2745,-0.3661],[32.2841,-0.3457],[32.2901,-0.3403],[32.2946,-0.3405],[32.2954,-0.3433],[32.297,-0.3398],[32.3028,-0.3371],[32.3059,-0.3307],[32.3102,-0.3287],[32.3134,-0.3321],[32.3167,-0.3328],[32.3201,-0.3376],[32.3279,-0.3354],[32.3327,-0.3323],[32.327,-0.3275],[32.3251,-0.3237],[32.3208,-0.3235],[32.3124,-0.3273],[32.3109,-0.3268],[32.3086,-0.3221],[32.3122,-0.3196],[32.3121,-0.3151],[32.3085,-0.3141],[32.3071,-0.3112],[32.3091,-0.3091],[32.3033,-0.3064],[32.3002,-0.3076],[32.2976,-0.306],[32.2961,-0.3024],[32.2983,-0.2995],[32.2985,-0.2961],[32.3028,-0.2921],[32.2988,-0.2897],[32.2885,-0.2957],[32.2867,-0.3046],[32.2913,-0.3034],[32.2934,-0.3082],[32.2916,-0.3112],[32.2844,-0.3158],[32.275,-0.3187],[32.2654,-0.318],[32.2604,-0.3137],[32.2628,-0.3103],[32.2628,-0.3079],[32.2576,-0.2985],[32.2619,-0.2945],[32.2568,-0.2921],[32.2551,-0.2943],[32.2571,-0.2991],[32.2564,-0.301],[32.2485,-0.3046],[32.2443,-0.3055],[32.2237,-0.3031],[32.2195,-0.3053],[32.2184,-0.3086],[32.2146,-0.3069],[32.2053,-0.3065],[32.2025,-0.3088],[32.2025,-0.3141],[32.2012,-0.3146],[32.1962,-0.3091],[32.1928,-0.3088],[32.188,-0.3094],[32.1782,-0.3146],[32.167,-0.3124],[32.1631,-0.3084],[32.1569,-0.2973],[32.1639,-0.2791],[32.1643,-0.2768],[32.1605,-0.2715],[32.1625,-0.2652],[32.166,-0.2621],[32.1704,-0.2629],[32.1727,-0.2617],[32.1749,-0.2562],[32.1806,-0.2547],[32.1868,-0.2482],[32.1868,-0.2399],[32.1898,-0.2361],[32.1917,-0.2358],[32.1934,-0.2322],[32.1979,-0.2307],[32.1979,-0.2282],[32.1922,-0.2313],[32.1881,-0.2307],[32.1862,-0.2296],[32.1837,-0.2241],[32.1818,-0.2241],[32.1723,-0.2373],[32.1593,-0.2394],[32.1488,-0.2361],[32.1431,-0.2269],[32.1433,-0.2228],[32.1345,-0.2225],[32.1316,-0.2239],[32.1283,-0.2299],[32.1203,-0.2331],[32.1156,-0.2321],[32.113,-0.2276],[32.1061,-0.2242],[32.1035,-0.225],[32.1003,-0.2285],[32.0918,-0.2296],[32.0768,-0.2193],[32.0652,-0.2176],[32.0636,-0.218],[32.0643,-0.2195],[32.0703,-0.2259],[32.0691,-0.23],[32.0701,-0.2338],[32.076,-0.2379],[32.0762,-0.2425],[32.073,-0.2456],[32.0674,-0.2482],[32.0542,-0.2488]]],[[[32.3569,-0.3635],[32.3588,-0.3687],[32.3618,-0.3706],[32.3641,-0.3742],[32.3711,-0.376],[32.3787,-0.3745],[32.3799,-0.3711],[32.3828,-0.3723],[32.3924,-0.3692],[32.4096,-0.3692],[32.4257,-0.3642],[32.4297,-0.3603],[32.429,-0.3591],[32.4169,-0.363],[32.4106,-0.3611],[32.4091,-0.3548],[32.4018,-0.3476],[32.4066,-0.34],[32.3981,-0.3414],[32.3955,-0.3398],[32.3934,-0.3359],[32.3958,-0.3324],[32.3881,-0.3326],[32.384,-0.3261],[32.3812,-0.3254],[32.3795,-0.3263],[32.3804,-0.3297],[32.3792,-0.3343],[32.3751,-0.3378],[32.3758,-0.3405],[32.377,-0.3415],[32.3809,-0.341],[32.3855,-0.3469],[32.3867,-0.3489],[32.3847,-0.3536],[32.3915,-0.3565],[32.3895,-0.363],[32.3742,-0.3694],[32.3684,-0.3645],[32.3661,-0.3596],[32.361,-0.3551],[32.3572,-0.3575],[32.3569,-0.3635]]],[[[32.563,-0.364],[32.5694,-0.3645],[32.5756,-0.3601],[32.5781,-0.3542],[32.5721,-0.3508],[32.5706,-0.3554],[32.5637,-0.3573],[32.5661,-0.3618],[32.563,-0.364]]],[[[32.5031,-0.3676],[32.5117,-0.37],[32.5181,-0.3671],[32.5187,-0.3656],[32.5342,-0.3615],[32.5359,-0.3592],[32.5323,-0.3441],[32.533,-0.3388],[32.5356,-0.3371],[32.5244,-0.3361],[32.5236,-0.3273],[32.5203,-0.3278],[32.5201,-0.3261],[32.5151,-0.323],[32.5114,-0.3237],[32.5108,-0.3251],[32.5134,-0.3259],[32.5181,-0.3321],[32.5199,-0.339],[32.5223,-0.3402],[32.5236,-0.3433],[32.5225,-0.3474],[32.5256,-0.3494],[32.5256,-0.3524],[32.5248,-0.3548],[32.516,-0.3589],[32.5148,-0.3633],[32.5112,-0.3652],[32.5112,-0.3669],[32.5038,-0.3666],[32.5031,-0.3676]]],[[[32.314,-0.2294],[32.32,-0.2311],[32.327,-0.2356],[32.3294,-0.2378],[32.3287,-0.244],[32.3363,-0.2469],[32.3378,-0.2457],[32.337,-0.2438],[32.3404,-0.2375],[32.3433,-0.2349],[32.3462,-0.2353],[32.3479,-0.2371],[32.3495,-0.2444],[32.349,-0.2469],[32.3466,-0.2486],[32.3572,-0.2639],[32.3601,-0.2658],[32.361,-0.2639],[32.3634,-0.2632],[32.3701,-0.2631],[32.3787,-0.2715],[32.3804,-0.2701],[32.3813,-0.261],[32.3835,-0.2567],[32.379,-0.2456],[32.3747,-0.244],[32.3699,-0.2466],[32.3605,-0.2435],[32.354,-0.2361],[32.3519,-0.2251],[32.3486,-0.226],[32.3476,-0.2301],[32.3454,-0.2303],[32.3407,-0.2256],[32.3301,-0.226],[32.3237,-0.2239],[32.3169,-0.2255],[32.314,-0.2294]]],[[[32.557,-0.2284],[32.5605,-0.2332],[32.5651,-0.23],[32.5697,-0.2295],[32.5757,-0.2336],[32.5756,-0.2349],[32.5829,-0.2344],[32.5869,-0.2377],[32.5908,-0.2365],[32.5874,-0.2312],[32.5845,-0.2296],[32.5841,-0.2262],[32.5862,-0.2238],[32.585,-0.2245],[32.584,-0.2217],[32.586,-0.2183],[32.5828,-0.219],[32.5797,-0.2217],[32.5768,-0.2207],[32.575,-0.2219],[32.5711,-0.2195],[32.5678,-0.2222],[32.5634,-0.2226],[32.5641,-0.2245],[32.557,-0.2284]]],[[[32.4276,-0.265],[32.4345,-0.2632],[32.4358,-0.2608],[32.4406,-0.2591],[32.4472,-0.2586],[32.4532,-0.2559],[32.4472,-0.2557],[32.4448,-0.2522],[32.4401,-0.2514],[32.4365,-0.2528],[32.4364,-0.2553],[32.4345,-0.2567],[32.4303,-0.2583],[32.4276,-0.265]]],[[[32.0948,1.6509],[32.0921,1.6488],[32.0898,1.6436],[32.0826,1.6415],[32.0829,1.6375],[32.0896,1.6271],[32.0905,1.6208],[32.0901,1.6177],[32.0853,1.6163],[32.0834,1.6138],[32.0901,1.6079],[32.0885,1.5994],[32.089,1.5939],[32.0803,1.5884],[32.0756,1.5905],[32.0736,1.59],[32.0726,1.5873],[32.0745,1.5833],[32.0722,1.581],[32.0721,1.5782],[32.0681,1.5814],[32.063,1.5816],[32.0616,1.5787],[32.0621,1.5743],[32.0562,1.5745],[32.0568,1.572],[32.0541,1.5634],[32.0491,1.5606],[32.049,1.5577],[32.0465,1.5536],[32.0479,1.5493],[32.0466,1.5464],[32.045,1.5452],[32.0391,1.5449],[32.0368,1.5479],[32.0325,1.5469],[32.0289,1.5437],[32.0224,1.5456],[32.016,1.5408],[32.0121,1.5426],[32.0081,1.5374],[32.0027,1.5404],[32.0022,1.5451],[32.0001,1.5456],[32.0001,1.5379],[31.9967,1.5353],[31.9992,1.5314],[31.9988,1.5296],[31.9945,1.5297],[31.9923,1.5337],[31.989,1.5328],[31.9873,1.5302],[31.9885,1.5242],[31.9862,1.5219],[31.9891,1.5188],[31.9877,1.5169],[31.9852,1.517],[31.9847,1.514],[31.9868,1.5096],[31.9839,1.5081],[31.9828,1.5101],[31.9773,1.5094],[31.9711,1.5069],[31.9749,1.5023],[31.9752,1.499],[31.9704,1.4949],[31.9676,1.489],[31.9684,1.4852],[31.9711,1.4826],[31.9712,1.4761],[31.9743,1.4719],[31.9744,1.4688],[31.97,1.468],[31.9657,1.4633],[31.9613,1.4618],[31.9576,1.4623],[31.9586,1.4654],[31.9571,1.4671],[31.9553,1.4631],[31.9499,1.4599],[31.9452,1.4608],[31.9377,1.4567],[31.9315,1.4564],[31.9289,1.4532],[31.9296,1.4487],[31.9244,1.4534],[31.9201,1.4542],[31.9178,1.4505],[31.9115,1.4508],[31.9122,1.4426],[31.9028,1.4389],[31.9004,1.4324],[31.897,1.4343],[31.894,1.434],[31.8895,1.4239],[31.8887,1.4261],[31.8848,1.4274],[31.8817,1.423],[31.8769,1.421],[31.878,1.4172],[31.8718,1.4146],[31.8679,1.4066],[31.8669,1.3975],[31.8642,1.3988],[31.8614,1.3962],[31.8634,1.3929],[31.8631,1.3908],[31.8608,1.3906],[31.8585,1.3859],[31.8522,1.3838],[31.8504,1.3804],[31.8482,1.3798],[31.8456,1.3745],[31.839,1.3696],[31.8362,1.3653],[31.8342,1.3657],[31.8307,1.3622],[31.8245,1.3631],[31.8134,1.3589],[31.8097,1.3589],[31.8067,1.3569],[31.8044,1.3584],[31.8003,1.3568],[31.7927,1.3574],[31.7922,1.3555],[31.7867,1.3526],[31.7841,1.3495],[31.7794,1.3493],[31.7749,1.3457],[31.7722,1.3372],[31.7656,1.3364],[31.7527,1.327],[31.7478,1.3265],[31.7435,1.3284],[31.738,1.3259],[31.7288,1.3301],[31.7248,1.3299],[31.7218,1.3347],[31.7171,1.3362],[31.7138,1.3346],[31.7106,1.3365],[31.7036,1.3363],[31.7001,1.3381],[31.6946,1.3368],[31.6881,1.3396],[31.6844,1.3375],[31.6789,1.3373],[31.6655,1.3458],[31.6638,1.3454],[31.654,1.3494],[31.649,1.3501],[31.64,1.3478],[31.6354,1.349],[31.6229,1.3443],[31.6161,1.3463],[31.6131,1.3443],[31.6097,1.3444],[31.6055,1.3486],[31.6002,1.3498],[31.5885,1.3573],[31.5794,1.3612],[31.5769,1.3646],[31.5721,1.3648],[31.564,1.3681],[31.5585,1.3665],[31.5486,1.3674],[31.5393,1.3647],[31.5318,1.3647],[31.524,1.3598],[31.5134,1.3487],[31.5095,1.3408],[31.5001,1.3289],[31.4807,1.3169],[31.4642,1.3109],[31.4585,1.3054],[31.455,1.3],[31.4562,1.2861],[31.4486,1.2769],[31.438,1.2722],[31.4177,1.2717],[31.402,1.2733],[31.3922,1.2704],[31.3824,1.2644],[31.3774,1.2596],[31.3682,1.2416],[31.3581,1.2405],[31.3486,1.242],[31.3207,1.2409],[31.3147,1.2371],[31.3041,1.2221],[31.2992,1.2196],[31.2917,1.2121],[31.2921,1.2104],[31.2964,1.2099],[31.2969,1.2061],[31.302,1.2004],[31.3187,1.2005],[31.3324,1.1954],[31.3413,1.1888],[31.3449,1.1813],[31.3508,1.1748],[31.36,1.1717],[31.3667,1.1656],[31.3773,1.1606],[31.3825,1.1592],[31.3914,1.1652],[31.3969,1.1657],[31.409,1.1642],[31.4168,1.1603],[31.4194,1.1574],[31.4219,1.1506],[31.422,1.1393],[31.4229,1.1348],[31.4255,1.1315],[31.4254,1.1254],[31.4312,1.1216],[31.4385,1.1114],[31.4501,1.104],[31.453,1.0963],[31.4568,1.092],[31.4621,1.0818],[31.4656,1.0803],[31.4665,1.0769],[31.4762,1.0744],[31.4797,1.0693],[31.4802,1.0654],[31.4854,1.0603],[31.4916,1.0575],[31.4991,1.0568],[31.5059,1.0522],[31.5124,1.0499],[31.514,1.0433],[31.5221,1.0377],[31.5264,1.0309],[31.5279,1.0225],[31.5269,1.0163],[31.5188,1.0042],[31.5173,0.9997],[31.5102,0.9963],[31.5085,0.9905],[31.4986,0.9857],[31.4897,0.9851],[31.4872,0.9835],[31.485,0.9763],[31.4748,0.9708],[31.4683,0.9701],[31.4595,0.9649],[31.4543,0.9596],[31.4458,0.9587],[31.443,0.9551],[31.4347,0.9531],[31.432,0.951],[31.4317,0.9468],[31.4295,0.9434],[31.4343,0.9313],[31.434,0.9237],[31.4355,0.9176],[31.4393,0.9109],[31.441,0.9109],[31.4456,0.907],[31.4439,0.9054],[31.4462,0.9045],[31.4459,0.9028],[31.4483,0.9042],[31.4519,0.9006],[31.454,0.8953],[31.4527,0.8865],[31.4491,0.8794],[31.4502,0.8686],[31.4477,0.8643],[31.4399,0.8583],[31.4374,0.852],[31.4384,0.8455],[31.4368,0.8397],[31.4402,0.8326],[31.4442,0.8281],[31.434,0.8196],[31.4284,0.8212],[31.4208,0.814],[31.4087,0.8107],[31.4037,0.804],[31.4069,0.7621],[31.4084,0.7582],[31.408,0.7479],[31.4064,0.7478],[31.4055,0.7449],[31.4015,0.7469],[31.3918,0.7358],[31.3841,0.719],[31.3821,0.7102],[31.3741,0.7061],[31.3688,0.7074],[31.3538,0.7141],[31.3504,0.7141],[31.3168,0.7316],[31.2879,0.7425],[31.286,0.7363],[31.2892,0.7219],[31.2888,0.7167],[31.2858,0.7114],[31.2813,0.7107],[31.2732,0.6987],[31.2725,0.685],[31.2694,0.6831],[31.2633,0.6836],[31.2618,0.682],[31.2417,0.6549],[31.2359,0.6446],[31.2148,0.6346],[31.2213,0.6275],[31.2345,0.6172],[31.2547,0.6065],[31.2549,0.5958],[31.2575,0.5848],[31.2558,0.5775],[31.2561,0.5675],[31.2504,0.5571],[31.25,0.5495],[31.2428,0.5472],[31.2405,0.5406],[31.2425,0.5353],[31.2454,0.5348],[31.2459,0.5328],[31.248,0.5333],[31.2476,0.5302],[31.2399,0.5237],[31.2176,0.5199],[31.2076,0.5152],[31.201,0.5099],[31.1991,0.5116],[31.1941,0.5118],[31.1906,0.5105],[31.1696,0.5107],[31.1589,0.5084],[31.1535,0.5057],[31.1416,0.5109],[31.141,0.5027],[31.1443,0.5017],[31.1445,0.4998],[31.138,0.4786],[31.1407,0.4554],[31.1171,0.4304],[31.118,0.4249],[31.1147,0.4212],[31.1131,0.4146],[31.1172,0.4065],[31.1164,0.404],[31.1197,0.3938],[31.1241,0.387],[31.1225,0.384],[31.125,0.3829],[31.1296,0.3732],[31.1325,0.3698],[31.1351,0.3694],[31.138,0.3614],[31.1405,0.3603],[31.1424,0.3563],[31.1415,0.3477],[31.1386,0.343],[31.1387,0.3405],[31.1359,0.3358],[31.1309,0.3347],[31.1292,0.3319],[31.1151,0.3206],[31.1161,0.3181],[31.1145,0.3108],[31.1068,0.298],[31.0864,0.2831],[31.0779,0.2796],[31.0714,0.2715],[31.0678,0.2701],[31.0622,0.2649],[31.0611,0.259],[31.0584,0.2566],[31.0342,0.2413],[31.0225,0.2307],[31.0272,0.2163],[31.0269,0.212],[31.0186,0.2002],[31.0127,0.201],[31.0124,0.1947],[31.0156,0.1716],[31.0303,0.1592],[31.0331,0.1545],[31.0386,0.1544],[31.0465,0.1494],[31.049,0.145],[31.0482,0.1398],[31.0508,0.1307],[31.0469,0.1247],[31.0561,0.1195],[31.0542,0.1175],[31.0532,0.1128],[31.0498,0.1102],[31.0507,0.108],[31.0463,0.1014],[31.0489,0.0965],[31.0437,0.0943],[31.0439,0.09],[31.042,0.0882],[31.0438,0.0881],[31.0461,0.0849],[31.0487,0.085],[31.0513,0.0808],[31.0526,0.0705],[31.0514,0.0666],[31.0564,0.0617],[31.0559,0.0557],[31.0529,0.0531],[31.0532,0.0513],[31.0582,0.0467],[31.0577,0.0429],[31.0541,0.0379],[31.0563,0.0367],[31.0559,0.0296],[31.0581,0.0266],[31.0586,0.0209],[31.0562,0.0147],[31.052,0.0137],[31.0491,0.0093],[31.0398,0.0035],[31.0292,-0.0071],[31.0272,-0.0158],[31.0228,-0.0229],[31.0257,-0.0334],[31.0392,-0.0326],[31.0426,-0.0283],[31.0519,-0.0243],[31.0578,-0.0279],[31.0687,-0.0275],[31.0749,-0.0212],[31.0824,-0.027],[31.0871,-0.0345],[31.0875,-0.0379],[31.0978,-0.0517],[31.097,-0.0607],[31.0982,-0.0747],[31.1008,-0.0802],[31.1019,-0.0879],[31.0993,-0.0961],[31.1001,-0.0992],[31.0972,-0.1143],[31.0977,-0.1233],[31.0945,-0.1332],[31.094,-0.1411],[31.0922,-0.1441],[31.0906,-0.1547],[31.0823,-0.1713],[31.0789,-0.1901],[31.0714,-0.2019],[31.0699,-0.2067],[31.0709,-0.213],[31.0744,-0.2183],[31.0677,-0.2394],[31.0709,-0.2494],[31.0706,-0.2557],[31.0714,-0.2614],[31.0727,-0.2623],[31.0733,-0.2711],[31.0782,-0.2815],[31.0815,-0.302],[31.0889,-0.3157],[31.0891,-0.32],[31.0916,-0.3248],[31.1025,-0.3364],[31.1146,-0.3725],[31.1173,-0.3749],[31.1239,-0.3884],[31.1241,-0.4023],[31.1316,-0.4175],[31.1522,-0.4381],[31.154,-0.4667],[31.1521,-0.4743],[31.1539,-0.4867],[31.1512,-0.4984],[31.1521,-0.5168],[31.1483,-0.5247],[31.14,-0.5361],[31.138,-0.5476],[31.1342,-0.5571],[31.1237,-0.5723],[31.1251,-0.5813],[31.1241,-0.5858],[31.117,-0.5942],[31.1077,-0.6019],[31.1003,-0.6131],[31.0941,-0.6331],[31.0928,-0.6524],[31.0903,-0.6621],[31.0921,-0.6687],[31.099,-0.6735],[31.1331,-0.6864],[31.1524,-0.7014],[31.1571,-0.7106],[31.1642,-0.7179],[31.1686,-0.7253],[31.1874,-0.7378],[31.1931,-0.7442],[31.199,-0.7549],[31.1971,-0.7668],[31.1989,-0.776],[31.1942,-0.7887],[31.1927,-0.818],[31.2108,-0.8319],[31.2146,-0.832],[31.221,-0.8352],[31.2269,-0.8448],[31.2263,-0.8529],[31.204,-0.8698],[31.2055,-0.8775],[31.2027,-0.8805],[31.2028,-0.885],[31.2092,-0.8983],[31.2504,-0.9297],[31.2701,-0.947],[31.2636,-0.9817],[31.2699,-1.0],[31.7879,-0.9994],[31.7851,-0.9942],[31.7833,-0.9849],[31.7808,-0.9827],[31.7799,-0.977],[31.7815,-0.9713],[31.778,-0.9667],[31.7761,-0.9688],[31.773,-0.9691],[31.7698,-0.967],[31.7684,-0.9639],[31.77,-0.9585],[31.7763,-0.9534],[31.779,-0.9531],[31.7819,-0.9457],[31.7815,-0.9409],[31.7737,-0.9346],[31.7686,-0.9327],[31.7644,-0.9201],[31.7661,-0.9022],[31.7731,-0.8765],[31.7696,-0.8744],[31.7645,-0.8751],[31.7487,-0.8551],[31.7325,-0.8498],[31.7349,-0.8532],[31.7126,-0.8677],[31.7126,-0.8628],[31.703,-0.8587],[31.6999,-0.8553],[31.6972,-0.8464],[31.6955,-0.8292],[31.6975,-0.8086],[31.7044,-0.787],[31.7143,-0.7657],[31.7257,-0.7458],[31.7473,-0.7183],[31.7586,-0.7001],[31.7717,-0.6833],[31.7875,-0.6655],[31.8084,-0.6469],[31.8009,-0.6449],[31.7978,-0.6401],[31.7871,-0.6352],[31.7833,-0.6294],[31.784,-0.6171],[31.7895,-0.6016],[31.7885,-0.5944],[31.7868,-0.592],[31.7885,-0.5844],[31.7947,-0.5738],[31.8191,-0.5443],[31.8239,-0.5281],[31.8348,-0.512],[31.8414,-0.4965],[31.8513,-0.4856],[31.8702,-0.4687],[31.9187,-0.4304],[31.9639,-0.3825],[31.9699,-0.3738],[31.9747,-0.3613],[31.9819,-0.355],[31.9836,-0.3505],[31.9828,-0.3482],[31.9849,-0.3442],[31.9852,-0.339],[31.9838,-0.3366],[31.9911,-0.3283],[31.9904,-0.3249],[31.9969,-0.3221],[32.0108,-0.3063],[32.0213,-0.3022],[32.0333,-0.3009],[32.0377,-0.3036],[32.0383,-0.3058],[32.0362,-0.307],[32.0377,-0.3098],[32.0407,-0.3112],[32.0415,-0.3158],[32.0371,-0.3251],[32.0449,-0.3245],[32.0422,-0.3187],[32.0439,-0.3168],[32.0441,-0.3134],[32.041,-0.3082],[32.0414,-0.304],[32.0357,-0.3009],[32.0348,-0.2988],[32.0319,-0.2794],[32.0329,-0.2784],[32.0263,-0.2716],[32.0267,-0.2727],[32.0259,-0.2717],[32.0242,-0.2737],[32.0214,-0.2739],[32.0233,-0.2759],[32.0226,-0.2768],[32.0209,-0.2765],[32.0197,-0.2737],[32.0172,-0.2737],[32.0165,-0.2717],[32.0196,-0.2634],[32.0184,-0.26],[32.0117,-0.261],[32.0087,-0.266],[32.0062,-0.2665],[32.0015,-0.2633],[31.9995,-0.2583],[32.0051,-0.2591],[32.0062,-0.2566],[31.9962,-0.2538],[31.9904,-0.2507],[31.9876,-0.2476],[31.9826,-0.2356],[31.9907,-0.2028],[31.9863,-0.1972],[31.9814,-0.1869],[31.9646,-0.1757],[31.9619,-0.1752],[31.965,-0.1776],[31.965,-0.181],[31.9627,-0.1816],[31.962,-0.1841],[31.9552,-0.1867],[31.9402,-0.1967],[31.932,-0.2143],[31.9323,-0.22],[31.9349,-0.2248],[31.9382,-0.2226],[31.942,-0.2255],[31.9399,-0.2264],[31.9382,-0.2246],[31.9349,-0.2257],[31.9353,-0.2305],[31.9452,-0.2377],[31.9433,-0.2399],[31.9463,-0.2439],[31.9442,-0.2452],[31.9445,-0.2478],[31.9473,-0.2483],[31.9464,-0.2499],[31.9478,-0.2506],[31.9464,-0.2523],[31.9478,-0.261],[31.9447,-0.2628],[31.9454,-0.2755],[31.942,-0.2765],[31.9378,-0.2744],[31.9348,-0.2768],[31.9344,-0.2844],[31.9279,-0.2737],[31.9245,-0.2737],[31.9138,-0.2799],[31.9045,-0.2603],[31.9052,-0.2525],[31.9114,-0.236],[31.9162,-0.2425],[31.921,-0.2404],[31.9183,-0.2363],[31.9193,-0.2236],[31.9179,-0.2171],[31.9207,-0.2102],[31.92,-0.2075],[31.9238,-0.2044],[31.9245,-0.1992],[31.9207,-0.1936],[31.9229,-0.1875],[31.9188,-0.1851],[31.9167,-0.1799],[31.9196,-0.1767],[31.9176,-0.1743],[31.9182,-0.1707],[31.9156,-0.1657],[31.9235,-0.156],[31.9338,-0.1567],[31.935,-0.1588],[31.9386,-0.1601],[31.9422,-0.1508],[31.9368,-0.1499],[31.9434,-0.1485],[31.944,-0.1462],[31.9394,-0.1441],[31.9327,-0.1473],[31.9225,-0.1483],[31.9217,-0.1474],[31.9249,-0.1433],[31.9234,-0.1427],[31.9216,-0.1453],[31.9189,-0.1455],[31.9183,-0.1441],[31.9208,-0.1425],[31.9184,-0.1421],[31.9192,-0.1393],[31.924,-0.1341],[31.9282,-0.131],[31.9334,-0.1296],[31.9391,-0.1295],[31.9428,-0.1277],[31.9459,-0.1285],[31.9657,-0.1048],[31.9816,-0.0942],[31.9924,-0.0901],[32.0022,-0.0885],[32.0058,-0.0884],[32.0067,-0.0901],[32.0147,-0.0884],[32.035,-0.0874],[32.0539,-0.0919],[32.0556,-0.0969],[32.0655,-0.0983],[32.0754,-0.0965],[32.0836,-0.0884],[32.0791,-0.0854],[32.0786,-0.0815],[32.0715,-0.0765],[32.0521,-0.0565],[32.0491,-0.06],[32.0498,-0.0633],[32.054,-0.0658],[32.0524,-0.0671],[32.0507,-0.0667],[32.049,-0.0689],[32.045,-0.0686],[32.0366,-0.0718],[32.0281,-0.0728],[32.0231,-0.054],[32.0201,-0.0484],[32.0236,-0.0408],[32.0375,-0.0397],[32.0452,-0.0435],[32.0579,-0.0428],[32.0708,-0.0359],[32.0752,-0.0371],[32.0754,-0.035],[32.086,-0.0267],[32.092,-0.0254],[32.0965,-0.0272],[32.1013,-0.0334],[32.1011,-0.0391],[32.1083,-0.043],[32.1159,-0.052],[32.1238,-0.057],[32.1366,-0.0587],[32.1461,-0.0624],[32.1481,-0.0647],[32.1476,-0.0669],[32.1502,-0.0666],[32.1548,-0.0707],[32.161,-0.0734],[32.1625,-0.0767],[32.1732,-0.0715],[32.1801,-0.0712],[32.1869,-0.0719],[32.1912,-0.075],[32.1916,-0.0777],[32.1995,-0.0739],[32.2025,-0.0762],[32.2015,-0.0721],[32.207,-0.0557],[32.213,-0.0485],[32.2159,-0.0494],[32.2161,-0.0472],[32.2185,-0.046],[32.2202,-0.0475],[32.2211,-0.0454],[32.2201,-0.0442],[32.2242,-0.0367],[32.2249,-0.0324],[32.2149,-0.0187],[32.2123,-0.0231],[32.2091,-0.0188],[32.2091,-0.0173],[32.2123,-0.0163],[32.2134,-0.0123],[32.2123,-0.0017],[32.2142,-0.0044],[32.2171,-0.0024],[32.2111,0.0064],[32.2137,0.0306],[32.2209,0.0436],[32.2213,0.0407],[32.2156,0.0287],[32.2159,0.022],[32.213,0.0079],[32.2171,0.005],[32.2264,0.0023],[32.2304,0.0043],[32.2345,0.003],[32.2355,-0.0003],[32.237,-0.001],[32.2499,-0.0039],[32.2504,-0.0067],[32.2552,-0.0116],[32.2595,-0.012],[32.2576,-0.0135],[32.2571,-0.018],[32.2587,-0.0212],[32.2582,-0.026],[32.2602,-0.0283],[32.2621,-0.0346],[32.2669,-0.0353],[32.2679,-0.0381],[32.2724,-0.0345],[32.2745,-0.0357],[32.2767,-0.0329],[32.2798,-0.0334],[32.2839,-0.0298],[32.2913,-0.0279],[32.2904,-0.0238],[32.2937,-0.0209],[32.2959,-0.0207],[32.2946,-0.0188],[32.2973,-0.014],[32.2959,-0.0094],[32.2982,-0.0063],[32.3079,-0.0001],[32.3054,0.0033],[32.3067,0.0078],[32.2916,0.0165],[32.2805,0.0265],[32.269,0.032],[32.2669,0.0296],[32.2649,0.0208],[32.263,0.021],[32.2602,0.0242],[32.2578,0.0242],[32.2554,0.0284],[32.2518,0.0284],[32.2516,0.0225],[32.2413,0.0212],[32.2369,0.0249],[32.2365,0.0275],[32.2451,0.0339],[32.2498,0.0342],[32.2506,0.0356],[32.2547,0.0356],[32.2564,0.0339],[32.2631,0.0339],[32.2657,0.0361],[32.2595,0.0406],[32.2625,0.0411],[32.2604,0.0436],[32.2575,0.045],[32.2556,0.044],[32.2544,0.0471],[32.2501,0.0497],[32.2479,0.0473],[32.2472,0.0483],[32.2487,0.0502],[32.2467,0.0517],[32.2446,0.05],[32.2451,0.0531],[32.2417,0.0529],[32.2419,0.051],[32.2395,0.0483],[32.2384,0.0486],[32.2403,0.0524],[32.2369,0.0536],[32.2338,0.051],[32.2348,0.0536],[32.2329,0.056],[32.247,0.0551],[32.252,0.0524],[32.2527,0.0546],[32.2539,0.0545],[32.2537,0.0521],[32.2588,0.0498],[32.2607,0.05],[32.2611,0.0514],[32.2614,0.0493],[32.2633,0.0527],[32.2642,0.0481],[32.2676,0.0469],[32.2688,0.0485],[32.2767,0.044],[32.2868,0.0414],[32.2904,0.0364],[32.3033,0.032],[32.3066,0.0284],[32.3145,0.0277],[32.3213,0.0291],[32.3268,0.0182],[32.3267,0.0141],[32.3292,0.0136],[32.3293,0.0155],[32.3358,0.0189],[32.3425,0.0191],[32.348,0.0157],[32.3503,0.0157],[32.3585,0.0179],[32.3594,0.0213],[32.3614,0.0219],[32.3697,0.0196],[32.3712,0.0172],[32.3719,0.0085],[32.3753,0.0042],[32.3755,-0.0065],[32.3772,-0.0085],[32.3786,-0.0056],[32.3755,0.0083],[32.3803,0.0138],[32.3824,0.0141],[32.3815,0.016],[32.3832,0.0198],[32.3812,0.0208],[32.3762,0.0321],[32.3762,0.0359],[32.3815,0.0409],[32.3781,0.0498],[32.3803,0.057],[32.3798,0.0596],[32.3714,0.0685],[32.3666,0.0675],[32.3645,0.0574],[32.3611,0.055],[32.364,0.0576],[32.3643,0.0665],[32.3539,0.0653],[32.3528,0.0672],[32.3561,0.0668],[32.3606,0.0694],[32.3675,0.0781],[32.3703,0.0878],[32.3743,0.0889],[32.3778,0.0928],[32.3804,0.0899],[32.389,0.0916],[32.3905,0.0937],[32.3956,0.093],[32.3996,0.0874],[32.3964,0.0758],[32.3948,0.0742],[32.3971,0.0703],[32.3998,0.0695],[32.4019,0.0668],[32.4045,0.0743],[32.41,0.0753],[32.4116,0.0743],[32.4125,0.0757],[32.4148,0.0753],[32.419,0.0774],[32.4215,0.0852],[32.426,0.0851],[32.4277,0.0819],[32.4331,0.0809],[32.4395,0.0894],[32.4426,0.0999],[32.4446,0.1144],[32.4474,0.1192],[32.4514,0.1209],[32.4596,0.12],[32.4645,0.1113],[32.4613,0.1034],[32.463,0.0988],[32.4615,0.0997],[32.4602,0.0987],[32.4554,0.0878],[32.4509,0.0852],[32.4456,0.0713],[32.446,0.0684],[32.444,0.066],[32.4412,0.0666],[32.4405,0.0638],[32.4394,0.0647],[32.4315,0.0589],[32.4273,0.0542],[32.4295,0.053],[32.426,0.0531],[32.4189,0.0487],[32.4125,0.0515],[32.4113,0.0479],[32.4154,0.042],[32.4185,0.0415],[32.4191,0.0348],[32.4266,0.0277],[32.4288,0.0266],[32.4296,0.0281],[32.4349,0.0284],[32.4385,0.0266],[32.439,0.0192],[32.4405,0.0216],[32.4413,0.019],[32.4419,0.0215],[32.4427,0.0194],[32.4465,0.02],[32.4475,0.0236],[32.45,0.0251],[32.4513,0.0242],[32.4494,0.0276],[32.4513,0.0321],[32.4615,0.0382],[32.4652,0.0364],[32.4696,0.0392],[32.471,0.0383],[32.4699,0.0417],[32.4709,0.0451],[32.4781,0.0486],[32.4771,0.0508],[32.4786,0.0525],[32.4808,0.0533],[32.4834,0.0518],[32.4846,0.0528],[32.4823,0.0541],[32.4831,0.0551],[32.4809,0.0553],[32.4828,0.0609],[32.4796,0.0654],[32.4815,0.0698],[32.4888,0.074],[32.4869,0.0758],[32.4848,0.0845],[32.4853,0.0864],[32.4882,0.0877],[32.4901,0.0875],[32.4972,0.0805],[32.4969,0.0718],[32.5004,0.0673],[32.5002,0.0651],[32.502,0.0641],[32.5018,0.0603],[32.5042,0.0593],[32.5038,0.0526],[32.5144,0.0542],[32.5162,0.0519],[32.5163,0.0531],[32.5192,0.054],[32.5219,0.05],[32.5243,0.0489],[32.5238,0.0526],[32.525,0.054],[32.5321,0.0555],[32.5293,0.07],[32.5267,0.0715],[32.5229,0.0793],[32.5228,0.0843],[32.5236,0.0874],[32.5254,0.088],[32.5299,0.0816],[32.5317,0.0816],[32.5326,0.0767],[32.5351,0.0732],[32.5394,0.0732],[32.542,0.0708],[32.5442,0.0711],[32.5458,0.0778],[32.5492,0.0771],[32.5497,0.0673],[32.5598,0.0603],[32.5591,0.0525],[32.5501,0.0437],[32.549,0.0422],[32.5498,0.0408],[32.5569,0.0392],[32.5659,0.0444],[32.5726,0.0413],[32.574,0.0438],[32.5763,0.0429],[32.5757,0.0472],[32.5829,0.0523],[32.5757,0.0524],[32.5703,0.0579],[32.5679,0.0594],[32.5657,0.0586],[32.5614,0.0625],[32.5611,0.072],[32.5641,0.0798],[32.5595,0.0845],[32.5576,0.0914],[32.5525,0.0955],[32.5489,0.1026],[32.5465,0.115],[32.5505,0.1192],[32.5535,0.1191],[32.5524,0.1185],[32.5531,0.1149],[32.5571,0.1094],[32.5589,0.109],[32.5643,0.1029],[32.5689,0.1012],[32.5706,0.0972],[32.5733,0.0966],[32.5739,0.099],[32.5796,0.0995],[32.5811,0.0974],[32.5774,0.0927],[32.578,0.0899],[32.5794,0.0882],[32.5833,0.0888],[32.5826,0.0911],[32.5869,0.0937],[32.5864,0.098],[32.5898,0.099],[32.5811,0.1085],[32.5805,0.1133],[32.5774,0.1126],[32.5743,0.1146],[32.5702,0.1218],[32.5711,0.1281],[32.5839,0.1354],[32.5869,0.1322],[32.5898,0.134],[32.5927,0.1316],[32.5926,0.1347],[32.5971,0.1362],[32.598,0.1352],[32.5984,0.1407],[32.5979,0.1417],[32.5935,0.141],[32.589,0.143],[32.5789,0.1518],[32.5779,0.1506],[32.5787,0.1468],[32.5769,0.1468],[32.5763,0.1492],[32.57,0.1506],[32.564,0.1441],[32.5597,0.143],[32.5604,0.1497],[32.5545,0.1501],[32.5547,0.1525],[32.5619,0.1539],[32.5654,0.158],[32.5683,0.1575],[32.5681,0.1594],[32.5766,0.1604],[32.5789,0.1647],[32.5784,0.1707],[32.5806,0.1735],[32.5793,0.1769],[32.5671,0.1865],[32.5656,0.1908],[32.5674,0.1972],[32.5752,0.2017],[32.5838,0.1958],[32.5843,0.1999],[32.5858,0.2009],[32.5901,0.1983],[32.59,0.1945],[32.5925,0.1909],[32.5922,0.1893],[32.5987,0.1889],[32.5972,0.1944],[32.5992,0.196],[32.6015,0.1946],[32.601,0.2037],[32.606,0.203],[32.6077,0.2005],[32.6112,0.2004],[32.6119,0.1985],[32.6172,0.197],[32.6166,0.2034],[32.6181,0.2051],[32.6199,0.2047],[32.6197,0.2083],[32.623,0.2092],[32.6209,0.2126],[32.6237,0.2154],[32.6206,0.2203],[32.6185,0.2206],[32.6176,0.2264],[32.6187,0.2255],[32.6229,0.2293],[32.6244,0.2349],[32.6237,0.2338],[32.6231,0.2356],[32.6281,0.2371],[32.6312,0.2409],[32.632,0.2444],[32.6351,0.2474],[32.6346,0.2493],[32.6369,0.2465],[32.6365,0.2437],[32.6388,0.2426],[32.6415,0.2436],[32.6369,0.248],[32.6382,0.2515],[32.6361,0.2611],[32.6369,0.2708],[32.6381,0.2738],[32.6414,0.2765],[32.6391,0.2802],[32.6402,0.2823],[32.6377,0.2882],[32.6389,0.2895],[32.6394,0.2876],[32.6431,0.2855],[32.6526,0.2914],[32.6532,0.2876],[32.6551,0.2902],[32.6624,0.2864],[32.6631,0.2894],[32.6612,0.2951],[32.6635,0.3006],[32.664,0.2922],[32.6655,0.2896],[32.668,0.2902],[32.6662,0.2884],[32.6724,0.2838],[32.675,0.2754],[32.6718,0.2677],[32.6703,0.2674],[32.671,0.2631],[32.67,0.262],[32.669,0.2637],[32.6647,0.2516],[32.6677,0.2528],[32.669,0.2505],[32.6654,0.2493],[32.6659,0.2473],[32.6647,0.2479],[32.6647,0.246],[32.6616,0.244],[32.6621,0.2428],[32.6609,0.2453],[32.6479,0.241],[32.6507,0.2364],[32.6499,0.2317],[32.6424,0.2303],[32.6411,0.2281],[32.6452,0.2258],[32.6436,0.2213],[32.6505,0.2167],[32.65,0.2152],[32.6562,0.2148],[32.6584,0.213],[32.6601,0.2141],[32.6612,0.2189],[32.6661,0.2175],[32.6667,0.2129],[32.6682,0.2142],[32.6694,0.2133],[32.6711,0.2158],[32.6694,0.2169],[32.6686,0.2207],[32.6765,0.2298],[32.6822,0.2291],[32.6867,0.2258],[32.6869,0.2232],[32.6814,0.2119],[32.6831,0.2098],[32.6802,0.2028],[32.6744,0.1971],[32.6694,0.1959],[32.6687,0.1901],[32.6599,0.1858],[32.6606,0.1824],[32.6593,0.1825],[32.6582,0.1863],[32.6565,0.1842],[32.656,0.1824],[32.6587,0.1796],[32.6567,0.1745],[32.6527,0.1724],[32.6531,0.1688],[32.6546,0.1679],[32.6584,0.1693],[32.6668,0.1573],[32.669,0.1573],[32.6713,0.1595],[32.6696,0.1636],[32.6725,0.1672],[32.6766,0.1666],[32.6776,0.1587],[32.6814,0.1587],[32.6847,0.1624],[32.6874,0.1635],[32.69,0.1626],[32.6962,0.1702],[32.6948,0.1726],[32.6956,0.1779],[32.7006,0.1784],[32.7023,0.1765],[32.7137,0.1812],[32.7111,0.188],[32.713,0.1899],[32.7128,0.1976],[32.714,0.1999],[32.719,0.2016],[32.7293,0.1993],[32.731,0.1981],[32.7298,0.1945],[32.7324,0.1949],[32.7343,0.1933],[32.7346,0.188],[32.7324,0.1853],[32.7283,0.1844],[32.7348,0.1822],[32.7355,0.1799],[32.7405,0.1815],[32.747,0.1786],[32.747,0.1751],[32.7461,0.1721],[32.7429,0.1688],[32.7288,0.16],[32.7259,0.1556],[32.7315,0.1516],[32.7312,0.1506],[32.7284,0.152],[32.7284,0.1506],[32.7339,0.148],[32.7332,0.1454],[32.7291,0.1441],[32.7269,0.1525],[32.725,0.1542],[32.7173,0.1518],[32.7252,0.1388],[32.7162,0.1372],[32.7053,0.1315],[32.6864,0.1363],[32.6848,0.1351],[32.6847,0.1288],[32.6788,0.1231],[32.6685,0.1219],[32.6629,0.126],[32.6575,0.1209],[32.6551,0.1197],[32.6502,0.1202],[32.6461,0.1174],[32.647,0.1159],[32.6486,0.1183],[32.6515,0.118],[32.6532,0.1166],[32.6531,0.113],[32.655,0.117],[32.6608,0.1218],[32.6668,0.118],[32.6714,0.1118],[32.6682,0.1058],[32.667,0.0984],[32.6589,0.0895],[32.6589,0.0867],[32.6572,0.0848],[32.6601,0.0799],[32.6666,0.0842],[32.6709,0.0927],[32.6771,0.0976],[32.6804,0.0955],[32.6785,0.0898],[32.6819,0.0806],[32.6816,0.0874],[32.6872,0.0974],[32.69,0.0976],[32.6923,0.0908],[32.6951,0.09],[32.6977,0.0865],[32.7019,0.088],[32.7015,0.0971],[32.6989,0.0997],[32.7,0.1038],[32.7036,0.1042],[32.7104,0.0953],[32.7121,0.095],[32.7128,0.0972],[32.7099,0.1067],[32.7111,0.1091],[32.7149,0.1096],[32.7162,0.1054],[32.7209,0.103],[32.7259,0.1073],[32.7259,0.118],[32.7276,0.1195],[32.7293,0.1197],[32.7312,0.1168],[32.7327,0.1178],[32.7344,0.1166],[32.7351,0.1149],[32.7336,0.112],[32.7348,0.1096],[32.7389,0.1061],[32.7408,0.107],[32.7471,0.1171],[32.7492,0.118],[32.7518,0.1245],[32.7516,0.1298],[32.7552,0.1297],[32.7556,0.1218],[32.7583,0.1214],[32.7593,0.1175],[32.7621,0.1157],[32.7619,0.1132],[32.7629,0.114],[32.7645,0.113],[32.7665,0.1188],[32.7722,0.1182],[32.7755,0.1139],[32.7801,0.1135],[32.7829,0.1183],[32.7844,0.1187],[32.7868,0.1161],[32.7894,0.1233],[32.7873,0.1279],[32.7899,0.1355],[32.7887,0.1403],[32.7906,0.1417],[32.7998,0.1353],[32.8038,0.1415],[32.8024,0.1513],[32.8041,0.1537],[32.8071,0.154],[32.8088,0.1499],[32.8112,0.1482],[32.8126,0.1456],[32.8119,0.1406],[32.8194,0.1388],[32.8218,0.1357],[32.8282,0.1401],[32.8282,0.1458],[32.8356,0.1484],[32.84,0.1482],[32.8448,0.147],[32.8489,0.1377],[32.8513,0.1367],[32.852,0.1343],[32.8548,0.1331],[32.8572,0.1341],[32.8601,0.1417],[32.8604,0.1472],[32.8591,0.1484],[32.8582,0.1448],[32.8537,0.1424],[32.8489,0.1439],[32.8481,0.1456],[32.8483,0.1494],[32.846,0.1547],[32.8471,0.1566],[32.8531,0.1588],[32.8531,0.1614],[32.8479,0.1666],[32.8472,0.1705],[32.8452,0.1727],[32.845,0.181],[32.8529,0.1839],[32.8519,0.179],[32.8553,0.1747],[32.8556,0.1699],[32.8598,0.1666],[32.8593,0.1653],[32.863,0.1659],[32.8682,0.1643],[32.8704,0.1657],[32.8701,0.1684],[32.8733,0.1774],[32.8692,0.1806],[32.869,0.1851],[32.8735,0.1873],[32.8683,0.1966],[32.874,0.1981],[32.8855,0.1915],[32.8922,0.1902],[32.8934,0.1882],[32.8879,0.1805],[32.8845,0.1799],[32.8837,0.175],[32.8849,0.1726],[32.8874,0.174],[32.8889,0.179],[32.8937,0.1801],[32.8962,0.1796],[32.8975,0.177],[32.9018,0.1762],[32.9028,0.1741],[32.9032,0.169],[32.8982,0.1676],[32.8939,0.1645],[32.8915,0.1583],[32.8848,0.1518],[32.8812,0.1454],[32.8809,0.1418],[32.8822,0.1389],[32.8881,0.1377],[32.8886,0.1355],[32.8907,0.1369],[32.8992,0.1363],[32.8987,0.131],[32.896,0.13],[32.8941,0.1248],[32.8833,0.1267],[32.8733,0.1182],[32.8762,0.1166],[32.8771,0.1111],[32.8795,0.1092],[32.8834,0.1151],[32.8924,0.1123],[32.8967,0.1084],[32.8949,0.1013],[32.8956,0.0867],[32.8927,0.0802],[32.8962,0.0746],[32.8963,0.0704],[32.9034,0.066],[32.9116,0.0656],[32.9083,0.0682],[32.908,0.0706],[32.9109,0.0744],[32.9205,0.0749],[32.9313,0.0778],[32.9338,0.0761],[32.9334,0.0726],[32.9382,0.0732],[32.9545,0.0823],[32.9519,0.0854],[32.9531,0.0871],[32.9585,0.0888],[32.9609,0.0886],[32.9605,0.0848],[32.966,0.0866],[32.9677,0.0835],[32.9652,0.0804],[32.9815,0.089],[33.0077,0.1087],[33.0009,0.1108],[32.9995,0.1099],[32.9974,0.1118],[32.9988,0.1142],[32.9966,0.1166],[32.9978,0.1241],[33.0048,0.1281],[33.0109,0.1277],[33.0124,0.1221],[33.01,0.1178],[33.01,0.1145],[33.0106,0.112],[33.0149,0.1116],[33.0251,0.1151],[33.03,0.1183],[33.0328,0.1206],[33.0345,0.1264],[33.0388,0.1305],[33.034,0.1339],[33.0276,0.1345],[33.0251,0.1386],[33.0268,0.1406],[33.0294,0.1415],[33.0433,0.1377],[33.044,0.1358],[33.0417,0.1326],[33.0431,0.1302],[33.052,0.1353],[33.0518,0.1372],[33.0558,0.1413],[33.0498,0.1441],[33.0462,0.1473],[33.0465,0.1496],[33.0488,0.1521],[33.0558,0.1551],[33.0709,0.1671],[33.0766,0.1741],[33.0766,0.176],[33.093,0.1863],[33.0939,0.188],[33.0872,0.1856],[33.085,0.1875],[33.0872,0.1897],[33.0877,0.1927],[33.0975,0.2033],[33.0977,0.2066],[33.1004,0.2093],[33.0977,0.2107],[33.0853,0.2086],[33.0664,0.2102],[33.0637,0.2138],[33.0618,0.2134],[33.0601,0.2172],[33.0462,0.2201],[33.0462,0.222],[33.0415,0.2266],[33.0527,0.2309],[33.0527,0.2332],[33.0543,0.2332],[33.0592,0.2404],[33.0615,0.2409],[33.0673,0.2373],[33.0735,0.2376],[33.0714,0.2388],[33.0694,0.2447],[33.0649,0.245],[33.0623,0.2505],[33.0625,0.2536],[33.068,0.256],[33.0721,0.2534],[33.0747,0.2581],[33.0834,0.2593],[33.0851,0.2577],[33.0843,0.2551],[33.0819,0.2543],[33.0867,0.2498],[33.0967,0.2505],[33.0984,0.2428],[33.1003,0.2443],[33.0991,0.2495],[33.103,0.2538],[33.1112,0.2526],[33.1133,0.2505],[33.115,0.2436],[33.1092,0.2442],[33.1078,0.2436],[33.1078,0.2417],[33.113,0.2376],[33.1166,0.2388],[33.1179,0.2405],[33.1178,0.2435],[33.1212,0.2423],[33.1248,0.2435],[33.119,0.234],[33.1112,0.2268],[33.1059,0.2127],[33.1088,0.2131],[33.1128,0.2167],[33.114,0.2162],[33.114,0.2136],[33.1126,0.2103],[33.1239,0.2153],[33.1284,0.2151],[33.1385,0.2297],[33.1382,0.2342],[33.1399,0.2378],[33.1384,0.2381],[33.1373,0.2416],[33.1327,0.2428],[33.1296,0.2483],[33.1313,0.2503],[33.1348,0.2498],[33.1387,0.2448],[33.1435,0.244],[33.144,0.2423],[33.1519,0.2474],[33.1559,0.2579],[33.1564,0.2637],[33.1516,0.267],[33.1554,0.2709],[33.1502,0.2733],[33.1487,0.2766],[33.1471,0.2874],[33.1439,0.2914],[33.1439,0.2951],[33.1421,0.296],[33.1432,0.302],[33.1576,0.3135],[33.16,0.3174],[33.1615,0.3168],[33.1645,0.3185],[33.1792,0.315],[33.1827,0.3159],[33.1827,0.3181],[33.1899,0.3188],[33.1895,0.3233],[33.1868,0.3267],[33.1899,0.3308],[33.1976,0.3327],[33.2022,0.3319],[33.2029,0.3298],[33.2058,0.3293],[33.2098,0.3324],[33.2101,0.338],[33.2204,0.3453],[33.2288,0.3477],[33.2342,0.3509],[33.2376,0.3495],[33.2463,0.359],[33.2554,0.3641],[33.2609,0.3693],[33.2642,0.3681],[33.2705,0.3713],[33.2735,0.3798],[33.2594,0.3878],[33.2384,0.394],[33.2358,0.3959],[33.2311,0.3922],[33.2316,0.3902],[33.2299,0.389],[33.2259,0.3912],[33.226,0.3949],[33.228,0.3977],[33.2262,0.3986],[33.2178,0.3992],[33.2102,0.4021],[33.2106,0.3983],[33.2079,0.3971],[33.2013,0.4023],[33.1915,0.4053],[33.1905,0.409],[33.1923,0.4115],[33.1915,0.4136],[33.1936,0.4158],[33.1963,0.4154],[33.1926,0.4321],[33.184,0.4445],[33.1817,0.4539],[33.1741,0.4585],[33.1669,0.4706],[33.1597,0.4761],[33.1582,0.4797],[33.159,0.4832],[33.154,0.481],[33.152,0.4844],[33.153,0.4877],[33.1496,0.4924],[33.144,0.4948],[33.1409,0.494],[33.1362,0.4994],[33.1373,0.5039],[33.134,0.5084],[33.1284,0.5109],[33.128,0.513],[33.1227,0.5172],[33.1186,0.5186],[33.1162,0.522],[33.1101,0.5252],[33.1093,0.528],[33.1045,0.5299],[33.1044,0.5322],[33.0959,0.5384],[33.0884,0.5498],[33.0819,0.5493],[33.08,0.5543],[33.0808,0.5563],[33.0745,0.5592],[33.0759,0.5646],[33.0724,0.5694],[33.0711,0.5749],[33.0714,0.5835],[33.0562,0.5943],[33.0548,0.5971],[33.0499,0.598],[33.0507,0.6088],[33.053,0.6164],[33.0507,0.6208],[33.0538,0.6266],[33.0491,0.6324],[33.0479,0.6372],[33.0434,0.6412],[33.044,0.6471],[33.0425,0.6505],[33.0453,0.6565],[33.0487,0.6724],[33.0554,0.6822],[33.0567,0.695],[33.0554,0.704],[33.0514,0.7082],[33.0482,0.7293],[33.0456,0.7318],[33.045,0.7349],[33.0508,0.7403],[33.0477,0.748],[33.0492,0.7519],[33.0459,0.7613],[33.0477,0.7675],[33.0402,0.7756],[33.0414,0.7834],[33.0368,0.7899],[33.0361,0.7975],[33.0336,0.8012],[33.0347,0.8046],[33.0315,0.8125],[33.0273,0.8327],[33.0223,0.8384],[33.0182,0.8392],[33.0084,0.8486],[33.0067,0.8527],[33.0074,0.8606],[33.0016,0.8686],[33.0022,0.8745],[33.0008,0.8799],[32.9937,0.8844],[32.9745,0.9065],[32.9738,0.9096],[32.9662,0.9148],[32.9633,0.9189],[32.9627,0.9234],[32.9643,0.928],[32.961,0.938],[32.9506,0.9398],[32.9463,0.9457],[32.9453,0.954],[32.9473,0.9651],[32.9412,0.9818],[32.9399,0.9933],[32.9413,0.9967],[32.9403,0.9987],[32.9351,0.9999],[32.9318,1.0083],[32.9284,1.0399],[32.9321,1.0505],[32.9351,1.0528],[32.9339,1.0873],[32.9382,1.1018],[32.9494,1.1226],[32.9542,1.1404],[32.9471,1.1601],[32.9455,1.1735],[32.9435,1.1743],[32.9449,1.1758],[32.9433,1.1994],[32.9393,1.2026],[32.9369,1.207],[32.9335,1.2162],[32.9325,1.225],[32.9258,1.2314],[32.9207,1.2497],[32.9104,1.2656],[32.9016,1.27],[32.8987,1.2824],[32.897,1.2839],[32.8933,1.2842],[32.8875,1.2786],[32.8812,1.2861],[32.883,1.2925],[32.8805,1.2963],[32.8706,1.298],[32.8621,1.2969],[32.8582,1.2977],[32.8535,1.313],[32.842,1.3226],[32.8427,1.3275],[32.8479,1.3348],[32.848,1.3395],[32.8385,1.3488],[32.8356,1.354],[32.8361,1.3569],[32.8406,1.3609],[32.8413,1.3648],[32.8323,1.3753],[32.8357,1.3884],[32.8195,1.4777],[32.7756,1.4693],[32.7391,1.459],[32.6956,1.4534],[32.6767,1.4484],[32.6555,1.44],[32.6438,1.4392],[32.6246,1.4407],[32.5908,1.474],[32.5799,1.487],[32.5759,1.4926],[32.5702,1.5112],[32.5618,1.5179],[32.5525,1.5222],[32.5454,1.5234],[32.5309,1.5175],[32.5208,1.5245],[32.5097,1.5244],[32.4962,1.5412],[32.4686,1.554],[32.4589,1.5633],[32.448,1.5678],[32.4356,1.5792],[32.4224,1.5836],[32.4099,1.5931],[32.4006,1.5957],[32.3802,1.5971],[32.359,1.6048],[32.3501,1.6133],[32.3436,1.6167],[32.3243,1.6226],[32.3198,1.6284],[32.3164,1.6389],[32.3081,1.6507],[32.3002,1.6559],[32.2839,1.6629],[32.2705,1.6672],[32.2095,1.6777],[32.1879,1.6775],[32.1392,1.6729],[32.126,1.6668],[32.1046,1.6502],[32.099,1.6492],[32.0948,1.6509]]]]}},{"type":"Feature","properties":{"name":"Western Region"},"geometry":{"type":"MultiPolygon","coordinates":[[[[31.3582,2.2485],[31.3576,2.242],[31.3641,2.2373],[31.3673,2.2326],[31.3646,2.23],[31.3641,2.2191],[31.3659,2.2124],[31.3746,2.2061],[31.3746,2.2044],[31.3655,2.2039],[31.3628,2.2014],[31.361,2.1965],[31.3639,2.1869],[31.3764,2.1754],[31.3871,2.1594],[31.3915,2.127],[31.3875,2.1067],[31.3859,2.1094],[31.3869,2.1116],[31.3842,2.11],[31.3842,2.1081],[31.3992,2.0784],[31.4104,2.0451],[31.4087,2.0288],[31.4066,2.0254],[31.4122,2.0103],[31.4067,2.0026],[31.4048,1.9948],[31.4067,1.9851],[31.4058,1.9696],[31.414,1.9545],[31.4171,1.9454],[31.4173,1.9404],[31.4139,1.9315],[31.4161,1.9238],[31.4138,1.9116],[31.4008,1.9006],[31.4031,1.9063],[31.4041,1.9141],[31.3987,1.9003],[31.3932,1.8732],[31.3797,1.8466],[31.3748,1.8316],[31.3701,1.8244],[31.3625,1.8199],[31.3498,1.8181],[31.3553,1.817],[31.3532,1.816],[31.3362,1.8155],[31.3225,1.8238],[31.3228,1.8324],[31.3214,1.8315],[31.3198,1.8099],[31.3213,1.7638],[31.3168,1.7498],[31.3109,1.742],[31.3075,1.7326],[31.303,1.7279],[31.3023,1.717],[31.2986,1.7097],[31.2895,1.7061],[31.2892,1.7017],[31.2823,1.6946],[31.2751,1.6906],[31.2742,1.6883],[31.2686,1.6848],[31.2642,1.6838],[31.2609,1.6798],[31.2523,1.6777],[31.2492,1.6715],[31.2422,1.671],[31.2383,1.669],[31.2367,1.6613],[31.2341,1.656],[31.2248,1.6503],[31.2241,1.6473],[31.2186,1.6444],[31.2171,1.641],[31.1867,1.6173],[31.1799,1.6154],[31.1758,1.6127],[31.1725,1.6068],[31.1674,1.6043],[31.1618,1.5978],[31.1566,1.5974],[31.1531,1.5927],[31.1485,1.5907],[31.1452,1.5873],[31.1373,1.5867],[31.1344,1.5843],[31.1296,1.5844],[31.1221,1.5807],[31.118,1.5803],[31.0912,1.5879],[31.0761,1.5885],[31.0717,1.5845],[31.0744,1.5864],[31.0765,1.5844],[31.0755,1.5849],[31.0729,1.5825],[31.0703,1.5787],[31.0664,1.578],[31.0643,1.5799],[31.0604,1.5795],[31.0567,1.5763],[31.0547,1.5772],[31.0535,1.5756],[31.0514,1.5767],[31.0501,1.5755],[31.0508,1.5776],[31.0423,1.5675],[31.033,1.5605],[31.0261,1.5581],[31.0208,1.5432],[31.015,1.5359],[31.01,1.5328],[30.9721,1.5313],[30.9539,1.5415],[30.954,1.538],[30.9487,1.5284],[30.9417,1.5202],[30.9335,1.507],[30.9306,1.4938],[30.9299,1.4789],[30.9258,1.4658],[30.9194,1.4564],[30.918,1.4498],[30.908,1.4424],[30.9049,1.4381],[30.8966,1.4335],[30.8882,1.4247],[30.8838,1.4235],[30.8774,1.4191],[30.8695,1.4108],[30.8687,1.4067],[30.8587,1.3999],[30.856,1.3901],[30.8476,1.3855],[30.8467,1.3786],[30.8423,1.374],[30.8394,1.3582],[30.8343,1.3526],[30.8301,1.3417],[30.826,1.3361],[30.8236,1.3353],[30.8228,1.3319],[30.8098,1.3228],[30.8,1.3187],[30.7908,1.3094],[30.7884,1.3087],[30.7872,1.3038],[30.7783,1.2912],[30.774,1.2882],[30.7672,1.287],[30.7591,1.2779],[30.7591,1.2724],[30.7566,1.2688],[30.7538,1.2599],[30.7411,1.2487],[30.7335,1.247],[30.7346,1.2381],[30.73,1.2298],[30.7237,1.2233],[30.7179,1.2076],[30.7185,1.2027],[30.724,1.2074],[30.7277,1.2018],[30.7208,1.1831],[30.7178,1.1802],[30.7107,1.1768],[30.7037,1.1633],[30.6959,1.1539],[30.6922,1.1522],[30.69,1.1428],[30.6786,1.1293],[30.6684,1.1206],[30.6618,1.1204],[30.662,1.1184],[30.6643,1.1168],[30.6626,1.114],[30.6496,1.1037],[30.6444,1.0964],[30.6396,1.0947],[30.6332,1.0832],[30.6318,1.0747],[30.6294,1.0726],[30.6266,1.0634],[30.612,1.0551],[30.6157,1.0567],[30.6172,1.056],[30.6186,1.0518],[30.6221,1.0487],[30.6189,1.0429],[30.6138,1.0462],[30.6066,1.0444],[30.6009,1.0382],[30.5946,1.0343],[30.5856,1.0317],[30.5931,1.0301],[30.598,1.0322],[30.6048,1.0302],[30.6062,1.0279],[30.6011,1.0229],[30.5942,1.0231],[30.5897,1.0248],[30.5856,1.0226],[30.5748,1.0228],[30.5739,1.0281],[30.5761,1.0315],[30.5781,1.0307],[30.5773,1.0324],[30.5662,1.0385],[30.5541,1.0382],[30.5479,1.0337],[30.5491,1.032],[30.5421,1.02],[30.5391,1.007],[30.54,1.0036],[30.5388,1.0045],[30.5356,1.0016],[30.5357,0.9983],[30.5342,1.0016],[30.5351,1.0117],[30.5335,1.0167],[30.5358,1.0195],[30.539,1.0334],[30.5423,1.0358],[30.5433,1.0383],[30.545,1.0477],[30.5435,1.0528],[30.5462,1.0516],[30.5476,1.0543],[30.5456,1.058],[30.5387,1.0609],[30.5415,1.0585],[30.5346,1.0522],[30.5346,1.0502],[30.529,1.044],[30.5279,1.0407],[30.5125,1.0279],[30.5061,1.0268],[30.5009,1.0332],[30.4973,1.0354],[30.4913,1.0522],[30.4894,1.0541],[30.4919,1.0586],[30.4957,1.0527],[30.5022,1.0496],[30.5064,1.0507],[30.5084,1.0538],[30.5052,1.0575],[30.5067,1.0608],[30.5042,1.0594],[30.4994,1.0597],[30.5027,1.062],[30.5016,1.0631],[30.5032,1.0652],[30.5021,1.0713],[30.5089,1.0798],[30.5129,1.0801],[30.5146,1.0866],[30.513,1.0874],[30.5117,1.0858],[30.5091,1.0908],[30.5078,1.0896],[30.5073,1.0972],[30.5112,1.0974],[30.5081,1.099],[30.5078,1.1047],[30.5058,1.1071],[30.5057,1.1036],[30.5004,1.102],[30.4955,1.1051],[30.4946,1.1119],[30.492,1.1147],[30.4909,1.119],[30.4946,1.1237],[30.4966,1.1237],[30.4968,1.126],[30.4921,1.1276],[30.485,1.1334],[30.4867,1.1367],[30.4857,1.1407],[30.4876,1.1413],[30.4888,1.1448],[30.4872,1.1451],[30.4871,1.1419],[30.4851,1.1423],[30.4835,1.1456],[30.4862,1.1474],[30.484,1.1515],[30.4862,1.1536],[30.4841,1.154],[30.4837,1.1568],[30.4812,1.1574],[30.4854,1.1588],[30.4856,1.1602],[30.4819,1.1595],[30.4773,1.1653],[30.4811,1.1687],[30.4793,1.1703],[30.4748,1.1687],[30.4703,1.1711],[30.4666,1.17],[30.4711,1.1737],[30.4666,1.1725],[30.4631,1.1698],[30.4612,1.1708],[30.4616,1.1741],[30.4642,1.1766],[30.4638,1.1788],[30.46,1.1851],[30.4543,1.1854],[30.4583,1.191],[30.4524,1.188],[30.4534,1.1904],[30.4508,1.1924],[30.4679,1.1985],[30.4704,1.2017],[30.4681,1.2012],[30.4687,1.2023],[30.4672,1.2052],[30.4685,1.2031],[30.4723,1.2062],[30.4778,1.205],[30.4843,1.2069],[30.4946,1.204],[30.4958,1.2047],[30.4956,1.2072],[30.4954,1.2057],[30.4938,1.2062],[30.4867,1.211],[30.4785,1.2084],[30.4724,1.2112],[30.4649,1.2074],[30.4611,1.2023],[30.4574,1.2003],[30.4527,1.199],[30.443,1.2016],[30.4379,1.1976],[30.4339,1.1982],[30.4255,1.1939],[30.4246,1.1918],[30.4216,1.1904],[30.4191,1.1915],[30.4169,1.1972],[30.4112,1.198],[30.4002,1.189],[30.3962,1.1909],[30.3903,1.1876],[30.3858,1.193],[30.3772,1.1926],[30.3714,1.1996],[30.3644,1.202],[30.36,1.2017],[30.3546,1.1922],[30.3521,1.1919],[30.351,1.1882],[30.3473,1.1878],[30.3478,1.1833],[30.3413,1.1762],[30.3412,1.1731],[30.339,1.1692],[30.3418,1.1666],[30.3424,1.1633],[30.3399,1.1601],[30.3397,1.1522],[30.3377,1.1501],[30.3283,1.1503],[30.3267,1.1551],[30.3236,1.1569],[30.3216,1.1536],[30.3179,1.154],[30.3146,1.1512],[30.3127,1.1512],[30.3117,1.1609],[30.3083,1.1626],[30.3112,1.1641],[30.3113,1.1658],[30.3094,1.1668],[30.3028,1.1645],[30.3028,1.1612],[30.3004,1.1614],[30.3003,1.1649],[30.2967,1.166],[30.2944,1.1719],[30.2915,1.1727],[30.2888,1.1681],[30.2832,1.1643],[30.2781,1.1636],[30.276,1.1659],[30.273,1.1618],[30.269,1.1626],[30.2684,1.1608],[30.2702,1.1584],[30.2687,1.1565],[30.2703,1.154],[30.2646,1.1512],[30.2638,1.1452],[30.261,1.1447],[30.2593,1.1465],[30.2575,1.1438],[30.2487,1.1426],[30.2446,1.1377],[30.2422,1.1382],[30.2374,1.1341],[30.2372,1.1289],[30.2349,1.1272],[30.2349,1.1251],[30.2371,1.1186],[30.24,1.1154],[30.2395,1.1102],[30.2438,1.1063],[30.2389,1.1024],[30.239,1.1003],[30.2417,1.0987],[30.2383,1.0953],[30.2395,1.0918],[30.2369,1.0896],[30.2333,1.0894],[30.2314,1.0821],[30.2263,1.0774],[30.2278,1.0752],[30.232,1.075],[30.2329,1.0733],[30.2326,1.0723],[30.2292,1.0723],[30.2316,1.0681],[30.2263,1.0673],[30.2264,1.0634],[30.2241,1.0605],[30.2245,1.0591],[30.2292,1.0578],[30.2297,1.0552],[30.2289,1.0541],[30.223,1.0553],[30.2205,1.0542],[30.2255,1.0522],[30.2262,1.0505],[30.2213,1.0472],[30.2213,1.0443],[30.2228,1.0436],[30.2283,1.046],[30.23,1.0401],[30.2259,1.0316],[30.2299,1.0266],[30.2263,1.0276],[30.225,1.0228],[30.2227,1.0208],[30.2264,1.0201],[30.2237,1.0147],[30.2279,1.0129],[30.2287,1.0102],[30.2279,1.0081],[30.2225,1.0042],[30.2246,1.0018],[30.2318,1.0046],[30.2344,1.0031],[30.2342,1.0008],[30.2252,0.9982],[30.2229,0.9957],[30.2239,0.9924],[30.2289,0.9934],[30.2267,0.9902],[30.2285,0.9883],[30.2279,0.9856],[30.226,0.9849],[30.224,0.9866],[30.2211,0.983],[30.2168,0.9894],[30.2147,0.9904],[30.2141,0.9885],[30.217,0.9843],[30.2157,0.9828],[30.2088,0.9821],[30.2099,0.979],[30.2177,0.9779],[30.2187,0.9767],[30.2177,0.9744],[30.2126,0.9758],[30.2059,0.9729],[30.2042,0.9783],[30.2019,0.9794],[30.201,0.9764],[30.2036,0.9671],[30.2027,0.9649],[30.2005,0.9651],[30.1926,0.9728],[30.1902,0.9717],[30.1904,0.9702],[30.1953,0.9658],[30.1951,0.9641],[30.1925,0.9631],[30.1867,0.9647],[30.1842,0.9636],[30.1844,0.9614],[30.1903,0.961],[30.1953,0.9557],[30.1931,0.9543],[30.1878,0.9594],[30.1848,0.9583],[30.1864,0.9547],[30.191,0.9531],[30.1916,0.9497],[30.1893,0.9469],[30.1859,0.9489],[30.1848,0.9539],[30.1833,0.9549],[30.1804,0.954],[30.18,0.9506],[30.1843,0.9476],[30.1855,0.945],[30.1833,0.9425],[30.1795,0.9457],[30.1766,0.9443],[30.1753,0.9364],[30.1728,0.9345],[30.1745,0.9299],[30.1699,0.9265],[30.1735,0.9256],[30.1738,0.9235],[30.1687,0.9221],[30.1674,0.9204],[30.1722,0.9188],[30.1753,0.9127],[30.1708,0.9133],[30.1719,0.9071],[30.1703,0.9048],[30.168,0.9059],[30.1645,0.9113],[30.1607,0.9108],[30.165,0.9076],[30.165,0.9003],[30.1642,0.8988],[30.1623,0.899],[30.1618,0.9029],[30.1602,0.9037],[30.158,0.8996],[30.1544,0.8984],[30.155,0.8941],[30.1515,0.8931],[30.1554,0.8861],[30.1503,0.885],[30.1483,0.8891],[30.1464,0.8895],[30.1455,0.8881],[30.147,0.8847],[30.1453,0.883],[30.1436,0.8854],[30.1405,0.8826],[30.1351,0.8827],[30.134,0.8854],[30.1349,0.8911],[30.1308,0.8907],[30.128,0.8863],[30.1262,0.8859],[30.1273,0.8906],[30.1232,0.8902],[30.1186,0.8949],[30.1152,0.8921],[30.1129,0.8956],[30.1095,0.8913],[30.1057,0.8944],[30.1038,0.8939],[30.1047,0.8881],[30.0984,0.8907],[30.097,0.8828],[30.093,0.8837],[30.0893,0.8814],[30.0847,0.8816],[30.0814,0.8785],[30.08,0.8797],[30.0803,0.8823],[30.0766,0.8807],[30.0747,0.884],[30.0733,0.8841],[30.0723,0.8795],[30.0666,0.8796],[30.0622,0.8698],[30.0593,0.8722],[30.0531,0.8666],[30.0508,0.8706],[30.0489,0.8709],[30.0474,0.868],[30.0431,0.8683],[30.0416,0.8633],[30.0397,0.863],[30.0378,0.8651],[30.0352,0.8643],[30.0361,0.861],[30.0351,0.8589],[30.0308,0.8611],[30.0281,0.8553],[30.0242,0.8549],[30.0145,0.8574],[30.0138,0.8561],[30.0161,0.853],[30.0154,0.8514],[30.008,0.8549],[30.0068,0.8501],[30.0028,0.8498],[30.0037,0.8463],[30.0015,0.8443],[29.9985,0.845],[29.9966,0.8477],[29.9932,0.8454],[29.9898,0.8469],[29.9888,0.8429],[29.9915,0.8385],[29.9898,0.837],[29.9873,0.838],[29.9852,0.8358],[29.9863,0.8344],[29.9841,0.8306],[29.9846,0.8288],[29.9825,0.8291],[29.9801,0.8275],[29.9806,0.8245],[29.9781,0.823],[29.9791,0.8215],[29.9781,0.82],[29.9772,0.8206],[29.976,0.8156],[29.9735,0.8145],[29.9723,0.8081],[29.973,0.8013],[29.9698,0.7967],[29.9725,0.7941],[29.9681,0.7897],[29.9699,0.7868],[29.9678,0.7859],[29.9688,0.7845],[29.9674,0.7809],[29.9648,0.7807],[29.9644,0.7763],[29.9661,0.7771],[29.9674,0.7754],[29.9663,0.7691],[29.9686,0.7679],[29.9684,0.7658],[29.9695,0.7654],[29.9678,0.7612],[29.9713,0.7606],[29.9717,0.7573],[29.9747,0.755],[29.9733,0.7537],[29.9743,0.7519],[29.9729,0.7504],[29.9742,0.7491],[29.9734,0.7488],[29.9747,0.7474],[29.9764,0.7481],[29.9761,0.7462],[29.9779,0.7445],[29.9766,0.7435],[29.9769,0.7405],[29.9752,0.7404],[29.9765,0.7395],[29.976,0.7365],[29.9756,0.7374],[29.9746,0.7361],[29.9753,0.7321],[29.9728,0.728],[29.9705,0.7271],[29.9717,0.725],[29.9697,0.7242],[29.9711,0.7227],[29.9702,0.7188],[29.9688,0.7189],[29.9693,0.7151],[29.9714,0.7138],[29.9724,0.7102],[29.9701,0.7066],[29.971,0.7053],[29.9697,0.7049],[29.9713,0.7],[29.9705,0.6985],[29.9725,0.6969],[29.9712,0.6946],[29.972,0.6927],[29.97,0.6909],[29.9698,0.6876],[29.9681,0.6881],[29.9688,0.6866],[29.9671,0.6862],[29.9685,0.6855],[29.9678,0.6836],[29.9651,0.6833],[29.9629,0.6805],[29.9626,0.6764],[29.964,0.6753],[29.9628,0.667],[29.9585,0.6585],[29.9582,0.6488],[29.9559,0.6467],[29.9558,0.6418],[29.9542,0.6399],[29.9556,0.6327],[29.9626,0.6197],[29.9628,0.6154],[29.9645,0.615],[29.97,0.6053],[29.9729,0.5972],[29.9719,0.5928],[29.9695,0.5917],[29.9718,0.5848],[29.9684,0.5799],[29.9677,0.5745],[29.9698,0.5734],[29.9701,0.5714],[29.9722,0.5709],[29.9727,0.568],[29.9695,0.5656],[29.9728,0.5604],[29.9768,0.5625],[29.9775,0.5572],[29.981,0.5569],[29.9789,0.5513],[29.9797,0.5485],[29.9785,0.543],[29.9759,0.5433],[29.9756,0.5411],[29.9761,0.5355],[29.9806,0.5325],[29.978,0.5285],[29.9781,0.5213],[29.9803,0.5197],[29.9798,0.5165],[29.9619,0.5001],[29.8724,0.388],[29.8237,0.1718],[29.82,0.166],[29.8154,0.1628],[29.8118,0.1644],[29.8063,0.1649],[29.8055,0.1638],[29.7993,0.1665],[29.799,0.1678],[29.7939,0.167],[29.7895,0.1693],[29.7849,0.1651],[29.7831,0.1673],[29.7803,0.1676],[29.78,0.1665],[29.777,0.1667],[29.7734,0.1625],[29.7711,0.164],[29.7695,0.1632],[29.7707,0.1557],[29.7674,0.148],[29.7561,0.1395],[29.7509,0.1342],[29.7502,0.1313],[29.745,0.131],[29.743,0.1282],[29.7431,0.126],[29.7418,0.1271],[29.7358,0.1241],[29.7368,0.1214],[29.7388,0.1212],[29.738,0.1199],[29.7402,0.1198],[29.7375,0.1185],[29.7377,0.1128],[29.7362,0.1127],[29.7343,0.1091],[29.7341,0.1026],[29.7355,0.1013],[29.7339,0.0914],[29.7355,0.0889],[29.7331,0.0878],[29.7336,0.0845],[29.7301,0.0792],[29.724,0.078],[29.723,0.0755],[29.7183,0.075],[29.7163,0.0733],[29.7188,0.0708],[29.7172,0.0687],[29.718,0.066],[29.72,0.0649],[29.7209,0.0606],[29.7193,0.0606],[29.7212,0.0587],[29.7191,0.0583],[29.7196,0.0562],[29.7179,0.0553],[29.7192,0.0541],[29.7166,0.0523],[29.7196,0.0481],[29.7202,0.0408],[29.7194,0.0374],[29.7163,0.034],[29.7186,0.0332],[29.7189,0.0309],[29.7218,0.0309],[29.7217,0.0282],[29.7196,0.0266],[29.7205,0.0254],[29.7214,0.0263],[29.7213,0.0213],[29.7286,0.0169],[29.7236,0.0118],[29.7253,0.0088],[29.7281,0.0073],[29.727,0.0027],[29.7286,0.0005],[29.7257,-0.0028],[29.7273,-0.0049],[29.7294,-0.005],[29.7312,-0.0104],[29.7324,-0.0101],[29.7317,-0.016],[29.7334,-0.016],[29.7329,-0.0175],[29.7343,-0.0181],[29.733,-0.0188],[29.7342,-0.0201],[29.7333,-0.0216],[29.7356,-0.023],[29.7385,-0.0223],[29.74,-0.0236],[29.741,-0.0224],[29.7418,-0.0241],[29.7426,-0.0235],[29.7427,-0.0262],[29.7452,-0.0294],[29.7424,-0.0291],[29.7407,-0.0356],[29.7389,-0.0373],[29.7374,-0.0366],[29.7358,-0.0383],[29.7324,-0.0369],[29.7315,-0.0407],[29.7292,-0.0427],[29.7312,-0.0493],[29.73,-0.0516],[29.7307,-0.0596],[29.7318,-0.0618],[29.7356,-0.0627],[29.7362,-0.0641],[29.7313,-0.0716],[29.7319,-0.0783],[29.7465,-0.0791],[29.7561,-0.0836],[29.7568,-0.083],[29.7509,-0.0793],[29.7574,-0.0751],[29.7582,-0.0759],[29.7597,-0.0811],[29.7582,-0.0806],[29.7568,-0.0821],[29.7617,-0.0895],[29.7626,-0.0946],[29.7736,-0.11],[29.7742,-0.114],[29.7793,-0.1222],[29.7873,-0.1317],[29.7989,-0.1208],[29.8053,-0.1189],[29.8077,-0.1202],[29.8193,-0.1391],[29.8198,-0.1427],[29.8177,-0.1491],[29.8149,-0.1509],[29.8151,-0.155],[29.8181,-0.162],[29.8245,-0.1646],[29.8303,-0.1716],[29.8409,-0.174],[29.8441,-0.1699],[29.8501,-0.1686],[29.8518,-0.1662],[29.8567,-0.1671],[29.8574,-0.1652],[29.8588,-0.1657],[29.8582,-0.1622],[29.8624,-0.1603],[29.8642,-0.1569],[29.8675,-0.1572],[29.8729,-0.1501],[29.8694,-0.1469],[29.8659,-0.1476],[29.8647,-0.1466],[29.864,-0.1426],[29.8652,-0.1401],[29.8691,-0.1397],[29.8749,-0.1424],[29.8822,-0.1487],[29.8844,-0.1469],[29.8882,-0.1481],[29.8902,-0.1455],[29.894,-0.1442],[29.8968,-0.1462],[29.8998,-0.1437],[29.9037,-0.1484],[29.9057,-0.1454],[29.9103,-0.143],[29.9132,-0.1505],[29.9122,-0.1593],[29.9073,-0.1653],[29.8991,-0.1845],[29.896,-0.1863],[29.8963,-0.1797],[29.8935,-0.1773],[29.8856,-0.1875],[29.8865,-0.2097],[29.8816,-0.2165],[29.881,-0.2268],[29.8898,-0.2533],[29.8901,-0.258],[29.8736,-0.2971],[29.8649,-0.305],[29.8574,-0.3161],[29.8595,-0.3217],[29.8658,-0.3251],[29.865,-0.331],[29.8619,-0.3348],[29.8582,-0.3371],[29.857,-0.3365],[29.8604,-0.3278],[29.8624,-0.3274],[29.863,-0.3257],[29.8618,-0.3236],[29.8602,-0.3244],[29.8585,-0.3313],[29.8527,-0.3381],[29.839,-0.351],[29.8334,-0.3527],[29.8202,-0.3756],[29.8055,-0.3879],[29.7938,-0.3946],[29.7948,-0.3954],[29.7996,-0.3932],[29.8113,-0.3857],[29.8096,-0.3894],[29.805,-0.392],[29.8022,-0.3958],[29.8,-0.3953],[29.7938,-0.398],[29.7911,-0.3976],[29.7904,-0.3953],[29.7876,-0.396],[29.7639,-0.4093],[29.753,-0.418],[29.7515,-0.4276],[29.7492,-0.4303],[29.7427,-0.4337],[29.7327,-0.4361],[29.7095,-0.4483],[29.6985,-0.45],[29.6859,-0.4494],[29.6861,-0.455],[29.6843,-0.4564],[29.6859,-0.4569],[29.6858,-0.4603],[29.6847,-0.4615],[29.6879,-0.4635],[29.681,-0.469],[29.6808,-0.4719],[29.6836,-0.475],[29.6826,-0.4774],[29.6846,-0.4804],[29.682,-0.4811],[29.683,-0.4867],[29.6778,-0.4904],[29.6828,-0.4965],[29.6823,-0.4979],[29.6783,-0.4992],[29.6789,-0.5001],[29.6763,-0.5027],[29.6775,-0.5037],[29.6725,-0.5063],[29.6732,-0.5097],[29.6719,-0.5121],[29.6727,-0.514],[29.6716,-0.5184],[29.6747,-0.5229],[29.6712,-0.5279],[29.6724,-0.5282],[29.6721,-0.5335],[29.6734,-0.5352],[29.672,-0.5362],[29.6744,-0.5383],[29.6717,-0.5385],[29.6724,-0.5403],[29.6699,-0.5421],[29.6686,-0.5406],[29.666,-0.5418],[29.6648,-0.5401],[29.6658,-0.5392],[29.6642,-0.5391],[29.6651,-0.5371],[29.6626,-0.5366],[29.6562,-0.5416],[29.6573,-0.5417],[29.657,-0.5441],[29.6551,-0.5468],[29.6572,-0.5485],[29.656,-0.5491],[29.6564,-0.5512],[29.6548,-0.5509],[29.6537,-0.5533],[29.655,-0.5535],[29.6538,-0.5562],[29.6555,-0.5571],[29.6536,-0.5581],[29.6554,-0.5579],[29.6541,-0.56],[29.6566,-0.5613],[29.6544,-0.5618],[29.6541,-0.5646],[29.656,-0.5648],[29.6553,-0.5658],[29.6575,-0.5695],[29.6595,-0.5695],[29.6584,-0.5724],[29.6599,-0.5728],[29.6596,-0.5712],[29.6611,-0.5708],[29.6675,-0.576],[29.6639,-0.5776],[29.6652,-0.5784],[29.6639,-0.5792],[29.665,-0.5824],[29.6614,-0.5831],[29.6603,-0.582],[29.6583,-0.5858],[29.6563,-0.5857],[29.6572,-0.587],[29.655,-0.5877],[29.6558,-0.5891],[29.6535,-0.5893],[29.6544,-0.5904],[29.6522,-0.5923],[29.6551,-0.5946],[29.6547,-0.5968],[29.6493,-0.5965],[29.6507,-0.5974],[29.6498,-0.5988],[29.6524,-0.5989],[29.6532,-0.6002],[29.651,-0.6005],[29.653,-0.6021],[29.6525,-0.6044],[29.6541,-0.6048],[29.6529,-0.6066],[29.6572,-0.611],[29.6562,-0.6135],[29.6581,-0.6199],[29.6635,-0.6255],[29.662,-0.6292],[29.66,-0.6293],[29.6608,-0.6309],[29.6582,-0.6321],[29.6586,-0.634],[29.6558,-0.6364],[29.656,-0.6381],[29.6515,-0.6419],[29.6521,-0.6454],[29.6498,-0.6477],[29.6515,-0.6484],[29.6498,-0.6507],[29.6514,-0.652],[29.6506,-0.6531],[29.652,-0.653],[29.652,-0.658],[29.6495,-0.6585],[29.6487,-0.6631],[29.6473,-0.6618],[29.6446,-0.6648],[29.6405,-0.6751],[29.6392,-0.674],[29.6387,-0.6758],[29.6356,-0.6771],[29.6365,-0.6791],[29.6382,-0.6794],[29.6366,-0.6808],[29.6382,-0.6833],[29.635,-0.6858],[29.6361,-0.6869],[29.6337,-0.6911],[29.6346,-0.693],[29.6358,-0.6927],[29.6354,-0.6953],[29.6333,-0.6955],[29.6337,-0.6986],[29.6326,-0.6986],[29.6337,-0.7002],[29.631,-0.7022],[29.6282,-0.7017],[29.6278,-0.7044],[29.6289,-0.7048],[29.6261,-0.7063],[29.6273,-0.707],[29.626,-0.708],[29.6273,-0.7093],[29.6265,-0.7122],[29.6287,-0.7171],[29.6264,-0.718],[29.6255,-0.7207],[29.6265,-0.7201],[29.6268,-0.7215],[29.6249,-0.7236],[29.6264,-0.7268],[29.6305,-0.7294],[29.6295,-0.7313],[29.6316,-0.7331],[29.6313,-0.7348],[29.6306,-0.7364],[29.6295,-0.7353],[29.6282,-0.737],[29.6304,-0.7378],[29.6291,-0.7409],[29.6309,-0.7416],[29.6296,-0.7429],[29.6323,-0.7463],[29.6309,-0.7476],[29.632,-0.749],[29.6308,-0.7525],[29.6291,-0.7523],[29.6299,-0.7534],[29.6285,-0.7551],[29.6301,-0.7562],[29.6286,-0.757],[29.6291,-0.7583],[29.6314,-0.7578],[29.6294,-0.7648],[29.6314,-0.7652],[29.63,-0.7678],[29.6315,-0.7675],[29.6312,-0.7712],[29.6327,-0.7719],[29.6303,-0.7741],[29.6309,-0.7758],[29.6288,-0.776],[29.6293,-0.778],[29.6271,-0.7781],[29.6269,-0.7799],[29.6302,-0.7818],[29.6292,-0.7848],[29.6301,-0.7875],[29.6315,-0.7877],[29.6292,-0.7899],[29.6279,-0.7894],[29.6273,-0.7953],[29.6335,-0.7973],[29.6329,-0.7997],[29.6318,-0.7994],[29.6334,-0.8037],[29.6311,-0.8045],[29.6323,-0.8049],[29.633,-0.8094],[29.6357,-0.8114],[29.6346,-0.8138],[29.6369,-0.815],[29.6368,-0.8166],[29.6397,-0.8174],[29.6378,-0.8182],[29.6387,-0.8201],[29.64,-0.8192],[29.6386,-0.8215],[29.641,-0.822],[29.6393,-0.825],[29.6414,-0.8308],[29.6389,-0.832],[29.64,-0.8334],[29.6376,-0.8357],[29.6358,-0.8414],[29.6342,-0.8419],[29.6332,-0.8464],[29.6309,-0.8478],[29.6266,-0.8621],[29.629,-0.8686],[29.6287,-0.8723],[29.6275,-0.8728],[29.6315,-0.8828],[29.6291,-0.8858],[29.6311,-0.8863],[29.6311,-0.8905],[29.6383,-0.9005],[29.5878,-0.9002],[29.5861,-0.9028],[29.5842,-0.9027],[29.5819,-0.9069],[29.5829,-0.9095],[29.5819,-0.9137],[29.5837,-0.9203],[29.5903,-0.9248],[29.5941,-0.9328],[29.5874,-0.9425],[29.5876,-0.945],[29.5903,-0.9467],[29.5925,-0.9558],[29.5918,-0.9588],[29.5953,-0.967],[29.5934,-0.9728],[29.5951,-0.9769],[29.6009,-0.9787],[29.6023,-0.9812],[29.5988,-0.9876],[29.5942,-0.9872],[29.5902,-0.9806],[29.5868,-0.9831],[29.59,-0.9904],[29.5863,-0.9978],[29.5835,-1.0197],[29.588,-1.0455],[29.5908,-1.0536],[29.5833,-1.1058],[29.5791,-1.1114],[29.5814,-1.1154],[29.5813,-1.1192],[29.5769,-1.1292],[29.5806,-1.148],[29.5835,-1.1503],[29.5868,-1.1564],[29.5796,-1.1658],[29.5796,-1.1697],[29.5783,-1.1711],[29.5816,-1.1783],[29.5782,-1.1847],[29.5749,-1.1847],[29.5734,-1.1863],[29.575,-1.1887],[29.5739,-1.1907],[29.5777,-1.1923],[29.5846,-1.1999],[29.5857,-1.2051],[29.5918,-1.208],[29.5946,-1.2102],[29.5951,-1.2128],[29.6061,-1.2183],[29.6086,-1.2216],[29.6042,-1.225],[29.6046,-1.2287],[29.6081,-1.2324],[29.6062,-1.237],[29.6058,-1.2446],[29.6048,-1.2461],[29.6029,-1.2459],[29.6008,-1.2498],[29.5962,-1.2524],[29.5934,-1.2737],[29.6005,-1.3035],[29.603,-1.3055],[29.6081,-1.3181],[29.5912,-1.3877],[29.6114,-1.3889],[29.6169,-1.3872],[29.6393,-1.3894],[29.6452,-1.3848],[29.6639,-1.3848],[29.6776,-1.3831],[29.6825,-1.3789],[29.6901,-1.3673],[29.691,-1.3623],[29.6971,-1.3606],[29.7005,-1.3585],[29.7016,-1.3557],[29.7095,-1.3514],[29.7119,-1.3458],[29.7213,-1.3424],[29.7317,-1.3408],[29.7466,-1.3419],[29.7582,-1.3455],[29.7674,-1.3528],[29.7768,-1.3664],[29.7846,-1.3678],[29.7969,-1.3732],[29.7974,-1.3703],[29.7953,-1.3642],[29.7968,-1.3586],[29.7958,-1.357],[29.7968,-1.3497],[29.8055,-1.3389],[29.8058,-1.3356],[29.8094,-1.3295],[29.8195,-1.3276],[29.8213,-1.3173],[29.819,-1.3148],[29.8214,-1.3103],[29.8246,-1.3088],[29.8304,-1.3156],[29.8336,-1.3147],[29.8376,-1.3191],[29.8425,-1.3205],[29.843,-1.3228],[29.8401,-1.3257],[29.8419,-1.3304],[29.8413,-1.3336],[29.8496,-1.3387],[29.8518,-1.3461],[29.8555,-1.3475],[29.8587,-1.3519],[29.8582,-1.3556],[29.8615,-1.361],[29.8698,-1.3559],[29.8844,-1.3559],[29.8816,-1.3572],[29.8807,-1.3614],[29.8809,-1.3795],[29.8833,-1.3882],[29.8836,-1.4062],[29.8877,-1.4134],[29.8857,-1.4152],[29.8855,-1.4233],[29.8906,-1.4287],[29.8897,-1.4319],[29.8934,-1.4429],[29.8935,-1.4517],[29.8978,-1.4581],[29.9025,-1.4604],[29.9158,-1.4823],[29.9262,-1.4813],[29.9345,-1.4721],[29.9617,-1.4614],[29.9646,-1.462],[29.9742,-1.4587],[29.9783,-1.4589],[29.9794,-1.4559],[29.9871,-1.4502],[29.9898,-1.4509],[29.9961,-1.4478],[30.0,-1.4351],[30.0112,-1.4257],[30.0142,-1.4161],[30.0218,-1.4129],[30.0255,-1.4178],[30.0365,-1.4208],[30.0419,-1.4271],[30.0504,-1.431],[30.0537,-1.4311],[30.0559,-1.4213],[30.0539,-1.4166],[30.0544,-1.4122],[30.052,-1.4047],[30.0523,-1.401],[30.0645,-1.3932],[30.0706,-1.3917],[30.0705,-1.3815],[30.0813,-1.3732],[30.0861,-1.3729],[30.0885,-1.3758],[30.0983,-1.3763],[30.1046,-1.3724],[30.1122,-1.3763],[30.1185,-1.385],[30.1225,-1.3842],[30.1241,-1.383],[30.125,-1.3713],[30.128,-1.3675],[30.1289,-1.3633],[30.1335,-1.3632],[30.1375,-1.3614],[30.139,-1.3559],[30.1453,-1.3506],[30.1527,-1.3514],[30.1699,-1.3452],[30.1631,-1.3349],[30.1651,-1.3276],[30.162,-1.3176],[30.1656,-1.3131],[30.1677,-1.3075],[30.1745,-1.3017],[30.1697,-1.2744],[30.1761,-1.2712],[30.1875,-1.2707],[30.191,-1.2817],[30.1979,-1.2808],[30.1978,-1.2742],[30.2047,-1.2727],[30.2109,-1.2765],[30.2138,-1.269],[30.2193,-1.2662],[30.2218,-1.2605],[30.2264,-1.2564],[30.2306,-1.2547],[30.2351,-1.2467],[30.2432,-1.2411],[30.2461,-1.2332],[30.253,-1.2252],[30.2549,-1.2198],[30.2647,-1.213],[30.2757,-1.2101],[30.2776,-1.2067],[30.2783,-1.1982],[30.2855,-1.1956],[30.2924,-1.1893],[30.2916,-1.1864],[30.2931,-1.1777],[30.2975,-1.1682],[30.2972,-1.1593],[30.307,-1.1451],[30.3113,-1.1444],[30.3233,-1.1372],[30.3296,-1.1358],[30.3347,-1.1315],[30.341,-1.1304],[30.3445,-1.1321],[30.345,-1.1291],[30.3422,-1.1245],[30.342,-1.1179],[30.34,-1.1137],[30.3402,-1.1084],[30.3387,-1.1079],[30.338,-1.1051],[30.3402,-1.1013],[30.3399,-1.0999],[30.3387,-1.1003],[30.3409,-1.0922],[30.3437,-1.0911],[30.3438,-1.0888],[30.3488,-1.0876],[30.3489,-1.0808],[30.3514,-1.0792],[30.3507,-1.0736],[30.3487,-1.0735],[30.3486,-1.0718],[30.3493,-1.0697],[30.3526,-1.0689],[30.3512,-1.067],[30.3532,-1.066],[30.3519,-1.0626],[30.3547,-1.0647],[30.3557,-1.062],[30.3588,-1.0606],[30.3594,-1.0637],[30.3614,-1.0636],[30.3616,-1.0651],[30.3646,-1.0655],[30.3659,-1.0672],[30.3655,-1.0657],[30.3686,-1.0655],[30.3703,-1.0683],[30.374,-1.07],[30.3752,-1.0681],[30.3732,-1.0659],[30.3769,-1.0611],[30.3863,-1.068],[30.3866,-1.0661],[30.3892,-1.0676],[30.3908,-1.067],[30.3911,-1.069],[30.3981,-1.0623],[30.3987,-1.0643],[30.4024,-1.0636],[30.4024,-1.061],[30.405,-1.0638],[30.4058,-1.0615],[30.4094,-1.0633],[30.4112,-1.0621],[30.4126,-1.0641],[30.4153,-1.0627],[30.4163,-1.0638],[30.4192,-1.0629],[30.4275,-1.0646],[30.4307,-1.0627],[30.4304,-1.0582],[30.4351,-1.0572],[30.4324,-1.0565],[30.4346,-1.053],[30.4362,-1.0524],[30.4352,-1.0543],[30.4371,-1.0547],[30.4368,-1.0528],[30.4382,-1.0525],[30.4375,-1.0501],[30.4392,-1.0484],[30.4404,-1.0493],[30.4436,-1.0481],[30.4446,-1.0506],[30.445,-1.0486],[30.4479,-1.05],[30.4478,-1.0474],[30.4498,-1.0497],[30.4504,-1.0486],[30.4568,-1.0502],[30.4602,-1.0532],[30.4674,-1.0524],[30.4662,-1.0552],[30.4688,-1.0553],[30.4687,-1.0533],[30.47,-1.0528],[30.4703,-1.055],[30.4732,-1.0575],[30.4844,-1.0572],[30.4902,-1.0586],[30.4959,-1.0614],[30.5092,-1.0729],[30.5188,-1.0727],[30.5275,-1.076],[30.5329,-1.0741],[30.5385,-1.0755],[30.5501,-1.068],[30.5555,-1.068],[30.5584,-1.0646],[30.565,-1.0666],[30.57,-1.064],[30.5779,-1.0634],[30.5838,-1.0608],[30.5905,-1.0616],[30.5954,-1.0652],[30.6112,-1.0647],[30.6162,-1.0671],[30.6313,-1.0688],[30.6333,-1.066],[30.649,-1.0658],[30.6501,-1.0637],[30.6587,-1.0623],[30.6613,-1.0595],[30.6616,-1.0563],[30.6646,-1.0565],[30.6689,-1.0505],[30.6693,-1.0433],[30.6708,-1.0425],[30.6729,-1.0366],[30.6821,-1.0279],[30.6934,-1.0211],[30.6976,-1.0158],[30.7172,-1.0148],[30.7284,-1.0089],[30.7352,-1.0077],[30.7445,-1.0014],[30.7528,-0.9919],[30.7653,-0.9855],[30.775,-0.9866],[30.7996,-1.0],[31.2699,-1.0],[31.2636,-0.9817],[31.2701,-0.947],[31.2504,-0.9297],[31.2092,-0.8983],[31.2028,-0.885],[31.2027,-0.8805],[31.2055,-0.8775],[31.204,-0.8698],[31.2263,-0.8529],[31.2269,-0.8448],[31.221,-0.8352],[31.2146,-0.832],[31.2108,-0.8319],[31.1927,-0.818],[31.1942,-0.7887],[31.1989,-0.776],[31.1971,-0.7668],[31.199,-0.7549],[31.1931,-0.7442],[31.1874,-0.7378],[31.1686,-0.7253],[31.1642,-0.7179],[31.1571,-0.7106],[31.1524,-0.7014],[31.1331,-0.6864],[31.099,-0.6735],[31.0921,-0.6687],[31.0903,-0.6621],[31.0928,-0.6524],[31.0941,-0.6331],[31.1003,-0.6131],[31.1077,-0.6019],[31.117,-0.5942],[31.1241,-0.5858],[31.1251,-0.5813],[31.1237,-0.5723],[31.1342,-0.5571],[31.138,-0.5476],[31.14,-0.5361],[31.1483,-0.5247],[31.1521,-0.5168],[31.1512,-0.4984],[31.1539,-0.4867],[31.1521,-0.4743],[31.154,-0.4667],[31.1522,-0.4381],[31.1316,-0.4175],[31.1241,-0.4023],[31.1239,-0.3884],[31.1173,-0.3749],[31.1146,-0.3725],[31.1025,-0.3364],[31.0916,-0.3248],[31.0891,-0.32],[31.0889,-0.3157],[31.0815,-0.302],[31.0782,-0.2815],[31.0733,-0.2711],[31.0727,-0.2623],[31.0714,-0.2614],[31.0706,-0.2557],[31.0709,-0.2494],[31.0677,-0.2394],[31.0744,-0.2183],[31.0709,-0.213],[31.0699,-0.2067],[31.0714,-0.2019],[31.0789,-0.1901],[31.0823,-0.1713],[31.0906,-0.1547],[31.0922,-0.1441],[31.094,-0.1411],[31.0945,-0.1332],[31.0977,-0.1233],[31.0972,-0.1143],[31.1001,-0.0992],[31.0993,-0.0961],[31.1019,-0.0879],[31.1008,-0.0802],[31.0982,-0.0747],[31.097,-0.0607],[31.0978,-0.0517],[31.0875,-0.0379],[31.0871,-0.0345],[31.0824,-0.027],[31.0749,-0.0212],[31.0687,-0.0275],[31.0578,-0.0279],[31.0519,-0.0243],[31.0426,-0.0283],[31.0392,-0.0326],[31.0257,-0.0334],[31.0228,-0.0229],[31.0272,-0.0158],[31.0292,-0.0071],[31.0398,0.0035],[31.0491,0.0093],[31.052,0.0137],[31.0562,0.0147],[31.0586,0.0209],[31.0581,0.0266],[31.0559,0.0296],[31.0563,0.0367],[31.0541,0.0379],[31.0577,0.0429],[31.0582,0.0467],[31.0532,0.0513],[31.0529,0.0531],[31.0559,0.0557],[31.0564,0.0617],[31.0514,0.0666],[31.0526,0.0705],[31.0513,0.0808],[31.0487,0.085],[31.0461,0.0849],[31.0438,0.0881],[31.042,0.0882],[31.0439,0.09],[31.0437,0.0943],[31.0489,0.0965],[31.0463,0.1014],[31.0507,0.108],[31.0498,0.1102],[31.0532,0.1128],[31.0542,0.1175],[31.0561,0.1195],[31.0469,0.1247],[31.0508,0.1307],[31.0482,0.1398],[31.049,0.145],[31.0465,0.1494],[31.0386,0.1544],[31.0331,0.1545],[31.0303,0.1592],[31.0156,0.1716],[31.0124,0.1947],[31.0127,0.201],[31.0186,0.2002],[31.0269,0.212],[31.0272,0.2163],[31.0225,0.2307],[31.0342,0.2413],[31.0584,0.2566],[31.0611,0.259],[31.0622,0.2649],[31.0678,0.2701],[31.0714,0.2715],[31.0779,0.2796],[31.0864,0.2831],[31.1068,0.298],[31.1145,0.3108],[31.1161,0.3181],[31.1151,0.3206],[31.1292,0.3319],[31.1309,0.3347],[31.1359,0.3358],[31.1387,0.3405],[31.1386,0.343],[31.1415,0.3477],[31.1424,0.3563],[31.1405,0.3603],[31.138,0.3614],[31.1351,0.3694],[31.1325,0.3698],[31.1296,0.3732],[31.125,0.3829],[31.1225,0.384],[31.1241,0.387],[31.1197,0.3938],[31.1164,0.404],[31.1172,0.4065],[31.1131,0.4146],[31.1147,0.4212],[31.118,0.4249],[31.1171,0.4304],[31.1407,0.4554],[31.138,0.4786],[31.1445,0.4998],[31.1443,0.5017],[31.141,0.5027],[31.1416,0.5109],[31.1535,0.5057],[31.1589,0.5084],[31.1696,0.5107],[31.1906,0.5105],[31.1941,0.5118],[31.1991,0.5116],[31.201,0.5099],[31.2076,0.5152],[31.2176,0.5199],[31.2399,0.5237],[31.2476,0.5302],[31.248,0.5333],[31.2459,0.5328],[31.2454,0.5348],[31.2425,0.5353],[31.2405,0.5406],[31.2428,0.5472],[31.25,0.5495],[31.2504,0.5571],[31.2561,0.5675],[31.2558,0.5775],[31.2575,0.5848],[31.2549,0.5958],[31.2547,0.6065],[31.2345,0.6172],[31.2213,0.6275],[31.2148,0.6346],[31.2359,0.6446],[31.2417,0.6549],[31.2618,0.682],[31.2633,0.6836],[31.2694,0.6831],[31.2725,0.685],[31.2732,0.6987],[31.2813,0.7107],[31.2858,0.7114],[31.2888,0.7167],[31.2892,0.7219],[31.286,0.7363],[31.2879,0.7425],[31.3168,0.7316],[31.3504,0.7141],[31.3538,0.7141],[31.3688,0.7074],[31.3741,0.7061],[31.3821,0.7102],[31.3841,0.719],[31.3918,0.7358],[31.4015,0.7469],[31.4055,0.7449],[31.4064,0.7478],[31.408,0.7479],[31.4084,0.7582],[31.4069,0.7621],[31.4037,0.804],[31.4087,0.8107],[31.4208,0.814],[31.4284,0.8212],[31.434,0.8196],[31.4442,0.8281],[31.4402,0.8326],[31.4368,0.8397],[31.4384,0.8455],[31.4374,0.852],[31.4399,0.8583],[31.4477,0.8643],[31.4502,0.8686],[31.4491,0.8794],[31.4527,0.8865],[31.454,0.8953],[31.4519,0.9006],[31.4483,0.9042],[31.4459,0.9028],[31.4462,0.9045],[31.4439,0.9054],[31.4456,0.907],[31.441,0.9109],[31.4393,0.9109],[31.4355,0.9176],[31.434,0.9237],[31.4343,0.9313],[31.4295,0.9434],[31.4317,0.9468],[31.432,0.951],[31.4347,0.9531],[31.443,0.9551],[31.4458,0.9587],[31.4543,0.9596],[31.4595,0.9649],[31.4683,0.9701],[31.4748,0.9708],[31.485,0.9763],[31.4872,0.9835],[31.4897,0.9851],[31.4986,0.9857],[31.5085,0.9905],[31.5102,0.9963],[31.5173,0.9997],[31.5188,1.0042],[31.5269,1.0163],[31.5279,1.0225],[31.5264,1.0309],[31.5221,1.0377],[31.514,1.0433],[31.5124,1.0499],[31.5059,1.0522],[31.4991,1.0568],[31.4916,1.0575],[31.4854,1.0603],[31.4802,1.0654],[31.4797,1.0693],[31.4762,1.0744],[31.4665,1.0769],[31.4656,1.0803],[31.4621,1.0818],[31.4568,1.092],[31.453,1.0963],[31.4501,1.104],[31.4385,1.1114],[31.4312,1.1216],[31.4254,1.1254],[31.4255,1.1315],[31.4229,1.1348],[31.422,1.1393],[31.4219,1.1506],[31.4194,1.1574],[31.4168,1.1603],[31.409,1.1642],[31.3969,1.1657],[31.3914,1.1652],[31.3825,1.1592],[31.3773,1.1606],[31.3667,1.1656],[31.36,1.1717],[31.3508,1.1748],[31.3449,1.1813],[31.3413,1.1888],[31.3324,1.1954],[31.3187,1.2005],[31.302,1.2004],[31.2969,1.2061],[31.2964,1.2099],[31.2921,1.2104],[31.2917,1.2121],[31.2992,1.2196],[31.3041,1.2221],[31.3147,1.2371],[31.3207,1.2409],[31.3486,1.242],[31.3581,1.2405],[31.3682,1.2416],[31.3774,1.2596],[31.3824,1.2644],[31.3922,1.2704],[31.402,1.2733],[31.4177,1.2717],[31.438,1.2722],[31.4486,1.2769],[31.4562,1.2861],[31.455,1.3],[31.4585,1.3054],[31.4642,1.3109],[31.4807,1.3169],[31.5001,1.3289],[31.5095,1.3408],[31.5134,1.3487],[31.524,1.3598],[31.5318,1.3647],[31.5393,1.3647],[31.5486,1.3674],[31.5585,1.3665],[31.564,1.3681],[31.5721,1.3648],[31.5769,1.3646],[31.5794,1.3612],[31.5885,1.3573],[31.6002,1.3498],[31.6055,1.3486],[31.6097,1.3444],[31.6131,1.3443],[31.6161,1.3463],[31.6229,1.3443],[31.6354,1.349],[31.64,1.3478],[31.649,1.3501],[31.654,1.3494],[31.6638,1.3454],[31.6655,1.3458],[31.6789,1.3373],[31.6844,1.3375],[31.6881,1.3396],[31.6946,1.3368],[31.7001,1.3381],[31.7036,1.3363],[31.7106,1.3365],[31.7138,1.3346],[31.7171,1.3362],[31.7218,1.3347],[31.7248,1.3299],[31.7288,1.3301],[31.738,1.3259],[31.7435,1.3284],[31.7478,1.3265],[31.7527,1.327],[31.7656,1.3364],[31.7722,1.3372],[31.7749,1.3457],[31.7794,1.3493],[31.7841,1.3495],[31.7867,1.3526],[31.7922,1.3555],[31.7927,1.3574],[31.8003,1.3568],[31.8044,1.3584],[31.8067,1.3569],[31.8097,1.3589],[31.8134,1.3589],[31.8245,1.3631],[31.8307,1.3622],[31.8342,1.3657],[31.8362,1.3653],[31.839,1.3696],[31.8456,1.3745],[31.8482,1.3798],[31.8504,1.3804],[31.8522,1.3838],[31.8585,1.3859],[31.8608,1.3906],[31.8631,1.3908],[31.8634,1.3929],[31.8614,1.3962],[31.8642,1.3988],[31.8669,1.3975],[31.8679,1.4066],[31.8718,1.4146],[31.878,1.4172],[31.8769,1.421],[31.8817,1.423],[31.8848,1.4274],[31.8887,1.4261],[31.8895,1.4239],[31.894,1.434],[31.897,1.4343],[31.9004,1.4324],[31.9028,1.4389],[31.9122,1.4426],[31.9115,1.4508],[31.9178,1.4505],[31.9201,1.4542],[31.9244,1.4534],[31.9296,1.4487],[31.9289,1.4532],[31.9315,1.4564],[31.9377,1.4567],[31.9452,1.4608],[31.9499,1.4599],[31.9553,1.4631],[31.9571,1.4671],[31.9586,1.4654],[31.9576,1.4623],[31.9613,1.4618],[31.9657,1.4633],[31.97,1.468],[31.9744,1.4688],[31.9743,1.4719],[31.9712,1.4761],[31.9711,1.4826],[31.9684,1.4852],[31.9676,1.489],[31.9704,1.4949],[31.9752,1.499],[31.9749,1.5023],[31.9711,1.5069],[31.9773,1.5094],[31.9828,1.5101],[31.9839,1.5081],[31.9868,1.5096],[31.9847,1.514],[31.9852,1.517],[31.9877,1.5169],[31.9891,1.5188],[31.9862,1.5219],[31.9885,1.5242],[31.9873,1.5302],[31.989,1.5328],[31.9923,1.5337],[31.9945,1.5297],[31.9988,1.5296],[31.9992,1.5314],[31.9967,1.5353],[32.0001,1.5379],[32.0001,1.5456],[32.0022,1.5451],[32.0027,1.5404],[32.0081,1.5374],[32.0121,1.5426],[32.016,1.5408],[32.0224,1.5456],[32.0289,1.5437],[32.0325,1.5469],[32.0368,1.5479],[32.0391,1.5449],[32.045,1.5452],[32.0466,1.5464],[32.0479,1.5493],[32.0465,1.5536],[32.049,1.5577],[32.0491,1.5606],[32.0541,1.5634],[32.0568,1.572],[32.0562,1.5745],[32.0621,1.5743],[32.0616,1.5787],[32.063,1.5816],[32.0681,1.5814],[32.0721,1.5782],[32.0722,1.581],[32.0745,1.5833],[32.0726,1.5873],[32.0736,1.59],[32.0756,1.5905],[32.0803,1.5884],[32.089,1.5939],[32.0885,1.5994],[32.0901,1.6079],[32.0834,1.6138],[32.0853,1.6163],[32.0901,1.6177],[32.0905,1.6208],[32.0896,1.6271],[32.0829,1.6375],[32.0826,1.6415],[32.0898,1.6436],[32.0921,1.6488],[32.0948,1.6509],[32.0922,1.6549],[32.0917,1.6589],[32.0976,1.6717],[32.1006,1.6825],[32.1001,1.6868],[32.0965,1.6936],[32.095,1.7026],[32.1003,1.7306],[32.1065,1.7419],[32.1267,1.749],[32.151,1.7642],[32.1656,1.7796],[32.1778,1.7805],[32.194,1.7847],[32.2055,1.7842],[32.2083,1.7862],[32.2127,1.7942],[32.216,1.7961],[32.2326,1.7924],[32.2562,1.8054],[32.2712,1.8094],[32.2758,1.8133],[32.2773,1.8164],[32.2775,1.8244],[32.2749,1.8339],[32.2782,1.8398],[32.283,1.8414],[32.2921,1.8384],[32.3048,1.8411],[32.3161,1.8478],[32.3369,1.8546],[32.3405,1.8574],[32.3424,1.8612],[32.3426,1.8669],[32.3385,1.8794],[32.3389,1.8844],[32.3434,1.8983],[32.3416,1.9261],[32.3438,1.9318],[32.3522,1.9371],[32.3603,1.9459],[32.3629,1.9524],[32.3625,1.9564],[32.3578,1.9599],[32.352,1.9606],[32.3372,1.9585],[32.3338,1.9613],[32.3328,1.9679],[32.3333,1.9716],[32.3382,1.9787],[32.3358,1.9883],[32.336,1.9932],[32.3393,2.0003],[32.3427,2.0165],[32.3431,2.0381],[32.3442,2.0446],[32.3494,2.0557],[32.352,2.0771],[32.3509,2.0799],[32.3426,2.0859],[32.3411,2.0935],[32.3294,2.1059],[32.3277,2.1128],[32.332,2.1276],[32.3282,2.1325],[32.3202,2.1389],[32.318,2.1433],[32.3177,2.1495],[32.3204,2.1583],[32.3214,2.1691],[32.3161,2.1884],[32.3161,2.1976],[32.3033,2.2155],[32.2962,2.2181],[32.2959,2.223],[32.2901,2.2281],[32.2879,2.2337],[32.2819,2.2419],[32.2773,2.2437],[32.268,2.251],[32.2621,2.2529],[32.2611,2.2558],[32.2582,2.2566],[32.2521,2.2544],[32.2499,2.2496],[32.248,2.2495],[32.2466,2.2462],[32.2426,2.2439],[32.2221,2.2491],[32.2205,2.2463],[32.2133,2.2442],[32.2124,2.2405],[32.2001,2.2302],[32.193,2.2276],[32.1885,2.2197],[32.1739,2.221],[32.1652,2.2248],[32.1478,2.2243],[32.1449,2.2338],[32.1362,2.2389],[32.1322,2.2434],[32.1286,2.2456],[32.1239,2.2454],[32.1196,2.2485],[32.1091,2.2476],[32.1071,2.2496],[32.0946,2.255],[32.0894,2.2587],[32.084,2.2654],[32.0525,2.2852],[32.0412,2.2868],[32.0322,2.2799],[32.0249,2.2792],[32.0229,2.2825],[32.0221,2.2918],[32.0179,2.2984],[32.0151,2.3064],[32.0124,2.3092],[32.0073,2.3118],[31.9961,2.3135],[31.9894,2.321],[31.9795,2.3206],[31.9777,2.323],[31.9788,2.3295],[31.9762,2.3287],[31.9726,2.3299],[31.97,2.3276],[31.9661,2.3286],[31.9602,2.3397],[31.955,2.3434],[31.9413,2.3415],[31.9406,2.3433],[31.9437,2.3463],[31.9434,2.3476],[31.9354,2.3462],[31.9343,2.3508],[31.9264,2.363],[31.9177,2.3683],[31.9142,2.368],[31.9082,2.362],[31.8994,2.3653],[31.8903,2.3625],[31.8864,2.3656],[31.8814,2.3658],[31.868,2.3619],[31.8562,2.3692],[31.854,2.3688],[31.8532,2.3638],[31.8491,2.3616],[31.8325,2.3719],[31.8277,2.3684],[31.8239,2.3679],[31.8138,2.3621],[31.8077,2.3605],[31.7985,2.3524],[31.7955,2.3481],[31.7836,2.3419],[31.7841,2.3359],[31.7798,2.3341],[31.7747,2.334],[31.7684,2.3298],[31.7644,2.3241],[31.7628,2.3189],[31.7524,2.3114],[31.7504,2.3088],[31.7496,2.3036],[31.7413,2.2978],[31.7391,2.2973],[31.7367,2.2988],[31.7306,2.2958],[31.7272,2.2958],[31.7208,2.2926],[31.706,2.2888],[31.6988,2.2912],[31.6962,2.2878],[31.698,2.285],[31.6955,2.278],[31.6925,2.2776],[31.6851,2.2809],[31.6762,2.2779],[31.6752,2.2765],[31.6738,2.2774],[31.6692,2.2766],[31.6667,2.2737],[31.6647,2.274],[31.6625,2.2718],[31.6627,2.2696],[31.6593,2.2677],[31.6581,2.2652],[31.6532,2.2649],[31.6519,2.2613],[31.6467,2.2586],[31.6346,2.261],[31.6239,2.2745],[31.6179,2.2745],[31.6143,2.2722],[31.6112,2.2731],[31.6108,2.2747],[31.6074,2.272],[31.6031,2.2725],[31.5855,2.2829],[31.581,2.283],[31.5788,2.2854],[31.569,2.287],[31.5664,2.2854],[31.5624,2.2864],[31.5544,2.2854],[31.5486,2.2824],[31.5401,2.2748],[31.5368,2.2736],[31.5365,2.276],[31.5286,2.263],[31.5249,2.2594],[31.5115,2.2535],[31.4899,2.2497],[31.484,2.2456],[31.4733,2.2336],[31.4661,2.2299],[31.447,2.232],[31.4332,2.2361],[31.4307,2.2391],[31.4273,2.2403],[31.4126,2.2386],[31.4023,2.2422],[31.4012,2.2399],[31.3972,2.2379],[31.3882,2.2395],[31.3862,2.2417],[31.3804,2.2433],[31.3707,2.249],[31.3582,2.2485]]]]}}]}