{"type":"FeatureCollection","features":[{"type":"Feature","properties":{"name":"Dodoth"},"geometry":{"type":"MultiPolygon","coordinates":[[[[34.5546,3.1053],[34.5484,3.1316],[34.5428,3.1362],[34.5122,3.1465],[34.4963,3.1386],[34.4825,3.1629],[34.4711,3.1699],[34.4609,3.1718],[34.4564,3.1795],[34.4562,3.1989],[34.4538,3.2106],[34.4489,3.279],[34.4395,3.3031],[34.4291,3.3408],[34.4021,3.3674],[34.4005,3.3758],[34.4022,3.4112],[34.4099,3.4149],[34.42,3.4309],[34.4171,3.4475],[34.4061,3.4649],[34.3916,3.4803],[34.3902,3.4899],[34.3974,3.4864],[34.4237,3.4888],[34.441,3.503],[34.4511,3.5166],[34.457,3.5755],[34.4539,3.608],[34.4658,3.6669],[34.4513,3.6767],[34.4043,3.6929],[34.4022,3.704],[34.3718,3.7326],[34.3594,3.7334],[34.3265,3.7245],[34.3201,3.7163],[34.3043,3.6848],[34.3073,3.7125],[34.2847,3.727],[34.2671,3.7449],[34.2599,3.7621],[34.2458,3.7814],[34.2335,3.7788],[34.2296,3.7722],[34.2272,3.7721],[34.2267,3.7799],[34.2213,3.7816],[34.1936,3.7707],[34.1732,3.7647],[34.1666,3.7712],[34.1913,3.7813],[34.1881,3.7891],[34.1896,3.7922],[34.1715,3.7972],[34.1629,3.7962],[34.1601,3.7986],[34.1543,3.7976],[34.1536,3.8045],[34.1644,3.8083],[34.1802,3.8293],[34.2266,3.8286],[34.2256,3.8483],[34.215,3.8792],[34.1992,3.8802],[34.1744,3.877],[34.1689,3.871],[34.1682,3.8674],[34.148,3.867],[34.1278,3.8698],[34.1095,3.8658],[34.0922,3.8586],[34.0884,3.8591],[34.0924,3.884],[34.1191,3.8957],[34.134,3.9588],[34.1036,3.9745],[34.0833,3.9977],[34.0589,4.0142],[34.0592,4.0281],[34.087,4.0382],[34.0912,4.055],[34.085,4.0701],[34.0699,4.0926],[34.0562,4.1044],[34.0525,4.1125],[34.0612,4.1489],[34.0399,4.1857],[34.014,4.1997],[33.9906,4.2284],[33.796,4.0371],[33.6728,3.9138],[33.5237,3.7538],[33.5131,3.7487],[33.57,3.6534],[33.6057,3.5918],[33.6384,3.5622],[33.6367,3.5576],[33.6345,3.5504],[33.6313,3.5458],[33.6312,3.5254],[33.6351,3.4999],[33.6379,3.4891],[33.6412,3.4821],[33.6472,3.4777],[33.6494,3.4735],[33.6602,3.4644],[33.6745,3.456],[33.6793,3.4556],[33.6843,3.4525],[33.6891,3.4516],[33.7048,3.4396],[33.7221,3.4178],[33.7222,3.4082],[33.7225,3.4071],[33.7225,3.406],[33.7231,3.402],[33.7234,3.4012],[33.7234,3.401],[33.7235,3.4005],[33.7236,3.4001],[33.7237,3.4],[33.7237,3.3998],[33.7249,3.3986],[33.7253,3.3984],[33.7257,3.3981],[33.7298,3.3967],[33.7302,3.3959],[33.7304,3.3935],[33.7308,3.3922],[33.731,3.3918],[33.731,3.3916],[33.7311,3.3915],[33.7313,3.3911],[33.7313,3.3908],[33.7315,3.3907],[33.7316,3.3905],[33.7322,3.3893],[33.7391,3.3825],[33.7392,3.3823],[33.7393,3.3819],[33.7395,3.3813],[33.7397,3.3809],[33.7399,3.3808],[33.7399,3.3806],[33.7402,3.3803],[33.7402,3.3801],[33.7404,3.3799],[33.7409,3.3783],[33.7426,3.3752],[33.7425,3.3667],[33.7398,3.3631],[33.7422,3.3622],[33.7789,3.3398],[33.8136,3.3182],[33.8437,3.3043],[33.8595,3.301],[33.8642,3.3054],[33.8697,3.3111],[33.8724,3.3144],[33.8757,3.3128],[33.8779,3.3158],[33.8852,3.3163],[33.8888,3.3188],[33.9011,3.3092],[33.9016,3.2978],[33.9025,3.2623],[33.9003,3.2516],[33.9093,3.2574],[33.9222,3.259],[33.9419,3.2563],[33.9919,3.2519],[34.0034,3.2497],[34.0135,3.2519],[34.0392,3.2494],[34.0556,3.2511],[34.0843,3.25],[34.1136,3.235],[34.1223,3.2325],[34.1464,3.221],[34.1645,3.2063],[34.1645,3.1986],[34.1686,3.1784],[34.1902,3.1716],[34.1956,3.1574],[34.2375,3.1323],[34.2711,3.1159],[34.3214,3.0911],[34.34,3.0861],[34.4024,3.0913],[34.4437,3.0793],[34.4884,3.0977],[34.4968,3.0922],[34.5007,3.0929],[34.5119,3.0922],[34.5239,3.0878],[34.5453,3.0937],[34.5546,3.1053]]]]}},{"type":"Feature","properties":{"name":"Chua"},"geometry":{"type":"MultiPolygon","coordinates":[[[[33.7221,3.4178],[33.7105,3.4319],[33.7048,3.4396],[33.6891,3.4516],[33.6843,3.4525],[33.6793,3.4556],[33.6745,3.456],[33.6602,3.4644],[33.6494,3.4735],[33.6472,3.4777],[33.6412,3.4821],[33.6379,3.4891],[33.6351,3.4999],[33.6312,3.5254],[33.6313,3.5458],[33.6345,3.5504],[33.6367,3.5576],[33.6384,3.5622],[33.6057,3.5918],[33.57,3.6534],[33.5131,3.7487],[33.389,3.7577],[33.3095,3.7657],[33.2955,3.7657],[33.2997,3.7528],[33.3008,3.7523],[33.3034,3.7471],[33.3035,3.7445],[33.3042,3.7438],[33.3042,3.7411],[33.3029,3.7397],[33.3028,3.7385],[33.3008,3.7365],[33.2975,3.735],[33.2951,3.7331],[33.2948,3.732],[33.2942,3.7309],[33.2942,3.7109],[33.2902,3.7023],[33.2888,3.701],[33.2873,3.6976],[33.2862,3.6971],[33.2856,3.6964],[33.2855,3.6952],[33.2842,3.6951],[33.2832,3.6931],[33.2821,3.6924],[33.2808,3.691],[33.2785,3.6874],[33.2769,3.6858],[33.2736,3.6792],[33.2735,3.6779],[33.2728,3.6773],[33.2728,3.6759],[33.2723,3.6751],[33.2721,3.6739],[33.2721,3.6673],[33.2801,3.6478],[33.2801,3.6438],[33.2808,3.6428],[33.2808,3.6375],[33.2815,3.6364],[33.2815,3.6177],[33.2821,3.6152],[33.2821,3.6046],[33.2808,3.5997],[33.2781,3.5949],[33.2781,3.5936],[33.2775,3.5929],[33.2772,3.5918],[33.2739,3.5876],[33.2727,3.5871],[33.2707,3.5851],[33.2695,3.5851],[33.2694,3.5838],[33.2677,3.5825],[33.2671,3.5815],[33.2653,3.5805],[33.2646,3.5798],[33.2641,3.5789],[33.2633,3.5783],[33.2621,3.5762],[33.2601,3.5738],[33.259,3.5731],[33.2551,3.5728],[33.2537,3.5708],[33.246,3.5636],[33.2438,3.5602],[33.2384,3.5547],[33.2326,3.5435],[33.2281,3.538],[33.2274,3.5356],[33.2261,3.5338],[33.2261,3.5326],[33.2248,3.5312],[33.2247,3.5299],[33.2193,3.5238],[33.2127,3.5238],[33.2028,3.5285],[33.2012,3.53],[33.1989,3.5309],[33.1979,3.5319],[33.1967,3.5325],[33.1895,3.535],[33.1751,3.5358],[33.174,3.5365],[33.1558,3.5405],[33.1552,3.5412],[33.1538,3.5412],[33.1377,3.552],[33.1318,3.5545],[33.1291,3.5545],[33.1242,3.5558],[33.1216,3.556],[33.1204,3.5565],[33.1191,3.5566],[33.118,3.5571],[33.1033,3.5571],[33.0976,3.5556],[33.0967,3.5547],[33.0932,3.5532],[33.0919,3.5531],[33.0912,3.5525],[33.0887,3.5518],[33.0853,3.55],[33.0828,3.5496],[33.0755,3.5472],[33.0748,3.5465],[33.0728,3.5458],[33.0721,3.5452],[33.0411,3.5372],[33.0218,3.5265],[33.0151,3.521],[33.0131,3.5179],[33.0077,3.5012],[33.0051,3.4959],[33.0044,3.4952],[33.003,3.4918],[33.0024,3.4911],[33.0019,3.49],[32.9997,3.4881],[32.9962,3.4872],[32.9762,3.4872],[32.9749,3.4871],[32.9738,3.4865],[32.9711,3.4865],[32.9383,3.4724],[32.9283,3.4665],[32.9252,3.4638],[32.9249,3.4628],[32.9243,3.4621],[32.9236,3.4601],[32.9289,3.4538],[32.929,3.4525],[32.9323,3.4497],[32.9329,3.4486],[32.9355,3.4459],[32.9356,3.4446],[32.9362,3.4439],[32.9363,3.4426],[32.9363,3.4346],[32.9357,3.4334],[32.9356,3.4321],[32.9345,3.4292],[32.9275,3.4185],[32.9215,3.4125],[32.9203,3.4124],[32.9182,3.4105],[32.9168,3.4105],[32.9162,3.4099],[32.9122,3.4099],[32.9099,3.4109],[32.9084,3.413],[32.9075,3.414],[32.9064,3.4145],[32.9049,3.4165],[32.9016,3.4203],[32.8961,3.4332],[32.8915,3.4375],[32.8905,3.4379],[32.8895,3.4385],[32.8868,3.4385],[32.8844,3.4392],[32.8822,3.4378],[32.8762,3.4278],[32.8751,3.4272],[32.8749,3.4261],[32.8717,3.4227],[32.8621,3.4139],[32.8534,3.4099],[32.8441,3.4098],[32.8415,3.4092],[32.8148,3.4092],[32.8142,3.4085],[32.8101,3.4085],[32.8091,3.4079],[32.8024,3.4079],[32.8014,3.4072],[32.796,3.4072],[32.7849,3.4007],[32.7836,3.4005],[32.7824,3.4],[32.7811,3.3999],[32.757,3.3999],[32.756,3.3992],[32.7346,3.3992],[32.7291,3.4012],[32.7265,3.4012],[32.7254,3.4018],[32.7173,3.4019],[32.7039,3.3905],[32.7046,3.3814],[32.7059,3.3778],[32.706,3.3725],[32.7072,3.3705],[32.7073,3.3693],[32.7079,3.3686],[32.7083,3.3675],[32.7093,3.3665],[32.7099,3.3654],[32.7113,3.3623],[32.7121,3.3616],[32.7127,3.3605],[32.7138,3.3599],[32.7153,3.3566],[32.7162,3.3556],[32.7167,3.3545],[32.7232,3.348],[32.7282,3.3437],[32.7293,3.3432],[32.7306,3.3419],[32.7311,3.3407],[32.7373,3.3363],[32.7556,3.3124],[32.7686,3.2985],[32.7687,3.2973],[32.7698,3.2968],[32.7707,3.2958],[32.7754,3.2892],[32.7754,3.2812],[32.7714,3.275],[32.7714,3.2736],[32.769,3.2699],[32.7667,3.2642],[32.7647,3.2609],[32.7647,3.2596],[32.764,3.2589],[32.7637,3.2579],[32.7604,3.2546],[32.7593,3.2542],[32.756,3.2506],[32.7557,3.2421],[32.7553,3.2326],[32.758,3.2206],[32.7594,3.2172],[32.7619,3.2135],[32.7634,3.2099],[32.7679,3.204],[32.7709,3.2012],[32.773,3.1999],[32.7747,3.1985],[32.7767,3.1974],[32.7792,3.1972],[32.7798,3.1966],[32.7807,3.1961],[32.7882,3.1946],[32.7935,3.1945],[32.7946,3.1939],[32.7973,3.1939],[32.7997,3.1932],[32.809,3.1932],[32.8101,3.1926],[32.8234,3.1926],[32.8301,3.1952],[32.8314,3.1952],[32.8368,3.2004],[32.8513,3.2079],[32.8548,3.2118],[32.8572,3.2139],[32.8582,3.2142],[32.8589,3.2153],[32.861,3.2166],[32.8761,3.2219],[32.8855,3.2273],[32.8894,3.2322],[32.8898,3.2333],[32.8909,3.234],[32.8922,3.2357],[32.8935,3.2378],[32.8936,3.2391],[32.8949,3.2405],[32.8949,3.2418],[32.8956,3.2425],[32.8956,3.2611],[32.8962,3.2635],[32.8962,3.2662],[32.8969,3.2682],[32.8969,3.2709],[32.8979,3.2712],[32.8992,3.2712],[32.9119,3.2647],[32.9184,3.2579],[32.9223,3.2564],[32.9396,3.241],[32.943,3.236],[32.9447,3.2346],[32.9483,3.2286],[32.9483,3.2273],[32.9556,3.2172],[32.9556,3.2159],[32.957,3.2159],[32.9623,3.2088],[32.9668,3.2043],[32.9679,3.2037],[32.981,3.1839],[32.9923,3.1727],[32.9994,3.1637],[33.0006,3.163],[33.0034,3.1602],[33.0069,3.1552],[33.0092,3.1544],[33.0114,3.1529],[33.0142,3.1501],[33.0153,3.1483],[33.0172,3.1464],[33.0178,3.1452],[33.0189,3.1447],[33.0215,3.1419],[33.0225,3.1399],[33.0238,3.1384],[33.0243,3.1373],[33.0278,3.1336],[33.0291,3.1302],[33.0298,3.1295],[33.0301,3.1286],[33.0311,3.1278],[33.0312,3.1266],[33.0357,3.1199],[33.0358,3.1187],[33.0391,3.115],[33.04,3.1146],[33.0404,3.1136],[33.0512,3.1072],[33.0525,3.1072],[33.053,3.106],[33.0564,3.1046],[33.0577,3.1046],[33.0588,3.1039],[33.0614,3.1037],[33.0625,3.1032],[33.0652,3.1032],[33.0664,3.1026],[33.0704,3.1026],[33.0727,3.1019],[33.0741,3.1019],[33.0751,3.1012],[33.0805,3.1012],[33.0811,3.1006],[33.0838,3.1006],[33.0845,3.0999],[33.0858,3.0999],[33.0914,3.0983],[33.0961,3.0962],[33.1034,3.0952],[33.1045,3.0946],[33.1138,3.0946],[33.1152,3.0958],[33.1159,3.0978],[33.1159,3.1125],[33.1153,3.1137],[33.1146,3.1175],[33.1146,3.1522],[33.1166,3.1542],[33.1168,3.1634],[33.1246,3.1762],[33.1272,3.1889],[33.1286,3.1929],[33.1302,3.1944],[33.1308,3.1952],[33.1329,3.1966],[33.1343,3.1979],[33.1356,3.1979],[33.1363,3.1986],[33.1388,3.1992],[33.1402,3.1992],[33.1414,3.1996],[33.1493,3.2038],[33.1536,3.2052],[33.1589,3.2052],[33.1613,3.2059],[33.1667,3.2059],[33.1769,3.1999],[33.2073,3.1972],[33.2337,3.1979],[33.2465,3.2025],[33.2567,3.2039],[33.2701,3.2039],[33.2726,3.2032],[33.294,3.2032],[33.2961,3.2046],[33.2962,3.2059],[33.2968,3.2066],[33.2979,3.2086],[33.2988,3.212],[33.2988,3.2226],[33.2982,3.2233],[33.2982,3.2246],[33.2975,3.2253],[33.2974,3.2266],[33.2968,3.2273],[33.2952,3.2302],[33.2942,3.2312],[33.2942,3.2325],[33.2922,3.2353],[33.2918,3.2365],[33.2897,3.2394],[33.2894,3.2406],[33.2863,3.2432],[33.2841,3.2495],[33.2841,3.2508],[33.284,3.2521],[33.2835,3.2532],[33.2835,3.2545],[33.2828,3.2552],[33.2828,3.2592],[33.2821,3.2617],[33.2821,3.2724],[33.2833,3.2742],[33.2848,3.2762],[33.2855,3.2771],[33.2888,3.2792],[33.2895,3.2802],[33.2905,3.2806],[33.2916,3.2812],[33.2929,3.2812],[33.2936,3.2819],[33.3069,3.2819],[33.3076,3.2812],[33.3089,3.2812],[33.3101,3.2806],[33.3168,3.2806],[33.3253,3.2766],[33.3279,3.2766],[33.3296,3.2755],[33.3319,3.275],[33.3331,3.2746],[33.3425,3.2746],[33.3437,3.2747],[33.3449,3.2752],[33.3462,3.2752],[33.3488,3.2759],[33.3581,3.2759],[33.3593,3.2754],[33.3606,3.2752],[33.3833,3.2752],[33.3872,3.2759],[33.3938,3.2761],[33.3994,3.2779],[33.4037,3.2815],[33.401,3.2891],[33.3903,3.3004],[33.3893,3.3009],[33.3883,3.3018],[33.3849,3.3045],[33.3838,3.3051],[33.3821,3.3065],[33.3816,3.3074],[33.3816,3.3087],[33.3814,3.3099],[33.381,3.3107],[33.381,3.3121],[33.3803,3.3127],[33.3803,3.3234],[33.3805,3.3245],[33.3818,3.3259],[33.3823,3.3267],[33.3838,3.3279],[33.3884,3.3302],[33.3928,3.3319],[33.4075,3.3319],[33.411,3.331],[33.413,3.3299],[33.4168,3.329],[33.4204,3.3265],[33.4217,3.3265],[33.4244,3.3235],[33.4457,3.3132],[33.4572,3.3105],[33.4612,3.3105],[33.4618,3.3099],[33.4631,3.3098],[33.4656,3.3079],[33.4668,3.3076],[33.4684,3.306],[33.4704,3.3049],[33.4711,3.3042],[33.4721,3.3039],[33.4783,3.2979],[33.4872,3.2932],[33.5002,3.2912],[33.5409,3.2912],[33.5911,3.2912],[33.612,3.2806],[33.6133,3.2806],[33.6145,3.2801],[33.6193,3.2791],[33.6312,3.2712],[33.6349,3.2706],[33.636,3.2699],[33.6587,3.2699],[33.7162,3.3174],[33.7157,3.3546],[33.7398,3.3631],[33.7425,3.3667],[33.7426,3.3752],[33.7409,3.3783],[33.7404,3.3799],[33.7402,3.3801],[33.7402,3.3803],[33.7399,3.3806],[33.7399,3.3808],[33.7397,3.3809],[33.7395,3.3813],[33.7393,3.3819],[33.7392,3.3823],[33.7391,3.3825],[33.7322,3.3893],[33.7316,3.3905],[33.7315,3.3907],[33.7313,3.3908],[33.7313,3.3911],[33.7311,3.3915],[33.731,3.3916],[33.731,3.3918],[33.7308,3.3922],[33.7304,3.3935],[33.7302,3.3959],[33.7298,3.3967],[33.7257,3.3981],[33.7253,3.3984],[33.7249,3.3986],[33.7237,3.3998],[33.7237,3.4],[33.7236,3.4001],[33.7235,3.4005],[33.7234,3.401],[33.7234,3.4012],[33.7231,3.402],[33.7225,3.406],[33.7225,3.4071],[33.7222,3.4082],[33.7221,3.4178]]]]}},{"type":"Feature","properties":{"name":"Lamwo"},"geometry":{"type":"MultiPolygon","coordinates":[[[[32.8844,3.4392],[32.8895,3.4385],[32.8905,3.4379],[32.8915,3.4375],[32.8961,3.4332],[32.9016,3.4203],[32.9049,3.4165],[32.9064,3.4145],[32.9075,3.414],[32.9084,3.413],[32.9099,3.4109],[32.9122,3.4099],[32.9162,3.4099],[32.9168,3.4105],[32.9182,3.4105],[32.9203,3.4124],[32.9215,3.4125],[32.9275,3.4185],[32.9345,3.4292],[32.9356,3.4321],[32.9357,3.4334],[32.9363,3.4346],[32.9363,3.4426],[32.9362,3.4439],[32.9356,3.4446],[32.9355,3.4459],[32.9329,3.4486],[32.9323,3.4497],[32.929,3.4525],[32.9289,3.4538],[32.9278,3.4543],[32.9269,3.4552],[32.924,3.4592],[32.9236,3.4601],[32.9243,3.4621],[32.9249,3.4628],[32.9252,3.4638],[32.9283,3.4665],[32.9383,3.4724],[32.9711,3.4865],[32.9738,3.4865],[32.9749,3.4871],[32.9762,3.4872],[32.9962,3.4872],[32.9997,3.4881],[33.0019,3.49],[33.0024,3.4911],[33.003,3.4918],[33.0044,3.4952],[33.0051,3.4959],[33.0077,3.5012],[33.0131,3.5179],[33.0151,3.521],[33.0218,3.5265],[33.0411,3.5372],[33.0721,3.5452],[33.0728,3.5458],[33.0748,3.5465],[33.0755,3.5472],[33.0828,3.5496],[33.0853,3.55],[33.0887,3.5518],[33.0912,3.5525],[33.0919,3.5531],[33.0932,3.5532],[33.0942,3.554],[33.0954,3.5545],[33.0967,3.5547],[33.0976,3.5556],[33.1033,3.5571],[33.118,3.5571],[33.1191,3.5566],[33.1204,3.5565],[33.1216,3.556],[33.1242,3.5558],[33.1291,3.5545],[33.1318,3.5545],[33.1377,3.552],[33.1538,3.5412],[33.1552,3.5412],[33.1558,3.5405],[33.174,3.5365],[33.1751,3.5358],[33.1895,3.535],[33.1967,3.5325],[33.1979,3.5319],[33.1989,3.5309],[33.2012,3.53],[33.2028,3.5285],[33.2127,3.5238],[33.2193,3.5238],[33.2247,3.5299],[33.2248,3.5312],[33.2261,3.5326],[33.2261,3.5338],[33.2274,3.5356],[33.2281,3.538],[33.2326,3.5435],[33.2384,3.5547],[33.2438,3.5602],[33.246,3.5636],[33.2537,3.5708],[33.2551,3.5728],[33.259,3.5731],[33.2601,3.5738],[33.2621,3.5762],[33.2633,3.5783],[33.2641,3.5789],[33.2646,3.5798],[33.2653,3.5805],[33.2671,3.5815],[33.2677,3.5825],[33.2694,3.5838],[33.2695,3.5851],[33.2707,3.5851],[33.2727,3.5871],[33.2739,3.5876],[33.2772,3.5918],[33.2775,3.5929],[33.2781,3.5936],[33.2781,3.5949],[33.2808,3.5997],[33.2821,3.6046],[33.2821,3.6152],[33.2815,3.6177],[33.2815,3.6364],[33.2808,3.6375],[33.2808,3.6428],[33.2801,3.6438],[33.2801,3.6478],[33.2721,3.6673],[33.2721,3.6739],[33.2723,3.6751],[33.2728,3.6759],[33.2728,3.6773],[33.2735,3.6779],[33.2736,3.6792],[33.2769,3.6858],[33.2785,3.6874],[33.2808,3.691],[33.2821,3.6924],[33.2832,3.6931],[33.2842,3.6951],[33.2855,3.6952],[33.2856,3.6964],[33.2862,3.6971],[33.2873,3.6976],[33.2888,3.701],[33.2902,3.7023],[33.2942,3.7109],[33.2942,3.7309],[33.2948,3.732],[33.2951,3.7331],[33.2975,3.735],[33.3008,3.7365],[33.3028,3.7385],[33.3029,3.7397],[33.3042,3.7411],[33.3042,3.7438],[33.3035,3.7445],[33.3034,3.7471],[33.2997,3.7528],[33.2955,3.7654],[33.2087,3.7697],[33.1762,3.7752],[33.157,3.7935],[33.0702,3.8494],[33.033,3.8779],[32.9972,3.875],[32.8784,3.8025],[32.8155,3.785],[32.7164,3.7624],[32.4792,3.7466],[32.4139,3.7441],[32.3579,3.7091],[32.2818,3.6558],[32.1972,3.6021],[32.1959,3.594],[32.1999,3.5938],[32.2028,3.5914],[32.2078,3.5925],[32.2107,3.5883],[32.2113,3.5835],[32.2153,3.5747],[32.2144,3.5669],[32.2188,3.5616],[32.2156,3.5573],[32.2115,3.5552],[32.2102,3.5481],[32.2071,3.5442],[32.2099,3.5372],[32.2038,3.5297],[32.203,3.5234],[32.2017,3.5227],[32.2041,3.5174],[32.2039,3.5099],[32.1998,3.4899],[32.2018,3.4878],[32.2043,3.4861],[32.2049,3.4858],[32.2055,3.4856],[32.2072,3.4855],[32.2096,3.4848],[32.2156,3.4848],[32.2164,3.4828],[32.2173,3.4817],[32.2173,3.4766],[32.2182,3.4733],[32.2189,3.4729],[32.219,3.4721],[32.2211,3.4698],[32.2224,3.4673],[32.2199,3.4571],[32.223,3.4545],[32.2237,3.4532],[32.225,3.4517],[32.2258,3.4464],[32.2277,3.4424],[32.23,3.439],[32.2305,3.4386],[32.2305,3.4377],[32.2434,3.4348],[32.2493,3.4294],[32.2503,3.4276],[32.2523,3.4254],[32.2529,3.4251],[32.2537,3.425],[32.2544,3.4246],[32.257,3.4246],[32.2574,3.4251],[32.2608,3.4251],[32.263,3.4242],[32.269,3.4183],[32.2686,3.4003],[32.2699,3.3973],[32.2733,3.3931],[32.2736,3.3923],[32.2741,3.3917],[32.2749,3.3905],[32.2784,3.379],[32.2784,3.3781],[32.2788,3.3765],[32.2812,3.3707],[32.2818,3.3704],[32.2819,3.3696],[32.2826,3.3684],[32.2864,3.3642],[32.2875,3.3635],[32.2895,3.3606],[32.2895,3.3581],[32.2904,3.3562],[32.2904,3.3545],[32.2909,3.352],[32.2924,3.3484],[32.2925,3.3476],[32.293,3.3472],[32.2938,3.3452],[32.2959,3.3431],[32.2962,3.3424],[32.2975,3.3412],[32.2988,3.3402],[32.3008,3.3386],[32.3012,3.3379],[32.302,3.3375],[32.3026,3.3369],[32.3041,3.3363],[32.3045,3.3359],[32.3086,3.3352],[32.3096,3.3342],[32.3103,3.3329],[32.3107,3.3325],[32.3117,3.3298],[32.3161,3.3235],[32.317,3.3235],[32.3174,3.3231],[32.3217,3.3231],[32.3232,3.3235],[32.325,3.3248],[32.3259,3.3248],[32.3275,3.3252],[32.3309,3.3252],[32.3316,3.3248],[32.3322,3.3246],[32.3334,3.3237],[32.3341,3.3232],[32.3399,3.3203],[32.3406,3.3201],[32.3439,3.32],[32.3446,3.3193],[32.3459,3.3184],[32.3467,3.317],[32.3473,3.3165],[32.3476,3.3157],[32.3477,3.3149],[32.3487,3.3126],[32.3511,3.3093],[32.3528,3.3059],[32.3542,3.3039],[32.3549,3.3038],[32.3554,3.3032],[32.3561,3.3029],[32.3572,3.3018],[32.358,3.3017],[32.3586,3.3011],[32.3681,3.2979],[32.3757,3.2903],[32.3758,3.2895],[32.3805,3.2873],[32.3805,3.2864],[32.3815,3.2842],[32.3823,3.2838],[32.3867,3.2776],[32.3878,3.2753],[32.3903,3.272],[32.3908,3.2699],[32.3926,3.2671],[32.3938,3.2661],[32.3954,3.2635],[32.3998,3.26],[32.4006,3.2587],[32.4025,3.257],[32.4027,3.2562],[32.4135,3.2492],[32.4158,3.2484],[32.4167,3.2484],[32.4179,3.248],[32.4196,3.2479],[32.4227,3.2468],[32.4265,3.2441],[32.4428,3.2356],[32.4733,3.2147],[32.4739,3.2141],[32.4745,3.2137],[32.475,3.2133],[32.4754,3.212],[32.4766,3.211],[32.4776,3.2098],[32.482,3.2061],[32.4836,3.2055],[32.4851,3.2046],[32.4867,3.2042],[32.4873,3.2037],[32.4882,3.2036],[32.4886,3.2032],[32.4886,3.2024],[32.4895,3.2015],[32.4898,3.2008],[32.4899,3.2],[32.4899,3.1915],[32.4904,3.1908],[32.4904,3.19],[32.4907,3.1892],[32.4913,3.1886],[32.4916,3.1879],[32.4921,3.1875],[32.4929,3.1874],[32.4939,3.1864],[32.496,3.1853],[32.4968,3.1852],[32.4972,3.1845],[32.4972,3.1837],[32.4976,3.1824],[32.4976,3.1764],[32.498,3.1749],[32.498,3.1741],[32.4985,3.1736],[32.4986,3.1729],[32.4991,3.1725],[32.4993,3.1719],[32.5007,3.1707],[32.5014,3.1704],[32.5021,3.1698],[32.5022,3.1697],[32.5042,3.1687],[32.5046,3.1682],[32.5053,3.1681],[32.5059,3.1678],[32.5122,3.1673],[32.5145,3.1665],[32.5156,3.1657],[32.5164,3.1657],[32.5171,3.1653],[32.5222,3.1653],[32.5279,3.1695],[32.532,3.1705],[32.5384,3.1741],[32.5432,3.1755],[32.5449,3.1755],[32.5466,3.1763],[32.5518,3.1763],[32.5524,3.1759],[32.5618,3.1758],[32.5634,3.1755],[32.5638,3.1751],[32.5655,3.1751],[32.5739,3.1729],[32.579,3.1729],[32.5869,3.1746],[32.5877,3.1746],[32.592,3.1746],[32.594,3.1735],[32.5964,3.1729],[32.6015,3.1729],[32.6111,3.1785],[32.6418,3.1785],[32.6586,3.1823],[32.7069,3.1884],[32.7091,3.1897],[32.7131,3.1912],[32.7142,3.1923],[32.715,3.1925],[32.717,3.1938],[32.7175,3.1944],[32.7231,3.1966],[32.7253,3.1978],[32.7285,3.2],[32.7307,3.2009],[32.7313,3.2015],[32.7322,3.2015],[32.7329,3.2018],[32.7378,3.2051],[32.7382,3.2062],[32.7557,3.2421],[32.756,3.2506],[32.7593,3.2542],[32.7604,3.2546],[32.7637,3.2579],[32.764,3.2589],[32.7647,3.2596],[32.7647,3.2609],[32.7667,3.2642],[32.769,3.2699],[32.7714,3.2736],[32.7714,3.275],[32.7754,3.2812],[32.7754,3.2892],[32.7707,3.2958],[32.7698,3.2968],[32.7687,3.2973],[32.7686,3.2985],[32.7556,3.3124],[32.7373,3.3363],[32.7311,3.3407],[32.7306,3.3419],[32.7293,3.3432],[32.7282,3.3437],[32.7232,3.348],[32.7167,3.3545],[32.7162,3.3556],[32.7153,3.3566],[32.7138,3.3599],[32.7127,3.3605],[32.7121,3.3616],[32.7113,3.3623],[32.7099,3.3654],[32.7093,3.3665],[32.7083,3.3675],[32.7079,3.3686],[32.7073,3.3693],[32.7072,3.3705],[32.706,3.3725],[32.7059,3.3778],[32.7046,3.3814],[32.7039,3.3905],[32.7173,3.4019],[32.7254,3.4018],[32.7265,3.4012],[32.7291,3.4012],[32.7346,3.3992],[32.756,3.3992],[32.757,3.3999],[32.7811,3.3999],[32.7824,3.4],[32.7836,3.4005],[32.7849,3.4007],[32.796,3.4072],[32.8014,3.4072],[32.8024,3.4079],[32.8091,3.4079],[32.8101,3.4085],[32.8142,3.4085],[32.8148,3.4092],[32.8415,3.4092],[32.8441,3.4098],[32.8534,3.4099],[32.8621,3.4139],[32.8717,3.4227],[32.8749,3.4261],[32.8751,3.4272],[32.8762,3.4278],[32.8822,3.4378],[32.8844,3.4392]]]]}},{"type":"Feature","properties":{"name":"Aruu"},"geometry":{"type":"MultiPolygon","coordinates":[[[[33.1034,3.0952],[33.1008,3.0952],[33.0961,3.0962],[33.0914,3.0983],[33.0845,3.0999],[33.0838,3.1006],[33.0811,3.1006],[33.0805,3.1012],[33.0751,3.1012],[33.0741,3.1019],[33.0727,3.1019],[33.0704,3.1026],[33.0664,3.1026],[33.0652,3.1032],[33.0625,3.1032],[33.0614,3.1037],[33.0588,3.1039],[33.0577,3.1046],[33.0564,3.1046],[33.053,3.106],[33.0525,3.1072],[33.0512,3.1072],[33.0404,3.1136],[33.04,3.1146],[33.0391,3.115],[33.0358,3.1187],[33.0357,3.1199],[33.0312,3.1266],[33.0311,3.1278],[33.0301,3.1286],[33.0298,3.1295],[33.0291,3.1302],[33.0278,3.1336],[33.0243,3.1373],[33.0238,3.1384],[33.0225,3.1399],[33.0215,3.1419],[33.0189,3.1447],[33.0178,3.1452],[33.0172,3.1464],[33.0153,3.1483],[33.0142,3.1501],[33.0114,3.1529],[33.0092,3.1544],[33.0069,3.1552],[33.0034,3.1602],[33.0006,3.163],[32.9994,3.1637],[32.9923,3.1727],[32.981,3.1839],[32.9679,3.2037],[32.9668,3.2043],[32.9623,3.2088],[32.957,3.2159],[32.9556,3.2159],[32.9556,3.2172],[32.9483,3.2273],[32.9483,3.2286],[32.9473,3.2295],[32.947,3.2307],[32.9456,3.2324],[32.9447,3.2346],[32.943,3.236],[32.9396,3.241],[32.9223,3.2564],[32.9184,3.2579],[32.9119,3.2647],[32.8992,3.2712],[32.8979,3.2712],[32.8969,3.2709],[32.8969,3.2682],[32.8962,3.2662],[32.8962,3.2635],[32.8956,3.2611],[32.8956,3.2425],[32.8949,3.2418],[32.8949,3.2405],[32.8936,3.2391],[32.8935,3.2378],[32.8922,3.2357],[32.8909,3.234],[32.8898,3.2333],[32.8894,3.2322],[32.8855,3.2273],[32.8761,3.2219],[32.861,3.2166],[32.8589,3.2153],[32.8582,3.2142],[32.8572,3.2139],[32.8548,3.2118],[32.8513,3.2079],[32.8368,3.2004],[32.8314,3.1952],[32.8301,3.1952],[32.8258,3.1932],[32.8234,3.1926],[32.8101,3.1926],[32.809,3.1932],[32.7997,3.1932],[32.7973,3.1939],[32.7946,3.1939],[32.7935,3.1945],[32.7882,3.1946],[32.7807,3.1961],[32.7798,3.1966],[32.7792,3.1972],[32.7767,3.1974],[32.7747,3.1985],[32.773,3.1999],[32.7709,3.2012],[32.7679,3.204],[32.7634,3.2099],[32.7619,3.2135],[32.7594,3.2172],[32.758,3.2206],[32.7553,3.2326],[32.7557,3.2421],[32.7382,3.2062],[32.7378,3.2051],[32.7329,3.2018],[32.7322,3.2015],[32.7313,3.2015],[32.7307,3.2009],[32.7285,3.2],[32.7253,3.1978],[32.7231,3.1966],[32.7175,3.1944],[32.717,3.1938],[32.715,3.1925],[32.7142,3.1923],[32.7131,3.1912],[32.7069,3.1884],[32.6586,3.1823],[32.6418,3.1785],[32.6111,3.1785],[32.6015,3.1729],[32.5964,3.1729],[32.594,3.1735],[32.592,3.1746],[32.5877,3.1746],[32.5869,3.1746],[32.579,3.1729],[32.5739,3.1729],[32.5655,3.1751],[32.5638,3.1751],[32.5634,3.1755],[32.5618,3.1758],[32.5524,3.1759],[32.5518,3.1763],[32.5466,3.1763],[32.5449,3.1755],[32.5432,3.1755],[32.5384,3.1741],[32.532,3.1705],[32.5279,3.1695],[32.5222,3.1653],[32.5171,3.1653],[32.5164,3.1657],[32.5156,3.1657],[32.5145,3.1665],[32.5122,3.1673],[32.5059,3.1678],[32.5053,3.1681],[32.5046,3.1682],[32.5042,3.1687],[32.5022,3.1697],[32.5032,3.1563],[32.5025,3.1559],[32.502,3.1553],[32.5001,3.1537],[32.4954,3.1501],[32.4938,3.1495],[32.4923,3.1486],[32.4915,3.1485],[32.4892,3.1474],[32.4842,3.1468],[32.4835,3.1465],[32.472,3.146],[32.4668,3.1412],[32.4649,3.1389],[32.4643,3.1369],[32.4644,3.1344],[32.4655,3.1321],[32.4657,3.1305],[32.4668,3.1282],[32.468,3.127],[32.4683,3.1263],[32.4694,3.125],[32.4695,3.1243],[32.4701,3.1238],[32.4712,3.1225],[32.4715,3.1218],[32.4725,3.1204],[32.4732,3.1201],[32.4739,3.1186],[32.4745,3.1182],[32.475,3.1175],[32.4758,3.1166],[32.4761,3.1159],[32.4762,3.1151],[32.4788,3.1132],[32.4956,3.0882],[32.5015,3.0824],[32.5079,3.0697],[32.5102,3.0682],[32.513,3.0669],[32.5147,3.0596],[32.5228,3.0501],[32.5228,3.0493],[32.5235,3.0488],[32.5237,3.0481],[32.5245,3.0467],[32.5251,3.0452],[32.526,3.0437],[32.5286,3.0374],[32.529,3.0368],[32.5336,3.0346],[32.5352,3.0317],[32.5352,3.0292],[32.5367,3.0277],[32.5388,3.0266],[32.5396,3.0265],[32.5402,3.0259],[32.5424,3.0249],[32.5457,3.0208],[32.546,3.02],[32.5467,3.0194],[32.547,3.0187],[32.5476,3.0181],[32.5527,3.0149],[32.5643,2.9932],[32.5643,2.9924],[32.5647,2.992],[32.5648,2.9903],[32.566,2.987],[32.566,2.9853],[32.5745,2.9762],[32.5767,2.9727],[32.5779,2.9695],[32.5814,2.9646],[32.5814,2.9596],[32.5891,2.9526],[32.5895,2.9505],[32.5909,2.9479],[32.5921,2.9467],[32.5924,2.946],[32.5941,2.9442],[32.5977,2.9373],[32.603,2.9318],[32.6037,2.9306],[32.6041,2.9301],[32.6049,2.9301],[32.6066,2.927],[32.607,2.9246],[32.6219,2.8965],[32.6229,2.8952],[32.6236,2.8944],[32.6256,2.8928],[32.6266,2.8923],[32.6274,2.8916],[32.6279,2.8913],[32.629,2.8902],[32.6293,2.8897],[32.6304,2.8886],[32.6309,2.8884],[32.6321,2.8873],[32.6327,2.8865],[32.634,2.881],[32.6354,2.8789],[32.6354,2.8751],[32.6403,2.872],[32.6405,2.8716],[32.6414,2.8705],[32.6416,2.8701],[32.6423,2.8695],[32.6496,2.857],[32.6507,2.8548],[32.6507,2.8543],[32.6518,2.8526],[32.6518,2.8521],[32.6521,2.8518],[32.6522,2.8513],[32.6525,2.8508],[32.6533,2.8502],[32.6536,2.8498],[32.654,2.8494],[32.6554,2.8486],[32.6562,2.8479],[32.6573,2.8455],[32.6584,2.8414],[32.6584,2.8403],[32.6712,2.827],[32.6725,2.826],[32.6731,2.8259],[32.6736,2.8259],[32.674,2.8257],[32.6743,2.8254],[32.6743,2.8243],[32.6745,2.8233],[32.6745,2.8223],[32.6751,2.8202],[32.6751,2.8196],[32.6755,2.8186],[32.6757,2.8175],[32.6778,2.8139],[32.679,2.8127],[32.6795,2.8125],[32.6812,2.8112],[32.6908,2.8063],[32.6923,2.8047],[32.6924,2.8042],[32.6928,2.8033],[32.6928,2.8005],[32.6927,2.8],[32.6923,2.7996],[32.6915,2.7978],[32.6904,2.7963],[32.688,2.7868],[32.6884,2.7864],[32.6893,2.786],[32.6897,2.7856],[32.6915,2.7846],[32.7052,2.784],[32.7051,2.7824],[32.7034,2.7802],[32.703,2.78],[32.7026,2.7796],[32.7021,2.7794],[32.7011,2.7783],[32.7,2.7775],[32.6981,2.7771],[32.6977,2.7768],[32.697,2.7762],[32.697,2.7756],[32.6964,2.7751],[32.6968,2.772],[32.6978,2.7708],[32.6983,2.7702],[32.699,2.7699],[32.7012,2.7699],[32.7028,2.7688],[32.7071,2.7685],[32.7094,2.7667],[32.717,2.769],[32.7212,2.7674],[32.7218,2.7667],[32.7219,2.7607],[32.7238,2.7524],[32.7314,2.7524],[32.7329,2.7518],[32.7332,2.7516],[32.7333,2.751],[32.7099,2.7398],[32.7002,2.7291],[32.6978,2.7285],[32.6965,2.7284],[32.6905,2.7264],[32.6848,2.7238],[32.6843,2.7228],[32.682,2.7218],[32.6811,2.721],[32.6799,2.7205],[32.6799,2.7192],[32.6792,2.7168],[32.6792,2.7048],[32.6845,2.6959],[32.6846,2.6893],[32.6832,2.6857],[32.6832,2.6844],[32.6826,2.6833],[32.6819,2.6809],[32.6795,2.6764],[32.6788,2.6753],[32.6783,2.6742],[32.6756,2.6712],[32.6752,2.67],[32.6746,2.6689],[32.6744,2.6677],[32.6732,2.6655],[32.6732,2.6615],[32.6719,2.6592],[32.6719,2.6579],[32.6713,2.6567],[32.6675,2.654],[32.6656,2.6521],[32.6634,2.6506],[32.6619,2.6484],[32.6597,2.6469],[32.6588,2.646],[32.6578,2.6437],[32.6525,2.639],[32.6525,2.6336],[32.654,2.6303],[32.6552,2.6298],[32.6552,2.6285],[32.6587,2.6249],[32.6608,2.6235],[32.6618,2.6225],[32.6637,2.6218],[32.671,2.6198],[32.6737,2.6198],[32.678,2.6178],[32.6806,2.6178],[32.682,2.6164],[32.7185,2.6104],[32.7192,2.6097],[32.7204,2.6095],[32.7216,2.6088],[32.7276,2.6068],[32.7286,2.6058],[32.7337,2.6051],[32.7578,2.6051],[32.7603,2.6044],[32.7638,2.6044],[32.7709,2.6044],[32.773,2.6051],[32.7743,2.6064],[32.7756,2.6064],[32.7777,2.6077],[32.7858,2.6077],[32.787,2.6079],[32.7883,2.6084],[32.7896,2.6084],[32.7922,2.6091],[32.7962,2.6091],[32.8008,2.6111],[32.8014,2.6122],[32.8014,2.6229],[32.8021,2.6253],[32.8021,2.6346],[32.8027,2.6357],[32.804,2.6371],[32.8041,2.6383],[32.8101,2.6456],[32.8106,2.6464],[32.8108,2.6476],[32.8128,2.65],[32.813,2.6524],[32.8142,2.6526],[32.8152,2.6535],[32.8164,2.6538],[32.8271,2.6538],[32.8293,2.6526],[32.8306,2.6524],[32.8361,2.6478],[32.8402,2.6411],[32.842,2.6392],[32.8441,2.6378],[32.8455,2.6378],[32.8468,2.6364],[32.8491,2.6353],[32.853,2.6346],[32.855,2.6333],[32.8558,2.6324],[32.8571,2.632],[32.8612,2.6291],[32.8701,2.6271],[32.8725,2.626],[32.8737,2.6257],[32.876,2.6244],[32.877,2.6236],[32.8781,2.6213],[32.8806,2.6182],[32.8837,2.6159],[32.886,2.6145],[32.89,2.6111],[32.8902,2.61],[32.8918,2.6088],[32.8924,2.6077],[32.8961,2.607],[32.9014,2.6064],[32.9041,2.6064],[32.9058,2.6051],[32.9089,2.6042],[32.9098,2.6037],[32.9151,2.6037],[32.9176,2.6057],[32.9189,2.6057],[32.9206,2.6071],[32.9299,2.6071],[32.9321,2.6059],[32.9334,2.6057],[32.9336,2.6033],[32.9323,2.602],[32.9323,2.5993],[32.9329,2.5986],[32.9341,2.5984],[32.9394,2.5984],[32.9418,2.5991],[32.9462,2.6017],[32.9502,2.6017],[32.951,2.5959],[32.949,2.5888],[32.951,2.5846],[32.9484,2.5806],[32.9475,2.5796],[32.9454,2.5781],[32.9444,2.5772],[32.9438,2.5764],[32.9423,2.5731],[32.9396,2.5706],[32.9392,2.5697],[32.939,2.5673],[32.939,2.5659],[32.9396,2.5653],[32.9406,2.5647],[32.9443,2.5637],[32.9455,2.5631],[32.9669,2.5631],[32.9718,2.5584],[32.9824,2.5585],[32.983,2.5594],[32.9878,2.5617],[32.9958,2.5617],[32.999,2.5588],[33.0013,2.5584],[33.0024,2.5586],[33.0039,2.5599],[33.0103,2.571],[33.0104,2.5736],[33.0108,2.5748],[33.0118,2.5772],[33.0134,2.5792],[33.0145,2.5799],[33.0162,2.5817],[33.0172,2.5825],[33.0185,2.5829],[33.0206,2.5844],[33.0219,2.5844],[33.0252,2.5864],[33.0265,2.5865],[33.0276,2.5871],[33.0278,2.5882],[33.0288,2.5888],[33.0296,2.5898],[33.0324,2.5943],[33.0337,2.5944],[33.0338,2.5956],[33.0378,2.6008],[33.0415,2.6011],[33.0438,2.6021],[33.0551,2.6044],[33.0561,2.6051],[33.0681,2.6051],[33.0692,2.6057],[33.0705,2.6057],[33.0741,2.6091],[33.0752,2.6114],[33.0761,2.6118],[33.0776,2.6136],[33.0785,2.6141],[33.0796,2.6144],[33.0802,2.6151],[33.0826,2.6158],[33.0833,2.6164],[33.0845,2.6165],[33.0846,2.6178],[33.0869,2.6201],[33.0874,2.6211],[33.0881,2.6218],[33.0892,2.622],[33.0911,2.6231],[33.0918,2.6238],[33.1025,2.6238],[33.105,2.6244],[33.1063,2.6244],[33.107,2.6251],[33.1083,2.6251],[33.1092,2.6256],[33.1119,2.6285],[33.1146,2.6324],[33.1045,2.6411],[33.1034,2.6416],[33.0881,2.66],[33.0858,2.6613],[33.0852,2.6624],[33.0804,2.6666],[33.0782,2.6681],[33.0728,2.6738],[33.0709,2.6747],[33.0704,2.6758],[33.0698,2.6764],[33.0647,2.6798],[33.0645,2.6809],[33.0451,2.6953],[33.0418,2.6986],[33.0291,2.7196],[33.0238,2.7241],[33.0226,2.7246],[33.02,2.7251],[33.0173,2.7251],[33.0151,2.7261],[33.0148,2.7287],[33.0127,2.7328],[33.0091,2.7372],[33.0064,2.7411],[33.0009,2.7466],[32.9988,2.7478],[32.9984,2.7487],[32.9958,2.7508],[32.9921,2.7521],[32.991,2.7528],[32.9871,2.7531],[32.9864,2.7538],[32.945,2.7538],[32.9438,2.7544],[32.9425,2.7545],[32.9265,2.7545],[32.9143,2.7604],[32.8895,2.7769],[32.8702,2.7878],[32.8689,2.7878],[32.8675,2.7891],[32.8662,2.7892],[32.8648,2.7904],[32.8636,2.7905],[32.8631,2.7916],[32.8608,2.7926],[32.8563,2.7963],[32.8434,2.7971],[32.8363,2.7926],[32.835,2.7925],[32.8325,2.7917],[32.8302,2.7905],[32.8157,2.7898],[32.812,2.7945],[32.8111,2.7952],[32.8094,2.7972],[32.8091,2.7985],[32.8075,2.7998],[32.7998,2.8018],[32.7961,2.8086],[32.7961,2.8153],[32.7966,2.8164],[32.7967,2.8177],[32.8005,2.8234],[32.8057,2.8292],[32.8063,2.8298],[32.8074,2.8301],[32.8087,2.8318],[32.8108,2.8329],[32.8202,2.8492],[32.8221,2.8505],[32.8221,2.8518],[32.8249,2.8538],[32.8301,2.8538],[32.8331,2.8509],[32.8343,2.8504],[32.8358,2.8485],[32.8375,2.8472],[32.8386,2.8467],[32.8407,2.8453],[32.8413,2.8441],[32.8436,2.8435],[32.8444,2.8425],[32.8457,2.8425],[32.8478,2.8412],[32.8518,2.8413],[32.8541,2.8425],[32.8568,2.8446],[32.8662,2.8565],[32.8688,2.8578],[32.8688,2.8592],[32.8705,2.8608],[32.871,2.8618],[32.8716,2.8625],[32.8769,2.8624],[32.8829,2.8573],[32.8875,2.8558],[32.8882,2.8551],[32.8901,2.8506],[32.8909,2.8469],[32.8909,2.8429],[32.8915,2.8418],[32.8916,2.8378],[32.8929,2.8334],[32.8976,2.8279],[32.9013,2.8258],[32.9117,2.8265],[32.9153,2.8328],[32.9165,2.8332],[32.9171,2.834],[32.9182,2.8345],[32.9192,2.8354],[32.9196,2.8365],[32.9222,2.8391],[32.9243,2.8402],[32.9269,2.8433],[32.9298,2.8452],[32.9304,2.846],[32.9316,2.8465],[32.9358,2.8505],[32.9432,2.8614],[32.9471,2.8638],[32.951,2.8637],[32.9538,2.8612],[32.9549,2.8606],[32.9579,2.858],[32.9583,2.8568],[32.9583,2.8555],[32.9587,2.8543],[32.9609,2.8532],[32.9616,2.8525],[32.9629,2.8525],[32.9634,2.8514],[32.9647,2.8512],[32.9669,2.8499],[32.9682,2.8498],[32.9693,2.8492],[32.984,2.8492],[32.995,2.8534],[33.0004,2.8613],[33.0088,2.8787],[33.0226,2.8974],[33.0284,2.9079],[33.0296,2.9229],[33.0296,2.9237],[33.0341,2.9295],[33.0373,2.9416],[33.0424,2.9518],[33.0424,2.9561],[33.0429,2.9577],[33.0429,2.9594],[33.0433,2.961],[33.0433,2.9755],[33.042,2.9793],[33.042,2.9801],[33.0416,2.9817],[33.0416,2.9826],[33.0407,2.9855],[33.0407,2.9872],[33.0415,2.9873],[33.0422,2.9876],[33.0431,2.9877],[33.0473,2.9877],[33.0563,2.9859],[33.0579,2.9852],[33.0672,2.9852],[33.0686,2.986],[33.0695,2.9861],[33.0709,2.9868],[33.0725,2.9871],[33.0784,2.9896],[33.0789,2.9903],[33.0817,2.9921],[33.0886,2.9958],[33.0894,2.9958],[33.0899,2.9962],[33.0907,2.9963],[33.0911,2.9967],[33.0919,2.9971],[33.0936,2.9971],[33.0942,2.9976],[33.0968,2.9975],[33.0974,2.9969],[33.1,2.9956],[33.1042,2.9918],[33.1077,2.9903],[33.1129,2.9903],[33.1145,2.9907],[33.1153,2.9907],[33.1166,2.9912],[33.1198,2.9954],[33.1206,2.9977],[33.1208,3.0002],[33.1215,3.0025],[33.1215,3.0136],[33.1222,3.0138],[33.1228,3.0142],[33.1236,3.0158],[33.1245,3.0215],[33.122,3.0496],[33.1219,3.0598],[33.1228,3.0646],[33.1138,3.0946],[33.1045,3.0946],[33.1034,3.0952]]]]}},{"type":"Feature","properties":{"name":"Agago"},"geometry":{"type":"MultiPolygon","coordinates":[[[[33.4244,3.3235],[33.4222,3.3254],[33.4217,3.3265],[33.4204,3.3265],[33.4168,3.329],[33.413,3.3299],[33.411,3.331],[33.4075,3.3319],[33.3928,3.3319],[33.3884,3.3302],[33.3838,3.3279],[33.3823,3.3267],[33.3818,3.3259],[33.3805,3.3245],[33.3803,3.3234],[33.3803,3.3127],[33.381,3.3121],[33.381,3.3107],[33.3814,3.3099],[33.3816,3.3087],[33.3816,3.3074],[33.3821,3.3065],[33.3838,3.3051],[33.3849,3.3045],[33.3883,3.3018],[33.3893,3.3009],[33.3903,3.3004],[33.401,3.2891],[33.4037,3.2815],[33.3994,3.2779],[33.3938,3.2761],[33.3872,3.2759],[33.3833,3.2752],[33.3606,3.2752],[33.3593,3.2754],[33.3581,3.2759],[33.3488,3.2759],[33.3462,3.2752],[33.3449,3.2752],[33.3437,3.2747],[33.3425,3.2746],[33.3331,3.2746],[33.3319,3.275],[33.3296,3.2755],[33.3279,3.2766],[33.3253,3.2766],[33.3168,3.2806],[33.3101,3.2806],[33.3089,3.2812],[33.3076,3.2812],[33.3069,3.2819],[33.2936,3.2819],[33.2929,3.2812],[33.2916,3.2812],[33.2905,3.2806],[33.2895,3.2802],[33.2888,3.2792],[33.2855,3.2771],[33.2848,3.2762],[33.2833,3.2742],[33.2821,3.2724],[33.2821,3.2617],[33.2828,3.2592],[33.2828,3.2552],[33.2835,3.2545],[33.2835,3.2532],[33.284,3.2521],[33.2841,3.2508],[33.2841,3.2495],[33.2855,3.2477],[33.2863,3.2432],[33.2894,3.2406],[33.2897,3.2394],[33.2918,3.2365],[33.2922,3.2353],[33.2942,3.2325],[33.2942,3.2312],[33.2952,3.2302],[33.2968,3.2273],[33.2974,3.2266],[33.2975,3.2253],[33.2982,3.2246],[33.2982,3.2233],[33.2988,3.2226],[33.2988,3.212],[33.2979,3.2086],[33.2968,3.2066],[33.2962,3.2059],[33.2961,3.2046],[33.294,3.2032],[33.2726,3.2032],[33.2701,3.2039],[33.2567,3.2039],[33.2465,3.2025],[33.2337,3.1979],[33.2073,3.1972],[33.1769,3.1999],[33.1667,3.2059],[33.1613,3.2059],[33.1589,3.2052],[33.1536,3.2052],[33.1493,3.2038],[33.1414,3.1996],[33.1402,3.1992],[33.1388,3.1992],[33.1363,3.1986],[33.1356,3.1979],[33.1343,3.1979],[33.1329,3.1966],[33.1308,3.1952],[33.1302,3.1944],[33.1286,3.1929],[33.1272,3.1889],[33.1246,3.1762],[33.1168,3.1634],[33.1166,3.1542],[33.1146,3.1522],[33.1146,3.1175],[33.1159,3.1125],[33.1159,3.0978],[33.1152,3.0958],[33.1138,3.0946],[33.1228,3.0646],[33.1219,3.0598],[33.122,3.0496],[33.1245,3.0215],[33.1236,3.0158],[33.1228,3.0142],[33.1222,3.0138],[33.1215,3.0136],[33.1215,3.0025],[33.1208,3.0002],[33.1206,2.9977],[33.1198,2.9954],[33.1166,2.9912],[33.1153,2.9907],[33.1145,2.9907],[33.1129,2.9903],[33.1077,2.9903],[33.1042,2.9918],[33.1,2.9956],[33.0974,2.9969],[33.0968,2.9975],[33.0942,2.9976],[33.0936,2.9971],[33.0919,2.9971],[33.0911,2.9967],[33.0907,2.9963],[33.0899,2.9962],[33.0894,2.9958],[33.0886,2.9958],[33.0817,2.9921],[33.0789,2.9903],[33.0784,2.9896],[33.0725,2.9871],[33.0709,2.9868],[33.0695,2.9861],[33.0686,2.986],[33.0672,2.9852],[33.0579,2.9852],[33.0563,2.9859],[33.0473,2.9877],[33.0431,2.9877],[33.0422,2.9876],[33.0415,2.9873],[33.0407,2.9872],[33.0407,2.9855],[33.0416,2.9826],[33.0416,2.9817],[33.042,2.9801],[33.042,2.9793],[33.0433,2.9755],[33.0433,2.961],[33.0429,2.9594],[33.0429,2.9577],[33.0424,2.9561],[33.0424,2.9518],[33.0373,2.9416],[33.0341,2.9295],[33.0296,2.9237],[33.0296,2.9229],[33.0284,2.9079],[33.0226,2.8974],[33.0088,2.8787],[33.0004,2.8613],[32.995,2.8534],[32.984,2.8492],[32.9693,2.8492],[32.9682,2.8498],[32.9669,2.8499],[32.9647,2.8512],[32.9634,2.8514],[32.9629,2.8525],[32.9616,2.8525],[32.9609,2.8532],[32.9587,2.8543],[32.9583,2.8555],[32.9583,2.8568],[32.9579,2.858],[32.9549,2.8606],[32.9538,2.8612],[32.951,2.8637],[32.9471,2.8638],[32.9432,2.8614],[32.9358,2.8505],[32.9316,2.8465],[32.9304,2.846],[32.9298,2.8452],[32.9269,2.8433],[32.9243,2.8402],[32.9222,2.8391],[32.9196,2.8365],[32.9192,2.8354],[32.9182,2.8345],[32.9171,2.834],[32.9165,2.8332],[32.9153,2.8328],[32.9117,2.8265],[32.9093,2.8258],[32.9013,2.8258],[32.8976,2.8279],[32.8929,2.8334],[32.8916,2.8378],[32.8915,2.8418],[32.8909,2.8429],[32.8901,2.8506],[32.8882,2.8551],[32.8875,2.8558],[32.8829,2.8573],[32.8769,2.8624],[32.8716,2.8625],[32.871,2.8618],[32.8705,2.8608],[32.8688,2.8592],[32.8688,2.8578],[32.8662,2.8565],[32.8662,2.8552],[32.8568,2.8446],[32.8541,2.8425],[32.8518,2.8413],[32.8478,2.8412],[32.8457,2.8425],[32.8444,2.8425],[32.8436,2.8435],[32.8413,2.8441],[32.8407,2.8453],[32.8386,2.8467],[32.8375,2.8472],[32.8358,2.8485],[32.8343,2.8504],[32.8331,2.8509],[32.8301,2.8538],[32.8249,2.8538],[32.8232,2.8523],[32.8221,2.8518],[32.8221,2.8505],[32.8202,2.8492],[32.8108,2.8329],[32.8087,2.8318],[32.8074,2.8301],[32.8063,2.8298],[32.8057,2.8292],[32.8005,2.8234],[32.7967,2.8177],[32.7966,2.8164],[32.7961,2.8153],[32.7961,2.8086],[32.7998,2.8018],[32.8075,2.7998],[32.8091,2.7985],[32.8094,2.7972],[32.8111,2.7952],[32.812,2.7945],[32.8157,2.7898],[32.8302,2.7905],[32.8325,2.7917],[32.835,2.7925],[32.8363,2.7926],[32.8434,2.7971],[32.8563,2.7963],[32.8608,2.7926],[32.8631,2.7916],[32.8636,2.7905],[32.8648,2.7904],[32.8662,2.7892],[32.8675,2.7891],[32.8689,2.7878],[32.8702,2.7878],[32.8895,2.7769],[32.9143,2.7604],[32.9265,2.7545],[32.9425,2.7545],[32.9438,2.7544],[32.945,2.7538],[32.9864,2.7538],[32.9871,2.7531],[32.9898,2.7531],[32.991,2.7528],[32.9921,2.7521],[32.9958,2.7508],[32.9984,2.7487],[32.9988,2.7478],[33.0009,2.7466],[33.0064,2.7411],[33.0091,2.7372],[33.0127,2.7328],[33.0148,2.7287],[33.0151,2.7261],[33.0173,2.7251],[33.02,2.7251],[33.0226,2.7246],[33.0238,2.7241],[33.0291,2.7196],[33.0418,2.6986],[33.0451,2.6953],[33.0645,2.6809],[33.0647,2.6798],[33.0698,2.6764],[33.0704,2.6758],[33.0709,2.6747],[33.0728,2.6738],[33.0782,2.6681],[33.0804,2.6666],[33.0852,2.6624],[33.0858,2.6613],[33.0881,2.66],[33.1034,2.6416],[33.1045,2.6411],[33.1146,2.6324],[33.1474,2.6335],[33.1481,2.6331],[33.1498,2.633],[33.1529,2.632],[33.154,2.6302],[33.1549,2.6278],[33.1558,2.6264],[33.1561,2.6256],[33.1562,2.6248],[33.1574,2.6216],[33.1574,2.619],[33.1586,2.6161],[33.1604,2.6141],[33.1617,2.6133],[33.1621,2.6126],[33.163,2.6126],[33.1636,2.612],[33.1644,2.6117],[33.167,2.6117],[33.1677,2.6122],[33.1686,2.6134],[33.1693,2.6138],[33.1706,2.6155],[33.1744,2.6174],[33.1767,2.6183],[33.1774,2.6187],[33.1821,2.6204],[33.1899,2.6254],[33.1973,2.6262],[33.1993,2.6249],[33.1999,2.6243],[33.2006,2.6239],[33.2017,2.6226],[33.2044,2.6207],[33.2053,2.6199],[33.212,2.6194],[33.2144,2.6186],[33.2153,2.6186],[33.2159,2.6181],[33.2202,2.6181],[33.2218,2.6177],[33.2235,2.6177],[33.2242,2.6173],[33.2481,2.6173],[33.2523,2.6181],[33.2625,2.6181],[33.287,2.6117],[33.3003,2.6113],[33.325,2.6178],[33.3279,2.619],[33.3287,2.62],[33.3357,2.6244],[33.351,2.6322],[33.3527,2.6322],[33.3534,2.6319],[33.3538,2.6314],[33.3546,2.6312],[33.3566,2.6297],[33.3608,2.6275],[33.3617,2.6275],[33.3631,2.6267],[33.3648,2.6267],[33.3656,2.6265],[33.3664,2.6262],[33.3681,2.6262],[33.3685,2.6258],[33.3805,2.6258],[33.3869,2.6207],[33.3982,2.6228],[33.4051,2.625],[33.4065,2.627],[33.4072,2.6274],[33.4087,2.6294],[33.4097,2.6316],[33.4104,2.6319],[33.4105,2.6326],[33.4113,2.6328],[33.4149,2.6362],[33.419,2.639],[33.4198,2.6391],[33.4205,2.6395],[33.4231,2.6395],[33.4237,2.6389],[33.4267,2.6375],[33.4293,2.6355],[33.4309,2.6348],[33.4339,2.6322],[33.4408,2.6213],[33.4429,2.619],[33.4436,2.6187],[33.444,2.6181],[33.4451,2.6173],[33.4467,2.6166],[33.4483,2.6162],[33.4504,2.6148],[33.4519,2.6145],[33.4524,2.6139],[33.4533,2.6138],[33.4544,2.6129],[33.456,2.6124],[33.4574,2.6115],[33.459,2.6113],[33.4598,2.6109],[33.4604,2.6104],[33.4634,2.609],[33.4639,2.6085],[33.4651,2.6079],[33.4856,2.6023],[33.4942,2.6024],[33.4949,2.6027],[33.4975,2.6028],[33.4982,2.6032],[33.5007,2.6032],[33.5033,2.604],[33.5096,2.607],[33.511,2.608],[33.5118,2.6083],[33.5122,2.6087],[33.5138,2.609],[33.5159,2.6104],[33.5168,2.6104],[33.5187,2.6114],[33.5219,2.6132],[33.5235,2.6146],[33.5243,2.6147],[33.5253,2.616],[33.5265,2.6172],[33.5272,2.6186],[33.5279,2.6187],[33.528,2.6194],[33.529,2.6205],[33.5296,2.622],[33.5296,2.6229],[33.5313,2.6265],[33.5322,2.6323],[33.5276,2.6413],[33.5274,2.643],[33.5266,2.6445],[33.5257,2.6502],[33.5253,2.6509],[33.5253,2.6517],[33.5251,2.6525],[33.5246,2.6532],[33.5245,2.654],[33.5245,2.6566],[33.5236,2.6589],[33.5236,2.6614],[33.5232,2.6627],[33.5232,2.6636],[33.5228,2.664],[33.5226,2.6648],[33.5223,2.6655],[33.5223,2.6681],[33.5219,2.6697],[33.5219,2.6757],[33.5228,2.6806],[33.5236,2.6821],[33.524,2.6836],[33.5245,2.6843],[33.5245,2.6851],[33.5249,2.6856],[33.5324,2.7116],[33.5327,2.7118],[33.533,2.7128],[33.5332,2.7133],[33.5335,2.7135],[33.5335,2.7141],[33.5338,2.7145],[33.5339,2.715],[33.5342,2.7152],[33.5346,2.716],[33.5357,2.7202],[33.5359,2.7206],[33.5363,2.721],[33.5365,2.722],[33.5365,2.7231],[33.5376,2.7258],[33.5381,2.7261],[33.5387,2.7269],[33.5406,2.7304],[33.5417,2.7343],[33.5437,2.738],[33.5444,2.7388],[33.545,2.7397],[33.5459,2.7401],[33.5493,2.7434],[33.5578,2.7446],[33.5639,2.7548],[33.5751,2.7676],[33.5767,2.7687],[33.5778,2.7688],[33.5787,2.7694],[33.5809,2.7803],[33.5815,2.7815],[33.5819,2.7824],[33.5879,2.7884],[33.5881,2.7894],[33.5895,2.7917],[33.5897,2.7927],[33.5904,2.7942],[33.5904,2.7947],[33.5907,2.7952],[33.5907,2.7974],[33.5904,2.7989],[33.5899,2.8005],[33.5899,2.8021],[33.5893,2.8037],[33.5888,2.8046],[33.5885,2.8062],[33.5899,2.8499],[33.5889,2.8668],[33.5867,2.8723],[33.5864,2.8728],[33.586,2.8732],[33.5855,2.8741],[33.5851,2.8744],[33.585,2.8749],[33.5841,2.8758],[33.583,2.8758],[33.582,2.8762],[33.5804,2.8765],[33.5788,2.877],[33.57,2.8821],[33.5624,2.8905],[33.5623,2.8958],[33.5729,2.9097],[33.5729,2.9173],[33.5726,2.9177],[33.5724,2.9182],[33.5723,2.9188],[33.5699,2.9222],[33.5588,2.9345],[33.5562,2.9379],[33.5546,2.9406],[33.5546,2.9412],[33.5543,2.9416],[33.5543,2.9427],[33.5558,2.9472],[33.5562,2.9474],[33.5658,2.9657],[33.5533,3.0251],[33.5512,3.1147],[33.5482,3.1535],[33.5439,3.2074],[33.5409,3.2912],[33.5002,3.2912],[33.4872,3.2932],[33.4783,3.2979],[33.4721,3.3039],[33.4711,3.3042],[33.4704,3.3049],[33.4684,3.306],[33.4668,3.3076],[33.4656,3.3079],[33.4631,3.3098],[33.4618,3.3099],[33.4612,3.3105],[33.4572,3.3105],[33.4457,3.3132],[33.4244,3.3235]]]]}},{"type":"Feature","properties":{"name":"Jie"},"geometry":{"type":"MultiPolygon","coordinates":[[[[33.7398,3.3631],[33.7157,3.3546],[33.7162,3.3174],[33.6587,3.2699],[33.636,3.2699],[33.6349,3.2706],[33.6312,3.2712],[33.6193,3.2791],[33.6145,3.2801],[33.6133,3.2806],[33.612,3.2806],[33.5911,3.2912],[33.5409,3.2912],[33.5439,3.2074],[33.5482,3.1535],[33.5696,3.152],[33.5967,3.1388],[33.6216,3.1391],[33.6448,3.1446],[33.6861,3.1446],[33.6761,3.1287],[33.6738,3.1184],[33.6686,3.112],[33.6686,3.111],[33.6684,3.1107],[33.6684,3.1074],[33.6682,3.1069],[33.6631,3.0948],[33.6599,3.09],[33.6557,3.0879],[33.6489,3.0798],[33.6481,3.0764],[33.6491,3.074],[33.6495,3.0738],[33.6496,3.0733],[33.6505,3.0721],[33.6513,3.0715],[33.6518,3.0714],[33.652,3.071],[33.6527,3.0705],[33.6536,3.0702],[33.6544,3.0695],[33.6548,3.0693],[33.6552,3.0689],[33.6563,3.0689],[33.6572,3.0683],[33.6587,3.0679],[33.6592,3.0676],[33.6596,3.0673],[33.6602,3.0673],[33.6612,3.0668],[33.6617,3.0668],[33.6627,3.0665],[33.6632,3.0665],[33.6649,3.0655],[33.6654,3.0654],[33.6659,3.0652],[33.6672,3.0642],[33.6681,3.0636],[33.6687,3.0628],[33.6696,3.0622],[33.6699,3.0617],[33.6703,3.0615],[33.6706,3.061],[33.6711,3.061],[33.6714,3.0606],[33.6718,3.0603],[33.672,3.0599],[33.674,3.0583],[33.675,3.058],[33.6759,3.0575],[33.6793,3.0566],[33.6826,3.0541],[33.6859,3.0506],[33.6871,3.0495],[33.6879,3.0488],[33.6934,3.0472],[33.6983,3.0388],[33.7018,3.0356],[33.7028,3.0351],[33.704,3.0342],[33.7045,3.034],[33.7049,3.0336],[33.7051,3.0332],[33.7055,3.0329],[33.7058,3.0325],[33.7065,3.032],[33.7076,3.0307],[33.7103,3.0014],[33.7108,3.001],[33.7116,2.9987],[33.7143,2.9934],[33.7197,2.986],[33.7222,2.9836],[33.7401,2.9713],[33.7408,2.9698],[33.7426,2.967],[33.7433,2.9666],[33.7526,2.957],[33.753,2.9563],[33.7633,2.9476],[33.7676,2.9412],[33.7683,2.9409],[33.7687,2.9403],[33.7701,2.9393],[33.771,2.9384],[33.7744,2.9334],[33.7796,2.9211],[33.7817,2.8935],[33.7841,2.8868],[33.7863,2.8845],[33.7879,2.8833],[33.7884,2.8826],[33.7928,2.8804],[33.7953,2.8798],[33.7988,2.8782],[33.7996,2.8781],[33.8108,2.8707],[33.8112,2.8704],[33.8219,2.8623],[33.8343,2.841],[33.8511,2.825],[33.856,2.825],[33.8578,2.8234],[33.8647,2.8212],[33.8654,2.8207],[33.8677,2.8199],[33.8683,2.8193],[33.8691,2.8192],[33.8705,2.8183],[33.8713,2.8182],[33.8744,2.8168],[33.876,2.8153],[33.8766,2.8134],[33.8766,2.8117],[33.8761,2.8112],[33.8761,2.8104],[33.8755,2.81],[33.8749,2.8086],[33.8734,2.8066],[33.8727,2.8062],[33.8719,2.8051],[33.8702,2.8034],[33.8695,2.8029],[33.868,2.8025],[33.8667,2.8018],[33.8645,2.8012],[33.8614,2.7991],[33.8592,2.7987],[33.8588,2.7983],[33.846,2.7983],[33.8452,2.7984],[33.8446,2.799],[33.8387,2.8024],[33.8365,2.8033],[33.8307,2.8085],[33.8244,2.8119],[33.8202,2.8119],[33.8186,2.8115],[33.8182,2.8109],[33.8146,2.8089],[33.8132,2.8071],[33.8112,2.8036],[33.8089,2.8014],[33.8075,2.8005],[33.8071,2.8],[33.8057,2.7992],[33.8053,2.7987],[33.8039,2.7978],[33.8022,2.7964],[33.8021,2.7957],[33.8009,2.7938],[33.8008,2.7929],[33.8001,2.7917],[33.8001,2.7909],[33.7997,2.7905],[33.7995,2.788],[33.7988,2.7859],[33.7968,2.785],[33.7964,2.7845],[33.7957,2.784],[33.7924,2.7778],[33.789,2.7692],[33.7889,2.7666],[33.7885,2.7659],[33.7885,2.7599],[33.7903,2.7503],[33.7894,2.7327],[33.7902,2.7313],[33.7908,2.7256],[33.7966,2.7135],[33.7989,2.7056],[33.7997,2.7047],[33.8006,2.7025],[33.8013,2.7022],[33.8018,2.7007],[33.8022,2.7003],[33.8029,2.7001],[33.8037,2.6991],[33.8045,2.6988],[33.8057,2.6979],[33.8065,2.6979],[33.808,2.6967],[33.81,2.6958],[33.8108,2.6957],[33.8123,2.695],[33.814,2.695],[33.8147,2.6945],[33.8155,2.6945],[33.8162,2.6942],[33.8187,2.694],[33.8195,2.6937],[33.8204,2.6936],[33.8211,2.6933],[33.8228,2.6932],[33.8499,2.6787],[33.8575,2.677],[33.86,2.677],[33.8615,2.6763],[33.8666,2.6762],[33.8747,2.6745],[33.8765,2.6733],[33.8781,2.6728],[33.8796,2.6715],[33.8805,2.6714],[33.8815,2.6702],[33.8844,2.6689],[33.8848,2.6685],[33.8855,2.6681],[33.886,2.6674],[33.8867,2.6672],[33.888,2.6664],[33.89,2.6649],[33.8932,2.664],[33.8946,2.6633],[33.8952,2.6627],[33.8967,2.662],[33.9009,2.6575],[33.9024,2.6568],[33.903,2.6562],[33.9054,2.6531],[33.9068,2.6524],[33.9074,2.6518],[33.9098,2.651],[33.9109,2.6501],[33.9139,2.6493],[33.9153,2.6484],[33.9172,2.6467],[33.9175,2.646],[33.9185,2.6447],[33.9202,2.6433],[33.9209,2.6429],[33.9222,2.6417],[33.9229,2.6413],[33.9239,2.64],[33.9257,2.6382],[33.9266,2.637],[33.9272,2.6365],[33.9278,2.6361],[33.9364,2.6361],[33.9449,2.6557],[33.9451,2.6565],[33.946,2.658],[33.9582,2.6685],[33.9598,2.6705],[33.9612,2.6715],[33.9618,2.6721],[33.9644,2.6754],[33.9651,2.6758],[33.9664,2.6779],[33.9682,2.6798],[33.9696,2.6808],[33.9711,2.6814],[33.9731,2.683],[33.9743,2.6842],[33.9852,2.7018],[33.9868,2.7035],[33.9871,2.7042],[33.9877,2.7048],[33.988,2.7055],[33.9898,2.7074],[33.992,2.71],[33.9924,2.7107],[33.9931,2.7111],[33.9945,2.7132],[33.9971,2.7163],[34.0094,2.7269],[34.0186,2.7315],[34.0203,2.7317],[34.0271,2.7348],[34.0318,2.7394],[34.0357,2.7406],[34.037,2.7416],[34.0386,2.7422],[34.0415,2.744],[34.0423,2.744],[34.0493,2.7486],[34.0508,2.7491],[34.0516,2.7492],[34.0576,2.7492],[34.0726,2.7532],[34.0809,2.7599],[34.0829,2.7607],[34.0835,2.7613],[34.0843,2.7616],[34.0856,2.7626],[34.0924,2.7658],[34.0966,2.7658],[34.0973,2.7662],[34.1469,2.7662],[34.1477,2.7661],[34.1484,2.7656],[34.1492,2.7654],[34.1523,2.764],[34.1529,2.7634],[34.1537,2.7633],[34.1613,2.7578],[34.1744,2.7526],[34.175,2.752],[34.1758,2.7517],[34.1766,2.7517],[34.1782,2.7509],[34.179,2.7509],[34.1847,2.7479],[34.1887,2.747],[34.1959,2.7436],[34.2028,2.7436],[34.2032,2.7442],[34.2061,2.7456],[34.2088,2.7476],[34.2103,2.7483],[34.2142,2.7527],[34.2144,2.7535],[34.2149,2.7542],[34.2151,2.755],[34.2166,2.758],[34.2172,2.7586],[34.2174,2.7594],[34.2179,2.7601],[34.2183,2.7617],[34.2197,2.7648],[34.2214,2.7675],[34.2232,2.7727],[34.226,2.7773],[34.2277,2.7829],[34.2295,2.7876],[34.2317,2.7965],[34.2317,2.7991],[34.232,2.7999],[34.2321,2.8015],[34.2324,2.8023],[34.2325,2.8032],[34.2325,2.8083],[34.2334,2.8124],[34.2338,2.8132],[34.2351,2.8248],[34.2352,2.8384],[34.2359,2.8401],[34.2415,2.8815],[34.2415,2.884],[34.2406,2.8855],[34.2405,2.888],[34.2402,2.8887],[34.2402,2.8964],[34.2489,2.9179],[34.2527,2.9231],[34.26,2.934],[34.2612,2.935],[34.2622,2.9362],[34.267,2.9431],[34.2696,2.9454],[34.2754,2.9541],[34.2773,2.9557],[34.2776,2.9565],[34.2781,2.957],[34.2788,2.9573],[34.2804,2.9592],[34.2891,2.9719],[34.2907,2.9737],[34.292,2.9747],[34.2931,2.9759],[34.2938,2.9764],[34.295,2.9776],[34.2958,2.9779],[34.2971,2.979],[34.2988,2.9806],[34.3008,2.9833],[34.3087,2.99],[34.3187,3.0005],[34.3327,3.0171],[34.3343,3.0191],[34.3351,3.0206],[34.3364,3.0216],[34.3376,3.0238],[34.3403,3.0271],[34.3406,3.0279],[34.3406,3.0287],[34.3414,3.0291],[34.3418,3.0298],[34.3428,3.0321],[34.3435,3.0325],[34.3466,3.0395],[34.3475,3.0407],[34.3475,3.0415],[34.3602,3.0874],[34.34,3.0861],[34.3214,3.0911],[34.2711,3.1159],[34.2375,3.1323],[34.1956,3.1574],[34.1902,3.1716],[34.1686,3.1784],[34.1645,3.1986],[34.1645,3.2063],[34.1464,3.221],[34.1223,3.2325],[34.1136,3.235],[34.0843,3.25],[34.0556,3.2511],[34.0392,3.2494],[34.0135,3.2519],[34.0034,3.2497],[33.9919,3.2519],[33.9419,3.2563],[33.9222,3.259],[33.9093,3.2574],[33.9003,3.2516],[33.9025,3.2623],[33.9016,3.2978],[33.9011,3.3092],[33.8888,3.3188],[33.8852,3.3163],[33.8779,3.3158],[33.8757,3.3128],[33.8724,3.3144],[33.8697,3.3111],[33.8642,3.3054],[33.8595,3.301],[33.8437,3.3043],[33.8136,3.3182],[33.7789,3.3398],[33.7422,3.3622],[33.7398,3.3631]]]]}},{"type":"Feature","properties":{"name":"Labwor"},"geometry":{"type":"MultiPolygon","coordinates":[[[[33.5243,2.6147],[33.5579,2.5664],[33.5599,2.5616],[33.5726,2.5444],[33.5733,2.5433],[33.5736,2.5421],[33.5746,2.5397],[33.5759,2.5397],[33.5833,2.5299],[33.5866,2.5273],[33.587,2.5264],[33.5879,2.526],[33.5889,2.5252],[33.6003,2.5124],[33.6013,2.5121],[33.6048,2.509],[33.6114,2.5044],[33.6187,2.5015],[33.6195,2.501],[33.623,2.4984],[33.6242,2.4981],[33.6253,2.4974],[33.6266,2.497],[33.638,2.489],[33.6414,2.4849],[33.6414,2.4835],[33.642,2.4829],[33.6421,2.4816],[33.6431,2.4806],[33.6436,2.4782],[33.6443,2.4771],[33.6447,2.4758],[33.6448,2.4756],[33.6454,2.4748],[33.6467,2.4734],[33.6476,2.473],[33.6516,2.4729],[33.6528,2.4723],[33.6688,2.4724],[33.6699,2.473],[33.6739,2.473],[33.6749,2.4737],[33.6814,2.4744],[33.6882,2.4764],[33.6893,2.477],[33.691,2.4783],[33.7003,2.4819],[33.7021,2.4835],[33.7032,2.4837],[33.7045,2.4852],[33.7086,2.4875],[33.7092,2.4884],[33.7109,2.4897],[33.714,2.491],[33.716,2.493],[33.728,2.499],[33.7294,2.499],[33.732,2.5015],[33.7403,2.5051],[33.7422,2.507],[33.7618,2.515],[33.7806,2.5202],[33.7939,2.5204],[33.7971,2.519],[33.8212,2.519],[33.8515,2.5117],[33.9436,2.5117],[33.9512,2.5131],[33.9687,2.521],[33.9794,2.521],[33.9819,2.5217],[33.9859,2.5217],[33.9998,2.5257],[34.003,2.5294],[34.0024,2.5366],[33.9962,2.5454],[33.9952,2.5459],[33.9946,2.5466],[33.9944,2.5477],[33.9849,2.5534],[33.9812,2.5577],[33.9779,2.5657],[33.9779,2.567],[33.977,2.568],[33.9765,2.5691],[33.9765,2.5731],[33.9759,2.5738],[33.9758,2.5764],[33.9712,2.5903],[33.9608,2.6034],[33.9592,2.605],[33.9552,2.6077],[33.9364,2.6361],[33.9278,2.6361],[33.9272,2.6365],[33.9266,2.637],[33.9257,2.6382],[33.9239,2.64],[33.9229,2.6413],[33.9222,2.6417],[33.9209,2.6429],[33.9202,2.6433],[33.9185,2.6447],[33.9175,2.646],[33.9172,2.6467],[33.9153,2.6484],[33.9139,2.6493],[33.9109,2.6501],[33.9098,2.651],[33.9074,2.6518],[33.9068,2.6524],[33.9054,2.6531],[33.903,2.6562],[33.9024,2.6568],[33.9009,2.6575],[33.8967,2.662],[33.8952,2.6627],[33.8946,2.6633],[33.8932,2.664],[33.89,2.6649],[33.886,2.6674],[33.8855,2.6681],[33.8848,2.6685],[33.8844,2.6689],[33.8815,2.6702],[33.8805,2.6714],[33.8796,2.6715],[33.8781,2.6728],[33.8765,2.6733],[33.8747,2.6745],[33.8666,2.6762],[33.8615,2.6763],[33.86,2.677],[33.8575,2.677],[33.8499,2.6787],[33.8228,2.6932],[33.8211,2.6933],[33.8204,2.6936],[33.8195,2.6937],[33.8187,2.694],[33.8162,2.6942],[33.8155,2.6945],[33.8147,2.6945],[33.814,2.695],[33.8123,2.695],[33.8108,2.6957],[33.81,2.6958],[33.808,2.6967],[33.8065,2.6979],[33.8057,2.6979],[33.8045,2.6988],[33.8037,2.6991],[33.8029,2.7001],[33.8022,2.7003],[33.8018,2.7007],[33.8013,2.7022],[33.8006,2.7025],[33.7997,2.7047],[33.7989,2.7056],[33.7908,2.7256],[33.7902,2.7313],[33.7894,2.7327],[33.7903,2.7503],[33.7885,2.7599],[33.7885,2.7659],[33.789,2.7692],[33.7924,2.7778],[33.7957,2.784],[33.7964,2.7845],[33.7968,2.785],[33.7988,2.7859],[33.7995,2.788],[33.7997,2.7905],[33.8001,2.7909],[33.8001,2.7917],[33.8008,2.7929],[33.8009,2.7938],[33.8021,2.7957],[33.8022,2.7964],[33.8039,2.7978],[33.8053,2.7987],[33.8057,2.7992],[33.8071,2.8],[33.8075,2.8005],[33.8089,2.8014],[33.8112,2.8036],[33.8132,2.8071],[33.8146,2.8089],[33.8182,2.8109],[33.8186,2.8115],[33.8202,2.8119],[33.8244,2.8119],[33.8307,2.8085],[33.8365,2.8033],[33.8387,2.8024],[33.8446,2.799],[33.8452,2.7984],[33.846,2.7983],[33.8588,2.7983],[33.8592,2.7987],[33.8614,2.7991],[33.8645,2.8012],[33.8667,2.8018],[33.868,2.8025],[33.8695,2.8029],[33.8702,2.8034],[33.8719,2.8051],[33.8727,2.8062],[33.8734,2.8066],[33.8749,2.8086],[33.8755,2.81],[33.8761,2.8104],[33.8761,2.8112],[33.8766,2.8117],[33.8766,2.8134],[33.876,2.8153],[33.8744,2.8168],[33.8713,2.8182],[33.8705,2.8183],[33.8691,2.8192],[33.8683,2.8193],[33.8677,2.8199],[33.8654,2.8207],[33.8647,2.8212],[33.8578,2.8234],[33.856,2.825],[33.8511,2.825],[33.8343,2.841],[33.8219,2.8623],[33.8112,2.8704],[33.8108,2.8707],[33.7996,2.8781],[33.7988,2.8782],[33.7953,2.8798],[33.7928,2.8804],[33.7884,2.8826],[33.7879,2.8833],[33.7863,2.8845],[33.7841,2.8868],[33.7817,2.8935],[33.7796,2.9211],[33.7744,2.9334],[33.771,2.9384],[33.7701,2.9393],[33.7687,2.9403],[33.7683,2.9409],[33.7676,2.9412],[33.7633,2.9476],[33.753,2.9563],[33.7526,2.957],[33.7433,2.9666],[33.7426,2.967],[33.7408,2.9698],[33.7401,2.9713],[33.7371,2.973],[33.7365,2.9736],[33.7336,2.9753],[33.731,2.9773],[33.7295,2.978],[33.7222,2.9836],[33.7197,2.986],[33.7143,2.9934],[33.7116,2.9987],[33.7108,3.001],[33.7103,3.0014],[33.7076,3.0307],[33.7065,3.032],[33.7058,3.0325],[33.7055,3.0329],[33.7051,3.0332],[33.7049,3.0336],[33.7045,3.034],[33.704,3.0342],[33.7028,3.0351],[33.7018,3.0356],[33.6983,3.0388],[33.6934,3.0472],[33.6879,3.0488],[33.6871,3.0495],[33.6859,3.0506],[33.6826,3.0541],[33.6793,3.0566],[33.6759,3.0575],[33.675,3.058],[33.674,3.0583],[33.672,3.0599],[33.6718,3.0603],[33.6714,3.0606],[33.6711,3.061],[33.6706,3.061],[33.6703,3.0615],[33.6699,3.0617],[33.6696,3.0622],[33.6687,3.0628],[33.6681,3.0636],[33.6672,3.0642],[33.6659,3.0652],[33.6654,3.0654],[33.6649,3.0655],[33.6632,3.0665],[33.6627,3.0665],[33.6617,3.0668],[33.6612,3.0668],[33.6602,3.0673],[33.6596,3.0673],[33.6592,3.0676],[33.6587,3.0679],[33.6572,3.0683],[33.6563,3.0689],[33.6552,3.0689],[33.6548,3.0693],[33.6544,3.0695],[33.6536,3.0702],[33.6527,3.0705],[33.652,3.071],[33.6518,3.0714],[33.6513,3.0715],[33.6505,3.0721],[33.6496,3.0733],[33.6495,3.0738],[33.6491,3.074],[33.6481,3.0764],[33.6489,3.0798],[33.6557,3.0879],[33.6599,3.09],[33.6631,3.0948],[33.6663,3.103],[33.6676,3.106],[33.6682,3.1069],[33.6684,3.1074],[33.6684,3.1107],[33.6686,3.111],[33.6686,3.112],[33.6738,3.1184],[33.6761,3.1287],[33.6861,3.1446],[33.6448,3.1446],[33.6216,3.1391],[33.5967,3.1388],[33.5696,3.152],[33.5482,3.1535],[33.5512,3.1147],[33.5533,3.0251],[33.5658,2.9657],[33.5562,2.9474],[33.5558,2.9472],[33.5543,2.9427],[33.5543,2.9416],[33.5546,2.9412],[33.5546,2.9406],[33.5562,2.9379],[33.5588,2.9345],[33.5699,2.9222],[33.5723,2.9188],[33.5724,2.9182],[33.5726,2.9177],[33.5729,2.9173],[33.5729,2.9097],[33.5623,2.8958],[33.5624,2.8905],[33.57,2.8821],[33.5788,2.877],[33.5804,2.8765],[33.582,2.8762],[33.583,2.8758],[33.5841,2.8758],[33.585,2.8749],[33.5851,2.8744],[33.5855,2.8741],[33.586,2.8732],[33.5864,2.8728],[33.5867,2.8723],[33.5889,2.8668],[33.5899,2.8499],[33.5885,2.8062],[33.5888,2.8046],[33.5893,2.8037],[33.5899,2.8021],[33.5899,2.8005],[33.5904,2.7989],[33.5907,2.7974],[33.5907,2.7952],[33.5904,2.7947],[33.5904,2.7942],[33.5897,2.7927],[33.5895,2.7917],[33.5881,2.7894],[33.5879,2.7884],[33.5819,2.7824],[33.5815,2.7815],[33.5809,2.7803],[33.5787,2.7694],[33.5778,2.7688],[33.5767,2.7687],[33.5751,2.7676],[33.5639,2.7548],[33.5578,2.7446],[33.5493,2.7434],[33.5459,2.7401],[33.545,2.7397],[33.5444,2.7388],[33.5437,2.738],[33.5417,2.7343],[33.5406,2.7304],[33.5387,2.7269],[33.5381,2.7261],[33.5376,2.7258],[33.5365,2.7231],[33.5365,2.722],[33.5363,2.721],[33.5359,2.7206],[33.5357,2.7202],[33.5346,2.716],[33.5342,2.7152],[33.5339,2.715],[33.5338,2.7145],[33.5335,2.7141],[33.5335,2.7135],[33.5332,2.7133],[33.533,2.7128],[33.5327,2.7118],[33.5324,2.7116],[33.5249,2.6856],[33.5245,2.6851],[33.5245,2.6843],[33.524,2.6836],[33.5236,2.6821],[33.5228,2.6806],[33.5219,2.6757],[33.5219,2.6697],[33.5223,2.6681],[33.5223,2.6655],[33.5226,2.6648],[33.5228,2.664],[33.5232,2.6636],[33.5232,2.6627],[33.5236,2.6614],[33.5236,2.6589],[33.5245,2.6566],[33.5245,2.654],[33.5246,2.6532],[33.5251,2.6525],[33.5253,2.6517],[33.5253,2.6509],[33.5257,2.6502],[33.5266,2.6445],[33.5274,2.643],[33.5276,2.6413],[33.5322,2.6323],[33.5313,2.6265],[33.5296,2.6229],[33.5296,2.622],[33.529,2.6205],[33.528,2.6194],[33.5279,2.6187],[33.5272,2.6186],[33.5265,2.6172],[33.5253,2.616],[33.5243,2.6147]]]]}},{"type":"Feature","properties":{"name":"Matheniko"},"geometry":{"type":"MultiPolygon","coordinates":[[[[34.5119,3.0922],[34.4968,3.0922],[34.4884,3.0977],[34.4437,3.0793],[34.4024,3.0913],[34.3602,3.0874],[34.3475,3.0415],[34.3475,3.0407],[34.3466,3.0395],[34.3435,3.0325],[34.3428,3.0321],[34.3418,3.0298],[34.3414,3.0291],[34.3406,3.0287],[34.3406,3.0279],[34.3403,3.0271],[34.3376,3.0238],[34.3364,3.0216],[34.3351,3.0206],[34.3343,3.0191],[34.3327,3.0171],[34.3187,3.0005],[34.3087,2.99],[34.3008,2.9833],[34.2988,2.9806],[34.2971,2.979],[34.2958,2.9779],[34.295,2.9776],[34.2938,2.9764],[34.2931,2.9759],[34.292,2.9747],[34.2907,2.9737],[34.2891,2.9719],[34.2804,2.9592],[34.2788,2.9573],[34.2781,2.957],[34.2776,2.9565],[34.2773,2.9557],[34.2754,2.9541],[34.2696,2.9454],[34.267,2.9431],[34.2622,2.9362],[34.2612,2.935],[34.26,2.934],[34.2527,2.9231],[34.2886,2.8884],[34.3201,2.8551],[34.3286,2.8349],[34.3379,2.7994],[34.345,2.7811],[34.3444,2.7412],[34.337,2.7316],[34.3472,2.7128],[34.3904,2.6568],[34.436,2.5934],[34.4371,2.5926],[34.438,2.5916],[34.4385,2.5914],[34.4393,2.5907],[34.4405,2.5899],[34.4408,2.5895],[34.4413,2.5893],[34.4444,2.5864],[34.446,2.5852],[34.4468,2.5849],[34.4475,2.5844],[34.4481,2.5844],[34.4505,2.5833],[34.451,2.583],[34.4514,2.5827],[34.4533,2.5818],[34.4536,2.5814],[34.4549,2.5805],[34.4574,2.5784],[34.4637,2.5721],[34.4757,2.5673],[34.4801,2.5606],[34.481,2.56],[34.4813,2.5596],[34.4827,2.5588],[34.4839,2.5577],[34.4932,2.5472],[34.499,2.5355],[34.5062,2.5256],[34.5116,2.5212],[34.513,2.5204],[34.5135,2.5202],[34.5155,2.5184],[34.5161,2.5175],[34.5181,2.5157],[34.5195,2.5149],[34.5202,2.514],[34.5216,2.5131],[34.5227,2.512],[34.5232,2.511],[34.524,2.5103],[34.5245,2.5093],[34.5248,2.5089],[34.5252,2.5086],[34.5255,2.5081],[34.5259,2.5077],[34.5267,2.5064],[34.5275,2.5056],[34.5298,2.5019],[34.5305,2.5012],[34.5314,2.4998],[34.5319,2.4995],[34.5335,2.4973],[34.5342,2.496],[34.5367,2.4934],[34.5441,2.4816],[34.546,2.4797],[34.5475,2.4775],[34.5483,2.4768],[34.5488,2.4758],[34.5498,2.4745],[34.5681,2.4617],[34.5686,2.4617],[34.5701,2.4584],[34.572,2.4565],[34.5724,2.4553],[34.5768,2.4506],[34.5771,2.4495],[34.58,2.4472],[34.5804,2.446],[34.5823,2.445],[34.5843,2.443],[34.5855,2.4428],[34.5925,2.4386],[34.5937,2.4383],[34.5991,2.4383],[34.5997,2.4377],[34.6048,2.4374],[34.6057,2.437],[34.6077,2.435],[34.6088,2.4348],[34.6115,2.4316],[34.6115,2.4304],[34.6128,2.4282],[34.6129,2.427],[34.614,2.4265],[34.615,2.4243],[34.6166,2.4226],[34.6182,2.4195],[34.6189,2.4188],[34.6195,2.4177],[34.6195,2.4163],[34.6215,2.413],[34.6215,2.4117],[34.6229,2.4095],[34.6255,2.3983],[34.627,2.3815],[34.6278,2.3804],[34.6284,2.3779],[34.6301,2.3744],[34.6304,2.3731],[34.6319,2.3709],[34.6341,2.3689],[34.6342,2.3677],[34.6349,2.367],[34.6349,2.3657],[34.6354,2.3645],[34.6355,2.3632],[34.6355,2.3538],[34.6376,2.3409],[34.6382,2.3399],[34.6389,2.3375],[34.6396,2.3368],[34.6409,2.3324],[34.6422,2.3311],[34.6427,2.3302],[34.6429,2.3291],[34.6434,2.3282],[34.6436,2.3271],[34.6444,2.3261],[34.6449,2.3249],[34.6449,2.3236],[34.6459,2.3216],[34.6475,2.3196],[34.6487,2.3174],[34.6493,2.3148],[34.65,2.3138],[34.6505,2.3126],[34.6521,2.3109],[34.6522,2.3097],[34.6566,2.3062],[34.6573,2.3056],[34.6576,2.3046],[34.6585,2.304],[34.659,2.3029],[34.6601,2.3024],[34.6607,2.3014],[34.6619,2.3009],[34.6626,2.3002],[34.6639,2.3002],[34.6652,2.2989],[34.6663,2.2982],[34.6733,2.2959],[34.6776,2.2929],[34.68,2.2922],[34.6806,2.2916],[34.6844,2.2908],[34.689,2.2884],[34.6921,2.2876],[34.6943,2.285],[34.6963,2.2835],[34.705,2.2721],[34.7074,2.2702],[34.7077,2.2691],[34.7109,2.2672],[34.7122,2.2669],[34.7132,2.266],[34.7155,2.2651],[34.7208,2.2613],[34.723,2.2605],[34.7237,2.2595],[34.726,2.2586],[34.7277,2.257],[34.7289,2.2569],[34.7304,2.2552],[34.731,2.2532],[34.737,2.2485],[34.7383,2.2469],[34.7388,2.2458],[34.7434,2.2415],[34.7447,2.2395],[34.745,2.2382],[34.7457,2.2376],[34.7457,2.2362],[34.7468,2.2357],[34.747,2.2345],[34.7484,2.2328],[34.7484,2.2301],[34.7489,2.229],[34.7491,2.225],[34.7497,2.223],[34.7497,2.2044],[34.7517,2.1966],[34.7526,2.1948],[34.7548,2.1924],[34.7555,2.1913],[34.7574,2.1898],[34.7597,2.1861],[34.7597,2.1848],[34.7617,2.1817],[34.7617,2.1803],[34.7644,2.1774],[34.7644,2.1761],[34.767,2.1735],[34.7677,2.1529],[34.7698,2.1461],[34.7704,2.1454],[34.7864,2.131],[34.7866,2.1313],[34.7869,2.1327],[34.7885,2.1343],[34.7886,2.1354],[34.7918,2.1373],[34.7928,2.1377],[34.7938,2.1382],[34.7981,2.1414],[34.7991,2.1427],[34.7993,2.1437],[34.7998,2.1447],[34.7999,2.1463],[34.8009,2.1476],[34.8014,2.1485],[34.8026,2.1497],[34.8031,2.1499],[34.8043,2.1517],[34.8056,2.1579],[34.8093,2.1658],[34.8093,2.1679],[34.8091,2.169],[34.8091,2.1717],[34.8099,2.1748],[34.8113,2.1775],[34.8143,2.1791],[34.8145,2.1793],[34.8147,2.1798],[34.8151,2.18],[34.822,2.1942],[34.8225,2.1945],[34.8236,2.1964],[34.8248,2.1974],[34.8252,2.1983],[34.8268,2.1996],[34.8268,2.2001],[34.8284,2.2016],[34.8289,2.2025],[34.8296,2.2033],[34.8299,2.2038],[34.8299,2.2043],[34.8301,2.2054],[34.8301,2.2092],[34.8299,2.2103],[34.8288,2.2103],[34.8318,2.2182],[34.8362,2.2246],[34.8381,2.2264],[34.8394,2.227],[34.8398,2.2278],[34.8402,2.228],[34.8408,2.2286],[34.8413,2.2286],[34.8413,2.2291],[34.8416,2.2294],[34.8421,2.2294],[34.8423,2.2299],[34.8427,2.2302],[34.8429,2.2307],[34.8436,2.2314],[34.8438,2.2319],[34.8449,2.2327],[34.8487,2.2387],[34.8579,2.2455],[34.8587,2.2462],[34.8593,2.2471],[34.862,2.2498],[34.8668,2.2594],[34.8672,2.2596],[34.8674,2.26],[34.8693,2.261],[34.8701,2.2618],[34.8715,2.2624],[34.8759,2.266],[34.877,2.2662],[34.8778,2.2669],[34.8792,2.2677],[34.8802,2.268],[34.8811,2.2674],[34.8816,2.2671],[34.8985,2.2671],[34.8991,2.2672],[34.9001,2.2674],[34.9034,2.2674],[34.9045,2.2677],[34.9067,2.2677],[34.9071,2.2678],[34.9079,2.2682],[34.9084,2.2683],[34.9099,2.269],[34.9104,2.2691],[34.913,2.2707],[34.9191,2.2855],[34.9066,2.3129],[34.8794,2.3939],[34.8787,2.4037],[34.8838,2.4173],[34.898,2.4353],[34.9235,2.4505],[34.948,2.4539],[34.9515,2.4558],[34.9536,2.4687],[34.9473,2.47],[34.9321,2.514],[34.9139,2.5138],[34.9052,2.5437],[34.8971,2.5845],[34.8938,2.5907],[34.8802,2.5867],[34.8783,2.5694],[34.8681,2.5676],[34.8528,2.5808],[34.8387,2.6005],[34.8309,2.6189],[34.7996,2.6519],[34.7903,2.6812],[34.7756,2.6952],[34.7844,2.7394],[34.7812,2.7658],[34.768,2.8188],[34.7623,2.8259],[34.7494,2.8239],[34.7363,2.854],[34.7133,2.8611],[34.7106,2.8705],[34.7029,2.8757],[34.6925,2.8601],[34.6855,2.8616],[34.67,2.8603],[34.6541,2.864],[34.6405,2.905],[34.6001,2.923],[34.5896,2.9796],[34.5875,3.0009],[34.5749,3.0297],[34.5728,3.0429],[34.5722,3.0607],[34.5663,3.0902],[34.559,3.1034],[34.5567,3.1029],[34.5546,3.1053],[34.5453,3.0937],[34.5239,3.0878],[34.5119,3.0922]]]]}},{"type":"Feature","properties":{"name":"Bokora"},"geometry":{"type":"MultiPolygon","coordinates":[[[[33.9364,2.6361],[33.9552,2.6077],[33.9592,2.605],[33.9608,2.6034],[33.9712,2.5903],[33.9758,2.5764],[33.9759,2.5738],[33.9765,2.5731],[33.9765,2.5691],[33.977,2.568],[33.9779,2.567],[33.9779,2.5657],[33.9812,2.5577],[33.9849,2.5534],[33.9944,2.5477],[33.9946,2.5466],[33.9952,2.5459],[33.9962,2.5454],[34.0024,2.5366],[34.0032,2.5346],[34.003,2.5294],[33.9998,2.5257],[33.9859,2.5217],[33.9819,2.5217],[33.9794,2.521],[33.9687,2.521],[33.9512,2.5131],[33.9436,2.5117],[33.8515,2.5117],[33.8212,2.519],[33.7971,2.519],[33.7939,2.5204],[33.7806,2.5202],[33.7618,2.515],[33.7422,2.507],[33.7403,2.5051],[33.732,2.5015],[33.7294,2.499],[33.728,2.499],[33.716,2.493],[33.714,2.491],[33.7109,2.4897],[33.7092,2.4884],[33.7086,2.4875],[33.7045,2.4852],[33.7032,2.4837],[33.7021,2.4835],[33.7003,2.4819],[33.691,2.4783],[33.6893,2.477],[33.6882,2.4764],[33.6814,2.4744],[33.6749,2.4737],[33.6739,2.473],[33.6699,2.473],[33.6688,2.4724],[33.6528,2.4723],[33.6516,2.4729],[33.6476,2.473],[33.6467,2.4734],[33.6454,2.4748],[33.6448,2.4756],[33.6424,2.4551],[33.645,2.4524],[33.6454,2.4517],[33.6454,2.4508],[33.647,2.4491],[33.6471,2.4483],[33.648,2.4469],[33.648,2.4452],[33.6488,2.443],[33.6501,2.4167],[33.6492,2.4141],[33.6476,2.4124],[33.6463,2.4103],[33.6462,2.4095],[33.6458,2.4091],[33.6455,2.4085],[33.645,2.408],[33.6445,2.4064],[33.6433,2.4049],[33.6431,2.4042],[33.642,2.4034],[33.6413,2.4021],[33.6411,2.4014],[33.6402,2.4003],[33.6395,2.3991],[33.6394,2.3984],[33.6388,2.398],[33.6381,2.3957],[33.6375,2.3951],[33.6357,2.3915],[33.6339,2.3851],[33.6339,2.3783],[33.6348,2.3764],[33.638,2.3727],[33.645,2.3684],[33.6537,2.3707],[33.6622,2.3791],[33.663,2.3791],[33.665,2.3799],[33.6659,2.3808],[33.6667,2.3808],[33.6671,2.3812],[33.6679,2.3815],[33.6682,2.382],[33.6689,2.3822],[33.6695,2.3826],[33.6712,2.3841],[33.6736,2.3871],[33.6749,2.3882],[33.6766,2.3908],[33.6771,2.3912],[33.6791,2.394],[33.6798,2.3944],[33.6808,2.3965],[33.6821,2.3983],[33.6829,2.3987],[33.684,2.3995],[33.685,2.4007],[33.6857,2.401],[33.6875,2.4028],[33.6889,2.4038],[33.6898,2.4046],[33.6911,2.4064],[33.6913,2.4072],[33.6921,2.4086],[33.6958,2.4129],[33.6967,2.4148],[33.6989,2.4171],[33.6992,2.4179],[33.6998,2.4185],[33.7005,2.4199],[33.7014,2.421],[33.7018,2.4217],[33.7056,2.4235],[33.7056,2.4243],[33.7061,2.4247],[33.7073,2.4268],[33.7095,2.4294],[33.7106,2.4303],[33.7121,2.4307],[33.7128,2.4311],[33.7179,2.4311],[33.7204,2.4306],[33.7228,2.4296],[33.7236,2.4294],[33.7249,2.4285],[33.7249,2.4277],[33.7253,2.4273],[33.7253,2.4264],[33.7261,2.426],[33.7264,2.4253],[33.727,2.4247],[33.7277,2.4235],[33.7291,2.4221],[33.7295,2.4214],[33.7351,2.4175],[33.7359,2.4175],[33.7367,2.4171],[33.7398,2.4149],[33.7402,2.4145],[33.7409,2.4132],[33.7424,2.4119],[33.7424,2.4115],[33.8995,2.3155],[33.9296,2.2971],[34.2029,2.1268],[34.2,2.0881],[34.2006,2.0874],[34.202,2.0845],[34.2028,2.0838],[34.2077,2.0712],[34.2093,2.0328],[34.2129,2.0096],[34.2101,1.9534],[34.2122,1.8819],[34.2136,1.8805],[34.2243,1.8805],[34.2254,1.881],[34.2264,1.8819],[34.2276,1.882],[34.2283,1.8825],[34.301,1.9192],[34.4259,2.0167],[34.48,2.1001],[34.5,2.1434],[34.5846,2.4205],[34.5873,2.4414],[34.5855,2.4428],[34.5843,2.443],[34.5823,2.445],[34.5804,2.446],[34.5771,2.4495],[34.5768,2.4506],[34.5724,2.4553],[34.572,2.4565],[34.5701,2.4584],[34.5686,2.4617],[34.5681,2.4617],[34.5498,2.4745],[34.5488,2.4758],[34.5483,2.4768],[34.5475,2.4775],[34.546,2.4797],[34.5441,2.4816],[34.5367,2.4934],[34.5342,2.496],[34.5335,2.4973],[34.5319,2.4995],[34.5314,2.4998],[34.5305,2.5012],[34.5298,2.5019],[34.5275,2.5056],[34.5267,2.5064],[34.5259,2.5077],[34.5255,2.5081],[34.5252,2.5086],[34.5248,2.5089],[34.5245,2.5093],[34.524,2.5103],[34.5232,2.511],[34.5227,2.512],[34.5216,2.5131],[34.5202,2.514],[34.5195,2.5149],[34.5181,2.5157],[34.5161,2.5175],[34.5155,2.5184],[34.5135,2.5202],[34.513,2.5204],[34.5116,2.5212],[34.5062,2.5256],[34.499,2.5355],[34.4932,2.5472],[34.4839,2.5577],[34.4827,2.5588],[34.4813,2.5596],[34.481,2.56],[34.4801,2.5606],[34.4757,2.5673],[34.4637,2.5721],[34.4574,2.5784],[34.4549,2.5805],[34.4536,2.5814],[34.4533,2.5818],[34.4514,2.5827],[34.451,2.583],[34.4505,2.5833],[34.4481,2.5844],[34.4475,2.5844],[34.4468,2.5849],[34.446,2.5852],[34.4444,2.5864],[34.4413,2.5893],[34.4408,2.5895],[34.4405,2.5899],[34.4393,2.5907],[34.4385,2.5914],[34.438,2.5916],[34.4371,2.5926],[34.436,2.5934],[34.3904,2.6568],[34.3472,2.7128],[34.337,2.7316],[34.3444,2.7412],[34.345,2.7811],[34.3379,2.7994],[34.3286,2.8349],[34.3201,2.8551],[34.2886,2.8884],[34.2527,2.9231],[34.2489,2.9179],[34.2402,2.8964],[34.2402,2.8887],[34.2405,2.888],[34.2406,2.8855],[34.2415,2.884],[34.2415,2.8815],[34.2359,2.8401],[34.2352,2.8384],[34.2351,2.8248],[34.2338,2.8132],[34.2334,2.8124],[34.2325,2.8083],[34.2325,2.8032],[34.2324,2.8023],[34.2321,2.8015],[34.232,2.7999],[34.2317,2.7991],[34.2317,2.7965],[34.2295,2.7876],[34.2277,2.7829],[34.226,2.7773],[34.2232,2.7727],[34.2214,2.7675],[34.2197,2.7648],[34.2183,2.7617],[34.2179,2.7601],[34.2174,2.7594],[34.2172,2.7586],[34.2166,2.758],[34.2151,2.755],[34.2149,2.7542],[34.2144,2.7535],[34.2142,2.7527],[34.2103,2.7483],[34.2088,2.7476],[34.2061,2.7456],[34.2032,2.7442],[34.2028,2.7436],[34.1959,2.7436],[34.1887,2.747],[34.1847,2.7479],[34.179,2.7509],[34.1782,2.7509],[34.1766,2.7517],[34.1758,2.7517],[34.175,2.752],[34.1744,2.7526],[34.1613,2.7578],[34.1537,2.7633],[34.1529,2.7634],[34.1523,2.764],[34.1492,2.7654],[34.1484,2.7656],[34.1477,2.7661],[34.1469,2.7662],[34.0973,2.7662],[34.0966,2.7658],[34.0924,2.7658],[34.0856,2.7626],[34.0843,2.7616],[34.0835,2.7613],[34.0829,2.7607],[34.0809,2.7599],[34.0726,2.7532],[34.0576,2.7492],[34.0516,2.7492],[34.0508,2.7491],[34.0493,2.7486],[34.0423,2.744],[34.0415,2.744],[34.0386,2.7422],[34.037,2.7416],[34.0357,2.7406],[34.0318,2.7394],[34.0271,2.7348],[34.0203,2.7317],[34.0186,2.7315],[34.0094,2.7269],[33.9971,2.7163],[33.9945,2.7132],[33.9931,2.7111],[33.9924,2.7107],[33.992,2.71],[33.9898,2.7074],[33.988,2.7055],[33.9877,2.7048],[33.9871,2.7042],[33.9868,2.7035],[33.9852,2.7018],[33.9743,2.6842],[33.9731,2.683],[33.9711,2.6814],[33.9696,2.6808],[33.9682,2.6798],[33.9664,2.6779],[33.9651,2.6758],[33.9644,2.6754],[33.9618,2.6721],[33.9612,2.6715],[33.9598,2.6705],[33.9582,2.6685],[33.946,2.658],[33.9451,2.6565],[33.9449,2.6557],[33.9364,2.6361]]]]}},{"type":"Feature","properties":{"name":"Pian"},"geometry":{"type":"MultiPolygon","coordinates":[[[[34.7457,2.2362],[34.7434,2.2415],[34.7388,2.2458],[34.7383,2.2469],[34.737,2.2485],[34.731,2.2532],[34.7304,2.2552],[34.7289,2.2569],[34.7277,2.257],[34.726,2.2586],[34.7237,2.2595],[34.723,2.2605],[34.7208,2.2613],[34.7155,2.2651],[34.7132,2.266],[34.7122,2.2669],[34.7109,2.2672],[34.7077,2.2691],[34.7074,2.2702],[34.705,2.2721],[34.6963,2.2835],[34.6943,2.285],[34.6921,2.2876],[34.689,2.2884],[34.6844,2.2908],[34.6806,2.2916],[34.68,2.2922],[34.6776,2.2929],[34.6733,2.2959],[34.6663,2.2982],[34.6652,2.2989],[34.6639,2.3002],[34.6626,2.3002],[34.6619,2.3009],[34.6607,2.3014],[34.6601,2.3024],[34.659,2.3029],[34.6585,2.304],[34.6576,2.3046],[34.6573,2.3056],[34.6566,2.3062],[34.6556,2.3066],[34.6522,2.3097],[34.6521,2.3109],[34.6505,2.3126],[34.65,2.3138],[34.6493,2.3148],[34.6487,2.3174],[34.6475,2.3196],[34.6459,2.3216],[34.6449,2.3236],[34.6449,2.3249],[34.6444,2.3261],[34.6436,2.3271],[34.6434,2.3282],[34.6429,2.3291],[34.6427,2.3302],[34.6422,2.3311],[34.6409,2.3324],[34.6396,2.3368],[34.6389,2.3375],[34.6382,2.3399],[34.6376,2.3409],[34.6355,2.3538],[34.6355,2.3632],[34.6354,2.3645],[34.6349,2.3657],[34.6349,2.367],[34.6342,2.3677],[34.6341,2.3689],[34.6319,2.3709],[34.6304,2.3731],[34.6301,2.3744],[34.6284,2.3779],[34.6278,2.3804],[34.627,2.3815],[34.6255,2.3983],[34.6229,2.4095],[34.6215,2.4117],[34.6215,2.413],[34.6195,2.4163],[34.6195,2.4177],[34.6189,2.4188],[34.6182,2.4195],[34.6166,2.4226],[34.615,2.4243],[34.614,2.4265],[34.6129,2.427],[34.6128,2.4282],[34.6115,2.4304],[34.6115,2.4316],[34.6088,2.4348],[34.6077,2.435],[34.6057,2.437],[34.6048,2.4374],[34.5997,2.4377],[34.5991,2.4383],[34.5937,2.4383],[34.5925,2.4386],[34.5903,2.4397],[34.5873,2.4414],[34.5846,2.4205],[34.5,2.1434],[34.48,2.1001],[34.4259,2.0167],[34.301,1.9192],[34.2283,1.8825],[34.2276,1.882],[34.2264,1.8819],[34.2254,1.881],[34.2243,1.8805],[34.2136,1.8805],[34.2136,1.6456],[34.2173,1.6463],[34.2287,1.6463],[34.2374,1.6463],[34.2501,1.6503],[34.2515,1.6516],[34.2538,1.6523],[34.2545,1.653],[34.2559,1.653],[34.2565,1.6536],[34.2596,1.6553],[34.2612,1.6565],[34.2617,1.6576],[34.2623,1.6584],[34.2663,1.6618],[34.2665,1.663],[34.2697,1.6641],[34.2715,1.6659],[34.275,1.6676],[34.2767,1.669],[34.2794,1.669],[34.2818,1.6696],[34.2829,1.6702],[34.2868,1.6703],[34.2892,1.671],[34.2898,1.6718],[34.2943,1.6742],[34.2969,1.677],[34.298,1.679],[34.2984,1.6799],[34.3024,1.6949],[34.3039,1.6978],[34.3064,1.7004],[34.3065,1.7017],[34.3077,1.7031],[34.3088,1.7068],[34.3104,1.7097],[34.3104,1.711],[34.3268,1.7269],[34.3337,1.7377],[34.3351,1.739],[34.3431,1.7629],[34.3468,1.7708],[34.3478,1.7718],[34.3483,1.7729],[34.3491,1.7739],[34.3492,1.7751],[34.353,1.7809],[34.3578,1.7844],[34.3592,1.7844],[34.3603,1.7849],[34.3616,1.7851],[34.3682,1.7851],[34.3948,1.7985],[34.4145,1.7987],[34.4172,1.8005],[34.4185,1.8005],[34.4228,1.8034],[34.4233,1.8045],[34.4246,1.8046],[34.4267,1.8065],[34.4377,1.8127],[34.4486,1.8165],[34.4486,1.8178],[34.4497,1.8183],[34.4506,1.8193],[34.4507,1.8205],[34.4523,1.8222],[34.4526,1.8234],[34.4549,1.8261],[34.4656,1.8435],[34.4666,1.844],[34.4697,1.8498],[34.4746,1.8558],[34.4757,1.8563],[34.4767,1.8572],[34.4773,1.8583],[34.4793,1.8603],[34.4801,1.8626],[34.481,1.8636],[34.4813,1.8648],[34.4898,1.875],[34.5006,1.8805],[34.5019,1.8819],[34.5029,1.8824],[34.5037,1.8834],[34.5049,1.8841],[34.5058,1.885],[34.5082,1.8861],[34.5101,1.8879],[34.5183,1.8859],[34.5227,1.8912],[34.5394,1.8935],[34.5424,1.896],[34.5502,1.901],[34.5519,1.9028],[34.5542,1.9043],[34.5548,1.9052],[34.5505,1.9128],[34.5505,1.9151],[34.5503,1.9157],[34.5493,1.9167],[34.5491,1.9174],[34.5485,1.9179],[34.5483,1.9187],[34.5419,1.9239],[34.5411,1.9254],[34.5409,1.9262],[34.5403,1.9268],[34.54,1.9283],[34.5394,1.929],[34.538,1.9324],[34.5365,1.9342],[34.5363,1.935],[34.5359,1.9354],[34.5351,1.9358],[34.534,1.9371],[34.5328,1.9381],[34.5321,1.9384],[34.5317,1.9392],[34.5312,1.9396],[34.5306,1.9399],[34.5287,1.9417],[34.528,1.9421],[34.5272,1.9436],[34.5265,1.944],[34.5249,1.9468],[34.524,1.9476],[34.5235,1.9491],[34.5235,1.9534],[34.5263,1.9582],[34.5286,1.9605],[34.5331,1.9639],[34.5425,1.964],[34.5536,1.9618],[34.5628,1.958],[34.5714,1.958],[34.5889,1.9721],[34.5983,1.9772],[34.6038,1.9823],[34.6052,1.9845],[34.606,1.9848],[34.6071,1.9858],[34.6077,1.9861],[34.608,1.9866],[34.6095,1.9871],[34.6164,1.9871],[34.6171,1.9867],[34.6179,1.9866],[34.623,1.9841],[34.6234,1.9834],[34.6248,1.9828],[34.6252,1.9821],[34.626,1.9819],[34.6302,1.9785],[34.6319,1.9785],[34.6335,1.9789],[34.6339,1.9794],[34.6346,1.9795],[34.6368,1.9816],[34.6381,1.9836],[34.6381,1.9845],[34.6385,1.9849],[34.6385,1.9866],[34.6392,1.9881],[34.6398,1.9905],[34.6398,1.9914],[34.641,1.9935],[34.6411,1.9961],[34.6415,1.9968],[34.6424,1.9999],[34.6446,2.0022],[34.6456,2.0046],[34.6469,2.0066],[34.6475,2.0072],[34.6543,2.009],[34.6611,2.0131],[34.6746,2.0253],[34.6761,2.0259],[34.6772,2.0269],[34.6795,2.0279],[34.6817,2.0292],[34.6825,2.0294],[34.6829,2.0301],[34.6905,2.0344],[34.7151,2.0537],[34.7343,2.065],[34.7369,2.0671],[34.7392,2.0705],[34.7405,2.0715],[34.7423,2.0733],[34.7431,2.0736],[34.7437,2.0742],[34.7463,2.0742],[34.7481,2.0754],[34.7663,2.0897],[34.7707,2.0924],[34.7723,2.093],[34.7737,2.0938],[34.7744,2.094],[34.7749,2.0944],[34.7771,2.0953],[34.7779,2.0955],[34.7787,2.0955],[34.7802,2.0963],[34.7826,2.0973],[34.7842,2.0977],[34.785,2.098],[34.7856,2.0986],[34.7863,2.0989],[34.7873,2.1],[34.7877,2.1007],[34.7893,2.1019],[34.7897,2.1026],[34.7915,2.1045],[34.7915,2.1088],[34.791,2.1092],[34.791,2.1109],[34.7877,2.1154],[34.787,2.1169],[34.7868,2.1177],[34.7864,2.131],[34.7704,2.1454],[34.7698,2.1461],[34.7677,2.1529],[34.767,2.1735],[34.7644,2.1761],[34.7644,2.1774],[34.7617,2.1803],[34.7617,2.1817],[34.7597,2.1848],[34.7597,2.1861],[34.7574,2.1898],[34.7555,2.1913],[34.7548,2.1924],[34.7526,2.1948],[34.7517,2.1966],[34.7497,2.2044],[34.7497,2.223],[34.7491,2.225],[34.7489,2.229],[34.7484,2.2301],[34.7484,2.2328],[34.747,2.2345],[34.7468,2.2357],[34.7457,2.2362]]]]}},{"type":"Feature","properties":{"name":"Chekwii"},"geometry":{"type":"MultiPolygon","coordinates":[[[[34.5542,1.9043],[34.5502,1.901],[34.5424,1.896],[34.5394,1.8935],[34.5227,1.8912],[34.5183,1.8859],[34.5101,1.8879],[34.5082,1.8861],[34.5058,1.885],[34.5049,1.8841],[34.5037,1.8834],[34.5029,1.8824],[34.5019,1.8819],[34.5006,1.8805],[34.4898,1.875],[34.4813,1.8648],[34.481,1.8636],[34.4801,1.8626],[34.4793,1.8603],[34.4773,1.8583],[34.4767,1.8572],[34.4757,1.8563],[34.4746,1.8558],[34.4697,1.8498],[34.4666,1.844],[34.4656,1.8435],[34.4549,1.8261],[34.4526,1.8234],[34.4523,1.8222],[34.4507,1.8205],[34.4506,1.8193],[34.4497,1.8183],[34.4486,1.8178],[34.4486,1.8165],[34.4377,1.8127],[34.4246,1.8046],[34.4233,1.8045],[34.4228,1.8034],[34.4185,1.8005],[34.4172,1.8005],[34.4145,1.7987],[34.3948,1.7985],[34.3682,1.7851],[34.3616,1.7851],[34.3603,1.7849],[34.3592,1.7844],[34.3578,1.7844],[34.353,1.7809],[34.3492,1.7751],[34.3491,1.7739],[34.3483,1.7729],[34.3478,1.7718],[34.3468,1.7708],[34.3431,1.7629],[34.3351,1.739],[34.3337,1.7377],[34.3298,1.7312],[34.3268,1.7269],[34.3104,1.711],[34.3104,1.7097],[34.3077,1.7031],[34.3065,1.7017],[34.3064,1.7004],[34.3039,1.6978],[34.3024,1.6949],[34.2984,1.6799],[34.298,1.679],[34.2969,1.677],[34.2943,1.6742],[34.2892,1.671],[34.2868,1.6703],[34.2829,1.6702],[34.2818,1.6696],[34.2794,1.669],[34.2767,1.669],[34.275,1.6676],[34.2715,1.6659],[34.2697,1.6641],[34.2665,1.663],[34.2663,1.6618],[34.2623,1.6584],[34.2617,1.6576],[34.2612,1.6565],[34.2596,1.6553],[34.2565,1.6536],[34.2559,1.653],[34.2545,1.653],[34.2538,1.6523],[34.2515,1.6516],[34.2501,1.6503],[34.2374,1.6463],[34.2287,1.6463],[34.2295,1.5695],[34.2295,1.5659],[34.2296,1.5659],[34.2453,1.5659],[34.2479,1.5673],[34.2502,1.5715],[34.256,1.5758],[34.26,1.5709],[34.2607,1.5706],[34.2613,1.57],[34.262,1.5697],[34.2629,1.5689],[34.2655,1.5689],[34.2669,1.5683],[34.2757,1.5574],[34.2954,1.5591],[34.2981,1.5621],[34.3262,1.5587],[34.3387,1.5601],[34.3465,1.5663],[34.3508,1.5663],[34.3524,1.566],[34.3541,1.566],[34.3551,1.5658],[34.3565,1.565],[34.3572,1.5642],[34.3578,1.5641],[34.3581,1.5643],[34.3586,1.5644],[34.3594,1.5649],[34.3616,1.5651],[34.362,1.5653],[34.3628,1.5661],[34.3633,1.5663],[34.3662,1.5674],[34.369,1.5674],[34.3695,1.5673],[34.3721,1.5655],[34.3725,1.5651],[34.3731,1.5642],[34.3735,1.5639],[34.3762,1.5639],[34.3787,1.5647],[34.3831,1.5647],[34.3852,1.5652],[34.3917,1.5652],[34.3968,1.563],[34.397,1.5628],[34.3989,1.5617],[34.3992,1.5613],[34.3997,1.5611],[34.4005,1.5603],[34.4041,1.5584],[34.4057,1.5584],[34.4062,1.5586],[34.4067,1.5587],[34.4104,1.5589],[34.4109,1.5592],[34.412,1.5592],[34.414,1.5598],[34.4168,1.5598],[34.4173,1.5598],[34.4178,1.56],[34.4189,1.56],[34.4204,1.5605],[34.4218,1.5616],[34.4227,1.5619],[34.4266,1.5619],[34.427,1.5622],[34.4276,1.5629],[34.4278,1.5634],[34.4285,1.5659],[34.4289,1.5663],[34.4343,1.5682],[34.4373,1.5713],[34.4389,1.5718],[34.4421,1.5726],[34.4475,1.5723],[34.4484,1.5727],[34.4486,1.5731],[34.4494,1.5737],[34.4498,1.5739],[34.4515,1.5752],[34.4525,1.5756],[34.4527,1.5761],[34.4531,1.5764],[34.4566,1.5775],[34.4574,1.5781],[34.4584,1.5784],[34.4587,1.5785],[34.4631,1.585],[34.464,1.5855],[34.4662,1.5855],[34.4676,1.586],[34.4678,1.5863],[34.4683,1.5864],[34.4686,1.5868],[34.47,1.5873],[34.4703,1.5876],[34.4708,1.5877],[34.4715,1.5883],[34.4725,1.5886],[34.473,1.5889],[34.4735,1.589],[34.4746,1.59],[34.4749,1.5903],[34.4756,1.5918],[34.476,1.5927],[34.476,1.5933],[34.4762,1.5937],[34.4765,1.5947],[34.4766,1.5963],[34.4769,1.5968],[34.4784,1.5975],[34.4793,1.5981],[34.4843,1.6002],[34.485,1.6008],[34.4853,1.6011],[34.485,1.6015],[34.4843,1.6023],[34.483,1.6041],[34.4823,1.6055],[34.4823,1.6066],[34.4865,1.6092],[34.4887,1.6092],[34.4892,1.6091],[34.4924,1.6035],[34.5023,1.6013],[34.5094,1.6013],[34.5249,1.5961],[34.5414,1.5878],[34.5567,1.5849],[34.5633,1.5849],[34.5654,1.5844],[34.566,1.5844],[34.5771,1.5792],[34.5807,1.5801],[34.5811,1.5804],[34.5815,1.5808],[34.5818,1.5813],[34.5829,1.5824],[34.5849,1.584],[34.5977,1.583],[34.6091,1.5787],[34.6235,1.5664],[34.6243,1.5664],[34.6252,1.5664],[34.6278,1.5676],[34.6291,1.5689],[34.6351,1.5711],[34.6548,1.5711],[34.6692,1.5787],[34.6717,1.5787],[34.6724,1.5792],[34.6741,1.5792],[34.6757,1.5796],[34.6791,1.5796],[34.68,1.5799],[34.6814,1.5808],[34.6827,1.5818],[34.6842,1.5827],[34.6862,1.5842],[34.6878,1.5849],[34.689,1.5861],[34.6911,1.5875],[34.6926,1.588],[34.6962,1.5903],[34.697,1.5903],[34.6976,1.5909],[34.6983,1.5913],[34.7006,1.5924],[34.7014,1.5925],[34.7026,1.5933],[34.7038,1.5966],[34.7084,1.6004],[34.7089,1.602],[34.7103,1.6039],[34.7111,1.6039],[34.7145,1.6108],[34.7154,1.6139],[34.7167,1.6155],[34.7173,1.6159],[34.7182,1.6168],[34.7199,1.6168],[34.7215,1.6172],[34.7224,1.6172],[34.7319,1.6201],[34.7385,1.6211],[34.7402,1.6227],[34.741,1.624],[34.7411,1.6249],[34.7423,1.627],[34.7429,1.6276],[34.7561,1.6331],[34.7567,1.6337],[34.7586,1.6347],[34.7603,1.6373],[34.7611,1.6373],[34.7615,1.6381],[34.7623,1.6385],[34.7631,1.6399],[34.7637,1.6403],[34.7644,1.6418],[34.7651,1.6423],[34.7662,1.6436],[34.7669,1.644],[34.7673,1.6446],[34.7782,1.6509],[34.779,1.6509],[34.7812,1.6522],[34.7821,1.6522],[34.7906,1.6624],[34.7924,1.6659],[34.7942,1.6675],[34.7947,1.669],[34.7956,1.6704],[34.7965,1.6726],[34.7986,1.6756],[34.7987,1.6824],[34.8,1.6859],[34.8,1.6876],[34.7997,1.6884],[34.799,1.6887],[34.7987,1.6894],[34.7987,1.6986],[34.7997,1.6994],[34.8001,1.7001],[34.8043,1.703],[34.8043,1.7039],[34.8145,1.7193],[34.8145,1.7196],[34.8152,1.7197],[34.8156,1.7203],[34.817,1.721],[34.8227,1.7266],[34.8227,1.7309],[34.8223,1.7316],[34.8222,1.7332],[34.8201,1.7385],[34.8169,1.7445],[34.814,1.745],[34.8134,1.7456],[34.8127,1.746],[34.812,1.7474],[34.8098,1.7574],[34.8102,1.7581],[34.8103,1.7598],[34.8105,1.7605],[34.8111,1.7609],[34.8113,1.7616],[34.817,1.7657],[34.8243,1.776],[34.8249,1.7775],[34.8265,1.7805],[34.8286,1.7861],[34.8296,1.7874],[34.8298,1.7882],[34.831,1.7895],[34.8313,1.7902],[34.8338,1.7902],[34.8346,1.7911],[34.8347,1.7928],[34.835,1.7936],[34.835,1.7953],[34.8436,1.8084],[34.8457,1.8142],[34.8465,1.8171],[34.8466,1.8187],[34.8462,1.8191],[34.846,1.8225],[34.845,1.8238],[34.8447,1.8254],[34.8437,1.8268],[34.8432,1.8283],[34.8431,1.8299],[34.84,1.8343],[34.8394,1.8349],[34.8367,1.8441],[34.8357,1.8453],[34.8342,1.8494],[34.8333,1.8505],[34.8319,1.8572],[34.829,1.8585],[34.8286,1.859],[34.8275,1.8598],[34.8268,1.8612],[34.8262,1.8618],[34.8247,1.8653],[34.8158,1.8722],[34.8095,1.8793],[34.8063,1.88],[34.8049,1.8818],[34.8043,1.8833],[34.8043,1.8867],[34.8026,1.8906],[34.8026,1.8974],[34.8017,1.9057],[34.8017,1.9202],[34.8018,1.921],[34.8021,1.9217],[34.8021,1.9277],[34.8134,1.9515],[34.8136,1.952],[34.8141,1.9529],[34.8143,1.9534],[34.8156,1.9551],[34.817,1.9593],[34.8235,1.9687],[34.8239,1.9701],[34.8245,1.971],[34.8249,1.9714],[34.8265,1.9742],[34.8301,1.9853],[34.8443,2.0031],[34.8446,2.0041],[34.8446,2.0106],[34.8438,2.016],[34.8438,2.022],[34.8446,2.0223],[34.8446,2.0228],[34.8443,2.0239],[34.8443,2.0244],[34.8438,2.026],[34.8437,2.027],[34.8433,2.028],[34.8433,2.0291],[34.8428,2.0306],[34.8427,2.0317],[34.833,2.0459],[34.8286,2.061],[34.8247,2.0648],[34.8233,2.0671],[34.8221,2.0683],[34.8209,2.0701],[34.8096,2.0939],[34.7863,2.0989],[34.7856,2.0986],[34.785,2.098],[34.7842,2.0977],[34.7826,2.0973],[34.7802,2.0963],[34.7787,2.0955],[34.7779,2.0955],[34.7771,2.0953],[34.7749,2.0944],[34.7744,2.094],[34.7737,2.0938],[34.7723,2.093],[34.7707,2.0924],[34.7663,2.0897],[34.7481,2.0754],[34.7463,2.0742],[34.7437,2.0742],[34.7431,2.0736],[34.7423,2.0733],[34.7405,2.0715],[34.7392,2.0705],[34.7369,2.0671],[34.7343,2.065],[34.7151,2.0537],[34.6905,2.0344],[34.6829,2.0301],[34.6825,2.0294],[34.6817,2.0292],[34.6795,2.0279],[34.6772,2.0269],[34.6761,2.0259],[34.6746,2.0253],[34.6611,2.0131],[34.6543,2.009],[34.6475,2.0072],[34.6469,2.0066],[34.6456,2.0046],[34.6446,2.0022],[34.6424,1.9999],[34.6415,1.9968],[34.6411,1.9961],[34.641,1.9935],[34.6398,1.9914],[34.6398,1.9905],[34.6392,1.9881],[34.6385,1.9866],[34.6385,1.9849],[34.6381,1.9845],[34.6381,1.9836],[34.6368,1.9816],[34.6346,1.9795],[34.6339,1.9794],[34.6335,1.9789],[34.6319,1.9785],[34.6302,1.9785],[34.626,1.9819],[34.6252,1.9821],[34.6248,1.9828],[34.6234,1.9834],[34.623,1.9841],[34.6179,1.9866],[34.6171,1.9867],[34.6164,1.9871],[34.6095,1.9871],[34.608,1.9866],[34.6077,1.9861],[34.6071,1.9858],[34.606,1.9848],[34.6052,1.9845],[34.6038,1.9823],[34.5983,1.9772],[34.5889,1.9721],[34.5714,1.958],[34.5628,1.958],[34.5536,1.9618],[34.5425,1.964],[34.5331,1.9639],[34.5286,1.9605],[34.5263,1.9582],[34.5235,1.9534],[34.5235,1.9491],[34.524,1.9476],[34.5249,1.9468],[34.5265,1.944],[34.5272,1.9436],[34.528,1.9421],[34.5287,1.9417],[34.5306,1.9399],[34.5312,1.9396],[34.5317,1.9392],[34.5321,1.9384],[34.5328,1.9381],[34.534,1.9371],[34.5351,1.9358],[34.5359,1.9354],[34.5363,1.935],[34.5365,1.9342],[34.538,1.9324],[34.5394,1.929],[34.54,1.9283],[34.5403,1.9268],[34.5409,1.9262],[34.5411,1.9254],[34.5419,1.9239],[34.5483,1.9187],[34.5485,1.9179],[34.5491,1.9174],[34.5493,1.9167],[34.5503,1.9157],[34.5505,1.9151],[34.5505,1.9128],[34.5548,1.9052],[34.5542,1.9043]]]]}},{"type":"Feature","properties":{"name":"Pokot"},"geometry":{"type":"MultiPolygon","coordinates":[[[[34.8668,2.2594],[34.8655,2.2562],[34.862,2.2498],[34.8593,2.2471],[34.8587,2.2462],[34.8579,2.2455],[34.8487,2.2387],[34.8449,2.2327],[34.8438,2.2319],[34.8436,2.2314],[34.8429,2.2307],[34.8427,2.2302],[34.8423,2.2299],[34.8421,2.2294],[34.8416,2.2294],[34.8413,2.2291],[34.8413,2.2286],[34.8408,2.2286],[34.8402,2.228],[34.8398,2.2278],[34.8394,2.227],[34.8381,2.2264],[34.8362,2.2246],[34.8318,2.2182],[34.8288,2.2103],[34.8299,2.2103],[34.8301,2.2092],[34.8301,2.2054],[34.8299,2.2043],[34.8299,2.2038],[34.8296,2.2033],[34.8289,2.2025],[34.8284,2.2016],[34.8268,2.2001],[34.8268,2.1996],[34.8252,2.1983],[34.8248,2.1974],[34.8236,2.1964],[34.8225,2.1945],[34.822,2.1942],[34.8151,2.18],[34.8147,2.1798],[34.8145,2.1793],[34.8143,2.1791],[34.8113,2.1775],[34.8113,2.1764],[34.8099,2.1748],[34.8091,2.1717],[34.8091,2.169],[34.8093,2.1679],[34.8093,2.1658],[34.8056,2.1579],[34.8043,2.1517],[34.8031,2.1499],[34.8026,2.1497],[34.8014,2.1485],[34.8009,2.1476],[34.7999,2.1463],[34.7998,2.1447],[34.7993,2.1437],[34.7991,2.1427],[34.7981,2.1414],[34.7938,2.1382],[34.7928,2.1377],[34.7918,2.1373],[34.7886,2.1354],[34.7885,2.1343],[34.7869,2.1327],[34.7866,2.1313],[34.7864,2.131],[34.7868,2.1177],[34.787,2.1169],[34.7877,2.1154],[34.791,2.1109],[34.791,2.1092],[34.7915,2.1088],[34.7915,2.1045],[34.7897,2.1026],[34.7893,2.1019],[34.7877,2.1007],[34.7873,2.1],[34.7863,2.0989],[34.8096,2.0939],[34.8209,2.0701],[34.8221,2.0683],[34.8233,2.0671],[34.8247,2.0648],[34.8286,2.061],[34.833,2.0459],[34.8427,2.0317],[34.8428,2.0306],[34.8433,2.0291],[34.8433,2.028],[34.8437,2.027],[34.8438,2.026],[34.8443,2.0244],[34.8443,2.0239],[34.8446,2.0228],[34.8446,2.0223],[34.8438,2.022],[34.8438,2.016],[34.8446,2.0106],[34.8446,2.0041],[34.8443,2.0031],[34.8301,1.9853],[34.8265,1.9742],[34.8249,1.9714],[34.8245,1.971],[34.8239,1.9701],[34.8235,1.9687],[34.817,1.9593],[34.8156,1.9551],[34.8143,1.9534],[34.8141,1.9529],[34.8136,1.952],[34.8134,1.9515],[34.8021,1.9277],[34.8021,1.9217],[34.8018,1.921],[34.8017,1.9202],[34.8017,1.9057],[34.8026,1.8974],[34.8026,1.8906],[34.8043,1.8867],[34.8043,1.8833],[34.8063,1.88],[34.8095,1.8793],[34.8158,1.8722],[34.8247,1.8653],[34.8262,1.8618],[34.8268,1.8612],[34.8275,1.8598],[34.8286,1.859],[34.829,1.8585],[34.8319,1.8572],[34.8333,1.853],[34.8333,1.8505],[34.8342,1.8494],[34.8357,1.8453],[34.8367,1.8441],[34.8394,1.8349],[34.84,1.8343],[34.8431,1.8299],[34.8432,1.8283],[34.8437,1.8268],[34.8447,1.8254],[34.845,1.8238],[34.846,1.8225],[34.8462,1.8191],[34.8466,1.8187],[34.8465,1.8171],[34.8457,1.8142],[34.8436,1.8084],[34.835,1.7953],[34.835,1.7936],[34.8347,1.7928],[34.8346,1.7911],[34.8338,1.7902],[34.8313,1.7902],[34.831,1.7895],[34.8298,1.7882],[34.8296,1.7874],[34.8286,1.7861],[34.8265,1.7805],[34.8249,1.7775],[34.8243,1.776],[34.817,1.7657],[34.8113,1.7616],[34.8111,1.7609],[34.8105,1.7605],[34.8103,1.7598],[34.8102,1.7581],[34.8098,1.7574],[34.812,1.7474],[34.8127,1.746],[34.8134,1.7456],[34.814,1.745],[34.8169,1.7445],[34.8201,1.7385],[34.8222,1.7332],[34.8223,1.7316],[34.8227,1.7309],[34.8227,1.7266],[34.817,1.721],[34.8156,1.7203],[34.8152,1.7197],[34.8145,1.7196],[34.8145,1.7193],[34.8043,1.7039],[34.8043,1.703],[34.8001,1.7001],[34.7997,1.6994],[34.7987,1.6986],[34.7987,1.6894],[34.799,1.6887],[34.7997,1.6884],[34.8,1.6876],[34.8,1.6859],[34.7987,1.6824],[34.7986,1.6756],[34.7965,1.6726],[34.7956,1.6704],[34.7947,1.669],[34.7942,1.6675],[34.7924,1.6659],[34.7906,1.6624],[34.7821,1.6522],[34.7812,1.6522],[34.779,1.6509],[34.7782,1.6509],[34.7673,1.6446],[34.7669,1.644],[34.7662,1.6436],[34.7651,1.6423],[34.7644,1.6418],[34.7637,1.6403],[34.7631,1.6399],[34.7623,1.6385],[34.7615,1.6381],[34.7611,1.6373],[34.7603,1.6373],[34.7586,1.6347],[34.7567,1.6337],[34.7561,1.6331],[34.7429,1.6276],[34.7423,1.627],[34.7411,1.6249],[34.741,1.624],[34.7402,1.6227],[34.7385,1.6211],[34.7319,1.6201],[34.7224,1.6172],[34.7215,1.6172],[34.7199,1.6168],[34.7182,1.6168],[34.7173,1.6159],[34.7167,1.6155],[34.7154,1.6139],[34.7145,1.6108],[34.7111,1.6039],[34.7103,1.6039],[34.7089,1.602],[34.7084,1.6004],[34.7038,1.5966],[34.7026,1.5933],[34.7014,1.5925],[34.7006,1.5924],[34.6983,1.5913],[34.6976,1.5909],[34.697,1.5903],[34.6962,1.5903],[34.6926,1.588],[34.6911,1.5875],[34.689,1.5861],[34.6878,1.5849],[34.6862,1.5842],[34.6842,1.5827],[34.6827,1.5818],[34.6814,1.5808],[34.68,1.5799],[34.6791,1.5796],[34.6757,1.5796],[34.6741,1.5792],[34.6724,1.5792],[34.6717,1.5787],[34.6692,1.5787],[34.6548,1.5711],[34.6351,1.5711],[34.6291,1.5689],[34.6278,1.5676],[34.6252,1.5664],[34.6316,1.545],[34.632,1.545],[34.6321,1.5442],[34.6329,1.5433],[34.6418,1.5401],[34.6521,1.5343],[34.6592,1.5325],[34.6598,1.5321],[34.663,1.5282],[34.6648,1.5263],[34.665,1.5256],[34.6656,1.5253],[34.6781,1.5262],[34.6795,1.5267],[34.6812,1.5279],[34.682,1.5279],[34.6916,1.5249],[34.6926,1.5229],[34.6928,1.5221],[34.6928,1.5196],[34.6932,1.518],[34.6932,1.5172],[34.6947,1.5157],[34.695,1.515],[34.6957,1.5135],[34.6957,1.5067],[34.6966,1.5044],[34.6966,1.5027],[34.6981,1.5012],[34.7019,1.4923],[34.7066,1.489],[34.7092,1.4869],[34.7109,1.485],[34.7184,1.4749],[34.7192,1.4729],[34.7192,1.4712],[34.7202,1.4681],[34.7206,1.4676],[34.7218,1.4669],[34.7222,1.4663],[34.7218,1.4618],[34.7209,1.46],[34.7201,1.4599],[34.7197,1.4591],[34.7197,1.4583],[34.7203,1.4514],[34.7193,1.4483],[34.7193,1.4479],[34.7192,1.4474],[34.7192,1.4459],[34.7193,1.4457],[34.7193,1.4455],[34.7195,1.4449],[34.7196,1.4447],[34.7198,1.4446],[34.7198,1.4443],[34.7198,1.4441],[34.7201,1.4435],[34.7203,1.4431],[34.7208,1.4421],[34.721,1.442],[34.721,1.4418],[34.7212,1.4417],[34.7214,1.4412],[34.7216,1.4411],[34.7218,1.4408],[34.7235,1.4391],[34.7236,1.4388],[34.7239,1.4386],[34.7273,1.4382],[34.7293,1.4371],[34.7296,1.4371],[34.7297,1.4369],[34.731,1.4367],[34.7324,1.4356],[34.7372,1.4294],[34.7373,1.4293],[34.7377,1.4291],[34.7383,1.4285],[34.7387,1.4283],[34.74,1.4266],[34.7403,1.4263],[34.7408,1.4259],[34.7435,1.424],[34.7441,1.4234],[34.7444,1.4225],[34.7451,1.4197],[34.7453,1.4194],[34.7465,1.4187],[34.749,1.4179],[34.7496,1.4176],[34.75,1.4174],[34.7502,1.4173],[34.7503,1.4171],[34.7505,1.417],[34.7506,1.4168],[34.7505,1.4155],[34.7521,1.413],[34.7525,1.4128],[34.754,1.4114],[34.7545,1.411],[34.7554,1.4098],[34.7638,1.4042],[34.7671,1.4016],[34.7672,1.4014],[34.7674,1.4013],[34.7675,1.4012],[34.7676,1.401],[34.7679,1.4006],[34.7681,1.4005],[34.7683,1.4002],[34.7686,1.3998],[34.7687,1.3996],[34.7689,1.3995],[34.7691,1.3994],[34.7696,1.3986],[34.7702,1.397],[34.7703,1.3969],[34.7707,1.3967],[34.7708,1.3965],[34.7711,1.3963],[34.7711,1.3961],[34.7713,1.396],[34.7714,1.3959],[34.773,1.3935],[34.7733,1.3926],[34.7734,1.3924],[34.774,1.3885],[34.774,1.3874],[34.7739,1.3872],[34.7738,1.387],[34.7736,1.3867],[34.7735,1.3865],[34.7735,1.3836],[34.7741,1.382],[34.7744,1.3817],[34.7756,1.3807],[34.7764,1.3803],[34.7768,1.3798],[34.777,1.3797],[34.7772,1.3795],[34.7773,1.3794],[34.7776,1.3792],[34.7777,1.379],[34.7795,1.3788],[34.7844,1.368],[34.7939,1.3588],[34.7948,1.3617],[34.8042,1.3703],[34.8041,1.374],[34.7897,1.4072],[34.789,1.4143],[34.7937,1.4199],[34.8414,1.4502],[34.8547,1.4485],[34.8597,1.4513],[34.8618,1.4563],[34.8604,1.5119],[34.8656,1.5245],[34.877,1.5298],[34.884,1.5371],[34.8872,1.5514],[34.8895,1.5527],[34.9002,1.5507],[34.9041,1.5519],[34.9118,1.5618],[34.9216,1.561],[34.9427,1.5753],[34.9889,1.6637],[35.0017,1.8359],[35.0268,1.9222],[34.9945,1.9608],[34.9833,1.978],[34.9825,2.0031],[34.9644,2.0603],[34.9926,2.0909],[34.9797,2.1463],[34.9671,2.1835],[34.9458,2.2264],[34.9324,2.2469],[34.9191,2.2855],[34.913,2.2707],[34.9104,2.2691],[34.9099,2.269],[34.9084,2.2683],[34.9079,2.2682],[34.9071,2.2678],[34.9067,2.2677],[34.9045,2.2677],[34.9034,2.2674],[34.9001,2.2674],[34.8991,2.2672],[34.8985,2.2671],[34.8816,2.2671],[34.8811,2.2674],[34.8802,2.268],[34.8792,2.2677],[34.8778,2.2669],[34.877,2.2662],[34.8759,2.266],[34.8715,2.2624],[34.8701,2.2618],[34.8693,2.261],[34.8674,2.26],[34.8672,2.2596],[34.8668,2.2594]]]]}},{"type":"Feature","properties":{"name":"Usuk"},"geometry":{"type":"MultiPolygon","coordinates":[[[[34.2077,2.0712],[34.2,2.0881],[34.2029,2.1268],[33.9296,2.2971],[33.8995,2.3155],[33.8941,2.3048],[33.8932,2.3048],[33.8924,2.3028],[33.891,2.3013],[33.8903,2.3009],[33.8898,2.3005],[33.8898,2.2997],[33.8886,2.298],[33.8885,2.2972],[33.8881,2.2965],[33.8881,2.2957],[33.8869,2.2941],[33.8866,2.2934],[33.8864,2.2926],[33.8855,2.2915],[33.8855,2.2907],[33.8851,2.29],[33.8842,2.2889],[33.8838,2.2882],[33.8817,2.2872],[33.8805,2.2856],[33.8804,2.2848],[33.879,2.283],[33.8783,2.2814],[33.8779,2.281],[33.8787,2.2784],[33.8775,2.2766],[33.8766,2.2735],[33.8766,2.2718],[33.8761,2.2714],[33.8757,2.2707],[33.8749,2.2698],[33.8741,2.2698],[33.8723,2.2679],[33.8719,2.2666],[33.8719,2.2598],[33.8718,2.259],[33.8693,2.2539],[33.8693,2.2419],[33.8685,2.2391],[33.8685,2.2306],[33.8689,2.2302],[33.8689,2.2174],[33.8714,2.2129],[33.8715,2.2121],[33.8719,2.2117],[33.8719,2.2108],[33.8723,2.2104],[33.8723,2.2095],[33.8727,2.2088],[33.8743,2.207],[33.8788,2.2036],[33.88,2.2009],[33.8817,2.2],[33.8818,2.1993],[33.8826,2.1983],[33.8855,2.1899],[33.8855,2.1823],[33.8844,2.181],[33.8843,2.1802],[33.8843,2.1751],[33.8845,2.1743],[33.8879,2.1665],[33.8887,2.165],[33.8897,2.1636],[33.8903,2.1621],[33.8967,2.1557],[33.9027,2.1433],[33.9041,2.1376],[33.9041,2.1318],[33.9031,2.1293],[33.9025,2.1284],[33.9019,2.1264],[33.9016,2.1262],[33.9015,2.1257],[33.9011,2.1253],[33.9003,2.1239],[33.8998,2.1237],[33.8995,2.1232],[33.8988,2.1224],[33.8981,2.121],[33.8978,2.12],[33.8978,2.1172],[33.8909,2.1078],[33.8893,2.1078],[33.8888,2.1076],[33.8883,2.1074],[33.8839,2.1035],[33.8835,2.1024],[33.8832,2.102],[33.8831,2.1015],[33.883,2.1009],[33.8828,2.1005],[33.8828,2.0999],[33.8825,2.0989],[33.8814,2.0966],[33.8814,2.0955],[33.8804,2.0937],[33.88,2.0921],[33.8798,2.0889],[33.8798,2.0845],[33.8813,2.0799],[33.8817,2.0777],[33.8817,2.0766],[33.8817,2.0761],[33.8812,2.0751],[33.8811,2.0746],[33.8808,2.0741],[33.8806,2.0737],[33.8806,2.0731],[33.88,2.0722],[33.8798,2.0717],[33.8798,2.0701],[33.8859,2.0638],[33.8876,2.0585],[33.888,2.0582],[33.8889,2.057],[33.8893,2.0566],[33.8899,2.0565],[33.8903,2.0563],[33.8907,2.0559],[33.8912,2.0556],[33.8916,2.0553],[33.8925,2.0548],[33.8928,2.0545],[33.8929,2.053],[33.8925,2.052],[33.8921,2.0516],[33.8916,2.05],[33.8909,2.0492],[33.8907,2.0487],[33.8891,2.0472],[33.8882,2.0466],[33.8878,2.0462],[33.8859,2.0453],[33.8852,2.0444],[33.885,2.0439],[33.885,2.0417],[33.8844,2.0408],[33.8842,2.0403],[33.882,2.0376],[33.8775,2.0283],[33.8771,2.0273],[33.877,2.0253],[33.8791,2.0114],[33.8785,2.011],[33.8769,2.0104],[33.8766,2.0089],[33.877,2.0084],[33.88,2.0071],[33.882,2.0055],[33.8826,2.0049],[33.8827,2.0033],[33.883,2.0028],[33.883,2.0019],[33.8843,1.9998],[33.8861,1.9981],[33.8868,1.9977],[33.8874,1.9971],[33.8882,1.9968],[33.8885,1.996],[33.8885,1.9926],[33.8894,1.9926],[33.8898,1.9922],[33.8907,1.9822],[33.8911,1.9815],[33.8927,1.9809],[33.8934,1.9804],[33.8947,1.9792],[33.8949,1.9785],[33.8949,1.9768],[33.8922,1.9729],[33.8911,1.9672],[33.8878,1.965],[33.887,1.9649],[33.8864,1.9646],[33.882,1.957],[33.8812,1.9567],[33.8804,1.9567],[33.8797,1.9563],[33.8789,1.9563],[33.878,1.9555],[33.8772,1.9553],[33.8761,1.9543],[33.8758,1.9538],[33.8757,1.9504],[33.8768,1.9496],[33.8773,1.9491],[33.8806,1.9473],[33.8823,1.9469],[33.8839,1.9468],[33.8846,1.9465],[33.886,1.9433],[33.8834,1.9371],[33.8847,1.936],[33.8869,1.9347],[33.8882,1.9336],[33.8912,1.9323],[33.892,1.9311],[33.892,1.926],[33.8941,1.9237],[33.894,1.9212],[33.8904,1.918],[33.8884,1.9155],[33.8873,1.9135],[33.8873,1.9118],[33.8868,1.9113],[33.8868,1.9105],[33.8851,1.9068],[33.8849,1.906],[33.8846,1.9044],[33.8837,1.902],[33.883,1.9016],[33.88,1.8965],[33.8766,1.8965],[33.8754,1.8958],[33.8744,1.8944],[33.8737,1.894],[33.8733,1.8933],[33.8708,1.8912],[33.8701,1.891],[33.8697,1.8905],[33.868,1.8905],[33.8636,1.8878],[33.8608,1.885],[33.8565,1.885],[33.8558,1.8846],[33.8549,1.8846],[33.8535,1.8832],[33.8527,1.882],[33.8517,1.881],[33.8492,1.8777],[33.8479,1.8767],[33.8462,1.873],[33.8467,1.8686],[33.8458,1.8653],[33.8458,1.8636],[33.845,1.8612],[33.845,1.8544],[33.8475,1.8509],[33.8471,1.8476],[33.8482,1.8464],[33.8504,1.8449],[33.8573,1.8419],[33.8578,1.8413],[33.8573,1.8406],[33.8573,1.838],[33.8576,1.8373],[33.8638,1.8281],[33.863,1.8131],[33.863,1.8025],[33.8617,1.799],[33.8617,1.795],[33.8597,1.7917],[33.8596,1.7891],[33.8563,1.7804],[33.8551,1.7798],[33.8545,1.7786],[33.8535,1.762],[33.8445,1.7521],[33.8357,1.7452],[33.8325,1.7406],[33.829,1.7371],[33.8277,1.7371],[33.827,1.7364],[33.827,1.7351],[33.8263,1.7344],[33.8252,1.7339],[33.8243,1.733],[33.8242,1.7317],[33.8236,1.731],[33.8236,1.7297],[33.821,1.7279],[33.8172,1.7277],[33.8161,1.727],[33.8114,1.7264],[33.8077,1.723],[33.8076,1.7205],[33.8064,1.719],[33.8046,1.7177],[33.802,1.7177],[33.8016,1.7167],[33.8016,1.7141],[33.8023,1.713],[33.8023,1.7103],[33.8018,1.7092],[33.8008,1.7084],[33.7995,1.708],[33.7985,1.7072],[33.7959,1.707],[33.7921,1.7057],[33.7917,1.7049],[33.8029,1.699],[33.8034,1.6979],[33.8036,1.6967],[33.8036,1.6914],[33.8043,1.689],[33.8055,1.6884],[33.8056,1.6871],[33.8062,1.6863],[33.8067,1.6859],[33.8079,1.685],[33.8092,1.685],[33.811,1.6823],[33.8122,1.6817],[33.8132,1.6808],[33.8165,1.6786],[33.8203,1.6777],[33.8283,1.6777],[33.8294,1.6781],[33.8307,1.6783],[33.8494,1.6783],[33.8514,1.679],[33.8541,1.679],[33.8558,1.6777],[33.8571,1.6777],[33.8594,1.6765],[33.8619,1.6759],[33.865,1.6739],[33.878,1.663],[33.8793,1.6628],[33.8804,1.6623],[33.8813,1.6614],[33.8825,1.661],[33.8831,1.6602],[33.8838,1.6596],[33.8843,1.6595],[33.8884,1.6576],[33.8911,1.655],[33.8933,1.6536],[33.8988,1.6516],[33.9112,1.643],[33.9125,1.6429],[33.9136,1.6423],[33.9149,1.6423],[33.9158,1.6418],[33.9183,1.6416],[33.9238,1.6396],[33.9265,1.6396],[33.9315,1.6383],[33.9355,1.6383],[33.9375,1.6376],[33.9442,1.6376],[33.9481,1.6369],[33.9601,1.6369],[33.9612,1.6376],[33.9639,1.6376],[33.9645,1.6383],[33.9672,1.6383],[33.9696,1.6389],[33.9763,1.6389],[33.9769,1.6396],[33.981,1.6396],[33.9822,1.6398],[33.9835,1.6403],[33.9848,1.6403],[33.9873,1.6409],[33.99,1.6409],[33.998,1.647],[34.0057,1.649],[34.2136,1.6456],[34.2136,1.8805],[34.2122,1.8819],[34.2101,1.9534],[34.2129,2.0096],[34.2093,2.0328],[34.2077,2.0712]]]]}},{"type":"Feature","properties":{"name":"Soroti"},"geometry":{"type":"MultiPolygon","coordinates":[[[[33.6339,2.3783],[33.6119,2.3582],[33.6068,2.3563],[33.6063,2.3553],[33.6039,2.3543],[33.6019,2.3523],[33.5993,2.3522],[33.5982,2.3516],[33.5915,2.3516],[33.5905,2.3509],[33.5785,2.3509],[33.5761,2.3516],[33.5743,2.3529],[33.5667,2.3549],[33.565,2.3563],[33.5639,2.3565],[33.5632,2.3585],[33.5608,2.3614],[33.558,2.3642],[33.5568,2.3648],[33.5536,2.3696],[33.5526,2.3699],[33.5507,2.3715],[33.5495,2.372],[33.5486,2.3729],[33.5473,2.3729],[33.5444,2.3751],[33.5404,2.3776],[33.5391,2.3776],[33.5384,2.3783],[33.5292,2.3782],[33.5277,2.3756],[33.5265,2.3755],[33.5257,2.3749],[33.523,2.3723],[33.5225,2.3715],[33.5225,2.3701],[33.5218,2.3695],[33.5218,2.3684],[33.5218,2.3641],[33.5312,2.3492],[33.5312,2.3479],[33.5349,2.3399],[33.5354,2.3363],[33.5365,2.3343],[33.5365,2.3303],[33.5374,2.3294],[33.5379,2.3282],[33.5379,2.3136],[33.5385,2.3125],[33.5385,2.3005],[33.5379,2.2994],[33.5377,2.2982],[33.5347,2.2956],[33.5158,2.2829],[33.5025,2.2762],[33.4839,2.2636],[33.4826,2.2635],[33.4819,2.2625],[33.4798,2.2614],[33.4798,2.2561],[33.4804,2.2554],[33.4804,2.2501],[33.4811,2.2494],[33.4819,2.2461],[33.486,2.2402],[33.4967,2.2322],[33.5037,2.2295],[33.5045,2.229],[33.505,2.2282],[33.5077,2.2282],[33.5089,2.2276],[33.5115,2.2275],[33.5125,2.2271],[33.5138,2.2258],[33.5159,2.2248],[33.5166,2.2242],[33.5177,2.2236],[33.519,2.2235],[33.5198,2.223],[33.5223,2.2228],[33.5458,2.2062],[33.5467,2.2052],[33.5472,2.204],[33.5492,2.1878],[33.5499,2.1872],[33.5502,2.1861],[33.5509,2.1855],[33.5512,2.1845],[33.5526,2.1828],[33.5551,2.1802],[33.5561,2.1797],[33.5578,2.1776],[33.5606,2.1755],[33.5619,2.1754],[33.5624,2.1743],[33.566,2.1728],[33.5666,2.1721],[33.5679,2.1721],[33.572,2.1681],[33.575,2.1668],[33.5759,2.1659],[33.5779,2.1648],[33.579,2.1639],[33.5853,2.1615],[33.5857,2.1603],[33.587,2.1588],[33.5906,2.1566],[33.5922,2.1541],[33.6022,2.1494],[33.6089,2.1494],[33.6161,2.1516],[33.6171,2.1525],[33.6173,2.1538],[33.6187,2.1554],[33.62,2.1555],[33.6207,2.1562],[33.6227,2.1572],[33.6227,2.1586],[33.6252,2.1621],[33.6267,2.1668],[33.6267,2.1815],[33.626,2.1825],[33.626,2.1852],[33.6217,2.1951],[33.6207,2.1961],[33.6195,2.1985],[33.618,2.2005],[33.6166,2.2035],[33.6154,2.204],[33.6153,2.2053],[33.6148,2.2062],[33.6147,2.2073],[33.6147,2.2153],[33.6158,2.2155],[33.6179,2.2182],[33.619,2.2188],[33.6203,2.2202],[33.6225,2.2213],[33.6238,2.2215],[33.6244,2.2222],[33.6253,2.2226],[33.6286,2.2268],[33.63,2.2281],[33.6311,2.2287],[33.6325,2.2305],[33.6342,2.2317],[33.6354,2.2335],[33.6367,2.2335],[33.6373,2.2342],[33.6387,2.2342],[33.6393,2.2348],[33.6447,2.2348],[33.6473,2.2335],[33.6527,2.2191],[33.6659,2.2002],[33.6661,2.1977],[33.6666,2.1968],[33.6667,2.1957],[33.6667,2.193],[33.6679,2.1915],[33.6696,2.1861],[33.6721,2.1833],[33.6721,2.1806],[33.6712,2.1775],[33.6688,2.1742],[33.6653,2.1701],[33.6627,2.1688],[33.6607,2.165],[33.6607,2.1557],[33.6655,2.1454],[33.6801,2.1323],[33.6891,2.1281],[33.6897,2.1274],[33.6908,2.1254],[33.6914,2.1244],[33.6923,2.1236],[33.6937,2.1214],[33.6948,2.1212],[33.6954,2.1205],[33.6957,2.1194],[33.697,2.1194],[33.6977,2.1188],[33.6989,2.1186],[33.7023,2.1168],[33.7036,2.1166],[33.7054,2.1154],[33.7084,2.1141],[33.7104,2.1147],[33.7118,2.1147],[33.713,2.1143],[33.7136,2.1134],[33.7148,2.1133],[33.7167,2.1122],[33.7173,2.1114],[33.7185,2.111],[33.7195,2.1101],[33.7206,2.1096],[33.7294,2.0981],[33.7295,2.0968],[33.7301,2.0961],[33.7302,2.0922],[33.7295,2.0915],[33.7295,2.0795],[33.7228,2.0711],[33.7228,2.0698],[33.7215,2.0671],[33.7215,2.0618],[33.7222,2.0598],[33.7222,2.0557],[33.7228,2.0537],[33.7235,2.0424],[33.7228,2.0404],[33.7222,2.0397],[33.7222,2.0384],[33.7184,2.0333],[33.7175,2.0329],[33.7141,2.0296],[33.7135,2.0276],[33.717,2.018],[33.723,2.0092],[33.7266,2.0069],[33.7285,2.0047],[33.7288,2.0036],[33.7295,2.003],[33.7295,1.999],[33.7302,1.997],[33.7302,1.9943],[33.7388,1.9857],[33.7425,1.98],[33.7432,1.9793],[33.7442,1.979],[33.7455,1.9777],[33.7462,1.9757],[33.7462,1.973],[33.7455,1.9719],[33.7435,1.97],[33.7422,1.9699],[33.7395,1.9669],[33.7385,1.9663],[33.738,1.9639],[33.7375,1.9631],[33.7374,1.9593],[33.7348,1.9551],[33.7348,1.9525],[33.7342,1.9518],[33.7335,1.9494],[33.7335,1.9467],[33.7347,1.9466],[33.7354,1.9459],[33.7447,1.9459],[33.7478,1.9473],[33.7518,1.9473],[33.7604,1.9539],[33.7698,1.9539],[33.7719,1.9553],[33.7732,1.9566],[33.7743,1.9573],[33.7771,1.9601],[33.7791,1.9646],[33.7809,1.9659],[33.7849,1.9659],[33.7869,1.967],[33.7889,1.9701],[33.7909,1.9761],[33.7961,1.9806],[33.7976,1.9839],[33.7989,1.9888],[33.7989,1.9901],[33.7995,1.9912],[33.8014,1.9931],[33.8023,1.9937],[33.8069,1.9944],[33.8084,1.996],[33.81,1.999],[33.8109,2.0],[33.811,2.0013],[33.8123,2.0043],[33.812,2.0069],[33.811,2.0087],[33.8109,2.01],[33.807,2.0146],[33.804,2.016],[33.8036,2.0169],[33.8038,2.0209],[33.8057,2.0227],[33.8098,2.026],[33.8112,2.026],[33.8118,2.0267],[33.8143,2.0269],[33.8143,2.0282],[33.815,2.0289],[33.8156,2.03],[33.8166,2.036],[33.8211,2.0415],[33.8376,2.0427],[33.8497,2.034],[33.8775,2.0283],[33.882,2.0376],[33.8842,2.0403],[33.8844,2.0408],[33.885,2.0417],[33.885,2.0439],[33.8852,2.0444],[33.8859,2.0453],[33.8878,2.0462],[33.8882,2.0466],[33.8891,2.0472],[33.8907,2.0487],[33.8909,2.0492],[33.8916,2.05],[33.8921,2.0516],[33.8925,2.052],[33.8929,2.053],[33.8928,2.0545],[33.8925,2.0548],[33.8916,2.0553],[33.8912,2.0556],[33.8907,2.0559],[33.8903,2.0563],[33.8899,2.0565],[33.8893,2.0566],[33.8889,2.057],[33.888,2.0582],[33.8876,2.0585],[33.8859,2.0638],[33.8798,2.0701],[33.8798,2.0717],[33.88,2.0722],[33.8806,2.0731],[33.8806,2.0737],[33.8808,2.0741],[33.8811,2.0746],[33.8812,2.0751],[33.8817,2.0761],[33.8817,2.0766],[33.8817,2.0777],[33.8813,2.0799],[33.8798,2.0845],[33.8798,2.0889],[33.88,2.0921],[33.8804,2.0937],[33.8814,2.0955],[33.8814,2.0966],[33.8825,2.0989],[33.8828,2.0999],[33.8828,2.1005],[33.883,2.1009],[33.8831,2.1015],[33.8832,2.102],[33.8835,2.1024],[33.8839,2.1035],[33.8883,2.1074],[33.8888,2.1076],[33.8893,2.1078],[33.8909,2.1078],[33.8978,2.1172],[33.8978,2.12],[33.8981,2.121],[33.8988,2.1224],[33.8995,2.1232],[33.8998,2.1237],[33.9003,2.1239],[33.9011,2.1253],[33.9015,2.1257],[33.9016,2.1262],[33.9019,2.1264],[33.9025,2.1284],[33.9031,2.1293],[33.9041,2.1318],[33.9041,2.1376],[33.9027,2.1433],[33.8967,2.1557],[33.8903,2.1621],[33.8897,2.1636],[33.8887,2.165],[33.8879,2.1665],[33.8845,2.1743],[33.8843,2.1751],[33.8843,2.1802],[33.8844,2.181],[33.8855,2.1823],[33.8855,2.1899],[33.8826,2.1983],[33.8818,2.1993],[33.8817,2.2],[33.88,2.2009],[33.8788,2.2036],[33.8743,2.207],[33.8727,2.2088],[33.8723,2.2095],[33.8723,2.2104],[33.8719,2.2108],[33.8719,2.2117],[33.8715,2.2121],[33.8714,2.2129],[33.8689,2.2174],[33.8689,2.2302],[33.8685,2.2306],[33.8685,2.2391],[33.8693,2.2419],[33.8693,2.2539],[33.8718,2.259],[33.8719,2.2598],[33.8719,2.2666],[33.8723,2.2679],[33.8741,2.2698],[33.8749,2.2698],[33.8757,2.2707],[33.8761,2.2714],[33.8766,2.2718],[33.8766,2.2735],[33.8775,2.2766],[33.8787,2.2784],[33.8779,2.281],[33.8783,2.2814],[33.879,2.283],[33.8804,2.2848],[33.8805,2.2856],[33.8817,2.2872],[33.8838,2.2882],[33.8842,2.2889],[33.8851,2.29],[33.8855,2.2907],[33.8855,2.2915],[33.8864,2.2926],[33.8866,2.2934],[33.8869,2.2941],[33.8881,2.2957],[33.8881,2.2965],[33.8885,2.2972],[33.8886,2.298],[33.8898,2.2997],[33.8898,2.3005],[33.8932,2.3048],[33.8941,2.3048],[33.8995,2.3155],[33.7424,2.4115],[33.7424,2.4119],[33.7409,2.4132],[33.7402,2.4145],[33.7398,2.4149],[33.7367,2.4171],[33.7359,2.4175],[33.7351,2.4175],[33.7295,2.4214],[33.7291,2.4221],[33.7277,2.4235],[33.727,2.4247],[33.7264,2.4253],[33.7261,2.426],[33.7253,2.4264],[33.7253,2.4273],[33.7249,2.4277],[33.7249,2.4285],[33.7236,2.4294],[33.7228,2.4296],[33.7204,2.4306],[33.7179,2.4311],[33.7128,2.4311],[33.7121,2.4307],[33.7106,2.4303],[33.7095,2.4294],[33.7073,2.4268],[33.7061,2.4247],[33.7056,2.4243],[33.7056,2.4235],[33.7018,2.4217],[33.7014,2.421],[33.7005,2.4199],[33.6998,2.4185],[33.6992,2.4179],[33.6989,2.4171],[33.6967,2.4148],[33.6958,2.4129],[33.6921,2.4086],[33.6913,2.4072],[33.6911,2.4064],[33.6898,2.4046],[33.6889,2.4038],[33.6875,2.4028],[33.6857,2.401],[33.685,2.4007],[33.684,2.3995],[33.6829,2.3987],[33.6821,2.3983],[33.6808,2.3965],[33.6798,2.3944],[33.6791,2.394],[33.6771,2.3912],[33.6766,2.3908],[33.6749,2.3882],[33.6736,2.3871],[33.6712,2.3841],[33.6695,2.3826],[33.6689,2.3822],[33.6682,2.382],[33.6679,2.3815],[33.6671,2.3812],[33.6667,2.3808],[33.6659,2.3808],[33.665,2.3799],[33.663,2.3791],[33.6622,2.3791],[33.6537,2.3707],[33.645,2.3684],[33.638,2.3727],[33.6348,2.3764],[33.6339,2.3783]]]]}},{"type":"Feature","properties":{"name":"Amuria"},"geometry":{"type":"MultiPolygon","coordinates":[[[[33.8617,1.799],[33.8624,1.8014],[33.863,1.8025],[33.863,1.8131],[33.8638,1.8281],[33.8576,1.8373],[33.8573,1.838],[33.8573,1.8406],[33.8578,1.8413],[33.8573,1.8419],[33.8504,1.8449],[33.8482,1.8464],[33.8471,1.8476],[33.8475,1.8509],[33.845,1.8544],[33.845,1.8612],[33.8458,1.8636],[33.8458,1.8653],[33.8467,1.8686],[33.8462,1.873],[33.8479,1.8767],[33.8492,1.8777],[33.8517,1.881],[33.8527,1.882],[33.8535,1.8832],[33.8549,1.8846],[33.8558,1.8846],[33.8565,1.885],[33.8608,1.885],[33.8636,1.8878],[33.868,1.8905],[33.8697,1.8905],[33.8701,1.891],[33.8708,1.8912],[33.8733,1.8933],[33.8737,1.894],[33.8744,1.8944],[33.8754,1.8958],[33.8766,1.8965],[33.88,1.8965],[33.883,1.9016],[33.8837,1.902],[33.8846,1.9044],[33.8849,1.906],[33.8851,1.9068],[33.8868,1.9105],[33.8868,1.9113],[33.8873,1.9118],[33.8873,1.9135],[33.8884,1.9155],[33.8904,1.918],[33.894,1.9212],[33.8941,1.9237],[33.892,1.926],[33.892,1.9311],[33.8912,1.9323],[33.8882,1.9336],[33.8869,1.9347],[33.8847,1.936],[33.8834,1.9371],[33.886,1.9433],[33.8846,1.9465],[33.8839,1.9468],[33.8823,1.9469],[33.8806,1.9473],[33.8773,1.9491],[33.8768,1.9496],[33.8757,1.9504],[33.8758,1.9538],[33.8761,1.9543],[33.8772,1.9553],[33.878,1.9555],[33.8789,1.9563],[33.8797,1.9563],[33.8804,1.9567],[33.8812,1.9567],[33.882,1.957],[33.8864,1.9646],[33.887,1.9649],[33.8878,1.965],[33.8911,1.9672],[33.8922,1.9729],[33.8949,1.9768],[33.8949,1.9785],[33.8947,1.9792],[33.8934,1.9804],[33.8927,1.9809],[33.8911,1.9815],[33.8907,1.9822],[33.8898,1.9879],[33.8898,1.9922],[33.8894,1.9926],[33.8885,1.9926],[33.8885,1.996],[33.8882,1.9968],[33.8874,1.9971],[33.8868,1.9977],[33.8861,1.9981],[33.8843,1.9998],[33.883,2.0019],[33.883,2.0028],[33.8827,2.0033],[33.8826,2.0049],[33.882,2.0055],[33.88,2.0071],[33.877,2.0084],[33.8766,2.0089],[33.8769,2.0104],[33.8785,2.011],[33.8791,2.0114],[33.877,2.0253],[33.8771,2.0273],[33.8775,2.0283],[33.8497,2.034],[33.8376,2.0427],[33.8211,2.0415],[33.8166,2.036],[33.8156,2.03],[33.815,2.0289],[33.8143,2.0282],[33.8143,2.0269],[33.8118,2.0267],[33.8112,2.026],[33.8098,2.026],[33.8057,2.0227],[33.8038,2.0209],[33.8036,2.0169],[33.804,2.016],[33.807,2.0146],[33.8109,2.01],[33.811,2.0087],[33.812,2.0069],[33.8123,2.0043],[33.811,2.0013],[33.8109,2.0],[33.81,1.999],[33.8084,1.996],[33.8069,1.9944],[33.8023,1.9937],[33.8014,1.9931],[33.7995,1.9912],[33.7989,1.9901],[33.7989,1.9888],[33.7976,1.9839],[33.7961,1.9806],[33.7909,1.9761],[33.7889,1.9701],[33.7869,1.967],[33.7849,1.9659],[33.7809,1.9659],[33.7791,1.9646],[33.7771,1.9601],[33.7743,1.9573],[33.7732,1.9566],[33.7719,1.9553],[33.7698,1.9539],[33.7604,1.9539],[33.7518,1.9473],[33.7478,1.9473],[33.7447,1.9459],[33.7354,1.9459],[33.7347,1.9466],[33.7335,1.9467],[33.7335,1.9494],[33.7342,1.9518],[33.7348,1.9525],[33.7348,1.9551],[33.7374,1.9593],[33.7375,1.9631],[33.7385,1.9663],[33.7395,1.9669],[33.7422,1.9699],[33.7435,1.97],[33.7455,1.9719],[33.7462,1.9757],[33.7455,1.9763],[33.7455,1.9777],[33.7442,1.979],[33.7432,1.9793],[33.7425,1.98],[33.7388,1.9857],[33.7302,1.9943],[33.7302,1.997],[33.7295,1.999],[33.7295,2.003],[33.7288,2.0036],[33.7285,2.0047],[33.7266,2.0069],[33.723,2.0092],[33.717,2.018],[33.7135,2.0276],[33.7141,2.0296],[33.7175,2.0329],[33.7184,2.0333],[33.7222,2.0384],[33.7222,2.0397],[33.7228,2.0404],[33.7235,2.0424],[33.7228,2.0537],[33.7222,2.0557],[33.7222,2.0598],[33.7215,2.0618],[33.7215,2.0671],[33.7222,2.0691],[33.7228,2.0698],[33.7228,2.0711],[33.7295,2.0795],[33.7295,2.0915],[33.7302,2.0922],[33.7301,2.0961],[33.7295,2.0968],[33.7294,2.0981],[33.7206,2.1096],[33.7195,2.1101],[33.7185,2.111],[33.7173,2.1114],[33.7167,2.1122],[33.7148,2.1133],[33.7136,2.1134],[33.713,2.1143],[33.7118,2.1147],[33.7104,2.1147],[33.7098,2.1141],[33.7084,2.1141],[33.7054,2.1154],[33.7036,2.1166],[33.7023,2.1168],[33.6989,2.1186],[33.6977,2.1188],[33.697,2.1194],[33.6957,2.1194],[33.6954,2.1205],[33.6948,2.1212],[33.6937,2.1214],[33.6923,2.1236],[33.6914,2.1244],[33.6908,2.1254],[33.6897,2.1274],[33.6891,2.1281],[33.6801,2.1323],[33.6655,2.1454],[33.6607,2.1557],[33.6607,2.165],[33.6627,2.1688],[33.6653,2.1701],[33.6688,2.1742],[33.6712,2.1775],[33.6721,2.1806],[33.6721,2.1833],[33.6696,2.1861],[33.6679,2.1915],[33.6667,2.193],[33.6667,2.1957],[33.6666,2.1968],[33.6661,2.1977],[33.6659,2.2002],[33.6527,2.2191],[33.6473,2.2335],[33.6393,2.2348],[33.6387,2.2342],[33.6373,2.2342],[33.6367,2.2335],[33.6354,2.2335],[33.6342,2.2317],[33.6325,2.2305],[33.6311,2.2287],[33.63,2.2281],[33.6286,2.2268],[33.6253,2.2226],[33.6244,2.2222],[33.6238,2.2215],[33.6225,2.2213],[33.6203,2.2202],[33.619,2.2188],[33.6179,2.2182],[33.6158,2.2155],[33.6147,2.2153],[33.6147,2.2073],[33.6148,2.2062],[33.6153,2.2053],[33.6154,2.204],[33.6166,2.2035],[33.618,2.2005],[33.6195,2.1985],[33.6207,2.1961],[33.6217,2.1951],[33.626,2.1852],[33.626,2.1825],[33.6267,2.1815],[33.6267,2.1668],[33.6252,2.1621],[33.6227,2.1586],[33.6227,2.1572],[33.6207,2.1562],[33.62,2.1555],[33.6187,2.1554],[33.6173,2.1538],[33.6171,2.1525],[33.6161,2.1516],[33.6089,2.1494],[33.6022,2.1494],[33.5922,2.1541],[33.5906,2.1566],[33.587,2.1588],[33.5857,2.1603],[33.5853,2.1615],[33.579,2.1639],[33.5779,2.1648],[33.5759,2.1659],[33.575,2.1668],[33.572,2.1681],[33.5679,2.1721],[33.5666,2.1721],[33.566,2.1728],[33.5624,2.1743],[33.5619,2.1754],[33.5606,2.1755],[33.5578,2.1776],[33.5561,2.1797],[33.5551,2.1802],[33.5526,2.1828],[33.5512,2.1845],[33.5509,2.1855],[33.5502,2.1861],[33.5499,2.1872],[33.5492,2.1878],[33.5472,2.204],[33.5467,2.2052],[33.5458,2.2062],[33.5223,2.2228],[33.5198,2.223],[33.519,2.2235],[33.5177,2.2236],[33.5166,2.2242],[33.5159,2.2248],[33.5138,2.2258],[33.5125,2.2271],[33.5115,2.2275],[33.5089,2.2276],[33.5077,2.2282],[33.505,2.2282],[33.5045,2.229],[33.5037,2.2295],[33.4967,2.2322],[33.486,2.2402],[33.4819,2.2461],[33.4811,2.2494],[33.4804,2.2501],[33.4713,2.2484],[33.4709,2.2479],[33.4707,2.2473],[33.4702,2.2464],[33.47,2.2457],[33.4697,2.2456],[33.4697,2.2453],[33.4687,2.2443],[33.4678,2.2438],[33.4675,2.2437],[33.4672,2.2436],[33.4666,2.2433],[33.4657,2.2428],[33.4641,2.2426],[33.4562,2.2435],[33.456,2.2438],[33.4557,2.2438],[33.4528,2.2476],[33.4528,2.2479],[33.4526,2.2482],[33.4526,2.2486],[33.4522,2.2491],[33.4522,2.2495],[33.4518,2.25],[33.4451,2.2526],[33.4375,2.2526],[33.4349,2.2491],[33.4349,2.2453],[33.4354,2.2444],[33.4358,2.2439],[33.4365,2.2427],[33.4383,2.2411],[33.4389,2.2409],[33.4404,2.2394],[33.4437,2.2374],[33.446,2.235],[33.4469,2.2332],[33.4491,2.2306],[33.4492,2.2303],[33.4494,2.23],[33.4496,2.2297],[33.4498,2.2295],[33.4499,2.2292],[33.4502,2.2289],[33.4503,2.2286],[33.4514,2.2277],[33.4517,2.2276],[33.4522,2.2271],[33.4532,2.2267],[33.454,2.2262],[33.4551,2.2249],[33.4556,2.224],[33.4559,2.2234],[33.4562,2.2232],[33.4578,2.2202],[33.4581,2.2196],[33.4585,2.2191],[33.4588,2.2189],[33.4589,2.2186],[33.4594,2.2181],[33.4597,2.218],[33.4602,2.2175],[33.4647,2.2152],[33.4653,2.2145],[33.4654,2.2142],[33.4662,2.2128],[33.4663,2.2125],[33.4671,2.2113],[33.4675,2.2097],[33.4675,2.2073],[33.4666,2.1982],[33.4668,2.1979],[33.4671,2.197],[33.4672,2.1963],[33.4676,2.1957],[33.4676,2.1954],[33.4678,2.1951],[33.468,2.1949],[33.468,2.1946],[33.4682,2.1943],[33.4685,2.1931],[33.4616,2.1844],[33.4595,2.1729],[33.4582,2.1714],[33.4581,2.1707],[33.4573,2.1694],[33.4566,2.169],[33.4552,2.1669],[33.4544,2.1661],[33.4537,2.1657],[33.4524,2.164],[33.4522,2.1632],[33.4516,2.1628],[33.451,2.1622],[33.451,2.1614],[33.4501,2.1606],[33.4514,2.157],[33.4522,2.157],[33.454,2.1553],[33.4548,2.1553],[33.4553,2.1549],[33.4561,2.1549],[33.4569,2.154],[33.4573,2.1533],[33.4578,2.1529],[33.458,2.1521],[33.4595,2.1501],[33.4616,2.1452],[33.4655,2.1413],[33.4655,2.1387],[33.4642,2.137],[33.4635,2.1367],[33.4631,2.136],[33.4618,2.135],[33.4611,2.1347],[33.4605,2.1341],[33.4581,2.1335],[33.4575,2.1329],[33.4568,2.1324],[33.456,2.1322],[33.4557,2.1315],[33.4552,2.1311],[33.4545,2.131],[33.4532,2.1291],[33.4505,2.126],[33.4499,2.1255],[33.4491,2.1253],[33.4485,2.1248],[33.442,2.1229],[33.4403,2.1229],[33.4399,2.1225],[33.4373,2.1224],[33.4358,2.122],[33.4341,2.122],[33.4313,2.1233],[33.4296,2.1235],[33.428,2.1241],[33.4259,2.1254],[33.425,2.1254],[33.4246,2.1259],[33.4245,2.1266],[33.424,2.127],[33.424,2.1279],[33.4236,2.1285],[33.4231,2.1302],[33.421,2.134],[33.4193,2.1354],[33.4159,2.1398],[33.414,2.1424],[33.4129,2.1447],[33.4117,2.1459],[33.4114,2.1466],[33.4106,2.1469],[33.4099,2.1484],[33.4092,2.1484],[33.4085,2.1481],[33.407,2.1472],[33.4058,2.1461],[33.4054,2.1453],[33.4047,2.1448],[33.4042,2.1442],[33.404,2.1434],[33.3993,2.14],[33.3969,2.1389],[33.3808,2.122],[33.3759,2.1189],[33.3726,2.1181],[33.3719,2.1177],[33.371,2.1177],[33.3675,2.1156],[33.3667,2.1156],[33.3649,2.1143],[33.3641,2.1142],[33.3638,2.1135],[33.3631,2.1132],[33.3618,2.1122],[33.3608,2.1109],[33.36,2.1105],[33.3594,2.1099],[33.3591,2.1092],[33.3574,2.1075],[33.3519,2.1029],[33.3516,2.1022],[33.3499,2.1005],[33.3493,2.0965],[33.348,2.0936],[33.3473,2.0934],[33.3471,2.0928],[33.345,2.0905],[33.3447,2.0898],[33.3433,2.0882],[33.3433,2.0831],[33.3437,2.0815],[33.3437,2.0781],[33.3439,2.0773],[33.3444,2.0757],[33.345,2.0708],[33.3518,2.0665],[33.3537,2.0638],[33.3547,2.0616],[33.3597,2.0568],[33.3625,2.0509],[33.3625,2.0492],[33.3629,2.0479],[33.3628,2.0445],[33.3617,2.0423],[33.3604,2.0404],[33.3604,2.0396],[33.3598,2.039],[33.3591,2.0375],[33.3587,2.037],[33.3583,2.0363],[33.3578,2.0359],[33.357,2.0339],[33.357,2.0288],[33.3571,2.0281],[33.3596,2.0279],[33.36,2.0272],[33.3606,2.0268],[33.3622,2.0248],[33.3625,2.0241],[33.3638,2.02],[33.3642,2.0192],[33.3642,2.0184],[33.3646,2.0177],[33.3647,2.0169],[33.3651,2.0162],[33.366,2.0088],[33.3682,2.0048],[33.3689,2.0045],[33.369,2.0037],[33.3707,2.002],[33.3714,2.0016],[33.372,2.001],[33.3728,2.0007],[33.3734,2.0002],[33.3749,1.9995],[33.3757,1.9994],[33.376,1.9987],[33.3768,1.9986],[33.3779,1.9977],[33.3787,1.9977],[33.3822,1.993],[33.3937,1.9841],[33.3969,1.9831],[33.3984,1.9822],[33.4031,1.9802],[33.405,1.9785],[33.4059,1.9785],[33.4081,1.9751],[33.4082,1.9727],[33.4087,1.9722],[33.4091,1.9707],[33.4091,1.9681],[33.409,1.9674],[33.4079,1.9654],[33.4074,1.9648],[33.4052,1.9564],[33.4023,1.9517],[33.4018,1.9479],[33.4007,1.9465],[33.4005,1.9458],[33.4005,1.9441],[33.401,1.9434],[33.401,1.9425],[33.4017,1.9411],[33.4018,1.9403],[33.4026,1.9389],[33.4027,1.9373],[33.4031,1.9366],[33.4031,1.9357],[33.404,1.9334],[33.4041,1.9318],[33.4047,1.9312],[33.405,1.9296],[33.4055,1.9289],[33.4057,1.9281],[33.4062,1.9274],[33.4069,1.926],[33.4074,1.9256],[33.4095,1.9223],[33.4098,1.9215],[33.4105,1.9211],[33.4109,1.9204],[33.4116,1.92],[33.4117,1.9192],[33.4132,1.9176],[33.4137,1.9168],[33.4143,1.9163],[33.4147,1.9157],[33.4154,1.9153],[33.4158,1.9149],[33.4159,1.9142],[33.4166,1.9138],[33.4169,1.9131],[33.4176,1.9127],[33.4187,1.9115],[33.4213,1.9093],[33.4233,1.9081],[33.424,1.9079],[33.4263,1.9059],[33.4276,1.9055],[33.4285,1.9046],[33.431,1.9046],[33.4326,1.9051],[33.4374,1.9073],[33.442,1.916],[33.442,1.9228],[33.4416,1.9233],[33.4411,1.9256],[33.4403,1.9265],[33.4402,1.9273],[33.4386,1.9316],[33.4386,1.9453],[33.4382,1.946],[33.4381,1.9468],[33.4381,1.9579],[33.439,1.9654],[33.4413,1.9724],[33.4483,1.9875],[33.4484,1.9883],[33.448,1.9899],[33.448,1.9916],[33.4478,1.9924],[33.4472,1.993],[33.4471,1.9947],[33.4463,1.9987],[33.4463,2.0072],[33.4463,2.008],[33.447,2.0083],[33.4471,2.0092],[33.448,2.0105],[33.4487,2.0128],[33.4493,2.0132],[33.4493,2.0141],[33.4499,2.0155],[33.4513,2.0174],[33.4514,2.0182],[33.4518,2.0186],[33.4531,2.0206],[33.4535,2.021],[33.4537,2.0218],[33.454,2.0225],[33.4547,2.0229],[33.4552,2.0232],[33.4555,2.0238],[33.4584,2.0259],[33.4591,2.0261],[33.4595,2.0268],[33.461,2.0275],[33.4627,2.0291],[33.463,2.0298],[33.4634,2.0302],[33.4679,2.0328],[33.4687,2.0328],[33.4691,2.0332],[33.47,2.0332],[33.4732,2.034],[33.4749,2.0341],[33.4757,2.0344],[33.4773,2.0349],[33.479,2.0353],[33.4807,2.0353],[33.4822,2.0358],[33.4834,2.0365],[33.4842,2.0366],[33.4855,2.0378],[33.4863,2.0379],[33.4873,2.0388],[33.49,2.04],[33.4904,2.0404],[33.499,2.0404],[33.5051,2.0387],[33.5059,2.0379],[33.5114,2.0351],[33.5197,2.0276],[33.5245,2.0175],[33.5401,1.9999],[33.5407,1.9891],[33.5433,1.9847],[33.5471,1.9817],[33.5499,1.9788],[33.5555,1.9755],[33.5582,1.973],[33.5682,1.9673],[33.5861,1.9491],[33.5877,1.9486],[33.5883,1.948],[33.5922,1.9468],[33.5936,1.9461],[33.5971,1.9461],[33.5977,1.9465],[33.5985,1.9466],[33.5991,1.9472],[33.6006,1.9478],[33.6065,1.9472],[33.6081,1.9465],[33.6089,1.9465],[33.6097,1.9462],[33.6162,1.9429],[33.6172,1.942],[33.6174,1.9414],[33.6181,1.9412],[33.6186,1.9405],[33.6211,1.9405],[33.6219,1.9403],[33.6302,1.9365],[33.6343,1.9358],[33.635,1.9354],[33.6427,1.9354],[33.6487,1.9333],[33.6488,1.9325],[33.6492,1.9318],[33.6493,1.9302],[33.6499,1.9287],[33.6501,1.9279],[33.6501,1.9228],[33.6471,1.9107],[33.6471,1.8988],[33.6475,1.8972],[33.648,1.8965],[33.648,1.8956],[33.6484,1.8949],[33.6502,1.8931],[33.651,1.893],[33.6539,1.8914],[33.658,1.8905],[33.6588,1.8902],[33.6595,1.8897],[33.6603,1.8897],[33.6695,1.8811],[33.6721,1.8794],[33.6729,1.8793],[33.6732,1.8786],[33.674,1.8786],[33.6755,1.8771],[33.6803,1.8743],[33.6812,1.8743],[33.6816,1.8737],[33.6847,1.8711],[33.687,1.8685],[33.6878,1.867],[33.6892,1.8662],[33.6896,1.8656],[33.6911,1.8645],[33.6933,1.8636],[33.694,1.8631],[33.6961,1.8624],[33.6974,1.8615],[33.6989,1.861],[33.7039,1.8572],[33.7049,1.8559],[33.7078,1.8542],[33.7189,1.8423],[33.7202,1.8414],[33.7394,1.8243],[33.7398,1.8239],[33.7461,1.8214],[33.7473,1.8202],[33.7497,1.8193],[33.7528,1.8171],[33.7531,1.8165],[33.7536,1.8161],[33.7556,1.8132],[33.7579,1.808],[33.7591,1.8068],[33.7618,1.8026],[33.7622,1.802],[33.7629,1.8016],[33.7642,1.7996],[33.7706,1.7872],[33.7718,1.786],[33.7721,1.7852],[33.7727,1.7849],[33.7733,1.7828],[33.7744,1.7799],[33.7744,1.7645],[33.7753,1.7622],[33.7757,1.7598],[33.7757,1.7581],[33.7762,1.7574],[33.7762,1.7566],[33.7766,1.7559],[33.7766,1.7542],[33.7783,1.7503],[33.7852,1.738],[33.7865,1.7371],[33.7885,1.735],[33.7885,1.7347],[33.802,1.7177],[33.8046,1.7177],[33.8064,1.719],[33.8076,1.7205],[33.8077,1.723],[33.8114,1.7264],[33.8161,1.727],[33.8172,1.7277],[33.821,1.7279],[33.8236,1.7297],[33.8236,1.731],[33.8242,1.7317],[33.8243,1.733],[33.8252,1.7339],[33.8263,1.7344],[33.827,1.7351],[33.827,1.7364],[33.8277,1.7371],[33.829,1.7371],[33.8325,1.7406],[33.8357,1.7452],[33.8445,1.7521],[33.8535,1.762],[33.8545,1.7786],[33.8551,1.7798],[33.8563,1.7804],[33.8596,1.7891],[33.8597,1.7917],[33.8617,1.795],[33.8617,1.799]]]]}},{"type":"Feature","properties":{"name":"Otuke"},"geometry":{"type":"MultiPolygon","coordinates":[[[[32.9824,2.5585],[32.9972,2.5319],[32.9975,2.5312],[32.9976,2.5304],[33.0,2.5266],[33.0006,2.5259],[33.0014,2.5255],[33.0017,2.5249],[33.0025,2.5245],[33.0031,2.523],[33.0059,2.5216],[33.0076,2.5202],[33.027,2.5191],[33.0321,2.5191],[33.0329,2.5194],[33.0363,2.5195],[33.0374,2.5178],[33.0437,2.5153],[33.0445,2.5152],[33.0477,2.5144],[33.0537,2.5144],[33.0604,2.5118],[33.0776,2.5016],[33.0828,2.5003],[33.0905,2.5003],[33.0907,2.501],[33.0907,2.5018],[33.0912,2.5022],[33.0917,2.5034],[33.0924,2.5038],[33.0929,2.5041],[33.1025,2.5067],[33.1108,2.5147],[33.1151,2.5161],[33.1185,2.5161],[33.1281,2.5088],[33.1287,2.5076],[33.1288,2.5067],[33.1292,2.5051],[33.1292,2.4991],[33.1198,2.4881],[33.1203,2.4805],[33.1215,2.4785],[33.1232,2.4785],[33.1246,2.478],[33.1307,2.4747],[33.1343,2.4687],[33.1341,2.4613],[33.1344,2.4605],[33.135,2.4599],[33.1363,2.4577],[33.1373,2.4563],[33.1377,2.4559],[33.1394,2.4559],[33.1402,2.4555],[33.1419,2.4555],[33.1461,2.4576],[33.1473,2.4596],[33.1477,2.461],[33.1488,2.463],[33.1493,2.4645],[33.1496,2.4652],[33.1502,2.4659],[33.1506,2.4666],[33.1514,2.4666],[33.152,2.4672],[33.1544,2.4681],[33.1559,2.469],[33.1565,2.4696],[33.1565,2.4471],[33.1591,2.4402],[33.1654,2.4367],[33.1671,2.4367],[33.1687,2.4363],[33.1815,2.4363],[33.1843,2.435],[33.1856,2.4338],[33.1856,2.4329],[33.1864,2.4329],[33.1865,2.4321],[33.1869,2.4314],[33.187,2.4306],[33.1876,2.43],[33.1882,2.4284],[33.1889,2.427],[33.189,2.4262],[33.1894,2.4258],[33.1896,2.425],[33.1902,2.4244],[33.1906,2.4236],[33.1922,2.4216],[33.1954,2.4188],[33.2065,2.4015],[33.2071,2.4013],[33.2097,2.4013],[33.2111,2.4021],[33.2128,2.4021],[33.2136,2.4024],[33.2145,2.4025],[33.2162,2.4025],[33.2168,2.4023],[33.2176,2.4009],[33.22,2.3987],[33.2215,2.3983],[33.2241,2.3983],[33.2263,2.3951],[33.2275,2.3919],[33.2287,2.3907],[33.2299,2.3884],[33.2314,2.3864],[33.2317,2.3856],[33.233,2.3836],[33.2339,2.3787],[33.2369,2.3733],[33.2415,2.3722],[33.2441,2.3722],[33.2458,2.3718],[33.25,2.3718],[33.2506,2.3724],[33.2507,2.3732],[33.2519,2.3744],[33.2579,2.3743],[33.2602,2.3737],[33.2629,2.3692],[33.2639,2.3679],[33.2647,2.3675],[33.2651,2.3659],[33.2672,2.3624],[33.2682,2.3611],[33.2694,2.3602],[33.2702,2.3594],[33.2706,2.3586],[33.272,2.3577],[33.277,2.3527],[33.2776,2.3522],[33.2783,2.352],[33.2794,2.351],[33.281,2.3507],[33.2818,2.3504],[33.2826,2.3504],[33.2833,2.35],[33.285,2.35],[33.2858,2.3497],[33.2866,2.3496],[33.2917,2.3496],[33.3013,2.3479],[33.3105,2.351],[33.3137,2.355],[33.3159,2.3573],[33.3167,2.3577],[33.3182,2.3581],[33.3189,2.3585],[33.3307,2.3581],[33.3315,2.3582],[33.3323,2.3586],[33.3374,2.3586],[33.3407,2.3615],[33.3475,2.3616],[33.3489,2.3605],[33.3547,2.359],[33.3553,2.3585],[33.3574,2.3573],[33.3592,2.3555],[33.3606,2.3547],[33.3619,2.353],[33.3621,2.3522],[33.366,2.3487],[33.3767,2.3484],[33.3792,2.3492],[33.3808,2.3494],[33.3856,2.3526],[33.3902,2.3589],[33.3961,2.3605],[33.4028,2.3651],[33.4167,2.3803],[33.4209,2.382],[33.4243,2.382],[33.426,2.3816],[33.4277,2.3815],[33.4301,2.3808],[33.4335,2.3807],[33.436,2.3803],[33.4375,2.3797],[33.4385,2.3786],[33.4408,2.3778],[33.4449,2.3769],[33.4467,2.3769],[33.4474,2.3766],[33.4802,2.3765],[33.4816,2.3755],[33.486,2.3738],[33.4864,2.3733],[33.4877,2.3727],[33.489,2.3716],[33.4906,2.371],[33.4951,2.3675],[33.4954,2.3675],[33.5218,2.3684],[33.5218,2.3695],[33.5225,2.3701],[33.5225,2.3715],[33.523,2.3723],[33.5257,2.3749],[33.5265,2.3755],[33.5277,2.3756],[33.5292,2.3782],[33.5384,2.3783],[33.5391,2.3776],[33.5404,2.3776],[33.5444,2.3751],[33.5473,2.3729],[33.5486,2.3729],[33.5495,2.372],[33.5507,2.3715],[33.5526,2.3699],[33.5536,2.3696],[33.5568,2.3648],[33.558,2.3642],[33.5608,2.3614],[33.5632,2.3585],[33.5639,2.3565],[33.565,2.3563],[33.5667,2.3549],[33.5743,2.3529],[33.5761,2.3516],[33.5785,2.3509],[33.5905,2.3509],[33.5915,2.3516],[33.5982,2.3516],[33.5993,2.3522],[33.6019,2.3523],[33.6039,2.3543],[33.6063,2.3553],[33.6068,2.3563],[33.6119,2.3582],[33.6339,2.3783],[33.6339,2.3851],[33.6357,2.3915],[33.6375,2.3951],[33.6381,2.3957],[33.6388,2.398],[33.6394,2.3984],[33.6395,2.3991],[33.6402,2.4003],[33.6411,2.4014],[33.6413,2.4021],[33.642,2.4034],[33.6431,2.4042],[33.6433,2.4049],[33.6445,2.4064],[33.645,2.408],[33.6455,2.4085],[33.6458,2.4091],[33.6462,2.4095],[33.6463,2.4103],[33.6476,2.4124],[33.6492,2.4141],[33.6501,2.4167],[33.6488,2.443],[33.648,2.4452],[33.648,2.4469],[33.6471,2.4483],[33.647,2.4491],[33.6454,2.4508],[33.6454,2.4517],[33.645,2.4524],[33.6424,2.4551],[33.6448,2.4756],[33.6447,2.4758],[33.6443,2.4771],[33.6436,2.4782],[33.6431,2.4806],[33.6421,2.4816],[33.642,2.4829],[33.6414,2.4835],[33.6414,2.4849],[33.638,2.489],[33.6266,2.497],[33.6253,2.4974],[33.6242,2.4981],[33.623,2.4984],[33.6195,2.501],[33.6187,2.5015],[33.6114,2.5044],[33.6048,2.509],[33.6013,2.5121],[33.6003,2.5124],[33.5889,2.5252],[33.5879,2.526],[33.587,2.5264],[33.5866,2.5273],[33.5856,2.5277],[33.5833,2.5299],[33.5759,2.5384],[33.5759,2.5397],[33.5746,2.5397],[33.5736,2.5421],[33.5733,2.5433],[33.5726,2.5444],[33.5599,2.5616],[33.5579,2.5657],[33.5579,2.5664],[33.5243,2.6147],[33.5235,2.6146],[33.5219,2.6132],[33.5187,2.6114],[33.5168,2.6104],[33.5159,2.6104],[33.5138,2.609],[33.5122,2.6087],[33.5118,2.6083],[33.511,2.608],[33.5096,2.607],[33.5033,2.604],[33.5007,2.6032],[33.4982,2.6032],[33.4975,2.6028],[33.4949,2.6027],[33.4942,2.6024],[33.4856,2.6023],[33.4802,2.6033],[33.4651,2.6079],[33.4639,2.6085],[33.4634,2.609],[33.4604,2.6104],[33.4598,2.6109],[33.459,2.6113],[33.4574,2.6115],[33.456,2.6124],[33.4544,2.6129],[33.4533,2.6138],[33.4524,2.6139],[33.4519,2.6145],[33.4504,2.6148],[33.4483,2.6162],[33.4467,2.6166],[33.4451,2.6173],[33.444,2.6181],[33.4436,2.6187],[33.4429,2.619],[33.4408,2.6213],[33.4339,2.6322],[33.4309,2.6348],[33.4293,2.6355],[33.4267,2.6375],[33.4237,2.6389],[33.4231,2.6395],[33.4205,2.6395],[33.4198,2.6391],[33.419,2.639],[33.4149,2.6362],[33.4113,2.6328],[33.4105,2.6326],[33.4104,2.6319],[33.4097,2.6316],[33.4087,2.6294],[33.4072,2.6274],[33.4065,2.627],[33.4051,2.625],[33.3982,2.6228],[33.3869,2.6207],[33.3805,2.6258],[33.3685,2.6258],[33.3681,2.6262],[33.3664,2.6262],[33.3656,2.6265],[33.3648,2.6267],[33.3631,2.6267],[33.3617,2.6275],[33.3608,2.6275],[33.3566,2.6297],[33.3546,2.6312],[33.3538,2.6314],[33.3534,2.6319],[33.3527,2.6322],[33.351,2.6322],[33.3357,2.6244],[33.3279,2.619],[33.325,2.6178],[33.3003,2.6113],[33.287,2.6117],[33.2625,2.6181],[33.2523,2.6181],[33.2481,2.6173],[33.2242,2.6173],[33.2235,2.6177],[33.2218,2.6177],[33.2202,2.6181],[33.2159,2.6181],[33.2053,2.6199],[33.2044,2.6207],[33.2017,2.6226],[33.2006,2.6239],[33.1999,2.6243],[33.1993,2.6249],[33.1973,2.6262],[33.1899,2.6254],[33.1821,2.6204],[33.1774,2.6187],[33.1767,2.6183],[33.1744,2.6174],[33.1706,2.6155],[33.1693,2.6138],[33.1686,2.6134],[33.1677,2.6122],[33.167,2.6117],[33.1644,2.6117],[33.1636,2.612],[33.163,2.6126],[33.1621,2.6126],[33.1617,2.6133],[33.1604,2.6141],[33.1586,2.6161],[33.1574,2.619],[33.1574,2.6216],[33.1562,2.6248],[33.1561,2.6256],[33.1558,2.6264],[33.1549,2.6278],[33.154,2.6302],[33.1529,2.632],[33.1498,2.633],[33.1481,2.6331],[33.1474,2.6335],[33.1146,2.6324],[33.1119,2.6285],[33.1092,2.6256],[33.1083,2.6251],[33.107,2.6251],[33.1063,2.6244],[33.105,2.6244],[33.1025,2.6238],[33.0918,2.6238],[33.0911,2.6231],[33.0892,2.622],[33.0881,2.6218],[33.0874,2.6211],[33.0869,2.6201],[33.0846,2.6178],[33.0845,2.6165],[33.0833,2.6164],[33.0826,2.6158],[33.0802,2.6151],[33.0796,2.6144],[33.0785,2.6141],[33.0776,2.6136],[33.0761,2.6118],[33.0752,2.6114],[33.0741,2.6091],[33.0705,2.6057],[33.0692,2.6057],[33.0681,2.6051],[33.0561,2.6051],[33.0551,2.6044],[33.0438,2.6021],[33.0415,2.6011],[33.0378,2.6008],[33.0338,2.5956],[33.0337,2.5944],[33.0324,2.5943],[33.0296,2.5898],[33.0288,2.5888],[33.0278,2.5882],[33.0276,2.5871],[33.0265,2.5865],[33.0252,2.5864],[33.0219,2.5844],[33.0206,2.5844],[33.0185,2.5829],[33.0172,2.5825],[33.0162,2.5817],[33.0145,2.5799],[33.0134,2.5792],[33.0118,2.5772],[33.0108,2.5748],[33.0104,2.5736],[33.0103,2.571],[33.0039,2.5599],[33.0024,2.5586],[33.0013,2.5584],[32.999,2.5588],[32.9958,2.5617],[32.9878,2.5617],[32.983,2.5594],[32.9824,2.5585]]]]}},{"type":"Feature","properties":{"name":"Moroto"},"geometry":{"type":"MultiPolygon","coordinates":[[[[33.5218,2.3684],[33.4954,2.3675],[33.4951,2.3675],[33.4906,2.371],[33.489,2.3716],[33.4877,2.3727],[33.4864,2.3733],[33.486,2.3738],[33.4816,2.3755],[33.4802,2.3765],[33.4474,2.3766],[33.4467,2.3769],[33.4449,2.3769],[33.4408,2.3778],[33.4385,2.3786],[33.4375,2.3797],[33.436,2.3803],[33.4335,2.3807],[33.4301,2.3808],[33.4277,2.3815],[33.426,2.3816],[33.4243,2.382],[33.4209,2.382],[33.4167,2.3803],[33.4028,2.3651],[33.3961,2.3605],[33.3902,2.3589],[33.3856,2.3526],[33.3808,2.3494],[33.3792,2.3492],[33.3767,2.3484],[33.366,2.3487],[33.3621,2.3522],[33.3619,2.353],[33.3606,2.3547],[33.3592,2.3555],[33.3574,2.3573],[33.3553,2.3585],[33.3547,2.359],[33.3489,2.3605],[33.3475,2.3616],[33.3407,2.3615],[33.3374,2.3586],[33.3323,2.3586],[33.3315,2.3582],[33.3307,2.3581],[33.3189,2.3585],[33.3182,2.3581],[33.3167,2.3577],[33.3159,2.3573],[33.3137,2.355],[33.3105,2.351],[33.3013,2.3479],[33.2979,2.348],[33.2917,2.3496],[33.2866,2.3496],[33.2858,2.3497],[33.285,2.35],[33.2833,2.35],[33.2826,2.3504],[33.2818,2.3504],[33.281,2.3507],[33.2794,2.351],[33.2783,2.352],[33.2776,2.3522],[33.277,2.3527],[33.272,2.3577],[33.2706,2.3586],[33.2702,2.3594],[33.2694,2.3602],[33.2682,2.3611],[33.2672,2.3624],[33.2651,2.3659],[33.2647,2.3675],[33.2639,2.3679],[33.2629,2.3692],[33.2602,2.3737],[33.2579,2.3743],[33.2519,2.3744],[33.2507,2.3732],[33.2506,2.3724],[33.25,2.3718],[33.2458,2.3718],[33.2441,2.3722],[33.2415,2.3722],[33.2369,2.3733],[33.2339,2.3787],[33.233,2.3836],[33.2317,2.3856],[33.2314,2.3864],[33.2299,2.3884],[33.2287,2.3907],[33.2275,2.3919],[33.2263,2.3951],[33.2241,2.3983],[33.2215,2.3983],[33.22,2.3987],[33.2176,2.4009],[33.2168,2.4023],[33.2162,2.4025],[33.2145,2.4025],[33.2136,2.4024],[33.2128,2.4021],[33.2111,2.4021],[33.2097,2.4013],[33.2071,2.4013],[33.2065,2.4015],[33.1954,2.4188],[33.1922,2.4216],[33.1906,2.4236],[33.1902,2.4244],[33.1896,2.425],[33.1894,2.4258],[33.189,2.4262],[33.1889,2.427],[33.1882,2.4284],[33.1876,2.43],[33.187,2.4306],[33.1869,2.4314],[33.1865,2.4321],[33.1864,2.4329],[33.1856,2.4329],[33.1856,2.4338],[33.1843,2.435],[33.1815,2.4363],[33.1687,2.4363],[33.1671,2.4367],[33.1654,2.4367],[33.1591,2.4402],[33.1565,2.4471],[33.1565,2.4696],[33.1559,2.469],[33.1544,2.4681],[33.152,2.4672],[33.1514,2.4666],[33.1506,2.4666],[33.1502,2.4659],[33.1496,2.4652],[33.1493,2.4645],[33.1488,2.463],[33.1477,2.461],[33.1473,2.4596],[33.1461,2.4576],[33.1419,2.4555],[33.1402,2.4555],[33.1394,2.4559],[33.1377,2.4559],[33.1373,2.4563],[33.1363,2.4577],[33.135,2.4599],[33.1344,2.4605],[33.1341,2.4613],[33.1343,2.4687],[33.1307,2.4747],[33.1246,2.478],[33.1232,2.4785],[33.1215,2.4785],[33.1203,2.4805],[33.1198,2.4881],[33.1292,2.4991],[33.1292,2.5051],[33.1288,2.5067],[33.1287,2.5076],[33.1281,2.5088],[33.1253,2.5101],[33.1241,2.5113],[33.1233,2.5114],[33.1214,2.513],[33.121,2.5136],[33.1185,2.5161],[33.1151,2.5161],[33.1108,2.5147],[33.1025,2.5067],[33.0929,2.5041],[33.0924,2.5038],[33.0917,2.5034],[33.0912,2.5022],[33.0907,2.5018],[33.0907,2.501],[33.0905,2.5003],[33.0828,2.5003],[33.0776,2.5016],[33.0604,2.5118],[33.0537,2.5144],[33.0477,2.5144],[33.0445,2.5152],[33.0437,2.5153],[33.0374,2.5178],[33.0363,2.5195],[33.0329,2.5194],[33.0321,2.5191],[33.027,2.5191],[33.0076,2.5202],[33.0065,2.5103],[33.0061,2.5101],[33.005,2.5089],[33.0033,2.5076],[33.0009,2.5063],[32.9999,2.5061],[32.9994,2.5054],[32.9994,2.5048],[33.0003,2.5034],[33.0017,2.4999],[33.0022,2.495],[33.0028,2.4936],[33.0038,2.4923],[33.0042,2.4919],[33.0046,2.4917],[33.0046,2.4879],[33.0057,2.4842],[33.006,2.4815],[33.0076,2.4781],[33.0076,2.4775],[33.0074,2.4771],[33.0065,2.4766],[33.0065,2.4723],[33.0063,2.4712],[33.0063,2.4701],[33.0054,2.4675],[33.0054,2.4664],[33.0053,2.4659],[33.004,2.463],[33.0005,2.4606],[33.0,2.4598],[32.999,2.4588],[32.9926,2.4448],[32.9916,2.4435],[32.9908,2.4437],[32.9896,2.4427],[32.9885,2.4415],[32.9855,2.4357],[32.9835,2.4331],[32.9817,2.4304],[32.9783,2.4269],[32.9781,2.4264],[32.9759,2.4248],[32.9754,2.4248],[32.9749,2.4246],[32.9713,2.4222],[32.9701,2.4211],[32.968,2.4186],[32.9675,2.4176],[32.9668,2.4168],[32.9666,2.4164],[32.9666,2.4158],[32.9663,2.4154],[32.9663,2.4143],[32.9661,2.4133],[32.9661,2.4122],[32.9658,2.4118],[32.9658,2.4112],[32.9653,2.4106],[32.9644,2.4103],[32.9637,2.4096],[32.9623,2.4088],[32.9575,2.4077],[32.9566,2.4072],[32.9559,2.406],[32.9548,2.3863],[32.9554,2.3849],[32.9557,2.3846],[32.9557,2.3841],[32.9567,2.3837],[32.9575,2.3831],[32.9584,2.3826],[32.9585,2.3821],[32.9587,2.3817],[32.9588,2.3806],[32.9597,2.378],[32.96,2.3776],[32.9607,2.374],[32.961,2.373],[32.9613,2.3725],[32.9615,2.372],[32.9618,2.3716],[32.962,2.3711],[32.9628,2.3699],[32.9649,2.3682],[32.9664,2.3616],[32.972,2.3543],[32.9718,2.3348],[32.9745,2.3286],[32.9756,2.3276],[32.9781,2.3262],[32.9807,2.3259],[32.9812,2.3256],[32.9861,2.3256],[32.9865,2.3259],[32.9881,2.326],[32.9901,2.327],[32.9912,2.3281],[32.9913,2.3287],[32.9916,2.3291],[32.9919,2.3301],[32.9948,2.3327],[33.0014,2.3341],[33.0093,2.3398],[33.0099,2.3399],[33.0108,2.3403],[33.0113,2.3405],[33.0117,2.3409],[33.0122,2.3409],[33.0131,2.3416],[33.0136,2.3417],[33.0147,2.3418],[33.0152,2.342],[33.0266,2.342],[33.0272,2.3421],[33.0422,2.3495],[33.0432,2.3497],[33.0437,2.35],[33.0447,2.3503],[33.046,2.3508],[33.0474,2.351],[33.0533,2.362],[33.0537,2.3624],[33.0539,2.3628],[33.0545,2.3637],[33.055,2.3639],[33.0564,2.3656],[33.0573,2.3669],[33.0577,2.368],[33.058,2.3684],[33.0585,2.3693],[33.0585,2.3715],[33.059,2.3725],[33.0592,2.3735],[33.0598,2.3744],[33.0599,2.3749],[33.0604,2.3758],[33.0604,2.3764],[33.064,2.3828],[33.0654,2.3841],[33.0664,2.3845],[33.0673,2.3851],[33.0683,2.3854],[33.0697,2.3862],[33.0707,2.3865],[33.0718,2.3866],[33.0758,2.3854],[33.0798,2.3812],[33.0803,2.3803],[33.0808,2.3797],[33.0842,2.3719],[33.0842,2.3714],[33.0849,2.37],[33.085,2.3695],[33.085,2.369],[33.0856,2.3681],[33.0861,2.3655],[33.0869,2.334],[33.0858,2.3293],[33.0856,2.3217],[33.0859,2.3187],[33.0932,2.3014],[33.0943,2.2858],[33.0957,2.2835],[33.0957,2.283],[33.097,2.2814],[33.0982,2.2804],[33.0998,2.2785],[33.1057,2.2673],[33.1079,2.2655],[33.1155,2.2653],[33.1173,2.2682],[33.1177,2.2685],[33.118,2.2689],[33.1184,2.2693],[33.1188,2.2695],[33.1195,2.2704],[33.1204,2.2709],[33.121,2.271],[33.1214,2.2712],[33.1285,2.2712],[33.1323,2.2709],[33.1351,2.2682],[33.1378,2.2631],[33.1385,2.2623],[33.1389,2.2616],[33.1403,2.2281],[33.1406,2.2277],[33.1411,2.2267],[33.1414,2.2263],[33.1426,2.224],[33.1429,2.2236],[33.1436,2.2205],[33.1508,2.2123],[33.1509,2.2118],[33.1512,2.2116],[33.1512,2.211],[33.152,2.2097],[33.1522,2.2087],[33.1528,2.2077],[33.1528,2.2072],[33.1534,2.2063],[33.1534,2.2025],[33.1531,2.2022],[33.1516,2.2019],[33.1478,2.2018],[33.1468,2.2016],[33.1298,2.2016],[33.1255,2.2007],[33.1157,2.2005],[33.1142,2.2002],[33.1127,2.1996],[33.1105,2.1975],[33.1101,2.1968],[33.1097,2.1964],[33.1096,2.1959],[33.1093,2.1956],[33.1088,2.1947],[33.1084,2.1944],[33.1079,2.1936],[33.1071,2.1928],[33.1069,2.1923],[33.0962,2.1862],[33.0957,2.1862],[33.0946,2.1842],[33.0945,2.1832],[33.0941,2.1822],[33.094,2.18],[33.0954,2.1773],[33.0958,2.1769],[33.0963,2.1766],[33.1013,2.1692],[33.1083,2.1643],[33.1151,2.1529],[33.1168,2.1509],[33.1172,2.1505],[33.1194,2.1476],[33.12,2.1456],[33.1206,2.1447],[33.1207,2.1442],[33.1214,2.1428],[33.1211,2.1358],[33.1218,2.1339],[33.1219,2.1328],[33.1222,2.1324],[33.1222,2.1319],[33.1225,2.1316],[33.1225,2.131],[33.1228,2.1307],[33.1228,2.1297],[33.1246,2.1273],[33.1253,2.1267],[33.1259,2.1266],[33.126,2.1261],[33.1283,2.1253],[33.1352,2.1239],[33.1363,2.1239],[33.1374,2.1237],[33.1384,2.1236],[33.1408,2.1229],[33.1532,2.122],[33.1635,2.1304],[33.1666,2.1319],[33.1699,2.1318],[33.1704,2.1317],[33.1713,2.131],[33.1717,2.131],[33.1725,2.1305],[33.1728,2.1302],[33.175,2.1266],[33.1765,2.1251],[33.177,2.1242],[33.1781,2.123],[33.1782,2.1224],[33.1799,2.1204],[33.1803,2.1201],[33.1808,2.12],[33.1818,2.1196],[33.1833,2.1194],[33.1859,2.1174],[33.1865,2.1174],[33.1869,2.117],[33.1873,2.1167],[33.1929,2.1147],[33.1944,2.1144],[33.1961,2.1144],[33.197,2.114],[33.2045,2.1065],[33.2065,2.1061],[33.207,2.1059],[33.2113,2.1059],[33.2124,2.1056],[33.2129,2.1056],[33.2133,2.1054],[33.2138,2.1053],[33.2141,2.105],[33.2143,2.1046],[33.2145,2.1036],[33.2151,2.1027],[33.2158,2.1012],[33.2162,2.1009],[33.2168,2.1],[33.2179,2.0988],[33.2196,2.0988],[33.2216,2.0982],[33.2233,2.0982],[33.2253,2.0977],[33.2292,2.0977],[33.234,2.1012],[33.2345,2.1022],[33.2353,2.103],[33.2356,2.104],[33.2365,2.1053],[33.237,2.1054],[33.2375,2.1056],[33.2391,2.1056],[33.2485,2.1013],[33.2488,2.1009],[33.2488,2.1004],[33.2497,2.0984],[33.2508,2.0966],[33.252,2.0958],[33.255,2.0935],[33.256,2.093],[33.2573,2.0914],[33.2669,2.0745],[33.2726,2.0693],[33.2737,2.0679],[33.274,2.0663],[33.2747,2.0655],[33.2756,2.0633],[33.2776,2.0603],[33.2776,2.0597],[33.278,2.059],[33.2784,2.0588],[33.2789,2.0579],[33.2793,2.0575],[33.2795,2.057],[33.28,2.0565],[33.2819,2.0551],[33.2842,2.0542],[33.2853,2.0542],[33.2858,2.0542],[33.2863,2.054],[33.289,2.054],[33.29,2.0537],[33.2928,2.0537],[33.3044,2.0589],[33.3094,2.0589],[33.3099,2.0587],[33.311,2.0586],[33.312,2.0583],[33.3126,2.0583],[33.3208,2.0545],[33.3222,2.0534],[33.3239,2.0526],[33.3388,2.0512],[33.3598,2.039],[33.3604,2.0396],[33.3604,2.0404],[33.3617,2.0423],[33.3628,2.0445],[33.3629,2.0479],[33.3625,2.0492],[33.3625,2.0509],[33.3597,2.0568],[33.3547,2.0616],[33.3537,2.0638],[33.3518,2.0665],[33.345,2.0708],[33.3444,2.0757],[33.3439,2.0773],[33.3437,2.0781],[33.3437,2.0815],[33.3433,2.0831],[33.3433,2.0882],[33.3447,2.0898],[33.345,2.0905],[33.3471,2.0928],[33.3473,2.0934],[33.348,2.0936],[33.3493,2.0965],[33.3499,2.1005],[33.3516,2.1022],[33.3519,2.1029],[33.3574,2.1075],[33.3591,2.1092],[33.3594,2.1099],[33.36,2.1105],[33.3608,2.1109],[33.3618,2.1122],[33.3631,2.1132],[33.3638,2.1135],[33.3641,2.1142],[33.3667,2.1156],[33.3675,2.1156],[33.371,2.1177],[33.3719,2.1177],[33.3726,2.1181],[33.3759,2.1189],[33.3808,2.122],[33.3969,2.1389],[33.3993,2.14],[33.404,2.1434],[33.4042,2.1442],[33.4047,2.1448],[33.4054,2.1453],[33.4058,2.1461],[33.407,2.1472],[33.4085,2.1481],[33.4092,2.1484],[33.4099,2.1484],[33.4114,2.1466],[33.4117,2.1459],[33.4129,2.1447],[33.414,2.1424],[33.4159,2.1398],[33.4193,2.1354],[33.421,2.134],[33.4231,2.1302],[33.4236,2.1285],[33.424,2.1279],[33.424,2.127],[33.4245,2.1266],[33.4246,2.1259],[33.425,2.1254],[33.4259,2.1254],[33.428,2.1241],[33.4296,2.1235],[33.4313,2.1233],[33.4341,2.122],[33.4358,2.122],[33.4373,2.1224],[33.4399,2.1225],[33.4403,2.1229],[33.442,2.1229],[33.4425,2.1233],[33.4485,2.1248],[33.4491,2.1253],[33.4499,2.1255],[33.4505,2.126],[33.4532,2.1291],[33.4545,2.131],[33.4552,2.1311],[33.4557,2.1315],[33.456,2.1322],[33.4568,2.1324],[33.4575,2.1329],[33.4581,2.1335],[33.4618,2.135],[33.4631,2.136],[33.4635,2.1367],[33.4642,2.137],[33.4655,2.1387],[33.4655,2.1413],[33.4616,2.1452],[33.4595,2.1501],[33.458,2.1521],[33.4578,2.1529],[33.4573,2.1533],[33.4569,2.154],[33.4561,2.1549],[33.4553,2.1549],[33.4548,2.1553],[33.454,2.1553],[33.4522,2.157],[33.4514,2.157],[33.4501,2.1606],[33.451,2.1614],[33.451,2.1622],[33.4516,2.1628],[33.4522,2.1632],[33.4524,2.164],[33.4537,2.1657],[33.4544,2.1661],[33.4552,2.1669],[33.4566,2.169],[33.4573,2.1694],[33.4581,2.1707],[33.4582,2.1714],[33.4595,2.1729],[33.4616,2.1844],[33.4685,2.1931],[33.4682,2.1943],[33.468,2.1946],[33.468,2.1949],[33.4678,2.1951],[33.4676,2.1954],[33.4676,2.1957],[33.4672,2.1963],[33.4671,2.197],[33.4668,2.1979],[33.4666,2.1982],[33.4675,2.2073],[33.4675,2.2097],[33.4671,2.2113],[33.4663,2.2125],[33.4662,2.2128],[33.4654,2.2142],[33.4653,2.2145],[33.4647,2.2152],[33.4602,2.2175],[33.4597,2.218],[33.4594,2.2181],[33.4589,2.2186],[33.4588,2.2189],[33.4585,2.2191],[33.4581,2.2196],[33.4578,2.2202],[33.4562,2.2232],[33.4559,2.2234],[33.4556,2.224],[33.4551,2.2249],[33.454,2.2262],[33.4532,2.2267],[33.4522,2.2271],[33.4517,2.2276],[33.4514,2.2277],[33.4503,2.2286],[33.4502,2.2289],[33.4499,2.2292],[33.4498,2.2295],[33.4496,2.2297],[33.4494,2.23],[33.4492,2.2303],[33.4491,2.2306],[33.4469,2.2332],[33.446,2.235],[33.4437,2.2374],[33.4404,2.2394],[33.4389,2.2409],[33.4383,2.2411],[33.4365,2.2427],[33.4358,2.2439],[33.4354,2.2444],[33.4349,2.2453],[33.4349,2.2491],[33.4375,2.2526],[33.4451,2.2526],[33.4518,2.25],[33.4522,2.2495],[33.4522,2.2491],[33.4526,2.2486],[33.4526,2.2482],[33.4528,2.2479],[33.4528,2.2476],[33.4557,2.2438],[33.456,2.2438],[33.4562,2.2435],[33.4641,2.2426],[33.4657,2.2428],[33.4666,2.2433],[33.4672,2.2436],[33.4675,2.2437],[33.4678,2.2438],[33.4687,2.2443],[33.4697,2.2453],[33.4697,2.2456],[33.47,2.2457],[33.4702,2.2464],[33.4707,2.2473],[33.4709,2.2479],[33.4713,2.2484],[33.4804,2.2501],[33.4804,2.2554],[33.4798,2.2561],[33.4798,2.2614],[33.4819,2.2625],[33.4826,2.2635],[33.4839,2.2636],[33.5025,2.2762],[33.5158,2.2829],[33.5347,2.2956],[33.5377,2.2982],[33.5379,2.2994],[33.5385,2.3005],[33.5385,2.3125],[33.5379,2.3136],[33.5379,2.3282],[33.5374,2.3294],[33.5365,2.3303],[33.5365,2.3343],[33.5354,2.3363],[33.5349,2.3399],[33.5312,2.3479],[33.5312,2.3492],[33.5218,2.3641],[33.5218,2.3684]]]]}},{"type":"Feature","properties":{"name":"Erute"},"geometry":{"type":"MultiPolygon","coordinates":[[[[32.7638,2.6044],[32.7721,2.5878],[32.7852,2.5738],[32.7912,2.5606],[32.8033,2.5465],[32.8041,2.5445],[32.8041,2.5424],[32.8042,2.5421],[32.8044,2.5418],[32.8046,2.5412],[32.805,2.5407],[32.8051,2.5403],[32.8054,2.5401],[32.806,2.5394],[32.8062,2.539],[32.8089,2.537],[32.8093,2.5368],[32.8102,2.5364],[32.8112,2.5361],[32.8121,2.5355],[32.8141,2.5348],[32.8147,2.5345],[32.8202,2.5336],[32.8253,2.5328],[32.8369,2.5327],[32.8403,2.5312],[32.8406,2.531],[32.8416,2.53],[32.8419,2.5294],[32.842,2.5277],[32.8431,2.5241],[32.8475,2.5164],[32.8498,2.4985],[32.8568,2.4922],[32.857,2.4919],[32.857,2.4915],[32.8571,2.4913],[32.8571,2.4909],[32.8575,2.49],[32.8585,2.4881],[32.8575,2.4677],[32.8572,2.4674],[32.8572,2.4669],[32.858,2.4657],[32.8581,2.4652],[32.8586,2.465],[32.8591,2.4641],[32.8595,2.4637],[32.86,2.4635],[32.8602,2.4631],[32.861,2.4625],[32.8615,2.4624],[32.8619,2.462],[32.8623,2.4618],[32.8627,2.4614],[32.8632,2.4612],[32.8632,2.4606],[32.8638,2.4606],[32.8643,2.4599],[32.8648,2.4597],[32.8652,2.4594],[32.8655,2.459],[32.8684,2.4579],[32.8695,2.4579],[32.8709,2.4573],[32.8714,2.4573],[32.8717,2.457],[32.8728,2.4568],[32.877,2.4562],[32.8774,2.4558],[32.8795,2.4551],[32.8798,2.4548],[32.8802,2.4545],[32.8806,2.4541],[32.8831,2.453],[32.8836,2.453],[32.8839,2.4527],[32.884,2.4523],[32.884,2.4501],[32.8843,2.4491],[32.8843,2.4474],[32.8846,2.4469],[32.8846,2.4458],[32.8848,2.4448],[32.8848,2.441],[32.885,2.4405],[32.8854,2.4389],[32.8854,2.4324],[32.8854,2.4318],[32.8857,2.4314],[32.8856,2.4057],[32.8843,2.4019],[32.8843,2.3948],[32.8857,2.388],[32.8857,2.382],[32.8859,2.3815],[32.8862,2.3799],[32.8862,2.3739],[32.8859,2.3735],[32.8859,2.3729],[32.8857,2.3725],[32.8843,2.3721],[32.8838,2.3719],[32.8834,2.3715],[32.8809,2.3713],[32.8768,2.3688],[32.8636,2.353],[32.861,2.3464],[32.8608,2.3461],[32.8604,2.3452],[32.86,2.3448],[32.8599,2.3443],[32.8589,2.3426],[32.8588,2.3421],[32.8575,2.3404],[32.8562,2.339],[32.8551,2.3372],[32.8539,2.336],[32.8531,2.3348],[32.853,2.3344],[32.8526,2.3335],[32.8512,2.3188],[32.8504,2.3169],[32.8504,2.3164],[32.849,2.3137],[32.8487,2.3133],[32.8485,2.3128],[32.8479,2.3122],[32.8475,2.312],[32.8471,2.3117],[32.8401,2.3092],[32.8346,2.3092],[32.8326,2.3095],[32.832,2.3096],[32.8316,2.3099],[32.8311,2.31],[32.8284,2.3104],[32.8134,2.3223],[32.8123,2.3224],[32.8118,2.3226],[32.8113,2.3226],[32.8102,2.3229],[32.8091,2.3229],[32.8081,2.3232],[32.8043,2.3232],[32.8039,2.323],[32.8036,2.3226],[32.8031,2.3224],[32.8017,2.3201],[32.799,2.3139],[32.7979,2.3059],[32.8058,2.2912],[32.8058,2.2846],[32.8016,2.2769],[32.8006,2.2764],[32.8004,2.2759],[32.8,2.2756],[32.7994,2.2754],[32.7985,2.2749],[32.7981,2.2745],[32.7971,2.2742],[32.7962,2.2737],[32.7948,2.2732],[32.7943,2.2729],[32.7938,2.2724],[32.7933,2.2723],[32.7925,2.2716],[32.792,2.2714],[32.7912,2.2707],[32.7908,2.2699],[32.7902,2.2693],[32.7902,2.2688],[32.7897,2.2682],[32.7897,2.2666],[32.7902,2.2647],[32.7955,2.2562],[32.7962,2.2557],[32.7962,2.2551],[32.7965,2.2548],[32.7967,2.2544],[32.7973,2.2519],[32.8044,2.2385],[32.8059,2.2376],[32.8069,2.2376],[32.8109,2.2362],[32.8236,2.2291],[32.8263,2.2267],[32.8273,2.2263],[32.8288,2.2256],[32.8297,2.225],[32.8327,2.2238],[32.8529,2.2108],[32.8631,2.2098],[32.8671,2.2079],[32.8688,2.206],[32.8697,2.2055],[32.8729,2.2033],[32.8744,2.2028],[32.8771,2.2011],[32.8776,2.201],[32.8778,2.2006],[32.8783,2.2004],[32.8787,2.2],[32.8797,2.1996],[32.8813,2.1996],[32.8834,2.1991],[32.8938,2.1991],[32.8948,2.1987],[32.8968,2.1927],[32.8969,2.1839],[32.8976,2.1831],[32.8985,2.1827],[32.8989,2.1823],[32.8994,2.182],[32.9014,2.1811],[32.9028,2.1803],[32.9032,2.1799],[32.9034,2.1795],[32.9034,2.174],[32.9032,2.1737],[32.9027,2.1737],[32.9028,2.1734],[32.9039,2.1733],[32.9046,2.1726],[32.9057,2.1723],[32.9068,2.1711],[32.9078,2.1698],[32.9086,2.1691],[32.9093,2.1671],[32.9116,2.1628],[32.9116,2.1622],[32.9119,2.1618],[32.9119,2.1607],[32.9114,2.1598],[32.9105,2.1568],[32.9078,2.155],[32.9063,2.1544],[32.9053,2.1541],[32.9044,2.1535],[32.9028,2.1531],[32.8956,2.1491],[32.8948,2.1487],[32.8941,2.1475],[32.8941,2.1463],[32.8947,2.1362],[32.8947,2.1357],[32.8958,2.1321],[32.8958,2.1288],[32.8955,2.1273],[32.892,2.1207],[32.8918,2.1197],[32.8914,2.1188],[32.8909,2.1186],[32.8904,2.1179],[32.8894,2.1176],[32.889,2.1172],[32.8866,2.1163],[32.8725,2.1146],[32.8665,2.1116],[32.8662,2.1111],[32.8649,2.1103],[32.8633,2.1086],[32.8632,2.1076],[32.863,2.1066],[32.863,2.1054],[32.863,2.1034],[32.8634,2.1024],[32.8642,2.1017],[32.8662,2.1002],[32.876,2.0958],[32.8764,2.0955],[32.8767,2.0952],[32.8779,2.0945],[32.8782,2.0941],[32.8791,2.0938],[32.8803,2.0925],[32.8808,2.0924],[32.8817,2.0918],[32.882,2.0914],[32.8828,2.0911],[32.8835,2.0906],[32.884,2.0903],[32.885,2.09],[32.8855,2.09],[32.8861,2.0899],[32.8881,2.0892],[32.8892,2.0892],[32.8913,2.0885],[32.9059,2.0876],[32.9069,2.0873],[32.9091,2.0873],[32.9118,2.0868],[32.914,2.0868],[32.9172,2.0862],[32.9189,2.0862],[32.9199,2.0859],[32.9419,2.0884],[32.9421,2.0881],[32.943,2.0876],[32.9455,2.0864],[32.9542,2.083],[32.9584,2.0806],[32.9658,2.0719],[32.971,2.0686],[32.9738,2.0663],[32.9742,2.066],[32.975,2.0652],[32.977,2.0626],[32.9781,2.0589],[32.9785,2.0585],[32.9794,2.0581],[32.9801,2.0573],[32.9805,2.057],[32.9809,2.0566],[32.9818,2.056],[32.9828,2.0556],[32.9832,2.0552],[32.9909,2.0534],[33.0066,2.0539],[33.0257,2.0447],[33.0289,2.0421],[33.0305,2.0403],[33.0322,2.0392],[33.0333,2.0389],[33.0337,2.0387],[33.0342,2.0386],[33.0347,2.0384],[33.0363,2.0384],[33.0368,2.0386],[33.0372,2.0389],[33.0385,2.0398],[33.0388,2.0402],[33.04,2.0412],[33.0409,2.0416],[33.0416,2.0422],[33.0421,2.0425],[33.0423,2.0428],[33.0446,2.0436],[33.0456,2.0436],[33.0478,2.0447],[33.05,2.0447],[33.0517,2.0455],[33.0522,2.0539],[33.0606,2.0613],[33.0615,2.0626],[33.0616,2.0636],[33.0619,2.0641],[33.0622,2.0651],[33.0634,2.0668],[33.0657,2.0692],[33.0671,2.0712],[33.0707,2.0741],[33.0721,2.0749],[33.0732,2.0751],[33.0741,2.0756],[33.0744,2.0759],[33.0746,2.0763],[33.075,2.0767],[33.0752,2.0772],[33.076,2.0778],[33.0768,2.0791],[33.0768,2.0813],[33.0771,2.0816],[33.0771,2.0848],[33.0785,2.0888],[33.0793,2.0898],[33.0793,2.0903],[33.0842,2.0952],[33.0888,2.0966],[33.0957,2.0974],[33.0968,2.0977],[33.0973,2.0977],[33.0994,2.0982],[33.1027,2.0982],[33.1038,2.0985],[33.1054,2.0985],[33.1064,2.0988],[33.1168,2.0988],[33.12,2.0991],[33.1253,2.1267],[33.1246,2.1273],[33.1228,2.1297],[33.1228,2.1307],[33.1225,2.131],[33.1225,2.1316],[33.1222,2.1319],[33.1222,2.1324],[33.1219,2.1328],[33.1218,2.1339],[33.1211,2.1358],[33.1214,2.1428],[33.1207,2.1442],[33.1206,2.1447],[33.12,2.1456],[33.1194,2.1476],[33.1172,2.1505],[33.1168,2.1509],[33.1151,2.1529],[33.1083,2.1643],[33.1013,2.1692],[33.0963,2.1766],[33.0958,2.1769],[33.0954,2.1773],[33.094,2.18],[33.0941,2.1822],[33.0945,2.1832],[33.0946,2.1842],[33.0957,2.1862],[33.0962,2.1862],[33.1069,2.1923],[33.1071,2.1928],[33.1079,2.1936],[33.1084,2.1944],[33.1088,2.1947],[33.1093,2.1956],[33.1096,2.1959],[33.1097,2.1964],[33.1101,2.1968],[33.1105,2.1975],[33.1127,2.1996],[33.1142,2.2002],[33.1157,2.2005],[33.1255,2.2007],[33.1298,2.2016],[33.1468,2.2016],[33.1478,2.2018],[33.1516,2.2019],[33.1531,2.2022],[33.1534,2.2025],[33.1534,2.2063],[33.1528,2.2072],[33.1528,2.2077],[33.1522,2.2087],[33.152,2.2097],[33.1512,2.211],[33.1512,2.2116],[33.1509,2.2118],[33.1508,2.2123],[33.1436,2.2205],[33.1429,2.2236],[33.1426,2.224],[33.1414,2.2263],[33.1411,2.2267],[33.1406,2.2277],[33.1403,2.2281],[33.1389,2.2616],[33.1385,2.2623],[33.1378,2.2631],[33.1351,2.2682],[33.1323,2.2709],[33.1285,2.2712],[33.1214,2.2712],[33.121,2.271],[33.1204,2.2709],[33.1195,2.2704],[33.1188,2.2695],[33.1184,2.2693],[33.118,2.2689],[33.1177,2.2685],[33.1173,2.2682],[33.1171,2.2678],[33.117,2.2673],[33.1155,2.2653],[33.1079,2.2655],[33.1057,2.2673],[33.0998,2.2785],[33.0982,2.2804],[33.097,2.2814],[33.0957,2.283],[33.0957,2.2835],[33.0943,2.2858],[33.0932,2.3014],[33.0859,2.3187],[33.0856,2.3217],[33.0858,2.3293],[33.0869,2.334],[33.0861,2.3655],[33.0856,2.3681],[33.085,2.369],[33.085,2.3695],[33.0849,2.37],[33.0842,2.3714],[33.0842,2.3719],[33.0808,2.3797],[33.0803,2.3803],[33.0798,2.3812],[33.0758,2.3854],[33.0718,2.3866],[33.0707,2.3865],[33.0697,2.3862],[33.0683,2.3854],[33.0673,2.3851],[33.0664,2.3845],[33.0654,2.3841],[33.0604,2.3764],[33.0604,2.3758],[33.0599,2.3749],[33.0598,2.3744],[33.0592,2.3735],[33.059,2.3725],[33.0585,2.3715],[33.0585,2.3693],[33.058,2.3684],[33.0577,2.368],[33.0573,2.3669],[33.0564,2.3656],[33.055,2.3639],[33.0545,2.3637],[33.0539,2.3628],[33.0537,2.3624],[33.0533,2.362],[33.0474,2.351],[33.046,2.3508],[33.0447,2.3503],[33.0437,2.35],[33.0432,2.3497],[33.0422,2.3495],[33.0272,2.3421],[33.0266,2.342],[33.0152,2.342],[33.0147,2.3418],[33.0136,2.3417],[33.0131,2.3416],[33.0122,2.3409],[33.0117,2.3409],[33.0113,2.3405],[33.0108,2.3403],[33.0099,2.3399],[33.0093,2.3398],[33.0014,2.3341],[32.9948,2.3327],[32.9919,2.3301],[32.9916,2.3291],[32.9913,2.3287],[32.9912,2.3281],[32.9901,2.327],[32.9881,2.326],[32.9865,2.3259],[32.9861,2.3256],[32.9812,2.3256],[32.9807,2.3259],[32.9781,2.3262],[32.9756,2.3276],[32.9745,2.3286],[32.9718,2.3348],[32.972,2.3543],[32.9664,2.3616],[32.9649,2.3682],[32.9628,2.3699],[32.962,2.3711],[32.9618,2.3716],[32.9615,2.372],[32.9613,2.3725],[32.961,2.373],[32.9607,2.374],[32.96,2.3776],[32.9597,2.378],[32.9588,2.3806],[32.9587,2.3817],[32.9585,2.3821],[32.9584,2.3826],[32.9575,2.3831],[32.9567,2.3837],[32.9557,2.3841],[32.9557,2.3846],[32.9554,2.3849],[32.9548,2.3863],[32.9559,2.406],[32.9566,2.4072],[32.9575,2.4077],[32.9623,2.4088],[32.9637,2.4096],[32.9644,2.4103],[32.9653,2.4106],[32.9658,2.4112],[32.9658,2.4118],[32.9661,2.4122],[32.9661,2.4133],[32.9663,2.4143],[32.9663,2.4154],[32.9666,2.4158],[32.9666,2.4164],[32.9668,2.4168],[32.9675,2.4176],[32.968,2.4186],[32.9701,2.4211],[32.9713,2.4222],[32.9749,2.4246],[32.9754,2.4248],[32.9759,2.4248],[32.9781,2.4264],[32.9783,2.4269],[32.9817,2.4304],[32.9835,2.4331],[32.9855,2.4357],[32.9885,2.4415],[32.9896,2.4427],[32.9908,2.4437],[32.9916,2.4435],[32.9926,2.4448],[32.999,2.4588],[33.0,2.4598],[33.0005,2.4606],[33.004,2.463],[33.0053,2.4659],[33.0054,2.4664],[33.0054,2.4675],[33.0063,2.4701],[33.0063,2.4712],[33.0065,2.4723],[33.0065,2.4766],[33.0074,2.4771],[33.0076,2.4775],[33.0076,2.4781],[33.006,2.4815],[33.0057,2.4842],[33.0046,2.4879],[33.0046,2.4917],[33.0042,2.4919],[33.0038,2.4923],[33.0028,2.4936],[33.0022,2.495],[33.0017,2.4999],[33.0003,2.5034],[32.9994,2.5048],[32.9994,2.5054],[32.9999,2.5061],[33.0009,2.5063],[33.0033,2.5076],[33.005,2.5089],[33.0061,2.5101],[33.0065,2.5103],[33.0076,2.5202],[33.0059,2.5216],[33.0031,2.523],[33.0025,2.5245],[33.0017,2.5249],[33.0014,2.5255],[33.0006,2.5259],[33.0,2.5266],[32.9976,2.5304],[32.9975,2.5312],[32.9972,2.5319],[32.9824,2.5585],[32.9718,2.5584],[32.9669,2.5631],[32.9455,2.5631],[32.9443,2.5637],[32.9406,2.5647],[32.9396,2.5653],[32.939,2.5659],[32.939,2.5673],[32.9392,2.5697],[32.9396,2.5706],[32.9423,2.5731],[32.9438,2.5764],[32.9444,2.5772],[32.9454,2.5781],[32.9475,2.5796],[32.9484,2.5806],[32.951,2.5846],[32.949,2.5888],[32.951,2.5959],[32.9502,2.6017],[32.9462,2.6017],[32.9418,2.5991],[32.9394,2.5984],[32.9341,2.5984],[32.9329,2.5986],[32.9323,2.5993],[32.9323,2.602],[32.9336,2.6033],[32.9334,2.6057],[32.9321,2.6059],[32.9299,2.6071],[32.9206,2.6071],[32.9189,2.6057],[32.9176,2.6057],[32.9151,2.6037],[32.9098,2.6037],[32.9089,2.6042],[32.9058,2.6051],[32.9041,2.6064],[32.9014,2.6064],[32.8961,2.607],[32.8924,2.6077],[32.8918,2.6088],[32.8902,2.61],[32.89,2.6111],[32.886,2.6145],[32.8837,2.6159],[32.8806,2.6182],[32.8781,2.6213],[32.877,2.6236],[32.876,2.6244],[32.8737,2.6257],[32.8725,2.626],[32.8701,2.6271],[32.8612,2.6291],[32.8571,2.632],[32.8558,2.6324],[32.855,2.6333],[32.853,2.6346],[32.8491,2.6353],[32.8468,2.6364],[32.8455,2.6378],[32.8441,2.6378],[32.842,2.6392],[32.8402,2.6411],[32.8361,2.6478],[32.8306,2.6524],[32.8293,2.6526],[32.8271,2.6538],[32.8164,2.6538],[32.8152,2.6535],[32.8142,2.6526],[32.813,2.6524],[32.8128,2.65],[32.8108,2.6476],[32.8106,2.6464],[32.8101,2.6456],[32.8041,2.6383],[32.804,2.6371],[32.8027,2.6357],[32.8021,2.6346],[32.8021,2.6253],[32.8014,2.6229],[32.8014,2.6122],[32.8008,2.6111],[32.7962,2.6091],[32.7922,2.6091],[32.7896,2.6084],[32.7883,2.6084],[32.787,2.6079],[32.7858,2.6077],[32.7777,2.6077],[32.7756,2.6064],[32.7743,2.6064],[32.773,2.6051],[32.7709,2.6044],[32.7638,2.6044]]]]}},{"type":"Feature","properties":{"name":"Kole"},"geometry":{"type":"MultiPolygon","coordinates":[[[[32.8089,2.537],[32.8049,2.5054],[32.8049,2.502],[32.804,2.5008],[32.804,2.4991],[32.8031,2.4968],[32.8012,2.4934],[32.8006,2.4929],[32.7982,2.4895],[32.7962,2.4879],[32.7927,2.4856],[32.7912,2.4853],[32.7902,2.4845],[32.7886,2.4844],[32.7831,2.4807],[32.7823,2.4807],[32.7809,2.4798],[32.78,2.4798],[32.7782,2.4785],[32.7765,2.4785],[32.7761,2.4781],[32.7754,2.478],[32.7749,2.4776],[32.7737,2.4769],[32.7729,2.4768],[32.7711,2.4755],[32.7694,2.4755],[32.7679,2.4749],[32.7671,2.4747],[32.7568,2.4747],[32.7555,2.4743],[32.7393,2.4743],[32.7279,2.4773],[32.7262,2.4773],[32.7254,2.4775],[32.7015,2.4884],[32.6933,2.4892],[32.6911,2.4862],[32.6881,2.4849],[32.6872,2.4849],[32.6858,2.4842],[32.6851,2.4837],[32.6843,2.4836],[32.6836,2.4832],[32.6832,2.4828],[32.6831,2.482],[32.6831,2.4803],[32.6834,2.4796],[32.6852,2.4777],[32.6855,2.477],[32.6867,2.4758],[32.688,2.4747],[32.6884,2.474],[32.6903,2.4727],[32.6933,2.4678],[32.6933,2.4669],[32.6937,2.4662],[32.6938,2.462],[32.6933,2.4613],[32.6933,2.4604],[32.6925,2.459],[32.6889,2.4569],[32.6884,2.4563],[32.6878,2.4547],[32.6843,2.4512],[32.6827,2.4504],[32.6823,2.4497],[32.6817,2.4493],[32.6812,2.4486],[32.6805,2.4482],[32.6799,2.4476],[32.6791,2.4474],[32.6773,2.4461],[32.6769,2.4454],[32.6747,2.4441],[32.6722,2.4417],[32.6715,2.4414],[32.6703,2.4405],[32.6699,2.4398],[32.6692,2.4394],[32.6671,2.4367],[32.6647,2.4316],[32.6636,2.4305],[32.6634,2.4298],[32.6613,2.427],[32.6611,2.4263],[32.6599,2.425],[32.6592,2.4235],[32.6554,2.4189],[32.6489,2.4129],[32.6464,2.4116],[32.6447,2.4099],[32.6442,2.4093],[32.6438,2.4086],[32.6428,2.4076],[32.6378,2.4042],[32.6317,2.4018],[32.6275,2.3987],[32.6267,2.3987],[32.6261,2.3981],[32.6253,2.3978],[32.6249,2.3974],[32.6072,2.3966],[32.6024,2.3932],[32.5998,2.3931],[32.5994,2.3927],[32.5818,2.3906],[32.5698,2.3906],[32.5698,2.3889],[32.5724,2.3847],[32.5829,2.3739],[32.5991,2.3648],[32.6005,2.3613],[32.6006,2.3579],[32.601,2.3566],[32.601,2.3549],[32.6015,2.3534],[32.6015,2.3525],[32.6019,2.3518],[32.6026,2.3514],[32.6038,2.3487],[32.6074,2.3445],[32.608,2.343],[32.6235,2.3342],[32.6262,2.3314],[32.6262,2.328],[32.6267,2.3265],[32.6281,2.3257],[32.6288,2.3255],[32.6301,2.3242],[32.6301,2.324],[32.6331,2.3112],[32.6365,2.3081],[32.6368,2.3074],[32.6369,2.3066],[32.6376,2.3054],[32.6378,2.3046],[32.6382,2.3042],[32.6383,2.3035],[32.6391,2.3023],[32.6395,2.3018],[32.6395,2.301],[32.6399,2.3005],[32.6399,2.2988],[32.6382,2.2945],[32.6356,2.2912],[32.6343,2.2902],[32.6336,2.2899],[32.6301,2.286],[32.6245,2.2766],[32.6057,2.2672],[32.6006,2.2672],[32.5909,2.2635],[32.5835,2.2568],[32.5834,2.256],[32.5819,2.2553],[32.5813,2.2547],[32.5806,2.2544],[32.5802,2.2537],[32.5794,2.2535],[32.5781,2.2524],[32.5766,2.252],[32.5732,2.2501],[32.5724,2.2501],[32.572,2.2493],[32.5714,2.2487],[32.5711,2.248],[32.5707,2.2475],[32.5701,2.2461],[32.5695,2.2455],[32.5688,2.2441],[32.5684,2.2437],[32.5673,2.242],[32.566,2.2377],[32.5746,2.2275],[32.5935,2.2108],[32.5938,2.2102],[32.5948,2.2094],[32.5952,2.2087],[32.5955,2.2079],[32.5968,2.2061],[32.5976,2.2038],[32.5995,2.2014],[32.601,2.201],[32.6013,2.2003],[32.6029,2.2],[32.6035,2.1994],[32.6044,2.1993],[32.6051,2.199],[32.6058,2.1984],[32.6067,2.1984],[32.6081,2.1977],[32.6098,2.1976],[32.6106,2.1973],[32.6112,2.1968],[32.6121,2.1967],[32.6127,2.1962],[32.6142,2.1955],[32.6149,2.195],[32.6157,2.1949],[32.6163,2.1943],[32.6171,2.1942],[32.6188,2.1928],[32.6196,2.1925],[32.6207,2.1915],[32.6208,2.1908],[32.6215,2.1906],[32.6228,2.1899],[32.6237,2.1885],[32.6241,2.187],[32.6245,2.1866],[32.6245,2.1857],[32.6224,2.1831],[32.6219,2.1789],[32.6203,2.1751],[32.6201,2.1743],[32.6143,2.1683],[32.6088,2.1583],[32.6087,2.1567],[32.6093,2.156],[32.6096,2.1553],[32.6104,2.1553],[32.6104,2.1545],[32.6111,2.154],[32.6126,2.1521],[32.6138,2.1514],[32.6147,2.1504],[32.6162,2.1496],[32.6173,2.1487],[32.6177,2.1481],[32.6188,2.1472],[32.6203,2.1467],[32.6207,2.146],[32.6214,2.1459],[32.622,2.1456],[32.6227,2.1455],[32.6232,2.1452],[32.6248,2.1451],[32.6255,2.1446],[32.6264,2.1446],[32.6271,2.1445],[32.6277,2.1442],[32.6294,2.1442],[32.6301,2.1444],[32.6307,2.1446],[32.6373,2.1448],[32.6386,2.1455],[32.64,2.1472],[32.6442,2.1498],[32.652,2.1579],[32.6716,2.1579],[32.6892,2.1567],[32.6921,2.1581],[32.6935,2.159],[32.6955,2.1609],[32.6993,2.1621],[32.702,2.1648],[32.721,2.1728],[32.7246,2.1768],[32.7274,2.1779],[32.7377,2.1779],[32.7389,2.1775],[32.7398,2.1767],[32.7399,2.1759],[32.7408,2.1758],[32.7647,2.1553],[32.7647,2.1545],[32.7643,2.1541],[32.7643,2.1498],[32.7665,2.1459],[32.7801,2.1344],[32.7804,2.1337],[32.7809,2.133],[32.7813,2.1323],[32.791,2.1244],[32.7924,2.1229],[32.7925,2.1221],[32.7928,2.1216],[32.7929,2.1208],[32.7938,2.1194],[32.7959,2.1173],[32.7966,2.1169],[32.7974,2.1169],[32.7981,2.1165],[32.8041,2.1165],[32.8057,2.116],[32.8091,2.116],[32.8116,2.1152],[32.8133,2.1152],[32.8236,2.1063],[32.8288,2.0989],[32.8302,2.0981],[32.8309,2.098],[32.8319,2.0972],[32.8404,2.0972],[32.8464,2.1019],[32.8488,2.1023],[32.8499,2.103],[32.8514,2.1045],[32.863,2.1054],[32.863,2.1066],[32.8632,2.1076],[32.8633,2.1086],[32.8649,2.1103],[32.8662,2.1111],[32.8665,2.1116],[32.8725,2.1146],[32.8866,2.1163],[32.889,2.1172],[32.8894,2.1176],[32.8904,2.1179],[32.8909,2.1186],[32.8914,2.1188],[32.8918,2.1197],[32.892,2.1207],[32.8955,2.1273],[32.8958,2.1288],[32.8958,2.1321],[32.8947,2.1357],[32.8947,2.1362],[32.8941,2.1463],[32.8941,2.1475],[32.8948,2.1487],[32.8956,2.1491],[32.9028,2.1531],[32.9044,2.1535],[32.9053,2.1541],[32.9063,2.1544],[32.9078,2.155],[32.9105,2.1568],[32.9114,2.1598],[32.9119,2.1607],[32.9119,2.1618],[32.9116,2.1622],[32.9116,2.1628],[32.9093,2.1671],[32.9086,2.1691],[32.9078,2.1698],[32.9068,2.1711],[32.9057,2.1723],[32.9046,2.1726],[32.9039,2.1733],[32.9028,2.1734],[32.9027,2.1737],[32.9032,2.1737],[32.9034,2.174],[32.9034,2.1795],[32.9032,2.1799],[32.9028,2.1803],[32.9014,2.1811],[32.8994,2.182],[32.8989,2.1823],[32.8985,2.1827],[32.8976,2.1831],[32.8969,2.1839],[32.8968,2.1927],[32.8948,2.1987],[32.8938,2.1991],[32.8834,2.1991],[32.8813,2.1996],[32.8797,2.1996],[32.8787,2.2],[32.8783,2.2004],[32.8778,2.2006],[32.8776,2.201],[32.8771,2.2011],[32.8744,2.2028],[32.8729,2.2033],[32.8697,2.2055],[32.8688,2.206],[32.8671,2.2079],[32.8631,2.2098],[32.8529,2.2108],[32.8327,2.2238],[32.8297,2.225],[32.8288,2.2256],[32.8273,2.2263],[32.8263,2.2267],[32.8236,2.2291],[32.8109,2.2362],[32.8069,2.2376],[32.8059,2.2376],[32.8044,2.2385],[32.7973,2.2519],[32.7967,2.2544],[32.7965,2.2548],[32.7962,2.2551],[32.7962,2.2557],[32.7955,2.2562],[32.7902,2.2647],[32.7897,2.2666],[32.7897,2.2682],[32.7902,2.2688],[32.7902,2.2693],[32.7908,2.2699],[32.7912,2.2707],[32.792,2.2714],[32.7925,2.2716],[32.7933,2.2723],[32.7938,2.2724],[32.7943,2.2729],[32.7948,2.2732],[32.7962,2.2737],[32.7971,2.2742],[32.7981,2.2745],[32.7985,2.2749],[32.7994,2.2754],[32.8,2.2756],[32.8004,2.2759],[32.8006,2.2764],[32.8016,2.2769],[32.8058,2.2846],[32.8058,2.2912],[32.7979,2.3059],[32.799,2.3139],[32.8017,2.3201],[32.8031,2.3224],[32.8036,2.3226],[32.8039,2.323],[32.8043,2.3232],[32.8081,2.3232],[32.8091,2.3229],[32.8102,2.3229],[32.8113,2.3226],[32.8118,2.3226],[32.8123,2.3224],[32.8134,2.3223],[32.8284,2.3104],[32.8311,2.31],[32.8316,2.3099],[32.832,2.3096],[32.8326,2.3095],[32.8346,2.3092],[32.8401,2.3092],[32.8471,2.3117],[32.8475,2.312],[32.8479,2.3122],[32.8485,2.3128],[32.8487,2.3133],[32.849,2.3137],[32.8504,2.3164],[32.8504,2.3169],[32.8512,2.3188],[32.8526,2.3335],[32.853,2.3344],[32.8531,2.3348],[32.8539,2.336],[32.8551,2.3372],[32.8562,2.339],[32.8575,2.3404],[32.8588,2.3421],[32.8589,2.3426],[32.8599,2.3443],[32.86,2.3448],[32.8604,2.3452],[32.8608,2.3461],[32.861,2.3464],[32.8636,2.353],[32.8768,2.3688],[32.8809,2.3713],[32.8834,2.3715],[32.8838,2.3719],[32.8843,2.3721],[32.8857,2.3725],[32.8859,2.3729],[32.8859,2.3735],[32.8862,2.3739],[32.8862,2.3799],[32.8859,2.3815],[32.8857,2.382],[32.8857,2.388],[32.8843,2.3948],[32.8843,2.4019],[32.8856,2.4057],[32.8857,2.4314],[32.8854,2.4318],[32.8854,2.4324],[32.8854,2.4389],[32.885,2.4405],[32.8848,2.441],[32.8848,2.4448],[32.8846,2.4458],[32.8846,2.4469],[32.8843,2.4474],[32.8843,2.4491],[32.884,2.4501],[32.884,2.4523],[32.8839,2.4527],[32.8836,2.453],[32.8831,2.453],[32.8806,2.4541],[32.8802,2.4545],[32.8798,2.4548],[32.8795,2.4551],[32.8774,2.4558],[32.877,2.4562],[32.8728,2.4568],[32.8717,2.457],[32.8714,2.4573],[32.8709,2.4573],[32.8695,2.4579],[32.8684,2.4579],[32.8655,2.459],[32.8652,2.4594],[32.8648,2.4597],[32.8643,2.4599],[32.8638,2.4606],[32.8632,2.4606],[32.8632,2.4612],[32.8627,2.4614],[32.8623,2.4618],[32.8619,2.462],[32.8615,2.4624],[32.861,2.4625],[32.8602,2.4631],[32.86,2.4635],[32.8595,2.4637],[32.8591,2.4641],[32.8586,2.465],[32.8581,2.4652],[32.858,2.4657],[32.8572,2.4669],[32.8572,2.4674],[32.8575,2.4677],[32.8585,2.4881],[32.8575,2.49],[32.8571,2.4909],[32.8571,2.4913],[32.857,2.4915],[32.857,2.4919],[32.8568,2.4922],[32.8498,2.4985],[32.8475,2.5164],[32.8431,2.5241],[32.842,2.5277],[32.8419,2.5294],[32.8416,2.53],[32.8406,2.531],[32.8403,2.5312],[32.8369,2.5327],[32.8253,2.5328],[32.8202,2.5336],[32.8147,2.5345],[32.8141,2.5348],[32.8121,2.5355],[32.8112,2.5361],[32.8102,2.5364],[32.8093,2.5368],[32.8089,2.537]]]]}},{"type":"Feature","properties":{"name":"Maruzi"},"geometry":{"type":"MultiPolygon","coordinates":[[[[32.566,2.2377],[32.5549,2.23],[32.5497,2.2155],[32.5438,2.2052],[32.5369,2.1809],[32.5365,2.1803],[32.536,2.1788],[32.5347,2.1761],[32.5341,2.1755],[32.5339,2.1747],[32.5334,2.1744],[32.5331,2.1736],[32.5315,2.1715],[32.5314,2.1708],[32.5302,2.1703],[32.5275,2.166],[32.5258,2.1643],[32.5252,2.1628],[32.5233,2.1617],[32.523,2.1611],[32.5216,2.1604],[32.5215,2.1596],[32.5207,2.1596],[32.5189,2.1578],[32.5182,2.1575],[32.5164,2.1555],[32.5158,2.1552],[32.5134,2.1528],[32.5126,2.1528],[32.5117,2.1517],[32.511,2.1515],[32.5104,2.151],[32.5075,2.1481],[32.4948,2.1308],[32.4801,2.1195],[32.4712,2.1152],[32.4703,2.1152],[32.4687,2.1147],[32.4526,2.1146],[32.4514,2.1138],[32.4508,2.1132],[32.4505,2.1125],[32.4498,2.1122],[32.4495,2.1115],[32.4483,2.1103],[32.4442,2.1088],[32.4331,2.1075],[32.4323,2.1078],[32.4317,2.1083],[32.4283,2.1083],[32.4275,2.1082],[32.4178,2.1024],[32.4136,2.1019],[32.4103,2.1011],[32.3952,2.0989],[32.361,2.0989],[32.3484,2.0981],[32.3459,2.0982],[32.345,2.0989],[32.3438,2.0985],[32.3415,2.0924],[32.3412,2.0916],[32.3411,2.0899],[32.3399,2.0867],[32.3399,2.085],[32.3412,2.0829],[32.3415,2.0821],[32.342,2.0815],[32.3421,2.0806],[32.3425,2.0802],[32.3429,2.0778],[32.3429,2.0744],[32.3425,2.0728],[32.3421,2.0721],[32.3421,2.0704],[32.3412,2.0681],[32.3412,2.0673],[32.3404,2.0649],[32.3404,2.0606],[32.3399,2.0591],[32.3399,2.0582],[32.3395,2.0576],[32.3399,2.0501],[32.3369,2.0409],[32.3357,2.0387],[32.3356,2.0378],[32.3345,2.0355],[32.3339,2.0339],[32.3273,2.0239],[32.3267,2.0104],[32.3266,2.0097],[32.3263,2.0091],[32.3263,2.0083],[32.3241,2.0033],[32.3241,1.9965],[32.325,1.9928],[32.3263,1.9913],[32.327,1.9901],[32.3275,1.9897],[32.3283,1.9888],[32.3301,1.9875],[32.3352,1.9828],[32.3373,1.9815],[32.3379,1.9809],[32.3387,1.9807],[32.3391,1.9802],[32.34,1.9802],[32.3404,1.9795],[32.3418,1.9788],[32.3424,1.9782],[32.343,1.9779],[32.3435,1.9772],[32.3442,1.9768],[32.3446,1.976],[32.3446,1.9752],[32.3451,1.9747],[32.3451,1.973],[32.3455,1.9723],[32.3455,1.9715],[32.3459,1.9702],[32.3459,1.9691],[32.3501,1.9606],[32.3494,1.9599],[32.3494,1.9573],[32.3481,1.9529],[32.3476,1.9517],[32.3455,1.9483],[32.3427,1.9456],[32.342,1.9446],[32.3397,1.9435],[32.339,1.9424],[32.3362,1.9399],[32.3354,1.9395],[32.3336,1.9373],[32.3314,1.9288],[32.3314,1.8834],[32.3307,1.8747],[32.3302,1.8739],[32.324,1.8652],[32.3192,1.8625],[32.3099,1.8625],[32.3049,1.8605],[32.2876,1.8605],[32.2856,1.8612],[32.2842,1.8612],[32.283,1.8609],[32.2802,1.8567],[32.2799,1.8555],[32.2793,1.8548],[32.279,1.8536],[32.2786,1.8525],[32.2774,1.852],[32.2739,1.8479],[32.2719,1.8469],[32.2713,1.8462],[32.2701,1.844],[32.2686,1.8424],[32.2685,1.8411],[32.2676,1.8401],[32.2664,1.8358],[32.2646,1.8328],[32.2632,1.8311],[32.2621,1.8305],[32.2591,1.8277],[32.2538,1.8245],[32.2518,1.8238],[32.2464,1.8238],[32.2439,1.8206],[32.2328,1.8151],[32.2317,1.8143],[32.2296,1.8131],[32.2292,1.8122],[32.2274,1.8106],[32.2241,1.8098],[32.2161,1.8098],[32.2149,1.8093],[32.2112,1.8089],[32.2098,1.8075],[32.2089,1.8071],[32.2062,1.8049],[32.2032,1.8033],[32.202,1.8031],[32.178,1.8031],[32.1768,1.8026],[32.1728,1.8023],[32.1627,1.7967],[32.1617,1.7958],[32.1605,1.7955],[32.1584,1.7938],[32.1571,1.7938],[32.1559,1.7934],[32.1511,1.7911],[32.1405,1.7851],[32.1377,1.783],[32.1351,1.7798],[32.1339,1.7793],[32.1327,1.7778],[32.1303,1.7758],[32.1291,1.7757],[32.1289,1.7744],[32.1277,1.7743],[32.1249,1.7718],[32.1237,1.7716],[32.1223,1.7704],[32.1159,1.7698],[32.115,1.7693],[32.1135,1.7678],[32.1122,1.7677],[32.111,1.7671],[32.1083,1.767],[32.1052,1.7631],[32.105,1.762],[32.1043,1.7613],[32.1039,1.7604],[32.1037,1.7593],[32.1037,1.7446],[32.1018,1.7417],[32.1007,1.7411],[32.0995,1.7391],[32.0982,1.7376],[32.0971,1.7371],[32.095,1.7344],[32.0945,1.7319],[32.0957,1.7019],[32.0952,1.7008],[32.093,1.7],[32.0931,1.6974],[32.0943,1.6951],[32.0943,1.6858],[32.0923,1.6817],[32.0917,1.6791],[32.0887,1.6741],[32.0877,1.6736],[32.086,1.6707],[32.085,1.6701],[32.0843,1.6695],[32.0832,1.6672],[32.0821,1.6668],[32.0816,1.6656],[32.0796,1.6636],[32.079,1.6626],[32.0783,1.6606],[32.0783,1.6565],[32.0803,1.656],[32.0894,1.6556],[32.0972,1.6585],[32.1064,1.6676],[32.1172,1.6743],[32.1183,1.6749],[32.1209,1.675],[32.125,1.6775],[32.1316,1.6777],[32.1324,1.6782],[32.1348,1.6787],[32.1391,1.6807],[32.1394,1.6817],[32.1425,1.6843],[32.1451,1.6844],[32.1472,1.6863],[32.1511,1.6864],[32.1531,1.6875],[32.1542,1.6877],[32.1756,1.6877],[32.1927,1.687],[32.1952,1.6851],[32.2111,1.685],[32.2208,1.6787],[32.2339,1.6743],[32.2454,1.6723],[32.248,1.6723],[32.2487,1.673],[32.2527,1.673],[32.2751,1.6644],[32.29,1.6611],[32.2952,1.661],[32.2978,1.6603],[32.2986,1.6598],[32.3002,1.657],[32.3043,1.655],[32.3082,1.6543],[32.3088,1.6536],[32.3113,1.653],[32.3125,1.6524],[32.3138,1.6523],[32.3149,1.6516],[32.3389,1.6516],[32.3433,1.6536],[32.3446,1.6536],[32.3484,1.6545],[32.3507,1.6552],[32.3527,1.6563],[32.3541,1.6563],[32.3552,1.6568],[32.3565,1.657],[32.3577,1.6586],[32.382,1.6723],[32.3843,1.6745],[32.3854,1.675],[32.387,1.677],[32.3933,1.6802],[32.3981,1.6843],[32.4105,1.701],[32.4172,1.701],[32.4197,1.7003],[32.4237,1.7003],[32.4263,1.6998],[32.4289,1.6996],[32.4302,1.6992],[32.4328,1.699],[32.4339,1.6983],[32.4352,1.6983],[32.4365,1.6981],[32.4388,1.697],[32.4415,1.697],[32.4429,1.6957],[32.4462,1.695],[32.4484,1.6937],[32.4495,1.6935],[32.4501,1.6924],[32.4515,1.6911],[32.4528,1.691],[32.4552,1.689],[32.5884,1.6136],[32.6231,1.6309],[32.6431,1.6856],[32.6432,1.6857],[32.6285,1.7157],[32.6256,1.7185],[32.6213,1.7216],[32.6183,1.7241],[32.6177,1.7251],[32.6168,1.7261],[32.6158,1.7284],[32.6101,1.7359],[32.6033,1.7404],[32.5857,1.7459],[32.5849,1.7477],[32.5817,1.7491],[32.5811,1.7503],[32.5794,1.7514],[32.5728,1.761],[32.5709,1.7626],[32.5687,1.7651],[32.5677,1.7655],[32.5604,1.7746],[32.5477,1.8017],[32.537,1.8163],[32.5355,1.8178],[32.5328,1.8179],[32.5316,1.8183],[32.531,1.8192],[32.531,1.8245],[32.5317,1.8252],[32.5317,1.8278],[32.5324,1.8285],[32.533,1.8297],[32.5357,1.8423],[32.5424,1.8558],[32.5533,1.8661],[32.5626,1.8801],[32.5815,1.8986],[32.5861,1.9039],[32.5868,1.9059],[32.5879,1.9079],[32.5964,1.9152],[32.6018,1.9189],[32.603,1.9195],[32.6046,1.9214],[32.6057,1.9219],[32.6064,1.9226],[32.6064,1.9238],[32.6075,1.9243],[32.6078,1.9256],[32.6087,1.9263],[32.6091,1.9274],[32.6139,1.9333],[32.6153,1.9367],[32.6162,1.9377],[32.6169,1.9402],[32.6177,1.9412],[32.6181,1.9438],[32.6191,1.9462],[32.6193,1.9488],[32.6198,1.9499],[32.6198,1.9526],[32.6205,1.9536],[32.6205,1.9697],[32.6225,1.9831],[32.6212,1.9853],[32.5921,1.9946],[32.5831,1.9953],[32.5795,1.9966],[32.5788,1.9973],[32.5777,1.9976],[32.5771,1.9986],[32.5759,1.9992],[32.5746,1.9993],[32.5735,2.0],[32.5722,2.0001],[32.5703,2.002],[32.569,2.002],[32.5672,2.0033],[32.5658,2.0033],[32.5648,2.0041],[32.5601,2.0064],[32.5591,2.0073],[32.557,2.0079],[32.5531,2.008],[32.5524,2.0086],[32.5511,2.0087],[32.55,2.0093],[32.5474,2.0093],[32.545,2.01],[32.5437,2.0118],[32.5423,2.0131],[32.5423,2.0144],[32.541,2.0162],[32.5409,2.0173],[32.535,2.0267],[32.5316,2.0308],[32.5291,2.0313],[32.5281,2.0307],[32.5268,2.0305],[32.5259,2.0295],[32.5246,2.0293],[32.5219,2.0293],[32.5231,2.0307],[32.5253,2.032],[32.5287,2.0348],[32.5337,2.0367],[32.5383,2.0407],[32.547,2.0568],[32.5471,2.0581],[32.5488,2.0616],[32.5496,2.0626],[32.5497,2.0639],[32.553,2.0677],[32.5537,2.0687],[32.5557,2.0707],[32.5564,2.0707],[32.5895,2.1138],[32.5906,2.1217],[32.5906,2.131],[32.5903,2.1319],[32.5903,2.133],[32.59,2.1335],[32.59,2.1357],[32.5897,2.1367],[32.5897,2.1405],[32.593,2.1458],[32.6096,2.1553],[32.6093,2.156],[32.6087,2.1567],[32.6088,2.1583],[32.6143,2.1683],[32.6201,2.1743],[32.6203,2.1751],[32.6219,2.1789],[32.6224,2.1831],[32.6245,2.1857],[32.6245,2.1866],[32.6241,2.187],[32.6237,2.1885],[32.6228,2.1899],[32.6215,2.1906],[32.6208,2.1908],[32.6207,2.1915],[32.6196,2.1925],[32.6188,2.1928],[32.6171,2.1942],[32.6163,2.1943],[32.6157,2.1949],[32.6149,2.195],[32.6142,2.1955],[32.6127,2.1962],[32.6121,2.1967],[32.6112,2.1968],[32.6106,2.1973],[32.6098,2.1976],[32.6081,2.1977],[32.6067,2.1984],[32.6058,2.1984],[32.6051,2.199],[32.6044,2.1993],[32.6035,2.1994],[32.6029,2.2],[32.6013,2.2003],[32.601,2.201],[32.5995,2.2014],[32.5976,2.2038],[32.5968,2.2061],[32.5955,2.2079],[32.5952,2.2087],[32.5948,2.2094],[32.5938,2.2102],[32.5935,2.2108],[32.5746,2.2275],[32.566,2.2377]]]]}},{"type":"Feature","properties":{"name":"Kwania"},"geometry":{"type":"MultiPolygon","coordinates":[[[[32.863,2.1054],[32.8514,2.1045],[32.8499,2.103],[32.8488,2.1023],[32.8464,2.1019],[32.8404,2.0972],[32.8319,2.0972],[32.8309,2.098],[32.8302,2.0981],[32.8288,2.0989],[32.8236,2.1063],[32.8133,2.1152],[32.8116,2.1152],[32.8091,2.116],[32.8057,2.116],[32.8041,2.1165],[32.7981,2.1165],[32.7974,2.1169],[32.7966,2.1169],[32.7959,2.1173],[32.7938,2.1194],[32.7929,2.1208],[32.7928,2.1216],[32.7925,2.1221],[32.7924,2.1229],[32.791,2.1244],[32.7813,2.1323],[32.7809,2.133],[32.7804,2.1337],[32.7801,2.1344],[32.7665,2.1459],[32.7643,2.1498],[32.7643,2.1541],[32.7647,2.1545],[32.7647,2.1553],[32.7408,2.1758],[32.7399,2.1759],[32.7398,2.1767],[32.7389,2.1775],[32.7381,2.1775],[32.7377,2.1779],[32.7274,2.1779],[32.7246,2.1768],[32.721,2.1728],[32.702,2.1648],[32.6993,2.1621],[32.6955,2.1609],[32.6935,2.159],[32.6921,2.1581],[32.6892,2.1567],[32.6716,2.1579],[32.652,2.1579],[32.6442,2.1498],[32.64,2.1472],[32.6386,2.1455],[32.6373,2.1448],[32.6307,2.1446],[32.6301,2.1444],[32.6294,2.1442],[32.6277,2.1442],[32.6271,2.1445],[32.6264,2.1446],[32.6255,2.1446],[32.6248,2.1451],[32.6232,2.1452],[32.6227,2.1455],[32.622,2.1456],[32.6214,2.1459],[32.6207,2.146],[32.6203,2.1467],[32.6188,2.1472],[32.6177,2.1481],[32.6173,2.1487],[32.6162,2.1496],[32.6147,2.1504],[32.6138,2.1514],[32.6126,2.1521],[32.6111,2.154],[32.6104,2.1545],[32.6104,2.1553],[32.6096,2.1553],[32.593,2.1458],[32.5897,2.1405],[32.5897,2.1367],[32.59,2.1357],[32.59,2.1335],[32.5903,2.133],[32.5903,2.1319],[32.5906,2.131],[32.5906,2.1217],[32.5895,2.1138],[32.5564,2.0707],[32.5537,2.0687],[32.553,2.0677],[32.5497,2.0639],[32.5496,2.0626],[32.5488,2.0616],[32.5471,2.0581],[32.547,2.0568],[32.5383,2.0407],[32.5337,2.0367],[32.5287,2.0348],[32.5253,2.032],[32.5231,2.0307],[32.5219,2.0293],[32.5246,2.0293],[32.5259,2.0295],[32.5268,2.0305],[32.5281,2.0307],[32.5291,2.0313],[32.5316,2.0308],[32.535,2.0267],[32.5409,2.0173],[32.541,2.0162],[32.5423,2.0144],[32.5423,2.0131],[32.5437,2.0118],[32.545,2.01],[32.5474,2.0093],[32.55,2.0093],[32.5511,2.0087],[32.5524,2.0086],[32.5531,2.008],[32.557,2.0079],[32.5591,2.0073],[32.5601,2.0064],[32.5648,2.0041],[32.5658,2.0033],[32.5672,2.0033],[32.569,2.002],[32.5703,2.002],[32.5722,2.0001],[32.5735,2.0],[32.5746,1.9993],[32.5759,1.9992],[32.5771,1.9986],[32.5777,1.9976],[32.5788,1.9973],[32.5795,1.9966],[32.582,1.9962],[32.5831,1.9953],[32.5921,1.9946],[32.6212,1.9853],[32.6225,1.9831],[32.6225,1.9791],[32.6205,1.9697],[32.6205,1.9536],[32.6198,1.9526],[32.6198,1.9499],[32.6193,1.9488],[32.6191,1.9462],[32.6181,1.9438],[32.6177,1.9412],[32.6169,1.9402],[32.6162,1.9377],[32.6153,1.9367],[32.6139,1.9333],[32.6091,1.9274],[32.6087,1.9263],[32.6078,1.9256],[32.6075,1.9243],[32.6064,1.9238],[32.6064,1.9226],[32.6057,1.9219],[32.6046,1.9214],[32.603,1.9195],[32.6018,1.9189],[32.5964,1.9152],[32.5879,1.9079],[32.5868,1.9059],[32.5861,1.9039],[32.5815,1.8986],[32.5626,1.8801],[32.5533,1.8661],[32.5424,1.8558],[32.5357,1.8423],[32.533,1.8297],[32.5324,1.8285],[32.5317,1.8278],[32.5317,1.8252],[32.531,1.8245],[32.531,1.8192],[32.5316,1.8183],[32.5328,1.8179],[32.5355,1.8178],[32.537,1.8163],[32.5477,1.8017],[32.5604,1.7746],[32.5677,1.7655],[32.5687,1.7651],[32.5709,1.7626],[32.5728,1.761],[32.5784,1.7537],[32.5794,1.7514],[32.5811,1.7503],[32.5817,1.7491],[32.5849,1.7477],[32.5857,1.7459],[32.6033,1.7404],[32.6101,1.7359],[32.6158,1.7284],[32.6168,1.7261],[32.6177,1.7251],[32.6183,1.7241],[32.6213,1.7216],[32.6256,1.7185],[32.6285,1.7157],[32.6432,1.6857],[32.6431,1.6856],[32.7141,1.7486],[32.798,1.8278],[32.8117,1.8325],[32.8117,1.8333],[32.813,1.8342],[32.8138,1.8346],[32.8288,1.8359],[32.8486,1.8213],[32.8517,1.8198],[32.8525,1.8196],[32.8538,1.8188],[32.8547,1.8188],[32.8561,1.818],[32.857,1.8179],[32.8622,1.8156],[32.863,1.8154],[32.8638,1.8154],[32.867,1.8142],[32.8687,1.8141],[32.8737,1.8132],[32.8744,1.8128],[32.8786,1.8128],[32.8818,1.812],[32.8852,1.812],[32.8889,1.8111],[32.8957,1.8111],[32.8965,1.811],[32.8973,1.8107],[32.9059,1.8107],[32.9065,1.8111],[32.9074,1.8111],[32.9087,1.8118],[32.9096,1.8126],[32.9114,1.8165],[32.9124,1.8178],[32.9127,1.8186],[32.9133,1.8192],[32.9134,1.82],[32.9138,1.8205],[32.9143,1.8246],[32.915,1.8262],[32.9151,1.827],[32.9151,1.8296],[32.9155,1.8312],[32.9155,1.8329],[32.9164,1.8359],[32.9164,1.8368],[32.9172,1.8383],[32.9174,1.8399],[32.9177,1.8406],[32.9183,1.8413],[32.9198,1.8443],[32.9249,1.8508],[32.9282,1.8582],[32.9293,1.8656],[32.9305,1.8688],[32.9318,1.8745],[32.9318,1.8788],[32.9321,1.8796],[32.9326,1.8802],[32.9326,1.8828],[32.9341,1.8885],[32.9399,1.9034],[32.9434,1.9265],[32.9441,1.928],[32.9437,1.9329],[32.9425,1.9348],[32.9415,1.9373],[32.9402,1.9388],[32.9391,1.9408],[32.936,1.9481],[32.925,1.9574],[32.9221,1.9589],[32.9189,1.9597],[32.9104,1.9597],[32.9096,1.9593],[32.9063,1.9589],[32.8986,1.9589],[32.8954,1.9564],[32.8947,1.9563],[32.8929,1.955],[32.8883,1.953],[32.869,1.9467],[32.8669,1.9502],[32.8661,1.9507],[32.8651,1.952],[32.8631,1.9534],[32.8622,1.9537],[32.8618,1.9544],[32.8596,1.9555],[32.8592,1.9562],[32.8585,1.9565],[32.8573,1.9577],[32.8565,1.9581],[32.8563,1.9589],[32.8529,1.9625],[32.8515,1.9647],[32.851,1.9651],[32.8463,1.9794],[32.8475,1.9843],[32.8516,1.9946],[32.8584,2.0073],[32.8706,2.0212],[32.8707,2.022],[32.8719,2.0241],[32.8732,2.0272],[32.8732,2.0414],[32.8719,2.0445],[32.8715,2.0486],[32.8711,2.049],[32.8711,2.0499],[32.8651,2.0608],[32.8643,2.0655],[32.8728,2.0738],[32.882,2.0914],[32.8817,2.0918],[32.8808,2.0924],[32.8803,2.0925],[32.8791,2.0938],[32.8782,2.0941],[32.8779,2.0945],[32.8767,2.0952],[32.8764,2.0955],[32.876,2.0958],[32.8662,2.1002],[32.8642,2.1017],[32.8634,2.1024],[32.863,2.1034],[32.863,2.1054]]]]}},{"type":"Feature","properties":{"name":"Oyam"},"geometry":{"type":"MultiPolygon","coordinates":[[[[32.566,2.2377],[32.5673,2.242],[32.5684,2.2437],[32.5688,2.2441],[32.5695,2.2455],[32.5701,2.2461],[32.5707,2.2475],[32.5711,2.248],[32.5714,2.2487],[32.572,2.2493],[32.5724,2.2501],[32.5732,2.2501],[32.5766,2.252],[32.5781,2.2524],[32.5794,2.2535],[32.5802,2.2537],[32.5806,2.2544],[32.5813,2.2547],[32.5819,2.2553],[32.5834,2.256],[32.5835,2.2568],[32.5909,2.2635],[32.6006,2.2672],[32.6057,2.2672],[32.6245,2.2766],[32.6301,2.286],[32.6336,2.2899],[32.6343,2.2902],[32.6356,2.2912],[32.6382,2.2945],[32.6399,2.2988],[32.6399,2.3005],[32.6395,2.301],[32.6395,2.3018],[32.6391,2.3023],[32.6383,2.3035],[32.6382,2.3042],[32.6378,2.3046],[32.6376,2.3054],[32.6369,2.3066],[32.6368,2.3074],[32.6365,2.3081],[32.6331,2.3112],[32.6301,2.324],[32.6301,2.3242],[32.6267,2.3265],[32.6262,2.328],[32.6262,2.3314],[32.6235,2.3342],[32.608,2.343],[32.6074,2.3445],[32.6038,2.3487],[32.6026,2.3514],[32.6019,2.3518],[32.6015,2.3525],[32.6015,2.3534],[32.601,2.3549],[32.601,2.3566],[32.6006,2.3579],[32.6005,2.3613],[32.5991,2.3648],[32.5829,2.3739],[32.5724,2.3847],[32.5698,2.3889],[32.5698,2.3906],[32.5818,2.3906],[32.5994,2.3927],[32.5998,2.3931],[32.6024,2.3932],[32.6072,2.3966],[32.6249,2.3974],[32.6253,2.3978],[32.6261,2.3981],[32.6267,2.3987],[32.6275,2.3987],[32.6317,2.4018],[32.6378,2.4042],[32.6428,2.4076],[32.6438,2.4086],[32.6442,2.4093],[32.6447,2.4099],[32.6464,2.4116],[32.6489,2.4129],[32.6554,2.4189],[32.6592,2.4235],[32.6599,2.425],[32.6611,2.4263],[32.6613,2.427],[32.6634,2.4298],[32.6636,2.4305],[32.6647,2.4316],[32.6671,2.4367],[32.6692,2.4394],[32.6699,2.4398],[32.6703,2.4405],[32.6715,2.4414],[32.6722,2.4417],[32.6747,2.4441],[32.6769,2.4454],[32.6773,2.4461],[32.6791,2.4474],[32.6799,2.4476],[32.6805,2.4482],[32.6812,2.4486],[32.6817,2.4493],[32.6823,2.4497],[32.6827,2.4504],[32.6843,2.4512],[32.6878,2.4547],[32.6884,2.4563],[32.6889,2.4569],[32.6925,2.459],[32.6933,2.4604],[32.6933,2.4613],[32.6938,2.462],[32.6937,2.4662],[32.6933,2.4669],[32.6933,2.4678],[32.6903,2.4727],[32.6884,2.474],[32.688,2.4747],[32.6867,2.4758],[32.6855,2.477],[32.6852,2.4777],[32.6834,2.4796],[32.6831,2.4803],[32.6831,2.482],[32.6832,2.4828],[32.6836,2.4832],[32.6843,2.4836],[32.6851,2.4837],[32.6858,2.4842],[32.6872,2.4849],[32.6881,2.4849],[32.6911,2.4862],[32.6933,2.4892],[32.7015,2.4884],[32.7254,2.4775],[32.7262,2.4773],[32.7279,2.4773],[32.7393,2.4743],[32.7555,2.4743],[32.7568,2.4747],[32.7671,2.4747],[32.7679,2.4749],[32.7694,2.4755],[32.7711,2.4755],[32.7729,2.4768],[32.7737,2.4769],[32.7749,2.4776],[32.7754,2.478],[32.7761,2.4781],[32.7765,2.4785],[32.7782,2.4785],[32.78,2.4798],[32.7809,2.4798],[32.7823,2.4807],[32.7831,2.4807],[32.7886,2.4844],[32.7902,2.4845],[32.7912,2.4853],[32.7927,2.4856],[32.7962,2.4879],[32.7982,2.4895],[32.8006,2.4929],[32.8012,2.4934],[32.8031,2.4968],[32.804,2.4991],[32.804,2.5008],[32.8049,2.502],[32.8049,2.5054],[32.8089,2.537],[32.8062,2.539],[32.806,2.5394],[32.8054,2.5401],[32.8051,2.5403],[32.805,2.5407],[32.8046,2.5412],[32.8044,2.5418],[32.8042,2.5421],[32.8041,2.5424],[32.8041,2.5445],[32.8033,2.5465],[32.7912,2.5606],[32.7852,2.5738],[32.7721,2.5878],[32.7638,2.6044],[32.7603,2.6044],[32.7578,2.6051],[32.7337,2.6051],[32.7286,2.6058],[32.7276,2.6068],[32.7216,2.6088],[32.7204,2.6095],[32.7192,2.6097],[32.7185,2.6104],[32.682,2.6164],[32.6806,2.6178],[32.678,2.6178],[32.6737,2.6198],[32.671,2.6198],[32.6637,2.6218],[32.6618,2.6225],[32.6608,2.6235],[32.6587,2.6249],[32.6552,2.6285],[32.6552,2.6298],[32.654,2.6303],[32.578,2.6309],[32.5768,2.6319],[32.5753,2.6328],[32.5738,2.6335],[32.5723,2.6344],[32.5634,2.6383],[32.5469,2.6403],[32.5463,2.6406],[32.5446,2.6418],[32.5432,2.6424],[32.5426,2.6429],[32.5418,2.6429],[32.5406,2.644],[32.5398,2.6442],[32.5394,2.6446],[32.5387,2.645],[32.5381,2.6456],[32.5359,2.6465],[32.5293,2.6472],[32.5156,2.6408],[32.4991,2.6408],[32.4969,2.6395],[32.496,2.6395],[32.4953,2.6393],[32.494,2.6382],[32.4933,2.638],[32.4917,2.6365],[32.4914,2.6358],[32.4899,2.6352],[32.488,2.6335],[32.4797,2.6301],[32.4775,2.6254],[32.4745,2.6223],[32.4741,2.6215],[32.4728,2.6202],[32.4678,2.6131],[32.463,2.6043],[32.4626,2.603],[32.4625,2.6022],[32.4609,2.6002],[32.4609,2.5994],[32.4597,2.5982],[32.4576,2.5945],[32.4572,2.5929],[32.4567,2.5922],[32.4557,2.5878],[32.4551,2.5872],[32.4545,2.5857],[32.4538,2.5853],[32.4527,2.5835],[32.4498,2.5687],[32.448,2.5673],[32.4477,2.5666],[32.4472,2.566],[32.4463,2.5646],[32.4463,2.5621],[32.4462,2.5614],[32.4421,2.5482],[32.4367,2.5417],[32.4277,2.5218],[32.4275,2.521],[32.4275,2.5176],[32.4284,2.5162],[32.4289,2.5129],[32.4292,2.5121],[32.4301,2.5106],[32.4301,2.5089],[32.4305,2.5073],[32.4305,2.5048],[32.4292,2.5041],[32.4302,2.503],[32.4305,2.5022],[32.4305,2.5013],[32.431,2.5009],[32.431,2.5001],[32.4314,2.4994],[32.4314,2.496],[32.4318,2.4943],[32.4318,2.4875],[32.4314,2.4859],[32.4314,2.485],[32.431,2.4844],[32.4308,2.4835],[32.4298,2.4814],[32.4297,2.4805],[32.429,2.4791],[32.428,2.4777],[32.4273,2.4773],[32.4259,2.4752],[32.4254,2.4748],[32.425,2.4741],[32.422,2.4713],[32.4215,2.4683],[32.4203,2.467],[32.4194,2.467],[32.419,2.4666],[32.413,2.4666],[32.409,2.4689],[32.4087,2.4696],[32.4081,2.47],[32.4072,2.4715],[32.4039,2.4751],[32.4024,2.4759],[32.4004,2.4775],[32.396,2.4794],[32.3949,2.4804],[32.3935,2.481],[32.3929,2.4816],[32.3915,2.4824],[32.3891,2.4832],[32.3884,2.4837],[32.3876,2.4838],[32.3868,2.4842],[32.3827,2.4891],[32.3813,2.4901],[32.38,2.4909],[32.3791,2.491],[32.3784,2.4913],[32.3767,2.4918],[32.3742,2.4918],[32.3725,2.4922],[32.3717,2.4922],[32.37,2.4926],[32.3641,2.4925],[32.3617,2.4915],[32.3592,2.4909],[32.3498,2.4909],[32.3475,2.4898],[32.3467,2.4896],[32.344,2.4879],[32.3335,2.4858],[32.3036,2.4858],[32.2952,2.4866],[32.2868,2.4909],[32.27,2.4939],[32.2435,2.4956],[32.2431,2.4953],[32.2426,2.4952],[32.2416,2.4948],[32.2411,2.4948],[32.2392,2.4937],[32.2388,2.4933],[32.2386,2.4929],[32.2382,2.4927],[32.2366,2.4911],[32.2359,2.4904],[32.2359,2.4899],[32.2354,2.4896],[32.2342,2.4879],[32.2323,2.4846],[32.2289,2.4805],[32.2246,2.4759],[32.2214,2.4732],[32.2214,2.471],[32.2235,2.4616],[32.2235,2.4578],[32.2238,2.4573],[32.2241,2.4553],[32.2241,2.4487],[32.2236,2.446],[32.2235,2.4433],[32.223,2.4407],[32.2225,2.4347],[32.2225,2.4314],[32.2233,2.4287],[32.2233,2.4265],[32.2228,2.4257],[32.2214,2.4245],[32.2213,2.424],[32.2209,2.4238],[32.2208,2.4232],[32.22,2.4221],[32.22,2.4215],[32.2164,2.4176],[32.2155,2.4149],[32.2151,2.4147],[32.2156,2.4147],[32.221,2.409],[32.2227,2.4043],[32.2219,2.393],[32.2228,2.383],[32.224,2.3817],[32.2251,2.3781],[32.2252,2.377],[32.2257,2.3748],[32.226,2.3656],[32.226,2.3612],[32.2249,2.3584],[32.2246,2.3573],[32.2246,2.3568],[32.2244,2.3563],[32.2244,2.3541],[32.2241,2.3537],[32.2241,2.3521],[32.2244,2.351],[32.2244,2.3505],[32.2259,2.347],[32.2281,2.3442],[32.2294,2.3416],[32.2298,2.3412],[32.2303,2.3398],[32.2307,2.3395],[32.2318,2.3308],[32.2323,2.3302],[32.2373,2.3176],[32.2424,2.3079],[32.2424,2.3046],[32.243,2.2994],[32.2432,2.2989],[32.2432,2.2984],[32.2435,2.2979],[32.2435,2.2957],[32.2429,2.2949],[32.2427,2.2945],[32.2416,2.2937],[32.2416,2.292],[32.2421,2.2906],[32.2421,2.2889],[32.2424,2.2879],[32.2424,2.2868],[32.2426,2.2863],[32.2431,2.2854],[32.2437,2.2838],[32.2447,2.2825],[32.2451,2.281],[32.2463,2.2785],[32.2467,2.2775],[32.247,2.2771],[32.2484,2.2767],[32.2497,2.2749],[32.2508,2.2738],[32.2511,2.2733],[32.2518,2.2725],[32.2523,2.2715],[32.2529,2.2706],[32.2544,2.2678],[32.2549,2.266],[32.2553,2.2657],[32.2573,2.2625],[32.2578,2.2611],[32.2583,2.2608],[32.259,2.2594],[32.2605,2.2581],[32.261,2.2571],[32.2617,2.2565],[32.2635,2.254],[32.2685,2.2498],[32.27,2.2467],[32.2709,2.2457],[32.2712,2.2447],[32.2716,2.2445],[32.2717,2.244],[32.272,2.2436],[32.2722,2.2431],[32.2779,2.239],[32.2795,2.2372],[32.2815,2.2362],[32.2862,2.2308],[32.2867,2.2305],[32.2881,2.2289],[32.2885,2.2287],[32.2888,2.2282],[32.2895,2.2277],[32.313,2.1928],[32.3141,2.1663],[32.3228,2.1416],[32.3231,2.1198],[32.3233,2.1193],[32.3239,2.1129],[32.3244,2.112],[32.3245,2.1115],[32.3247,2.1107],[32.3254,2.1097],[32.3256,2.1097],[32.3438,2.0985],[32.345,2.0989],[32.3459,2.0982],[32.3484,2.0981],[32.361,2.0989],[32.3952,2.0989],[32.4103,2.1011],[32.4136,2.1019],[32.4178,2.1024],[32.4275,2.1082],[32.4283,2.1083],[32.4317,2.1083],[32.4323,2.1078],[32.4331,2.1075],[32.4442,2.1088],[32.4483,2.1103],[32.4495,2.1115],[32.4498,2.1122],[32.4505,2.1125],[32.4508,2.1132],[32.4514,2.1138],[32.4526,2.1146],[32.4687,2.1147],[32.4703,2.1152],[32.4712,2.1152],[32.4801,2.1195],[32.4948,2.1308],[32.5075,2.1481],[32.5104,2.151],[32.511,2.1515],[32.5117,2.1517],[32.5126,2.1528],[32.5134,2.1528],[32.5158,2.1552],[32.5164,2.1555],[32.5182,2.1575],[32.5189,2.1578],[32.5207,2.1596],[32.5215,2.1596],[32.5216,2.1604],[32.523,2.1611],[32.5233,2.1617],[32.5252,2.1628],[32.5258,2.1643],[32.5275,2.166],[32.5302,2.1703],[32.5314,2.1708],[32.5315,2.1715],[32.5331,2.1736],[32.5334,2.1744],[32.5339,2.1747],[32.5341,2.1755],[32.5347,2.1761],[32.536,2.1788],[32.5365,2.1803],[32.5369,2.1809],[32.5438,2.2052],[32.5497,2.2155],[32.5549,2.23],[32.566,2.2377]]]]}},{"type":"Feature","properties":{"name":"Omoro"},"geometry":{"type":"MultiPolygon","coordinates":[[[[32.6756,2.6712],[32.6795,2.6764],[32.6819,2.6809],[32.6826,2.6833],[32.6832,2.6844],[32.6832,2.6857],[32.6846,2.6893],[32.6845,2.6959],[32.6792,2.7048],[32.6792,2.7168],[32.6799,2.7192],[32.6799,2.7205],[32.6811,2.721],[32.682,2.7218],[32.6843,2.7228],[32.6848,2.7238],[32.6905,2.7264],[32.6965,2.7284],[32.6978,2.7285],[32.7002,2.7291],[32.7099,2.7398],[32.7333,2.751],[32.7332,2.7516],[32.7329,2.7518],[32.7314,2.7524],[32.7238,2.7524],[32.7219,2.7607],[32.7218,2.7667],[32.7212,2.7674],[32.717,2.769],[32.7094,2.7667],[32.7071,2.7685],[32.7028,2.7688],[32.7012,2.7699],[32.699,2.7699],[32.6983,2.7702],[32.6978,2.7708],[32.6968,2.772],[32.6964,2.7751],[32.697,2.7756],[32.697,2.7762],[32.6977,2.7768],[32.6981,2.7771],[32.7,2.7775],[32.7011,2.7783],[32.7021,2.7794],[32.7026,2.7796],[32.703,2.78],[32.7034,2.7802],[32.7051,2.7824],[32.7052,2.784],[32.6915,2.7846],[32.6897,2.7856],[32.6893,2.786],[32.6884,2.7864],[32.688,2.7868],[32.6904,2.7963],[32.6915,2.7978],[32.6923,2.7996],[32.6927,2.8],[32.6928,2.8005],[32.6928,2.8033],[32.6924,2.8042],[32.6923,2.8047],[32.6908,2.8063],[32.6812,2.8112],[32.6795,2.8125],[32.679,2.8127],[32.6778,2.8139],[32.6757,2.8175],[32.6755,2.8186],[32.6751,2.8196],[32.6751,2.8202],[32.6745,2.8223],[32.6745,2.8233],[32.6743,2.8243],[32.6743,2.8254],[32.674,2.8257],[32.6736,2.8259],[32.6731,2.8259],[32.6725,2.826],[32.6712,2.827],[32.6584,2.8403],[32.6584,2.8414],[32.6573,2.8455],[32.6562,2.8479],[32.6554,2.8486],[32.654,2.8494],[32.6536,2.8498],[32.6533,2.8502],[32.6525,2.8508],[32.6522,2.8513],[32.6521,2.8518],[32.6518,2.8521],[32.6518,2.8526],[32.6507,2.8543],[32.6271,2.8341],[32.626,2.8328],[32.6248,2.8318],[32.6243,2.8303],[32.6237,2.8298],[32.6237,2.829],[32.6233,2.8286],[32.6232,2.8278],[32.6224,2.8264],[32.6224,2.8256],[32.6218,2.825],[32.6207,2.823],[32.6194,2.8202],[32.6119,2.8131],[32.607,2.81],[32.6066,2.8094],[32.6035,2.8085],[32.6018,2.8085],[32.6012,2.8081],[32.5996,2.8076],[32.5988,2.8076],[32.5981,2.8073],[32.5972,2.8072],[32.5933,2.8059],[32.5925,2.8059],[32.5918,2.8056],[32.5911,2.8051],[32.5903,2.8051],[32.5891,2.8042],[32.5884,2.804],[32.5877,2.8034],[32.5861,2.8029],[32.5847,2.802],[32.5841,2.8014],[32.582,2.8004],[32.5791,2.7995],[32.574,2.7995],[32.5723,2.7991],[32.5467,2.7991],[32.5231,2.8008],[32.5219,2.8013],[32.5207,2.8025],[32.5199,2.8027],[32.5171,2.8047],[32.4962,2.8145],[32.4881,2.8124],[32.4855,2.8123],[32.4802,2.8094],[32.4794,2.8094],[32.4788,2.8091],[32.4772,2.8089],[32.4631,2.8047],[32.4547,2.8038],[32.4528,2.803],[32.4494,2.8029],[32.4463,2.8021],[32.436,2.8021],[32.4348,2.8042],[32.4096,2.7889],[32.4012,2.7884],[32.3909,2.7906],[32.3823,2.7906],[32.373,2.7914],[32.3714,2.7919],[32.3577,2.7917],[32.3541,2.7891],[32.3472,2.7863],[32.3455,2.7863],[32.3402,2.7842],[32.3345,2.7727],[32.329,2.769],[32.3265,2.768],[32.3154,2.768],[32.3147,2.7684],[32.3141,2.769],[32.3119,2.77],[32.31,2.7714],[32.2897,2.7707],[32.2865,2.7712],[32.2849,2.7712],[32.2811,2.7717],[32.274,2.7718],[32.2733,2.7708],[32.2729,2.7693],[32.2715,2.7665],[32.2654,2.7589],[32.2651,2.757],[32.2735,2.7497],[32.274,2.749],[32.2747,2.7471],[32.2747,2.7443],[32.2715,2.7423],[32.2694,2.7397],[32.2672,2.736],[32.2644,2.7328],[32.2539,2.7264],[32.2531,2.725],[32.2525,2.7242],[32.252,2.7232],[32.2517,2.7228],[32.2514,2.7223],[32.2514,2.7217],[32.251,2.7208],[32.2506,2.7206],[32.2503,2.7192],[32.2498,2.7191],[32.2498,2.7185],[32.2493,2.7176],[32.2492,2.7171],[32.2488,2.7163],[32.2484,2.7161],[32.2484,2.7139],[32.2487,2.7135],[32.2487,2.7129],[32.2509,2.71],[32.2511,2.709],[32.2553,2.7031],[32.2566,2.6977],[32.2566,2.6927],[32.2563,2.6917],[32.2557,2.6912],[32.2657,2.6734],[32.2665,2.6633],[32.2688,2.6615],[32.269,2.6611],[32.2696,2.6605],[32.2709,2.6598],[32.2709,2.6595],[32.2887,2.6574],[32.2905,2.6561],[32.2916,2.6549],[32.2916,2.6498],[32.2768,2.625],[32.2763,2.6246],[32.2747,2.6244],[32.2731,2.6237],[32.2723,2.6236],[32.2708,2.623],[32.2701,2.6226],[32.2693,2.6224],[32.2686,2.622],[32.2678,2.622],[32.2527,2.6129],[32.2511,2.61],[32.2509,2.6092],[32.2504,2.6085],[32.2489,2.6022],[32.2477,2.5737],[32.2481,2.5732],[32.2481,2.5725],[32.254,2.5652],[32.2541,2.5643],[32.2572,2.5571],[32.2583,2.5558],[32.2599,2.5529],[32.2605,2.5523],[32.2606,2.5515],[32.2609,2.551],[32.2609,2.5501],[32.2623,2.5497],[32.2629,2.5491],[32.2633,2.5484],[32.2639,2.5468],[32.2653,2.5458],[32.2659,2.5452],[32.2663,2.5445],[32.2709,2.5407],[32.2748,2.5356],[32.2762,2.5349],[32.2813,2.5303],[32.2842,2.5286],[32.2851,2.5285],[32.2855,2.5281],[32.2857,2.5274],[32.2883,2.5261],[32.2946,2.5213],[32.2959,2.5206],[32.2963,2.5202],[32.2984,2.5191],[32.2991,2.5186],[32.3006,2.5179],[32.3014,2.5178],[32.3018,2.5174],[32.304,2.5165],[32.3045,2.5161],[32.3053,2.5161],[32.3061,2.5158],[32.3069,2.5157],[32.3084,2.515],[32.3091,2.5145],[32.3172,2.512],[32.3187,2.5114],[32.3198,2.5106],[32.3313,2.5067],[32.3358,2.5044],[32.3362,2.5037],[32.3369,2.5033],[32.3369,2.5025],[32.3377,2.5024],[32.3382,2.502],[32.3421,2.502],[32.3498,2.4909],[32.3592,2.4909],[32.3617,2.4915],[32.3641,2.4925],[32.37,2.4926],[32.3717,2.4922],[32.3725,2.4922],[32.3742,2.4918],[32.3767,2.4918],[32.3784,2.4913],[32.3791,2.491],[32.38,2.4909],[32.3813,2.4901],[32.3827,2.4891],[32.3868,2.4842],[32.3876,2.4838],[32.3884,2.4837],[32.3891,2.4832],[32.3915,2.4824],[32.3929,2.4816],[32.3935,2.481],[32.3949,2.4804],[32.396,2.4794],[32.4004,2.4775],[32.4024,2.4759],[32.4039,2.4751],[32.4072,2.4715],[32.4081,2.47],[32.4087,2.4696],[32.409,2.4689],[32.413,2.4666],[32.419,2.4666],[32.4194,2.467],[32.4203,2.467],[32.4215,2.4683],[32.422,2.4713],[32.425,2.4741],[32.4254,2.4748],[32.4259,2.4752],[32.4273,2.4773],[32.428,2.4777],[32.429,2.4791],[32.4297,2.4805],[32.4298,2.4814],[32.4308,2.4835],[32.431,2.4844],[32.4314,2.485],[32.4314,2.4859],[32.4318,2.4875],[32.4318,2.4943],[32.4314,2.496],[32.4314,2.4994],[32.431,2.5001],[32.431,2.5009],[32.4305,2.5013],[32.4305,2.5022],[32.4302,2.503],[32.4292,2.5041],[32.4305,2.5048],[32.4305,2.5073],[32.4301,2.5089],[32.4301,2.5106],[32.4292,2.5121],[32.4289,2.5129],[32.4284,2.5162],[32.4275,2.5176],[32.4275,2.521],[32.4277,2.5218],[32.4367,2.5417],[32.4421,2.5482],[32.4463,2.5646],[32.4472,2.566],[32.4477,2.5666],[32.448,2.5673],[32.4498,2.5687],[32.4527,2.5835],[32.4538,2.5853],[32.4545,2.5857],[32.4551,2.5872],[32.4557,2.5878],[32.4567,2.5922],[32.4572,2.5929],[32.4576,2.5945],[32.4597,2.5982],[32.4609,2.5994],[32.4609,2.6002],[32.4625,2.6022],[32.4626,2.603],[32.463,2.6043],[32.4678,2.6131],[32.4728,2.6202],[32.4741,2.6215],[32.4745,2.6223],[32.4775,2.6254],[32.4797,2.6301],[32.488,2.6335],[32.4899,2.6352],[32.4914,2.6358],[32.4917,2.6365],[32.4933,2.638],[32.494,2.6382],[32.4953,2.6393],[32.496,2.6395],[32.4969,2.6395],[32.4991,2.6408],[32.5156,2.6408],[32.5293,2.6472],[32.5359,2.6465],[32.5381,2.6456],[32.5387,2.645],[32.5394,2.6446],[32.5398,2.6442],[32.5406,2.644],[32.5418,2.6429],[32.5426,2.6429],[32.5432,2.6424],[32.5446,2.6418],[32.5463,2.6406],[32.5469,2.6403],[32.5634,2.6383],[32.5723,2.6344],[32.5738,2.6335],[32.5753,2.6328],[32.5768,2.6319],[32.578,2.6309],[32.654,2.6303],[32.6525,2.6336],[32.6525,2.639],[32.6578,2.6437],[32.6588,2.646],[32.6597,2.6469],[32.6619,2.6484],[32.6634,2.6506],[32.6656,2.6521],[32.6675,2.654],[32.6713,2.6567],[32.6719,2.6579],[32.6719,2.6592],[32.6732,2.6615],[32.6732,2.6655],[32.6744,2.6677],[32.6746,2.6689],[32.6752,2.67],[32.6756,2.6712]]]]}},{"type":"Feature","properties":{"name":"Aswa"},"geometry":{"type":"MultiPolygon","coordinates":[[[[32.3954,3.2635],[32.3926,3.2671],[32.3908,3.2699],[32.3903,3.272],[32.3878,3.2753],[32.3867,3.2776],[32.3823,3.2838],[32.3815,3.2842],[32.3805,3.2864],[32.3805,3.2873],[32.3758,3.2895],[32.3716,3.2943],[32.3595,3.2784],[32.3487,3.2795],[32.3432,3.2794],[32.3421,3.2792],[32.3416,3.2792],[32.3406,3.2789],[32.3389,3.2772],[32.3363,3.2738],[32.3235,3.2626],[32.3194,3.2623],[32.3173,3.2627],[32.3138,3.263],[32.3135,3.2628],[32.3133,3.2623],[32.3129,3.262],[32.3124,3.2619],[32.3121,3.2614],[32.3116,3.2612],[32.3114,3.2607],[32.3109,3.2605],[32.3107,3.26],[32.31,3.2593],[32.3098,3.2588],[32.3094,3.2584],[32.3092,3.2579],[32.3091,3.2569],[32.3078,3.254],[32.3078,3.2535],[32.306,3.2505],[32.2996,3.2462],[32.2979,3.2412],[32.29,3.2316],[32.29,3.224],[32.2896,3.2236],[32.289,3.2221],[32.2881,3.2208],[32.2832,3.2155],[32.2826,3.2141],[32.2826,3.2081],[32.2825,3.2076],[32.2803,3.2034],[32.2759,3.1979],[32.2722,3.1958],[32.2712,3.1927],[32.2703,3.1852],[32.27,3.1847],[32.2628,3.182],[32.2458,3.182],[32.2455,3.1817],[32.2446,3.1812],[32.2436,3.1812],[32.2432,3.1814],[32.243,3.1817],[32.243,3.1822],[32.2414,3.1823],[32.2404,3.1815],[32.2401,3.1812],[32.2392,3.1806],[32.2372,3.1784],[32.2364,3.1754],[32.2364,3.1711],[32.2367,3.1701],[32.2367,3.1673],[32.2369,3.1671],[32.2369,3.1665],[32.2375,3.166],[32.2378,3.165],[32.2382,3.1646],[32.2386,3.1644],[32.2393,3.1637],[32.2397,3.1634],[32.2402,3.1633],[32.2407,3.163],[32.2416,3.1626],[32.2419,3.1621],[32.2424,3.1621],[32.2434,3.161],[32.2457,3.1542],[32.2457,3.1493],[32.2421,3.1439],[32.2421,3.1396],[32.2418,3.1374],[32.2416,3.137],[32.2416,3.1364],[32.2353,3.1295],[32.2324,3.124],[32.2314,3.1223],[32.2301,3.121],[32.2301,3.1206],[32.2284,3.1085],[32.2284,3.1076],[32.2228,3.0991],[32.2206,3.0914],[32.219,3.0897],[32.219,3.0881],[32.2182,3.0872],[32.2179,3.0865],[32.2164,3.085],[32.213,3.0772],[32.2129,3.0678],[32.2105,3.0599],[32.2109,3.0583],[32.2109,3.0531],[32.21,3.0503],[32.21,3.0375],[32.2085,3.0349],[32.2073,3.0336],[32.207,3.033],[32.2062,3.0329],[32.2058,3.0322],[32.2036,3.0313],[32.2015,3.027],[32.1993,3.0256],[32.1988,3.024],[32.1981,3.013],[32.1993,3.0082],[32.1993,3.0057],[32.199,3.0049],[32.1909,2.9988],[32.1882,2.9939],[32.1861,2.9921],[32.1838,2.9916],[32.1818,2.9902],[32.1814,2.9895],[32.1807,2.9892],[32.1795,2.988],[32.1788,2.9877],[32.1779,2.9877],[32.1773,2.9871],[32.1771,2.9863],[32.1771,2.9855],[32.1767,2.9847],[32.1767,2.9822],[32.1758,2.9807],[32.1758,2.979],[32.1754,2.9786],[32.1759,2.9762],[32.1805,2.9693],[32.1835,2.9621],[32.184,2.9468],[32.1863,2.9436],[32.1893,2.9376],[32.1902,2.9362],[32.1908,2.9356],[32.1929,2.9323],[32.1929,2.9315],[32.1942,2.9301],[32.1989,2.9054],[32.1989,2.9045],[32.2043,2.8946],[32.2045,2.8896],[32.2049,2.8891],[32.2053,2.8867],[32.2053,2.8799],[32.2108,2.8709],[32.2109,2.87],[32.2116,2.8691],[32.2122,2.8677],[32.2122,2.8668],[32.2126,2.8655],[32.2126,2.8613],[32.2127,2.8605],[32.213,2.8597],[32.213,2.8538],[32.2134,2.8521],[32.2134,2.8385],[32.2139,2.8369],[32.2143,2.8362],[32.2143,2.8345],[32.2154,2.8323],[32.2181,2.8294],[32.2202,2.8257],[32.2203,2.8189],[32.2207,2.8173],[32.2208,2.8165],[32.2215,2.8153],[32.2216,2.8145],[32.222,2.8138],[32.2221,2.8131],[32.2227,2.8124],[32.2228,2.8108],[32.2237,2.8088],[32.2237,2.8079],[32.2241,2.8075],[32.2243,2.8067],[32.2313,2.7971],[32.2318,2.7848],[32.2325,2.7846],[32.2336,2.7837],[32.2372,2.7825],[32.2426,2.7816],[32.2528,2.7816],[32.2544,2.782],[32.2613,2.782],[32.2643,2.7808],[32.274,2.7718],[32.2811,2.7717],[32.2849,2.7712],[32.2865,2.7712],[32.2897,2.7707],[32.31,2.7714],[32.3119,2.77],[32.3141,2.769],[32.3147,2.7684],[32.3154,2.768],[32.3265,2.768],[32.329,2.769],[32.3345,2.7727],[32.3402,2.7842],[32.3455,2.7863],[32.3472,2.7863],[32.3541,2.7891],[32.3577,2.7917],[32.3714,2.7919],[32.373,2.7914],[32.3823,2.7906],[32.3909,2.7906],[32.4012,2.7884],[32.4096,2.7889],[32.4348,2.8042],[32.436,2.8021],[32.4463,2.8021],[32.4494,2.8029],[32.4528,2.803],[32.4547,2.8038],[32.4631,2.8047],[32.4772,2.8089],[32.4788,2.8091],[32.4794,2.8094],[32.4802,2.8094],[32.4855,2.8123],[32.4881,2.8124],[32.4962,2.8145],[32.5171,2.8047],[32.5199,2.8027],[32.5207,2.8025],[32.5219,2.8013],[32.5231,2.8008],[32.5467,2.7991],[32.5723,2.7991],[32.574,2.7995],[32.5791,2.7995],[32.582,2.8004],[32.5841,2.8014],[32.5847,2.802],[32.5861,2.8029],[32.5877,2.8034],[32.5884,2.804],[32.5891,2.8042],[32.5903,2.8051],[32.5911,2.8051],[32.5918,2.8056],[32.5925,2.8059],[32.5933,2.8059],[32.5972,2.8072],[32.5981,2.8073],[32.5988,2.8076],[32.5996,2.8076],[32.6012,2.8081],[32.6018,2.8085],[32.6035,2.8085],[32.6066,2.8094],[32.607,2.81],[32.6119,2.8131],[32.6194,2.8202],[32.6207,2.823],[32.6218,2.825],[32.6224,2.8256],[32.6224,2.8264],[32.6232,2.8278],[32.6233,2.8286],[32.6237,2.829],[32.6237,2.8298],[32.6243,2.8303],[32.6248,2.8318],[32.626,2.8328],[32.6271,2.8341],[32.6507,2.8543],[32.6423,2.8695],[32.6416,2.8701],[32.6414,2.8705],[32.6405,2.8716],[32.6403,2.872],[32.6354,2.8751],[32.6354,2.8789],[32.634,2.881],[32.6327,2.8865],[32.6321,2.8873],[32.6309,2.8884],[32.6304,2.8886],[32.6293,2.8897],[32.629,2.8902],[32.6279,2.8913],[32.6274,2.8916],[32.6266,2.8923],[32.6256,2.8928],[32.6236,2.8944],[32.6229,2.8952],[32.6219,2.8965],[32.607,2.9246],[32.6066,2.927],[32.6049,2.9292],[32.6049,2.9301],[32.6041,2.9301],[32.6037,2.9306],[32.603,2.9318],[32.6019,2.9327],[32.6003,2.9344],[32.5997,2.9347],[32.5977,2.9373],[32.5941,2.9442],[32.5924,2.946],[32.5921,2.9467],[32.5909,2.9479],[32.5895,2.9505],[32.5891,2.9526],[32.5814,2.9596],[32.5814,2.9646],[32.5779,2.9695],[32.5767,2.9727],[32.5745,2.9762],[32.566,2.9853],[32.566,2.987],[32.5648,2.9903],[32.5647,2.992],[32.5643,2.9924],[32.5643,2.9932],[32.5527,3.0149],[32.5476,3.0181],[32.547,3.0187],[32.5467,3.0194],[32.546,3.02],[32.5457,3.0208],[32.5424,3.0249],[32.5402,3.0259],[32.5396,3.0265],[32.5388,3.0266],[32.5367,3.0277],[32.5352,3.0292],[32.5352,3.0317],[32.5336,3.0346],[32.529,3.0368],[32.5286,3.0374],[32.526,3.0437],[32.5251,3.0452],[32.5245,3.0467],[32.5237,3.0481],[32.5235,3.0488],[32.5228,3.0493],[32.5228,3.0501],[32.5147,3.0596],[32.513,3.0669],[32.5102,3.0682],[32.5079,3.0697],[32.5015,3.0824],[32.4956,3.0882],[32.4788,3.1132],[32.4762,3.1151],[32.4761,3.1159],[32.4758,3.1166],[32.475,3.1175],[32.4745,3.1182],[32.4739,3.1186],[32.4732,3.1201],[32.4725,3.1204],[32.4715,3.1218],[32.4712,3.1225],[32.4701,3.1238],[32.4695,3.1243],[32.4694,3.125],[32.4683,3.1263],[32.468,3.127],[32.4668,3.1282],[32.4657,3.1305],[32.4655,3.1321],[32.4644,3.1344],[32.4643,3.1369],[32.4649,3.1389],[32.4668,3.1412],[32.472,3.146],[32.4835,3.1465],[32.4842,3.1468],[32.4892,3.1474],[32.4915,3.1485],[32.4923,3.1486],[32.4938,3.1495],[32.4954,3.1501],[32.5001,3.1537],[32.502,3.1553],[32.5025,3.1559],[32.5032,3.1563],[32.5022,3.1697],[32.5021,3.1698],[32.5014,3.1704],[32.5007,3.1707],[32.4993,3.1719],[32.4991,3.1725],[32.4986,3.1729],[32.4985,3.1736],[32.498,3.1741],[32.498,3.1749],[32.4976,3.1764],[32.4976,3.1824],[32.4972,3.1837],[32.4972,3.1845],[32.4968,3.1852],[32.496,3.1853],[32.4939,3.1864],[32.4929,3.1874],[32.4921,3.1875],[32.4916,3.1879],[32.4913,3.1886],[32.4907,3.1892],[32.4904,3.19],[32.4904,3.1908],[32.4899,3.1915],[32.4899,3.2],[32.4898,3.2008],[32.4895,3.2015],[32.4886,3.2024],[32.4886,3.2032],[32.4882,3.2036],[32.4873,3.2037],[32.4867,3.2042],[32.4851,3.2046],[32.4836,3.2055],[32.482,3.2061],[32.4776,3.2098],[32.4766,3.211],[32.4754,3.212],[32.475,3.2133],[32.4745,3.2137],[32.4739,3.2141],[32.4733,3.2147],[32.4428,3.2356],[32.4265,3.2441],[32.4227,3.2468],[32.4196,3.2479],[32.4179,3.248],[32.4167,3.2484],[32.4158,3.2484],[32.4135,3.2492],[32.4027,3.2562],[32.4025,3.257],[32.4006,3.2587],[32.3998,3.26],[32.3954,3.2635]]]]}},{"type":"Feature","properties":{"name":"Dokolo"},"geometry":{"type":"MultiPolygon","coordinates":[[[[33.2776,2.0597],[33.274,2.0663],[33.2737,2.0679],[33.2669,2.0745],[33.2573,2.0914],[33.2508,2.0966],[33.2497,2.0984],[33.2488,2.1004],[33.2488,2.1009],[33.2485,2.1013],[33.2391,2.1056],[33.2375,2.1056],[33.237,2.1054],[33.2365,2.1053],[33.2356,2.104],[33.2353,2.103],[33.2345,2.1022],[33.234,2.1012],[33.2292,2.0977],[33.2253,2.0977],[33.2233,2.0982],[33.2216,2.0982],[33.2196,2.0988],[33.2179,2.0988],[33.2168,2.1],[33.2162,2.1009],[33.2158,2.1012],[33.2151,2.1027],[33.2145,2.1036],[33.2143,2.1046],[33.2141,2.105],[33.2138,2.1053],[33.2133,2.1054],[33.2129,2.1056],[33.2124,2.1056],[33.2113,2.1059],[33.207,2.1059],[33.2065,2.1061],[33.2045,2.1065],[33.197,2.114],[33.1961,2.1144],[33.1944,2.1144],[33.1929,2.1147],[33.1873,2.1167],[33.1869,2.117],[33.1865,2.1174],[33.1859,2.1174],[33.1833,2.1194],[33.1818,2.1196],[33.1808,2.12],[33.1803,2.1201],[33.1799,2.1204],[33.1782,2.1224],[33.1781,2.123],[33.177,2.1242],[33.1765,2.1251],[33.175,2.1266],[33.1728,2.1302],[33.1725,2.1305],[33.1717,2.131],[33.1713,2.131],[33.1704,2.1317],[33.1699,2.1318],[33.1666,2.1319],[33.1635,2.1304],[33.1532,2.122],[33.1408,2.1229],[33.1384,2.1236],[33.1374,2.1237],[33.1363,2.1239],[33.1352,2.1239],[33.1283,2.1253],[33.126,2.1261],[33.1259,2.1266],[33.1253,2.1267],[33.12,2.0991],[33.1168,2.0988],[33.1064,2.0988],[33.1054,2.0985],[33.1038,2.0985],[33.1027,2.0982],[33.0994,2.0982],[33.0973,2.0977],[33.0968,2.0977],[33.0957,2.0974],[33.0888,2.0966],[33.0842,2.0952],[33.0793,2.0903],[33.0793,2.0898],[33.0785,2.0888],[33.0771,2.0848],[33.0771,2.0816],[33.0768,2.0813],[33.0768,2.0791],[33.076,2.0778],[33.0752,2.0772],[33.075,2.0767],[33.0746,2.0763],[33.0744,2.0759],[33.0741,2.0756],[33.0671,2.0712],[33.0657,2.0692],[33.0634,2.0668],[33.0622,2.0651],[33.0619,2.0641],[33.0616,2.0636],[33.0615,2.0626],[33.0606,2.0613],[33.0522,2.0539],[33.0517,2.0455],[33.05,2.0447],[33.0478,2.0447],[33.0456,2.0436],[33.0446,2.0436],[33.0423,2.0428],[33.0421,2.0425],[33.0416,2.0422],[33.0409,2.0416],[33.04,2.0412],[33.0388,2.0402],[33.0385,2.0398],[33.0372,2.0389],[33.0368,2.0386],[33.0363,2.0384],[33.0347,2.0384],[33.0342,2.0386],[33.0337,2.0387],[33.0333,2.0389],[33.0322,2.0392],[33.0305,2.0403],[33.0289,2.0421],[33.0257,2.0447],[33.0066,2.0539],[32.9909,2.0534],[32.9832,2.0552],[32.9828,2.0556],[32.9818,2.056],[32.9809,2.0566],[32.9805,2.057],[32.9801,2.0573],[32.9794,2.0581],[32.9785,2.0585],[32.9781,2.0589],[32.977,2.0626],[32.9762,2.063],[32.9754,2.0644],[32.9753,2.0649],[32.975,2.0652],[32.9742,2.066],[32.9738,2.0663],[32.971,2.0686],[32.9658,2.0719],[32.9584,2.0806],[32.9542,2.083],[32.9455,2.0864],[32.943,2.0876],[32.9421,2.0881],[32.9419,2.0884],[32.9199,2.0859],[32.9189,2.0862],[32.9172,2.0862],[32.914,2.0868],[32.9118,2.0868],[32.9091,2.0873],[32.9069,2.0873],[32.9059,2.0876],[32.8913,2.0885],[32.8892,2.0892],[32.8881,2.0892],[32.8861,2.0899],[32.8855,2.09],[32.885,2.09],[32.884,2.0903],[32.8835,2.0906],[32.8828,2.0911],[32.882,2.0914],[32.8728,2.0738],[32.8643,2.0655],[32.8651,2.0608],[32.8711,2.0499],[32.8711,2.049],[32.8715,2.0486],[32.8719,2.0445],[32.8732,2.0414],[32.8732,2.0272],[32.8719,2.0241],[32.8707,2.022],[32.8706,2.0212],[32.8584,2.0073],[32.8516,1.9946],[32.8475,1.9843],[32.8463,1.9794],[32.851,1.9651],[32.8515,1.9647],[32.8529,1.9625],[32.8563,1.9589],[32.8565,1.9581],[32.8573,1.9577],[32.8585,1.9565],[32.8592,1.9562],[32.8596,1.9555],[32.8618,1.9544],[32.8622,1.9537],[32.8631,1.9534],[32.8651,1.952],[32.8661,1.9507],[32.8669,1.9502],[32.869,1.9467],[32.8883,1.953],[32.8929,1.955],[32.8947,1.9563],[32.8954,1.9564],[32.8986,1.9589],[32.9063,1.9589],[32.9096,1.9593],[32.9104,1.9597],[32.9189,1.9597],[32.9221,1.9589],[32.925,1.9574],[32.936,1.9481],[32.9391,1.9408],[32.9402,1.9388],[32.9415,1.9373],[32.9425,1.9348],[32.9437,1.9329],[32.9441,1.928],[32.9434,1.9265],[32.9399,1.9034],[32.9341,1.8885],[32.9326,1.8828],[32.9326,1.8802],[32.9321,1.8796],[32.9318,1.8788],[32.9318,1.8745],[32.9305,1.8688],[32.9293,1.8656],[32.9282,1.8582],[32.9249,1.8508],[32.9198,1.8443],[32.9183,1.8413],[32.9177,1.8406],[32.9174,1.8399],[32.9172,1.8383],[32.9164,1.8368],[32.9164,1.8359],[32.9155,1.8329],[32.9155,1.8312],[32.9151,1.8296],[32.9151,1.827],[32.915,1.8262],[32.9143,1.8246],[32.9138,1.8205],[32.9134,1.82],[32.9133,1.8192],[32.9386,1.8128],[32.9407,1.8021],[32.9514,1.794],[32.9621,1.7808],[32.9715,1.7633],[32.9724,1.7449],[32.9818,1.7372],[32.9883,1.7273],[32.9925,1.721],[33.0078,1.7146],[33.0266,1.7099],[33.0501,1.7103],[33.0775,1.7223],[33.0848,1.7385],[33.0852,1.7487],[33.0907,1.7556],[33.0924,1.765],[33.1036,1.7816],[33.1018,1.7949],[33.1057,1.8068],[33.1159,1.8222],[33.113,1.8303],[33.113,1.8504],[33.1249,1.8581],[33.1407,1.8585],[33.1523,1.8743],[33.1625,1.8743],[33.2095,1.9119],[33.2249,1.9153],[33.225,1.9153],[33.2335,1.9179],[33.236,1.9226],[33.2411,1.9239],[33.2535,1.9397],[33.254,1.9567],[33.2612,1.9576],[33.2694,1.9619],[33.2706,1.9999],[33.2783,2.0097],[33.28,2.0565],[33.2795,2.057],[33.2793,2.0575],[33.2789,2.0579],[33.2784,2.0588],[33.278,2.059],[33.2776,2.0597]]]]}},{"type":"Feature","properties":{"name":"Kalaki"},"geometry":{"type":"MultiPolygon","coordinates":[[[[33.3822,1.993],[33.3788,1.9969],[33.3787,1.9977],[33.3779,1.9977],[33.3768,1.9986],[33.376,1.9987],[33.3757,1.9994],[33.3749,1.9995],[33.3734,2.0002],[33.3728,2.0007],[33.372,2.001],[33.3714,2.0016],[33.3707,2.002],[33.369,2.0037],[33.3689,2.0045],[33.3682,2.0048],[33.366,2.0088],[33.3651,2.0162],[33.3647,2.0169],[33.3646,2.0177],[33.3642,2.0184],[33.3642,2.0192],[33.3638,2.02],[33.3625,2.0241],[33.3622,2.0248],[33.3606,2.0268],[33.36,2.0272],[33.3596,2.0279],[33.3571,2.0281],[33.357,2.0288],[33.357,2.0339],[33.3578,2.0359],[33.3583,2.0363],[33.3587,2.037],[33.3591,2.0375],[33.3598,2.039],[33.3388,2.0512],[33.3317,2.0512],[33.3239,2.0526],[33.3222,2.0534],[33.3208,2.0545],[33.3126,2.0583],[33.312,2.0583],[33.311,2.0586],[33.3099,2.0587],[33.3094,2.0589],[33.3044,2.0589],[33.2928,2.0537],[33.29,2.0537],[33.289,2.054],[33.2863,2.054],[33.2858,2.0542],[33.2853,2.0542],[33.2842,2.0542],[33.2819,2.0551],[33.28,2.0565],[33.2783,2.0097],[33.2706,1.9999],[33.2694,1.9619],[33.2612,1.9576],[33.254,1.9567],[33.2535,1.9397],[33.2411,1.9239],[33.236,1.9226],[33.2335,1.9179],[33.225,1.9153],[33.2354,1.8938],[33.2428,1.8583],[33.3055,1.8061],[33.3055,1.7924],[33.2902,1.7744],[33.2875,1.7391],[33.2621,1.7157],[33.2635,1.7064],[33.2374,1.683],[33.2281,1.6576],[33.214,1.6183],[33.2363,1.6239],[33.2763,1.6396],[33.2996,1.6573],[33.3203,1.6667],[33.3729,1.6848],[33.381,1.6899],[33.3917,1.6968],[33.402,1.7109],[33.4028,1.7566],[33.4118,1.7634],[33.4102,1.779],[33.4176,1.7795],[33.4277,1.7916],[33.4293,1.8247],[33.4438,1.8503],[33.4438,1.8853],[33.4326,1.9051],[33.431,1.9046],[33.4285,1.9046],[33.4276,1.9055],[33.4263,1.9059],[33.424,1.9079],[33.4233,1.9081],[33.4213,1.9093],[33.4187,1.9115],[33.4176,1.9127],[33.4169,1.9131],[33.4166,1.9138],[33.4159,1.9142],[33.4158,1.9149],[33.4154,1.9153],[33.4147,1.9157],[33.4143,1.9163],[33.4137,1.9168],[33.4132,1.9176],[33.4117,1.9192],[33.4116,1.92],[33.4109,1.9204],[33.4105,1.9211],[33.4098,1.9215],[33.4095,1.9223],[33.4074,1.9256],[33.4069,1.926],[33.4062,1.9274],[33.4057,1.9281],[33.4055,1.9289],[33.405,1.9296],[33.4047,1.9312],[33.4041,1.9318],[33.404,1.9334],[33.4031,1.9357],[33.4031,1.9366],[33.4027,1.9373],[33.4026,1.9389],[33.4018,1.9403],[33.4017,1.9411],[33.401,1.9425],[33.401,1.9434],[33.4005,1.9441],[33.4005,1.9458],[33.4007,1.9465],[33.4018,1.9479],[33.4023,1.9517],[33.4052,1.9564],[33.4074,1.9648],[33.4079,1.9654],[33.409,1.9674],[33.4091,1.9681],[33.4091,1.9707],[33.4087,1.9722],[33.4082,1.9727],[33.4081,1.9751],[33.4059,1.9785],[33.405,1.9785],[33.4031,1.9802],[33.3984,1.9822],[33.3969,1.9831],[33.3937,1.9841],[33.3822,1.993]]]]}},{"type":"Feature","properties":{"name":"Kaberamaido"},"geometry":{"type":"MultiPolygon","coordinates":[[[[32.9883,1.7273],[32.9756,1.7121],[32.9751,1.6788],[32.9662,1.6681],[32.9466,1.668],[32.9415,1.6617],[32.9417,1.6533],[32.9489,1.6426],[32.9489,1.5899],[32.96,1.5809],[32.9595,1.4946],[32.9597,1.4944],[32.9702,1.4797],[32.9903,1.4769],[33.0015,1.469],[33.0138,1.4671],[33.0273,1.4991],[33.053,1.5294],[33.1029,1.5602],[33.1633,1.5934],[33.214,1.6183],[33.2281,1.6576],[33.2374,1.683],[33.2635,1.7064],[33.2621,1.7157],[33.2875,1.7391],[33.2902,1.7744],[33.3055,1.7924],[33.3055,1.8061],[33.2428,1.8583],[33.2354,1.8938],[33.225,1.9153],[33.2249,1.9153],[33.2095,1.9119],[33.1625,1.8743],[33.1523,1.8743],[33.1407,1.8585],[33.1249,1.8581],[33.113,1.8504],[33.113,1.8303],[33.1159,1.8222],[33.1057,1.8068],[33.1018,1.7949],[33.1036,1.7816],[33.0924,1.765],[33.0907,1.7556],[33.0852,1.7487],[33.0848,1.7385],[33.0775,1.7223],[33.0501,1.7103],[33.0266,1.7099],[33.0078,1.7146],[32.9925,1.721],[32.9883,1.7273]]]]}},{"type":"Feature","properties":{"name":"Kasilo"},"geometry":{"type":"MultiPolygon","coordinates":[[[[33.214,1.6183],[33.1633,1.5934],[33.1029,1.5602],[33.053,1.5294],[33.0273,1.4991],[33.0138,1.4671],[33.0449,1.454],[33.0614,1.4456],[33.1108,1.4188],[33.1215,1.3993],[33.1467,1.3737],[33.1873,1.3502],[33.2074,1.3429],[33.2476,1.3404],[33.3052,1.3775],[33.38,1.3724],[33.3988,1.3482],[33.3993,1.3476],[33.4249,1.3459],[33.4305,1.3951],[33.4505,1.4301],[33.4518,1.4591],[33.4381,1.4835],[33.4202,1.5074],[33.3766,1.5142],[33.3941,1.5211],[33.3957,1.5434],[33.402,1.5589],[33.3941,1.5778],[33.3853,1.5917],[33.3853,1.6024],[33.4088,1.6224],[33.4118,1.63],[33.3935,1.6535],[33.3812,1.6892],[33.3917,1.6968],[33.381,1.6899],[33.3729,1.6848],[33.3203,1.6667],[33.2996,1.6573],[33.2763,1.6396],[33.2363,1.6239],[33.214,1.6183]]]]}},{"type":"Feature","properties":{"name":"Kioga"},"geometry":{"type":"MultiPolygon","coordinates":[[[[32.3125,1.6524],[32.3245,1.6259],[32.3485,1.6123],[32.3614,1.6008],[32.4013,1.5961],[32.4292,1.5871],[32.4459,1.5786],[32.4694,1.5592],[32.4954,1.5447],[32.5203,1.5215],[32.5416,1.5387],[32.5657,1.5141],[32.5827,1.4822],[32.6207,1.4463],[32.6596,1.4412],[32.6778,1.4498],[32.6869,1.454],[32.7356,1.4655],[32.7822,1.4843],[32.805,1.49],[32.8134,1.4921],[32.9597,1.4944],[32.9595,1.4946],[32.96,1.5809],[32.9489,1.5899],[32.9489,1.6426],[32.9417,1.6533],[32.9415,1.6617],[32.9466,1.668],[32.9662,1.6681],[32.9751,1.6788],[32.9756,1.7121],[32.9883,1.7273],[32.9818,1.7372],[32.9724,1.7449],[32.9715,1.7633],[32.9621,1.7808],[32.9514,1.794],[32.9407,1.8021],[32.9386,1.8128],[32.9133,1.8192],[32.9096,1.8126],[32.9087,1.8118],[32.9074,1.8111],[32.9065,1.8111],[32.9059,1.8107],[32.8973,1.8107],[32.8965,1.811],[32.8957,1.8111],[32.8889,1.8111],[32.8856,1.8115],[32.8852,1.812],[32.8818,1.812],[32.8786,1.8128],[32.8744,1.8128],[32.8737,1.8132],[32.8687,1.8141],[32.867,1.8142],[32.8638,1.8154],[32.863,1.8154],[32.8622,1.8156],[32.857,1.8179],[32.8561,1.818],[32.8547,1.8188],[32.8538,1.8188],[32.8525,1.8196],[32.8517,1.8198],[32.8486,1.8213],[32.8288,1.8359],[32.8138,1.8346],[32.813,1.8342],[32.8117,1.8333],[32.8117,1.8325],[32.798,1.8278],[32.7141,1.7486],[32.6431,1.6856],[32.6231,1.6309],[32.5884,1.6136],[32.4552,1.689],[32.4528,1.691],[32.4515,1.6911],[32.4501,1.6924],[32.4495,1.6935],[32.4484,1.6937],[32.4462,1.695],[32.4429,1.6957],[32.4415,1.697],[32.4388,1.697],[32.4365,1.6981],[32.4352,1.6983],[32.4339,1.6983],[32.4328,1.699],[32.4302,1.6992],[32.4289,1.6996],[32.4263,1.6998],[32.4237,1.7003],[32.4197,1.7003],[32.4172,1.701],[32.4105,1.701],[32.3981,1.6843],[32.3933,1.6802],[32.387,1.677],[32.3854,1.675],[32.3843,1.6745],[32.382,1.6723],[32.3577,1.6586],[32.3565,1.657],[32.3552,1.6568],[32.3541,1.6563],[32.3527,1.6563],[32.3507,1.6552],[32.3484,1.6545],[32.3446,1.6536],[32.3433,1.6536],[32.3389,1.6516],[32.3149,1.6516],[32.3138,1.6523],[32.3125,1.6524]]]]}},{"type":"Feature","properties":{"name":"Serere"},"geometry":{"type":"MultiPolygon","coordinates":[[[[33.4249,1.3459],[33.4431,1.3286],[33.4825,1.3359],[33.5252,1.3172],[33.5399,1.3226],[33.5514,1.3429],[33.5599,1.3579],[33.5973,1.4013],[33.6307,1.4073],[33.6487,1.416],[33.6661,1.432],[33.6674,1.4567],[33.6714,1.4681],[33.6839,1.4976],[33.692,1.5215],[33.6903,1.536],[33.6988,1.5514],[33.698,1.5711],[33.6509,1.5792],[33.6309,1.5753],[33.6142,1.5672],[33.5864,1.5625],[33.5702,1.5843],[33.548,1.6185],[33.4864,1.6321],[33.3812,1.6892],[33.3935,1.6535],[33.4118,1.63],[33.4088,1.6224],[33.3853,1.6024],[33.3853,1.5917],[33.3941,1.5778],[33.402,1.5589],[33.3957,1.5434],[33.3941,1.5211],[33.3766,1.5142],[33.4202,1.5074],[33.4381,1.4835],[33.4518,1.4591],[33.4505,1.4301],[33.4305,1.3951],[33.4249,1.3459]]]]}},{"type":"Feature","properties":{"name":"Soroti"},"geometry":{"type":"MultiPolygon","coordinates":[[[[33.802,1.7177],[33.7885,1.7347],[33.7885,1.735],[33.7865,1.7371],[33.7852,1.738],[33.7783,1.7503],[33.7766,1.7542],[33.7766,1.7559],[33.7762,1.7566],[33.7762,1.7574],[33.7757,1.7581],[33.7757,1.7598],[33.7753,1.7622],[33.7744,1.7645],[33.7744,1.7799],[33.7733,1.7828],[33.7727,1.7849],[33.7721,1.7852],[33.7718,1.786],[33.7706,1.7872],[33.7642,1.7996],[33.7629,1.8016],[33.7622,1.802],[33.7618,1.8026],[33.7591,1.8068],[33.7579,1.808],[33.7556,1.8132],[33.7536,1.8161],[33.7531,1.8165],[33.7528,1.8171],[33.7497,1.8193],[33.7473,1.8202],[33.7461,1.8214],[33.7398,1.8239],[33.7394,1.8243],[33.7202,1.8414],[33.7189,1.8423],[33.7078,1.8542],[33.7049,1.8559],[33.7039,1.8572],[33.6989,1.861],[33.6974,1.8615],[33.6961,1.8624],[33.694,1.8631],[33.6933,1.8636],[33.6911,1.8645],[33.6896,1.8656],[33.6878,1.867],[33.687,1.8685],[33.6847,1.8711],[33.6816,1.8737],[33.6812,1.8743],[33.6803,1.8743],[33.6755,1.8771],[33.674,1.8786],[33.6732,1.8786],[33.6729,1.8793],[33.6721,1.8794],[33.6695,1.8811],[33.6603,1.8897],[33.6595,1.8897],[33.6588,1.8902],[33.658,1.8905],[33.6539,1.8914],[33.651,1.893],[33.6502,1.8931],[33.6484,1.8949],[33.648,1.8956],[33.648,1.8965],[33.6475,1.8972],[33.6471,1.8988],[33.6471,1.9107],[33.6501,1.9228],[33.6501,1.9279],[33.6499,1.9287],[33.6493,1.9302],[33.6492,1.9318],[33.6488,1.9325],[33.6487,1.9333],[33.6427,1.9354],[33.635,1.9354],[33.6343,1.9358],[33.6302,1.9365],[33.6219,1.9403],[33.6211,1.9405],[33.6186,1.9405],[33.6181,1.9412],[33.6174,1.9414],[33.6172,1.942],[33.6162,1.9429],[33.6097,1.9462],[33.6089,1.9465],[33.6081,1.9465],[33.6065,1.9472],[33.6006,1.9478],[33.5991,1.9472],[33.5985,1.9466],[33.5977,1.9465],[33.5971,1.9461],[33.5936,1.9461],[33.5922,1.9468],[33.5883,1.948],[33.5877,1.9486],[33.5861,1.9491],[33.5682,1.9673],[33.5582,1.973],[33.5555,1.9755],[33.5499,1.9788],[33.5471,1.9817],[33.5433,1.9847],[33.5407,1.9891],[33.5401,1.9999],[33.5245,2.0175],[33.5197,2.0276],[33.5114,2.0351],[33.5059,2.0379],[33.5051,2.0387],[33.499,2.0404],[33.4904,2.0404],[33.49,2.04],[33.4873,2.0388],[33.4863,2.0379],[33.4855,2.0378],[33.4842,2.0366],[33.4834,2.0365],[33.4822,2.0358],[33.4807,2.0353],[33.479,2.0353],[33.4773,2.0349],[33.4757,2.0344],[33.4749,2.0341],[33.4732,2.034],[33.47,2.0332],[33.4691,2.0332],[33.4687,2.0328],[33.4679,2.0328],[33.4675,2.0322],[33.4663,2.0315],[33.4634,2.0302],[33.463,2.0298],[33.4627,2.0291],[33.461,2.0275],[33.4595,2.0268],[33.4591,2.0261],[33.4584,2.0259],[33.4555,2.0238],[33.4552,2.0232],[33.4547,2.0229],[33.454,2.0225],[33.4537,2.0218],[33.4535,2.021],[33.4531,2.0206],[33.4518,2.0186],[33.4514,2.0182],[33.4513,2.0174],[33.4499,2.0155],[33.4493,2.0141],[33.4493,2.0132],[33.4487,2.0128],[33.448,2.0105],[33.4471,2.0092],[33.447,2.0083],[33.4463,2.008],[33.4463,2.0072],[33.4463,1.9987],[33.4471,1.9947],[33.4472,1.993],[33.4478,1.9924],[33.448,1.9916],[33.448,1.9899],[33.4484,1.9883],[33.4483,1.9875],[33.4413,1.9724],[33.439,1.9654],[33.4381,1.9579],[33.4381,1.9468],[33.4382,1.946],[33.4386,1.9453],[33.4386,1.9316],[33.4402,1.9273],[33.4403,1.9265],[33.4411,1.9256],[33.4416,1.9233],[33.442,1.9228],[33.442,1.916],[33.4374,1.9073],[33.4326,1.9051],[33.4438,1.8853],[33.4438,1.8503],[33.4293,1.8247],[33.4277,1.7916],[33.4176,1.7795],[33.4102,1.779],[33.4118,1.7634],[33.4028,1.7566],[33.402,1.7109],[33.3917,1.6968],[33.3812,1.6892],[33.4864,1.6321],[33.548,1.6185],[33.5702,1.5843],[33.5864,1.5625],[33.6142,1.5672],[33.6309,1.5753],[33.6509,1.5792],[33.698,1.5711],[33.7056,1.5877],[33.7061,1.6136],[33.7179,1.6379],[33.743,1.674],[33.7641,1.6743],[33.7696,1.6664],[33.7914,1.6688],[33.8067,1.6859],[33.8062,1.6863],[33.8056,1.6871],[33.8055,1.6884],[33.8043,1.689],[33.8036,1.6914],[33.8036,1.6967],[33.8034,1.6979],[33.8029,1.699],[33.7917,1.7049],[33.7921,1.7057],[33.7959,1.707],[33.7985,1.7072],[33.7995,1.708],[33.8008,1.7084],[33.8018,1.7092],[33.8023,1.7103],[33.8023,1.713],[33.8016,1.7141],[33.8016,1.7167],[33.802,1.7177]]]]}},{"type":"Feature","properties":{"name":"Ngora"},"geometry":{"type":"MultiPolygon","coordinates":[[[[33.878,1.663],[33.8716,1.6678],[33.865,1.6739],[33.8619,1.6759],[33.8594,1.6765],[33.8571,1.6777],[33.8558,1.6777],[33.8541,1.679],[33.8514,1.679],[33.8494,1.6783],[33.8307,1.6783],[33.8294,1.6781],[33.8283,1.6777],[33.8203,1.6777],[33.8165,1.6786],[33.8132,1.6808],[33.8122,1.6817],[33.811,1.6823],[33.8092,1.685],[33.8079,1.685],[33.8067,1.6859],[33.7914,1.6688],[33.7696,1.6664],[33.7641,1.6743],[33.743,1.674],[33.7179,1.6379],[33.7061,1.6136],[33.7056,1.5877],[33.698,1.5711],[33.6988,1.5514],[33.6903,1.536],[33.692,1.5215],[33.6839,1.4976],[33.6714,1.4681],[33.6674,1.4567],[33.6661,1.432],[33.6487,1.416],[33.6307,1.4073],[33.5973,1.4013],[33.5599,1.3579],[33.5514,1.3429],[33.565,1.338],[33.5694,1.3263],[33.5951,1.3279],[33.6161,1.3307],[33.6304,1.3252],[33.6585,1.3263],[33.6804,1.3369],[33.7119,1.3561],[33.7239,1.3514],[33.7268,1.3533],[33.7514,1.3694],[33.7749,1.3681],[33.7941,1.3609],[33.8005,1.369],[33.7992,1.3788],[33.7809,1.4066],[33.7937,1.4228],[33.7958,1.4395],[33.8082,1.4455],[33.8377,1.4933],[33.8548,1.5241],[33.8573,1.5506],[33.8658,1.5633],[33.8802,1.5922],[33.8793,1.6246],[33.8884,1.6342],[33.8843,1.6595],[33.8838,1.6596],[33.8831,1.6602],[33.8825,1.661],[33.8813,1.6614],[33.8804,1.6623],[33.8793,1.6628],[33.878,1.663]]]]}},{"type":"Feature","properties":{"name":"Kumi"},"geometry":{"type":"MultiPolygon","coordinates":[[[[34.2287,1.6463],[34.2173,1.6463],[34.2167,1.6456],[34.2136,1.6456],[34.0057,1.649],[33.998,1.647],[33.99,1.6409],[33.9873,1.6409],[33.9848,1.6403],[33.9835,1.6403],[33.9822,1.6398],[33.981,1.6396],[33.9769,1.6396],[33.9763,1.6389],[33.9696,1.6389],[33.9672,1.6383],[33.9645,1.6383],[33.9639,1.6376],[33.9612,1.6376],[33.9601,1.6369],[33.9481,1.6369],[33.9442,1.6376],[33.9375,1.6376],[33.9355,1.6383],[33.9315,1.6383],[33.9265,1.6396],[33.9238,1.6396],[33.9183,1.6416],[33.9158,1.6418],[33.9149,1.6423],[33.9136,1.6423],[33.9125,1.6429],[33.9112,1.643],[33.8988,1.6516],[33.8933,1.6536],[33.8911,1.655],[33.8884,1.6576],[33.8843,1.6595],[33.8884,1.6342],[33.8793,1.6246],[33.8802,1.5922],[33.8658,1.5633],[33.8573,1.5506],[33.8548,1.5241],[33.8377,1.4933],[33.8082,1.4455],[33.7958,1.4395],[33.7937,1.4228],[33.7809,1.4066],[33.7992,1.3788],[33.8005,1.369],[33.7941,1.3609],[33.7749,1.3681],[33.7514,1.3694],[33.7268,1.3533],[33.7411,1.3263],[33.7544,1.319],[33.7736,1.3182],[33.7894,1.319],[33.8086,1.319],[33.8216,1.3074],[33.862,1.2712],[33.914,1.2699],[33.9158,1.2698],[33.9825,1.3146],[33.9946,1.3292],[34.0079,1.3493],[34.0052,1.412],[34.0119,1.4194],[34.0126,1.4294],[34.0066,1.4527],[34.0393,1.4941],[34.0593,1.5075],[34.082,1.5181],[34.1007,1.5428],[34.0981,1.5609],[34.1134,1.5695],[34.1662,1.5675],[34.2295,1.5695],[34.2287,1.6463]]]]}},{"type":"Feature","properties":{"name":"Bukedea"},"geometry":{"type":"MultiPolygon","coordinates":[[[[34.2295,1.5695],[34.1662,1.5675],[34.1134,1.5695],[34.0981,1.5609],[34.1007,1.5428],[34.082,1.5181],[34.0593,1.5075],[34.0393,1.4941],[34.0066,1.4527],[34.0126,1.4294],[34.0119,1.4194],[34.0052,1.412],[34.0079,1.3493],[33.9946,1.3292],[33.9825,1.3146],[33.9158,1.2698],[33.914,1.2699],[33.9211,1.2531],[33.9351,1.2378],[33.9779,1.2318],[33.9966,1.2204],[34.034,1.2111],[34.0987,1.1884],[34.1116,1.1844],[34.1395,1.1757],[34.1695,1.1744],[34.1748,1.1857],[34.1902,1.2111],[34.2002,1.2345],[34.2163,1.2562],[34.2292,1.2729],[34.2338,1.2789],[34.23,1.3015],[34.2419,1.3194],[34.2436,1.3446],[34.2458,1.3579],[34.2569,1.3677],[34.2603,1.3763],[34.2659,1.3844],[34.2698,1.3977],[34.2698,1.4015],[34.2712,1.4122],[34.2696,1.4169],[34.2642,1.4202],[34.2647,1.4221],[34.2654,1.4239],[34.2632,1.426],[34.2616,1.4318],[34.2566,1.4378],[34.2531,1.4403],[34.2506,1.4433],[34.246,1.4469],[34.2441,1.4477],[34.2358,1.4638],[34.2263,1.469],[34.2293,1.4838],[34.2296,1.5659],[34.2295,1.5659],[34.2295,1.5695]]]]}},{"type":"Feature","properties":{"name":"Bulambuli"},"geometry":{"type":"MultiPolygon","coordinates":[[[[34.3616,1.5651],[34.3578,1.5641],[34.3572,1.5642],[34.3565,1.565],[34.3551,1.5658],[34.3541,1.566],[34.3524,1.566],[34.3508,1.5663],[34.3465,1.5663],[34.3387,1.5601],[34.3262,1.5587],[34.2981,1.5621],[34.2954,1.5591],[34.2757,1.5574],[34.2669,1.5683],[34.2655,1.5689],[34.2629,1.5689],[34.262,1.5697],[34.2613,1.57],[34.2607,1.5706],[34.26,1.5709],[34.256,1.5758],[34.2502,1.5715],[34.2479,1.5673],[34.2453,1.5659],[34.2296,1.5659],[34.2293,1.4838],[34.2263,1.469],[34.2358,1.4638],[34.2441,1.4477],[34.246,1.4469],[34.2506,1.4433],[34.2531,1.4403],[34.2566,1.4378],[34.2616,1.4318],[34.2632,1.426],[34.2654,1.4239],[34.2647,1.4221],[34.2642,1.4202],[34.2696,1.4169],[34.2712,1.4122],[34.2698,1.4015],[34.2698,1.3977],[34.2659,1.3844],[34.2603,1.3763],[34.2569,1.3677],[34.2458,1.3579],[34.2436,1.3446],[34.2419,1.3194],[34.23,1.3015],[34.2338,1.2789],[34.2292,1.2729],[34.2456,1.2578],[34.289,1.2859],[34.3164,1.2458],[34.3358,1.2318],[34.3578,1.2131],[34.3805,1.1971],[34.4085,1.1831],[34.4539,1.1797],[34.4813,1.1684],[34.5127,1.1517],[34.5302,1.1744],[34.5327,1.1777],[34.5315,1.1825],[34.526,1.2051],[34.5221,1.2082],[34.4873,1.2358],[34.4579,1.2558],[34.4312,1.2712],[34.3953,1.2865],[34.3735,1.2904],[34.356,1.3011],[34.3415,1.3062],[34.3197,1.3156],[34.3018,1.319],[34.2996,1.3374],[34.3082,1.3553],[34.3094,1.3673],[34.3188,1.3827],[34.3377,1.4032],[34.3513,1.4164],[34.374,1.4292],[34.3795,1.4352],[34.3889,1.4386],[34.3953,1.4429],[34.4069,1.4442],[34.418,1.4493],[34.4312,1.46],[34.4423,1.4728],[34.4483,1.4809],[34.4474,1.4844],[34.4458,1.4907],[34.4436,1.5095],[34.4041,1.5584],[34.4005,1.5603],[34.3997,1.5611],[34.3992,1.5613],[34.3989,1.5617],[34.397,1.5628],[34.3968,1.563],[34.3917,1.5652],[34.3852,1.5652],[34.3831,1.5647],[34.3787,1.5647],[34.3762,1.5639],[34.3735,1.5639],[34.3731,1.5642],[34.3725,1.5651],[34.3721,1.5655],[34.3695,1.5673],[34.369,1.5674],[34.3662,1.5674],[34.3633,1.5663],[34.3628,1.5661],[34.362,1.5653],[34.3616,1.5651]]]]}},{"type":"Feature","properties":{"name":"Tingey"},"geometry":{"type":"MultiPolygon","coordinates":[[[[34.5221,1.2082],[34.5231,1.2323],[34.5308,1.2519],[34.5188,1.2669],[34.5248,1.2823],[34.5154,1.3036],[34.4577,1.3677],[34.4654,1.3746],[34.4808,1.3857],[34.4932,1.4049],[34.4945,1.4237],[34.4812,1.4335],[34.4911,1.4463],[34.4898,1.4698],[34.4474,1.4844],[34.4483,1.4809],[34.4423,1.4728],[34.4312,1.46],[34.418,1.4493],[34.4069,1.4442],[34.3953,1.4429],[34.3889,1.4386],[34.3795,1.4352],[34.374,1.4292],[34.3513,1.4164],[34.3377,1.4032],[34.3188,1.3827],[34.3094,1.3673],[34.3082,1.3553],[34.2996,1.3374],[34.3018,1.319],[34.3197,1.3156],[34.3415,1.3062],[34.356,1.3011],[34.3735,1.2904],[34.3953,1.2865],[34.4312,1.2712],[34.4579,1.2558],[34.4873,1.2358],[34.5221,1.2082]]]]}},{"type":"Feature","properties":{"name":"Kween"},"geometry":{"type":"MultiPolygon","coordinates":[[[[34.4041,1.5584],[34.4436,1.5095],[34.4458,1.4907],[34.4474,1.4844],[34.4898,1.4698],[34.4911,1.4463],[34.4812,1.4335],[34.4945,1.4237],[34.4932,1.4049],[34.4808,1.3857],[34.4654,1.3746],[34.4577,1.3677],[34.5154,1.3036],[34.5248,1.2823],[34.5188,1.2669],[34.5308,1.2519],[34.5231,1.2323],[34.5221,1.2082],[34.526,1.2051],[34.5315,1.1825],[34.5436,1.1968],[34.5487,1.2263],[34.5539,1.2413],[34.5872,1.2763],[34.5898,1.2857],[34.6064,1.3032],[34.6154,1.3066],[34.6291,1.3147],[34.6457,1.3241],[34.6752,1.3267],[34.712,1.36],[34.7274,1.3767],[34.7274,1.4019],[34.7359,1.4113],[34.7372,1.4294],[34.7324,1.4356],[34.731,1.4367],[34.7297,1.4369],[34.7296,1.4371],[34.7293,1.4371],[34.7273,1.4382],[34.7239,1.4386],[34.7236,1.4388],[34.7235,1.4391],[34.7218,1.4408],[34.7216,1.4411],[34.7214,1.4412],[34.7212,1.4417],[34.721,1.4418],[34.721,1.442],[34.7208,1.4421],[34.7203,1.4431],[34.7201,1.4435],[34.7198,1.4441],[34.7198,1.4443],[34.7198,1.4446],[34.7196,1.4447],[34.7195,1.4449],[34.7193,1.4455],[34.7193,1.4457],[34.7192,1.4459],[34.7192,1.4474],[34.7193,1.4479],[34.7193,1.4483],[34.7203,1.4514],[34.7197,1.4583],[34.7197,1.4591],[34.7201,1.4599],[34.7209,1.46],[34.7218,1.4618],[34.7222,1.4663],[34.7218,1.4669],[34.7206,1.4676],[34.7202,1.4681],[34.7192,1.4712],[34.7192,1.4729],[34.7184,1.4749],[34.7109,1.485],[34.7092,1.4869],[34.7066,1.489],[34.7019,1.4923],[34.6981,1.5012],[34.6966,1.5027],[34.6966,1.5044],[34.6957,1.5067],[34.6957,1.5135],[34.695,1.515],[34.6947,1.5157],[34.6932,1.5172],[34.6932,1.518],[34.6928,1.5196],[34.6928,1.5221],[34.6926,1.5229],[34.6916,1.5249],[34.682,1.5279],[34.6812,1.5279],[34.6795,1.5267],[34.6781,1.5262],[34.6656,1.5253],[34.665,1.5256],[34.6648,1.5263],[34.663,1.5282],[34.6598,1.5321],[34.6592,1.5325],[34.6521,1.5343],[34.6418,1.5401],[34.6329,1.5433],[34.6321,1.5442],[34.632,1.545],[34.6316,1.545],[34.6252,1.5664],[34.6243,1.5664],[34.6235,1.5664],[34.6091,1.5787],[34.5977,1.583],[34.5849,1.584],[34.5829,1.5824],[34.5818,1.5813],[34.5815,1.5808],[34.5811,1.5804],[34.5807,1.5801],[34.5771,1.5792],[34.566,1.5844],[34.5654,1.5844],[34.5633,1.5849],[34.5567,1.5849],[34.5414,1.5878],[34.5249,1.5961],[34.5094,1.6013],[34.5023,1.6013],[34.4924,1.6035],[34.4892,1.6091],[34.4887,1.6092],[34.4865,1.6092],[34.4823,1.6066],[34.4823,1.6055],[34.483,1.6041],[34.4843,1.6023],[34.485,1.6015],[34.4853,1.6011],[34.485,1.6008],[34.4843,1.6002],[34.4793,1.5981],[34.4784,1.5975],[34.4769,1.5968],[34.4766,1.5963],[34.4765,1.5947],[34.4762,1.5937],[34.476,1.5933],[34.476,1.5927],[34.4756,1.5918],[34.4749,1.5903],[34.4746,1.59],[34.4735,1.589],[34.473,1.5889],[34.4725,1.5886],[34.4715,1.5883],[34.4708,1.5877],[34.4703,1.5876],[34.47,1.5873],[34.4686,1.5868],[34.4683,1.5864],[34.4678,1.5863],[34.4676,1.586],[34.4662,1.5855],[34.464,1.5855],[34.4631,1.585],[34.4587,1.5785],[34.4584,1.5784],[34.4574,1.5781],[34.4566,1.5775],[34.4531,1.5764],[34.4527,1.5761],[34.4525,1.5756],[34.4515,1.5752],[34.4498,1.5739],[34.4494,1.5737],[34.4486,1.5731],[34.4484,1.5727],[34.4475,1.5723],[34.4421,1.5726],[34.4389,1.5718],[34.4373,1.5713],[34.4343,1.5682],[34.4289,1.5663],[34.4285,1.5659],[34.4278,1.5634],[34.4276,1.5629],[34.427,1.5622],[34.4266,1.5619],[34.4227,1.5619],[34.4218,1.5616],[34.4204,1.5605],[34.4189,1.56],[34.4178,1.56],[34.4173,1.5598],[34.4168,1.5598],[34.414,1.5598],[34.412,1.5592],[34.4109,1.5592],[34.4104,1.5589],[34.4067,1.5587],[34.4062,1.5586],[34.4057,1.5584],[34.4041,1.5584]]]]}},{"type":"Feature","properties":{"name":"Kongasis"},"geometry":{"type":"MultiPolygon","coordinates":[[[[34.7372,1.4294],[34.7359,1.4113],[34.7274,1.4019],[34.7274,1.3767],[34.712,1.36],[34.6752,1.3267],[34.6457,1.3241],[34.6291,1.3147],[34.6154,1.3066],[34.6064,1.3032],[34.5898,1.2857],[34.5872,1.2763],[34.5539,1.2413],[34.5487,1.2263],[34.5436,1.1968],[34.5315,1.1825],[34.5327,1.1777],[34.5302,1.1744],[34.5427,1.1483],[34.5528,1.1096],[34.5735,1.1123],[34.5741,1.1443],[34.5901,1.1544],[34.6269,1.1677],[34.6636,1.1924],[34.7057,1.2144],[34.7551,1.2151],[34.7738,1.2238],[34.8018,1.2338],[34.8218,1.2551],[34.8305,1.2718],[34.8285,1.2932],[34.8312,1.3045],[34.7939,1.3588],[34.7844,1.368],[34.7795,1.3788],[34.7777,1.379],[34.7776,1.3792],[34.7773,1.3794],[34.7772,1.3795],[34.777,1.3797],[34.7768,1.3798],[34.7764,1.3803],[34.7756,1.3807],[34.7744,1.3817],[34.7741,1.382],[34.7735,1.3836],[34.7735,1.3865],[34.7736,1.3867],[34.7738,1.387],[34.7739,1.3872],[34.774,1.3874],[34.774,1.3885],[34.7734,1.3924],[34.7733,1.3926],[34.773,1.3935],[34.7714,1.3959],[34.7713,1.396],[34.7711,1.3961],[34.7711,1.3963],[34.7708,1.3965],[34.7707,1.3967],[34.7703,1.3969],[34.7702,1.397],[34.7696,1.3986],[34.7691,1.3994],[34.7689,1.3995],[34.7687,1.3996],[34.7686,1.3998],[34.7683,1.4002],[34.7681,1.4005],[34.7679,1.4006],[34.7676,1.401],[34.7675,1.4012],[34.7674,1.4013],[34.7672,1.4014],[34.7671,1.4016],[34.7638,1.4042],[34.7554,1.4098],[34.7545,1.411],[34.754,1.4114],[34.7525,1.4128],[34.7521,1.413],[34.7505,1.4155],[34.7506,1.4168],[34.7505,1.417],[34.7503,1.4171],[34.7502,1.4173],[34.75,1.4174],[34.7496,1.4176],[34.749,1.4179],[34.7465,1.4187],[34.7453,1.4194],[34.7451,1.4197],[34.7444,1.4225],[34.7441,1.4234],[34.7435,1.424],[34.7408,1.4259],[34.7403,1.4263],[34.74,1.4266],[34.7387,1.4283],[34.7383,1.4285],[34.7377,1.4291],[34.7373,1.4293],[34.7372,1.4294]]]]}},{"type":"Feature","properties":{"name":"Budadiri"},"geometry":{"type":"MultiPolygon","coordinates":[[[[34.1695,1.1744],[34.1761,1.1669],[34.1877,1.1678],[34.2005,1.1708],[34.2154,1.1464],[34.2154,1.1323],[34.2364,1.128],[34.2513,1.1178],[34.2714,1.1148],[34.2877,1.1174],[34.3018,1.1131],[34.3163,1.1071],[34.3329,1.1],[34.3432,1.0956],[34.3701,1.1122],[34.4235,1.1131],[34.4406,1.1083],[34.4753,1.1016],[34.4927,1.1056],[34.508,1.1236],[34.5127,1.1517],[34.4813,1.1684],[34.4539,1.1797],[34.4085,1.1831],[34.3805,1.1971],[34.3578,1.2131],[34.3358,1.2318],[34.3164,1.2458],[34.289,1.2859],[34.2456,1.2578],[34.2292,1.2729],[34.2163,1.2562],[34.2002,1.2345],[34.1902,1.2111],[34.1748,1.1857],[34.1695,1.1744]]]]}},{"type":"Feature","properties":{"name":"Manjiya"},"geometry":{"type":"MultiPolygon","coordinates":[[[[34.5127,1.1517],[34.508,1.1236],[34.4927,1.1056],[34.4753,1.1016],[34.4406,1.1083],[34.4235,1.1131],[34.3701,1.1122],[34.3432,1.0956],[34.3329,1.1],[34.3099,1.0832],[34.2945,1.0708],[34.2919,1.052],[34.2847,1.0388],[34.268,1.0123],[34.2475,0.9871],[34.2582,0.9755],[34.2706,0.9772],[34.3141,1.0054],[34.3317,0.9836],[34.3458,0.9777],[34.3761,0.9824],[34.397,0.9939],[34.4154,1.0084],[34.45,1.0153],[34.4633,0.9982],[34.4684,0.967],[34.4752,0.9644],[34.477,0.9918],[34.4817,1.0076],[34.5094,1.0648],[34.5188,1.0793],[34.5372,1.1182],[34.5528,1.1096],[34.5427,1.1483],[34.5302,1.1744],[34.5127,1.1517]]]]}},{"type":"Feature","properties":{"name":"Bubulo"},"geometry":{"type":"MultiPolygon","coordinates":[[[[34.2582,0.9755],[34.2523,0.9662],[34.2391,0.9637],[34.2186,0.9487],[34.2129,0.929],[34.2003,0.897],[34.1904,0.8776],[34.1855,0.8565],[34.168,0.8497],[34.1648,0.8401],[34.1636,0.8366],[34.1768,0.827],[34.197,0.8158],[34.2129,0.8081],[34.2317,0.7884],[34.2654,0.764],[34.2859,0.7551],[34.3137,0.7546],[34.3453,0.7743],[34.3663,0.7798],[34.3817,0.7862],[34.412,0.8123],[34.4082,0.826],[34.4304,0.8431],[34.4406,0.8687],[34.4419,0.8773],[34.4594,0.9123],[34.4697,0.9371],[34.4752,0.9644],[34.4684,0.967],[34.4633,0.9982],[34.45,1.0153],[34.4154,1.0084],[34.397,0.9939],[34.3761,0.9824],[34.3458,0.9777],[34.3317,0.9836],[34.3141,1.0054],[34.2706,0.9772],[34.2582,0.9755]]]]}},{"type":"Feature","properties":{"name":"Bungokho"},"geometry":{"type":"MultiPolygon","coordinates":[[[[34.1116,1.1844],[34.1109,1.1652],[34.1254,1.1434],[34.1262,1.1149],[34.1188,1.1032],[34.1131,1.0898],[34.1092,1.0764],[34.1016,1.0657],[34.0811,1.0608],[34.072,1.0488],[34.0953,1.0386],[34.1103,1.0321],[34.107,1.0143],[34.0925,0.9952],[34.0936,0.9301],[34.0841,0.9224],[34.0873,0.9095],[34.0879,0.9071],[34.1021,0.9036],[34.1292,0.8847],[34.1429,0.8781],[34.1459,0.8532],[34.1549,0.8437],[34.1648,0.8401],[34.168,0.8497],[34.1855,0.8565],[34.1904,0.8776],[34.2003,0.897],[34.2129,0.929],[34.2186,0.9487],[34.2391,0.9637],[34.2523,0.9662],[34.2582,0.9755],[34.2475,0.9871],[34.268,1.0123],[34.2847,1.0388],[34.2919,1.052],[34.2945,1.0708],[34.3099,1.0832],[34.3329,1.1],[34.3163,1.1071],[34.3018,1.1131],[34.2877,1.1174],[34.2714,1.1148],[34.2513,1.1178],[34.2364,1.128],[34.2154,1.1323],[34.2154,1.1464],[34.2005,1.1708],[34.1877,1.1678],[34.1761,1.1669],[34.1695,1.1744],[34.1395,1.1757],[34.1116,1.1844]]]]}},{"type":"Feature","properties":{"name":"Butebo"},"geometry":{"type":"MultiPolygon","coordinates":[[[[33.8216,1.3074],[33.8056,1.2754],[33.7988,1.2609],[33.7762,1.2464],[33.7603,1.2417],[33.7407,1.2366],[33.7287,1.2349],[33.7257,1.225],[33.7381,1.2126],[33.7531,1.2071],[33.7612,1.2024],[33.7629,1.1934],[33.7706,1.187],[33.7826,1.19],[33.795,1.2007],[33.7967,1.2143],[33.8065,1.2267],[33.8599,1.2259],[33.8582,1.2143],[33.8403,1.196],[33.8398,1.1756],[33.8398,1.1755],[33.8783,1.1447],[33.9026,1.1601],[33.9159,1.1644],[33.9472,1.1697],[33.9595,1.1911],[33.9595,1.1896],[33.9821,1.1857],[33.9915,1.1609],[33.9992,1.1533],[34.0317,1.1528],[34.0402,1.155],[34.0748,1.1233],[34.1018,1.1195],[34.1005,1.1075],[34.1188,1.1032],[34.1262,1.1149],[34.1254,1.1434],[34.1109,1.1652],[34.1116,1.1844],[34.0987,1.1884],[34.034,1.2111],[33.9966,1.2204],[33.9779,1.2318],[33.9351,1.2378],[33.9211,1.2531],[33.914,1.2699],[33.862,1.2712],[33.8216,1.3074]]]]}},{"type":"Feature","properties":{"name":"Budaka"},"geometry":{"type":"MultiPolygon","coordinates":[[[[34.1188,1.1032],[34.1005,1.1075],[34.1018,1.1195],[34.0748,1.1233],[34.0402,1.155],[34.0317,1.1528],[33.9992,1.1533],[33.9915,1.1609],[33.9821,1.1857],[33.9595,1.1896],[33.9595,1.1911],[33.9472,1.1697],[33.9518,1.1604],[33.9558,1.129],[33.9625,1.1116],[33.9652,1.0829],[33.9492,1.0629],[33.9425,1.0562],[33.9285,1.0622],[33.9131,1.0469],[33.9031,1.0248],[33.8864,1.0088],[33.853,0.9875],[33.8443,0.9701],[33.8423,0.9534],[33.8978,0.9381],[33.9492,0.9541],[34.0146,1.0015],[34.04,1.0242],[34.072,1.0488],[34.0811,1.0608],[34.1016,1.0657],[34.1092,1.0764],[34.1131,1.0898],[34.1188,1.1032]]]]}},{"type":"Feature","properties":{"name":"Pallisa"},"geometry":{"type":"MultiPolygon","coordinates":[[[[33.3988,1.3482],[33.4057,1.3279],[33.413,1.2999],[33.431,1.2945],[33.4444,1.2905],[33.4778,1.2678],[33.5125,1.2211],[33.5212,1.2051],[33.5439,1.1984],[33.5846,1.163],[33.604,1.135],[33.624,1.1036],[33.6294,1.1007],[33.6361,1.097],[33.6374,1.0963],[33.6534,1.107],[33.6714,1.1183],[33.6861,1.1317],[33.6948,1.131],[33.7108,1.1216],[33.7275,1.1156],[33.7549,1.1223],[33.7716,1.1036],[33.7883,1.1029],[33.8076,1.1176],[33.8156,1.135],[33.8136,1.153],[33.8243,1.1664],[33.8398,1.1756],[33.8403,1.196],[33.8582,1.2143],[33.8599,1.2259],[33.8065,1.2267],[33.7967,1.2143],[33.795,1.2007],[33.7826,1.19],[33.7706,1.187],[33.7629,1.1934],[33.7612,1.2024],[33.7531,1.2071],[33.7381,1.2126],[33.7257,1.225],[33.7287,1.2349],[33.7407,1.2366],[33.7603,1.2417],[33.7762,1.2464],[33.7988,1.2609],[33.8056,1.2754],[33.8216,1.3074],[33.8086,1.319],[33.7894,1.319],[33.7736,1.3182],[33.7544,1.319],[33.7411,1.3263],[33.7268,1.3533],[33.7239,1.3514],[33.7119,1.3561],[33.6804,1.3369],[33.6585,1.3263],[33.6304,1.3252],[33.6161,1.3307],[33.5951,1.3279],[33.5694,1.3263],[33.565,1.338],[33.5514,1.3429],[33.5399,1.3226],[33.5252,1.3172],[33.4825,1.3359],[33.4431,1.3286],[33.4249,1.3459],[33.3993,1.3476],[33.3988,1.3482]]]]}},{"type":"Feature","properties":{"name":"Kibuku"},"geometry":{"type":"MultiPolygon","coordinates":[[[[33.8398,1.1756],[33.8243,1.1664],[33.8136,1.153],[33.8156,1.135],[33.8076,1.1176],[33.7883,1.1029],[33.7716,1.1036],[33.7549,1.1223],[33.7275,1.1156],[33.7108,1.1216],[33.6948,1.131],[33.6861,1.1317],[33.6714,1.1183],[33.6534,1.107],[33.6374,1.0963],[33.6361,1.097],[33.6503,1.0758],[33.664,1.0714],[33.6933,1.0468],[33.6993,0.9809],[33.749,0.9443],[33.7605,0.9555],[33.7717,0.9481],[33.8423,0.9534],[33.8443,0.9701],[33.853,0.9875],[33.8864,1.0088],[33.9031,1.0248],[33.9131,1.0469],[33.9285,1.0622],[33.9425,1.0562],[33.9492,1.0629],[33.9652,1.0829],[33.9625,1.1116],[33.9558,1.129],[33.9518,1.1604],[33.9472,1.1697],[33.9159,1.1644],[33.9026,1.1601],[33.8783,1.1447],[33.8398,1.1755],[33.8398,1.1756]]]]}},{"type":"Feature","properties":{"name":"Bunyole"},"geometry":{"type":"MultiPolygon","coordinates":[[[[34.072,1.0488],[34.04,1.0242],[34.0146,1.0015],[33.9492,0.9541],[33.8978,0.9381],[33.8423,0.9534],[33.7717,0.9481],[33.7605,0.9555],[33.749,0.9443],[33.7696,0.9194],[33.7762,0.8212],[33.7809,0.8039],[33.7862,0.7892],[33.7836,0.7792],[33.8003,0.7571],[33.7923,0.7505],[33.8083,0.7431],[33.8203,0.7271],[33.8357,0.7011],[33.8577,0.697],[33.859,0.6972],[33.8777,0.6997],[33.867,0.7151],[33.8804,0.7358],[33.8837,0.7491],[33.8924,0.7712],[33.8978,0.7818],[33.8984,0.7892],[33.9091,0.8019],[33.9111,0.8072],[33.9191,0.8145],[33.9191,0.8266],[33.9265,0.8393],[33.9351,0.8459],[33.9565,0.8633],[33.9772,0.8773],[33.9952,0.8773],[34.0119,0.8846],[34.0199,0.8933],[34.0313,0.888],[34.0328,0.889],[34.04,0.894],[34.0453,0.904],[34.0873,0.9095],[34.0841,0.9224],[34.0936,0.9301],[34.0925,0.9952],[34.107,1.0143],[34.1103,1.0321],[34.0953,1.0386],[34.072,1.0488]]]]}},{"type":"Feature","properties":{"name":"Tororo"},"geometry":{"type":"MultiPolygon","coordinates":[[[[34.1648,0.8401],[34.1549,0.8437],[34.1459,0.8532],[34.1429,0.8781],[34.1292,0.8847],[34.1021,0.9036],[34.0879,0.9071],[34.0873,0.9095],[34.0453,0.904],[34.04,0.894],[34.0328,0.889],[34.0553,0.8813],[34.064,0.8726],[34.0734,0.8519],[34.058,0.8393],[34.0687,0.8292],[34.0847,0.8252],[34.0934,0.8206],[34.0941,0.8045],[34.1228,0.7665],[34.1595,0.7625],[34.1728,0.7398],[34.1862,0.7217],[34.1815,0.7117],[34.1568,0.7131],[34.1495,0.7157],[34.1314,0.6984],[34.1248,0.6864],[34.1014,0.681],[34.1107,0.669],[34.1121,0.6597],[34.0914,0.6423],[34.086,0.6296],[34.0854,0.6163],[34.0794,0.5982],[34.087,0.5877],[34.09,0.5835],[34.1268,0.5822],[34.1475,0.5834],[34.1508,0.5835],[34.1708,0.6002],[34.1802,0.6009],[34.1975,0.6123],[34.2029,0.6183],[34.2349,0.6256],[34.2523,0.6343],[34.2683,0.6403],[34.2757,0.6483],[34.2797,0.6577],[34.2757,0.6697],[34.2803,0.6777],[34.2904,0.685],[34.3044,0.7044],[34.3117,0.7251],[34.3079,0.7547],[34.2859,0.7551],[34.2654,0.764],[34.2317,0.7884],[34.2129,0.8081],[34.197,0.8158],[34.1768,0.827],[34.1636,0.8366],[34.1648,0.8401]]]]}},{"type":"Feature","properties":{"name":"West Budama"},"geometry":{"type":"MultiPolygon","coordinates":[[[[33.859,0.6972],[33.8774,0.667],[33.8774,0.641],[33.8949,0.6119],[33.8962,0.6076],[33.9065,0.6004],[33.9133,0.597],[33.921,0.591],[33.9326,0.5884],[33.9407,0.5888],[33.9566,0.5729],[33.9976,0.5713],[34.013,0.579],[34.025,0.5858],[34.0389,0.5795],[34.0586,0.5828],[34.0764,0.5817],[34.087,0.5877],[34.0794,0.5982],[34.0854,0.6163],[34.086,0.6296],[34.0914,0.6423],[34.1121,0.6597],[34.1107,0.669],[34.1014,0.681],[34.1248,0.6864],[34.1314,0.6984],[34.1495,0.7157],[34.1568,0.7131],[34.1815,0.7117],[34.1862,0.7217],[34.1728,0.7398],[34.1595,0.7625],[34.1228,0.7665],[34.0941,0.8045],[34.0934,0.8206],[34.0847,0.8252],[34.0687,0.8292],[34.058,0.8393],[34.0734,0.8519],[34.064,0.8726],[34.0553,0.8813],[34.0328,0.889],[34.0313,0.888],[34.0199,0.8933],[34.0119,0.8846],[33.9952,0.8773],[33.9772,0.8773],[33.9565,0.8633],[33.9351,0.8459],[33.9265,0.8393],[33.9191,0.8266],[33.9191,0.8145],[33.9111,0.8072],[33.9091,0.8019],[33.8984,0.7892],[33.8978,0.7818],[33.8924,0.7712],[33.8837,0.7491],[33.8804,0.7358],[33.867,0.7151],[33.8777,0.6997],[33.859,0.6972]]]]}},{"type":"Feature","properties":{"name":"Busiki"},"geometry":{"type":"MultiPolygon","coordinates":[[[[33.6294,1.1007],[33.6153,1.0709],[33.6066,1.0596],[33.5986,1.0469],[33.5913,1.0255],[33.5652,0.9981],[33.5632,0.9861],[33.5539,0.9774],[33.5559,0.9434],[33.5372,0.9167],[33.5379,0.902],[33.5292,0.8907],[33.5306,0.8884],[33.5359,0.88],[33.5365,0.8279],[33.5539,0.8045],[33.556,0.804],[33.5799,0.7979],[33.6046,0.7919],[33.6193,0.7792],[33.632,0.7718],[33.6347,0.7585],[33.6434,0.7551],[33.6247,0.7351],[33.6511,0.7247],[33.6673,0.7198],[33.685,0.7113],[33.6995,0.7064],[33.7181,0.7039],[33.7332,0.7108],[33.7463,0.7296],[33.7652,0.7048],[33.7649,0.696],[33.7734,0.6894],[33.8051,0.687],[33.8188,0.6922],[33.8357,0.7011],[33.8203,0.7271],[33.8083,0.7431],[33.7923,0.7505],[33.8003,0.7571],[33.7836,0.7792],[33.7862,0.7892],[33.7809,0.8039],[33.7762,0.8212],[33.7696,0.9194],[33.749,0.9443],[33.6993,0.9809],[33.6933,1.0468],[33.664,1.0714],[33.6503,1.0758],[33.6361,1.097],[33.6294,1.1007]]]]}},{"type":"Feature","properties":{"name":"Bulamogi"},"geometry":{"type":"MultiPolygon","coordinates":[[[[33.431,1.2945],[33.4305,1.2545],[33.4245,1.2447],[33.404,1.2225],[33.3984,1.2148],[33.3975,1.202],[33.3873,1.1819],[33.3711,1.1562],[33.3651,1.143],[33.3629,1.1118],[33.339,1.0926],[33.3638,1.0618],[33.3689,1.0482],[33.3787,1.0409],[33.383,1.0345],[33.3796,1.0306],[33.379,1.0258],[33.3927,1.0105],[33.4058,1.0088],[33.4069,1.0176],[33.4118,1.002],[33.402,0.9831],[33.4001,0.9673],[33.3943,0.9566],[33.3938,0.9312],[33.3875,0.9178],[33.3853,0.9093],[33.386,0.9091],[33.3984,0.9063],[33.3995,0.897],[33.4036,0.8962],[33.4157,0.8809],[33.4449,0.8806],[33.4529,0.88],[33.472,0.8699],[33.4958,0.8688],[33.5125,0.8778],[33.5306,0.8884],[33.5292,0.8907],[33.5379,0.902],[33.5372,0.9167],[33.5559,0.9434],[33.5539,0.9774],[33.5632,0.9861],[33.5652,0.9981],[33.5913,1.0255],[33.5986,1.0469],[33.6066,1.0596],[33.6153,1.0709],[33.6294,1.1007],[33.624,1.1036],[33.604,1.135],[33.5846,1.163],[33.5439,1.1984],[33.5212,1.2051],[33.5125,1.2211],[33.4778,1.2678],[33.4444,1.2905],[33.431,1.2945]]]]}},{"type":"Feature","properties":{"name":"Kilak"},"geometry":{"type":"MultiPolygon","coordinates":[[[[32.2096,3.4848],[32.2055,3.4856],[32.2049,3.4858],[32.2043,3.4861],[32.2018,3.4878],[32.1998,3.4899],[32.2018,3.5],[32.0977,3.5292],[32.0917,3.5478],[32.0783,3.5765],[32.0603,3.5851],[32.0427,3.6042],[32.0458,3.5479],[32.0385,3.5271],[32.0364,3.5115],[32.0281,3.4959],[32.026,3.4376],[32.0113,3.4178],[32.01,3.3879],[32.0276,3.3589],[32.0263,3.3517],[32.0169,3.3299],[32.0088,3.3141],[32.0024,3.3069],[32.0028,3.2937],[32.0126,3.2787],[32.0096,3.2659],[32.0015,3.248],[31.99,3.2314],[31.9613,3.1955],[31.9568,3.1572],[31.9374,3.1266],[31.9227,3.1052],[31.9161,3.0926],[31.9241,3.0812],[31.9201,3.0672],[31.9121,3.0519],[31.8873,3.0305],[31.896,3.0199],[31.8853,2.9905],[31.8266,2.9885],[31.8226,2.9925],[31.7945,2.9885],[31.7785,2.9839],[31.7592,2.9772],[31.7365,2.9765],[31.7131,2.9692],[31.6991,2.9659],[31.6844,2.9605],[31.6704,2.9565],[31.661,2.9519],[31.6416,2.9492],[31.6303,2.9539],[31.5962,2.9565],[31.5749,2.9319],[31.5699,2.9195],[31.5549,2.8973],[31.5156,2.8943],[31.49,2.922],[31.4571,2.9229],[31.4268,2.9485],[31.4135,2.9557],[31.4122,2.9634],[31.3988,2.9736],[31.396,2.9758],[31.387,2.9681],[31.3862,2.9417],[31.3763,2.9293],[31.3669,2.9037],[31.3584,2.8892],[31.3417,2.8542],[31.3434,2.8187],[31.3589,2.7945],[31.3592,2.794],[31.3692,2.7792],[31.426,2.7752],[31.4413,2.7558],[31.4473,2.7406],[31.4379,2.7146],[31.4374,2.7022],[31.4306,2.6834],[31.4306,2.6736],[31.4114,2.6484],[31.4045,2.6416],[31.4203,2.6181],[31.4575,2.583],[31.4578,2.5568],[31.4619,2.5582],[31.4851,2.5661],[31.5108,2.5803],[31.5229,2.5805],[31.5439,2.598],[31.5568,2.5975],[31.5757,2.607],[31.6443,2.6066],[31.669,2.6271],[31.681,2.6331],[31.7015,2.6467],[31.716,2.6664],[31.7319,2.6933],[31.7361,2.7031],[31.743,2.7044],[31.7605,2.7214],[31.7789,2.7453],[31.7848,2.7577],[31.7848,2.7705],[31.7985,2.7833],[31.7955,2.8098],[31.8019,2.8145],[31.8177,2.7974],[31.8408,2.797],[31.8472,2.8055],[31.8596,2.8],[31.8703,2.8],[31.8814,2.791],[31.8989,2.7901],[31.9297,2.7978],[31.9468,2.759],[31.9626,2.7577],[31.9835,2.7688],[32.0177,2.7718],[32.0502,2.8111],[32.0669,2.8192],[32.0759,2.8222],[32.1023,2.8153],[32.1177,2.7903],[32.1267,2.7832],[32.141,2.7879],[32.1617,2.7972],[32.171,2.7947],[32.1847,2.7819],[32.211,2.7813],[32.2318,2.7848],[32.2313,2.7971],[32.2243,2.8067],[32.2241,2.8075],[32.2237,2.8079],[32.2237,2.8088],[32.2228,2.8108],[32.2227,2.8124],[32.2221,2.8131],[32.222,2.8138],[32.2216,2.8145],[32.2215,2.8153],[32.2208,2.8165],[32.2207,2.8173],[32.2203,2.8189],[32.2202,2.8257],[32.2181,2.8294],[32.2154,2.8323],[32.2143,2.8345],[32.2143,2.8362],[32.2139,2.8369],[32.2134,2.8385],[32.2134,2.8521],[32.213,2.8538],[32.213,2.8597],[32.2127,2.8605],[32.2126,2.8613],[32.2126,2.8655],[32.2122,2.8668],[32.2122,2.8677],[32.2116,2.8691],[32.2109,2.87],[32.2108,2.8709],[32.2053,2.8799],[32.2053,2.8867],[32.2049,2.8891],[32.2045,2.8896],[32.2043,2.8946],[32.1989,2.9045],[32.1989,2.9054],[32.1942,2.9301],[32.1929,2.9315],[32.1929,2.9323],[32.1908,2.9356],[32.1902,2.9362],[32.1893,2.9376],[32.1863,2.9436],[32.184,2.9468],[32.1835,2.9621],[32.1805,2.9693],[32.1759,2.9762],[32.1754,2.9786],[32.1758,2.979],[32.1758,2.9807],[32.1767,2.9822],[32.1767,2.9847],[32.1771,2.9855],[32.1771,2.9863],[32.1773,2.9871],[32.1779,2.9877],[32.1788,2.9877],[32.1795,2.988],[32.1807,2.9892],[32.1814,2.9895],[32.1818,2.9902],[32.1838,2.9916],[32.1861,2.9921],[32.1882,2.9939],[32.1909,2.9988],[32.199,3.0049],[32.1993,3.0057],[32.1993,3.0082],[32.1981,3.013],[32.1988,3.024],[32.1993,3.0256],[32.2015,3.027],[32.2036,3.0313],[32.2058,3.0322],[32.2062,3.0329],[32.207,3.033],[32.2073,3.0336],[32.2085,3.0349],[32.21,3.0375],[32.21,3.0503],[32.2109,3.0531],[32.2109,3.0583],[32.2105,3.0599],[32.2129,3.0678],[32.213,3.0772],[32.2164,3.085],[32.2179,3.0865],[32.2182,3.0872],[32.219,3.0881],[32.219,3.0897],[32.2206,3.0914],[32.2228,3.0991],[32.2284,3.1076],[32.2284,3.1085],[32.2301,3.1206],[32.2301,3.121],[32.2314,3.1223],[32.2324,3.124],[32.2353,3.1295],[32.2416,3.1364],[32.2416,3.137],[32.2418,3.1374],[32.2421,3.1396],[32.2421,3.1439],[32.2457,3.1493],[32.2457,3.1542],[32.2434,3.161],[32.2424,3.1621],[32.2419,3.1621],[32.2416,3.1626],[32.2407,3.163],[32.2402,3.1633],[32.2397,3.1634],[32.2393,3.1637],[32.2386,3.1644],[32.2382,3.1646],[32.2378,3.165],[32.2375,3.166],[32.2369,3.1665],[32.2369,3.1671],[32.2367,3.1673],[32.2367,3.1701],[32.2364,3.1711],[32.2364,3.1754],[32.2372,3.1784],[32.2392,3.1806],[32.2401,3.1812],[32.2404,3.1815],[32.2414,3.1823],[32.243,3.1822],[32.243,3.1817],[32.2432,3.1814],[32.2436,3.1812],[32.2446,3.1812],[32.2455,3.1817],[32.2458,3.182],[32.2628,3.182],[32.27,3.1847],[32.2703,3.1852],[32.2712,3.1927],[32.2722,3.1958],[32.2759,3.1979],[32.2803,3.2034],[32.2825,3.2076],[32.2826,3.2081],[32.2826,3.2141],[32.2832,3.2155],[32.2881,3.2208],[32.289,3.2221],[32.2896,3.2236],[32.29,3.224],[32.29,3.2316],[32.2979,3.2412],[32.2996,3.2462],[32.306,3.2505],[32.3078,3.2535],[32.3078,3.254],[32.3091,3.2569],[32.3092,3.2579],[32.3094,3.2584],[32.3098,3.2588],[32.31,3.2593],[32.3107,3.26],[32.3109,3.2605],[32.3114,3.2607],[32.3116,3.2612],[32.3121,3.2614],[32.3124,3.2619],[32.3129,3.262],[32.3133,3.2623],[32.3135,3.2628],[32.3138,3.263],[32.3173,3.2627],[32.3194,3.2623],[32.3235,3.2626],[32.3363,3.2738],[32.3389,3.2772],[32.3406,3.2789],[32.3416,3.2792],[32.3421,3.2792],[32.3432,3.2794],[32.3487,3.2795],[32.3595,3.2784],[32.3716,3.2943],[32.3681,3.2979],[32.3586,3.3011],[32.358,3.3017],[32.3572,3.3018],[32.3561,3.3029],[32.3554,3.3032],[32.3549,3.3038],[32.3542,3.3039],[32.3528,3.3059],[32.3511,3.3093],[32.3487,3.3126],[32.3477,3.3149],[32.3476,3.3157],[32.3473,3.3165],[32.3467,3.317],[32.3459,3.3184],[32.3446,3.3193],[32.3439,3.32],[32.3406,3.3201],[32.3399,3.3203],[32.3341,3.3232],[32.3334,3.3237],[32.3322,3.3246],[32.3316,3.3248],[32.3309,3.3252],[32.3275,3.3252],[32.3259,3.3248],[32.325,3.3248],[32.3232,3.3235],[32.3217,3.3231],[32.3174,3.3231],[32.317,3.3235],[32.3161,3.3235],[32.3117,3.3298],[32.3107,3.3325],[32.3103,3.3329],[32.3096,3.3342],[32.3086,3.3352],[32.3045,3.3359],[32.3041,3.3363],[32.3026,3.3369],[32.302,3.3375],[32.3012,3.3379],[32.3008,3.3386],[32.2988,3.3402],[32.2975,3.3412],[32.2962,3.3424],[32.2959,3.3431],[32.2938,3.3452],[32.293,3.3472],[32.2925,3.3476],[32.2924,3.3484],[32.2909,3.352],[32.2904,3.3545],[32.2904,3.3562],[32.2895,3.3581],[32.2895,3.3606],[32.2875,3.3635],[32.2864,3.3642],[32.2826,3.3684],[32.2819,3.3696],[32.2818,3.3704],[32.2812,3.3707],[32.2788,3.3765],[32.2784,3.3781],[32.2784,3.379],[32.2749,3.3905],[32.2741,3.3917],[32.2736,3.3923],[32.2733,3.3931],[32.2699,3.3973],[32.2686,3.4003],[32.269,3.4183],[32.263,3.4242],[32.2608,3.4251],[32.2574,3.4251],[32.257,3.4246],[32.2544,3.4246],[32.2537,3.425],[32.2529,3.4251],[32.2523,3.4254],[32.2503,3.4276],[32.2493,3.4294],[32.2434,3.4348],[32.2305,3.4377],[32.2305,3.4386],[32.23,3.439],[32.2277,3.4424],[32.2258,3.4464],[32.225,3.4517],[32.2237,3.4532],[32.223,3.4545],[32.2199,3.4571],[32.2224,3.4673],[32.2211,3.4698],[32.219,3.4721],[32.2189,3.4729],[32.2182,3.4733],[32.2173,3.4766],[32.2173,3.4817],[32.2164,3.4828],[32.2156,3.4848],[32.2096,3.4848]]]]}},{"type":"Feature","properties":{"name":"Nwoya"},"geometry":{"type":"MultiPolygon","coordinates":[[[[32.221,2.409],[32.2151,2.4147],[32.2155,2.4149],[32.2164,2.4176],[32.22,2.4215],[32.22,2.4221],[32.2208,2.4232],[32.2209,2.4238],[32.2213,2.424],[32.2214,2.4245],[32.2228,2.4257],[32.2233,2.4265],[32.2233,2.4287],[32.2225,2.4314],[32.2225,2.4347],[32.223,2.4407],[32.2235,2.4433],[32.2236,2.446],[32.2241,2.4487],[32.2241,2.4553],[32.2238,2.4573],[32.2235,2.4578],[32.2235,2.4616],[32.2214,2.471],[32.2214,2.4732],[32.2246,2.4759],[32.2289,2.4805],[32.2323,2.4846],[32.2342,2.4879],[32.2354,2.4896],[32.2359,2.4899],[32.2359,2.4904],[32.2366,2.4911],[32.2382,2.4927],[32.2386,2.4929],[32.2388,2.4933],[32.2392,2.4937],[32.2411,2.4948],[32.2416,2.4948],[32.2426,2.4952],[32.2431,2.4953],[32.2435,2.4956],[32.27,2.4939],[32.2868,2.4909],[32.2952,2.4866],[32.3036,2.4858],[32.3335,2.4858],[32.344,2.4879],[32.3467,2.4896],[32.3475,2.4898],[32.3498,2.4909],[32.3421,2.502],[32.3382,2.502],[32.3377,2.5024],[32.3369,2.5025],[32.3369,2.5033],[32.3362,2.5037],[32.3358,2.5044],[32.3313,2.5067],[32.3198,2.5106],[32.3187,2.5114],[32.3172,2.512],[32.3091,2.5145],[32.3084,2.515],[32.3069,2.5157],[32.3061,2.5158],[32.3053,2.5161],[32.3045,2.5161],[32.304,2.5165],[32.3018,2.5174],[32.3014,2.5178],[32.3006,2.5179],[32.2991,2.5186],[32.2984,2.5191],[32.2963,2.5202],[32.2959,2.5206],[32.2946,2.5213],[32.2883,2.5261],[32.2857,2.5274],[32.2855,2.5281],[32.2851,2.5285],[32.2842,2.5286],[32.2813,2.5303],[32.2793,2.5318],[32.2748,2.5356],[32.2709,2.5407],[32.2663,2.5445],[32.2659,2.5452],[32.2653,2.5458],[32.2639,2.5468],[32.2633,2.5484],[32.2629,2.5491],[32.2623,2.5497],[32.2609,2.5501],[32.2609,2.551],[32.2606,2.5515],[32.2605,2.5523],[32.2599,2.5529],[32.2583,2.5558],[32.2572,2.5571],[32.2541,2.5643],[32.254,2.5652],[32.2481,2.5725],[32.2481,2.5732],[32.2477,2.5737],[32.2489,2.6022],[32.2504,2.6085],[32.2509,2.6092],[32.2511,2.61],[32.2527,2.6129],[32.2678,2.622],[32.2686,2.622],[32.2693,2.6224],[32.2701,2.6226],[32.2708,2.623],[32.2723,2.6236],[32.2731,2.6237],[32.2747,2.6244],[32.2763,2.6246],[32.2768,2.625],[32.2916,2.6498],[32.2916,2.6549],[32.2905,2.6561],[32.2887,2.6574],[32.2709,2.6595],[32.2709,2.6598],[32.2696,2.6605],[32.269,2.6611],[32.2688,2.6615],[32.2665,2.6633],[32.2657,2.6734],[32.2557,2.6912],[32.2563,2.6917],[32.2566,2.6927],[32.2566,2.6977],[32.2553,2.7031],[32.2511,2.709],[32.2509,2.71],[32.2487,2.7129],[32.2487,2.7135],[32.2484,2.7139],[32.2484,2.7161],[32.2488,2.7163],[32.2492,2.7171],[32.2493,2.7176],[32.2498,2.7185],[32.2498,2.7191],[32.2503,2.7192],[32.2506,2.7206],[32.251,2.7208],[32.2514,2.7217],[32.2514,2.7223],[32.2517,2.7228],[32.252,2.7232],[32.2525,2.7242],[32.2531,2.725],[32.2539,2.7264],[32.2644,2.7328],[32.2672,2.736],[32.2694,2.7397],[32.2715,2.7423],[32.2747,2.7443],[32.2747,2.7471],[32.274,2.749],[32.2735,2.7497],[32.2651,2.757],[32.2654,2.7589],[32.2715,2.7665],[32.2729,2.7693],[32.2733,2.7708],[32.274,2.7718],[32.2643,2.7808],[32.2613,2.782],[32.2544,2.782],[32.2528,2.7816],[32.2426,2.7816],[32.2372,2.7825],[32.2336,2.7837],[32.2325,2.7846],[32.2318,2.7848],[32.211,2.7813],[32.1847,2.7819],[32.171,2.7947],[32.1617,2.7972],[32.141,2.7879],[32.1267,2.7832],[32.1177,2.7903],[32.1023,2.8153],[32.0759,2.8222],[32.0669,2.8192],[32.0502,2.8111],[32.0177,2.7718],[31.9835,2.7688],[31.9626,2.7577],[31.9468,2.759],[31.9297,2.7978],[31.8989,2.7901],[31.8814,2.791],[31.8703,2.8],[31.8596,2.8],[31.8472,2.8055],[31.8408,2.797],[31.8177,2.7974],[31.8019,2.8145],[31.7955,2.8098],[31.7985,2.7833],[31.7848,2.7705],[31.7848,2.7577],[31.7789,2.7453],[31.7605,2.7214],[31.743,2.7044],[31.7361,2.7031],[31.7319,2.6933],[31.716,2.6664],[31.7015,2.6467],[31.681,2.6331],[31.669,2.6271],[31.6443,2.6066],[31.5757,2.607],[31.5568,2.5975],[31.5439,2.598],[31.5229,2.5805],[31.5108,2.5803],[31.4851,2.5661],[31.4619,2.5582],[31.4694,2.5457],[31.4741,2.525],[31.4954,2.5104],[31.5141,2.5017],[31.5081,2.481],[31.4834,2.4583],[31.4674,2.435],[31.458,2.409],[31.4574,2.3736],[31.3846,2.3316],[31.3345,2.2876],[31.3252,2.2582],[31.3245,2.2242],[31.3504,2.2518],[31.3632,2.2655],[31.3712,2.2595],[31.4193,2.2582],[31.4427,2.2442],[31.47,2.2589],[31.4881,2.2649],[31.5368,2.2962],[31.5669,2.2929],[31.6109,2.2742],[31.6383,2.2722],[31.667,2.2762],[31.6804,2.2922],[31.6977,2.2936],[31.7031,2.2996],[31.7164,2.3022],[31.7244,2.3076],[31.7485,2.3222],[31.7572,2.3456],[31.7792,2.3636],[31.7939,2.3709],[31.8159,2.385],[31.8192,2.3816],[31.9101,2.3769],[31.9521,2.3443],[31.9828,2.3256],[32.0115,2.2956],[32.0256,2.2956],[32.0423,2.2996],[32.0569,2.2922],[32.075,2.2742],[32.0963,2.2682],[32.109,2.2595],[32.1431,2.2469],[32.1745,2.2482],[32.2052,2.2729],[32.247,2.2771],[32.2467,2.2775],[32.2463,2.2785],[32.2451,2.281],[32.2447,2.2825],[32.2437,2.2838],[32.2431,2.2854],[32.2426,2.2863],[32.2424,2.2868],[32.2424,2.2879],[32.2421,2.2889],[32.2421,2.2906],[32.2416,2.292],[32.2416,2.2937],[32.2427,2.2945],[32.2429,2.2949],[32.2435,2.2957],[32.2435,2.2979],[32.2432,2.2984],[32.2432,2.2989],[32.243,2.2994],[32.2424,2.3046],[32.2424,2.3079],[32.2373,2.3176],[32.2323,2.3302],[32.2318,2.3308],[32.2307,2.3395],[32.2303,2.3398],[32.2298,2.3412],[32.2294,2.3416],[32.2281,2.3442],[32.2259,2.347],[32.2244,2.3505],[32.2244,2.351],[32.2241,2.3521],[32.2241,2.3537],[32.2244,2.3541],[32.2244,2.3563],[32.2246,2.3568],[32.2246,2.3573],[32.2249,2.3584],[32.226,2.3612],[32.226,2.3656],[32.2257,2.3748],[32.2252,2.377],[32.2251,2.3781],[32.224,2.3817],[32.2228,2.383],[32.2219,2.393],[32.2227,2.4043],[32.221,2.409]]]]}},{"type":"Feature","properties":{"name":"East Moyo"},"geometry":{"type":"MultiPolygon","coordinates":[[[[32.0427,3.6042],[32.0184,3.6035],[32.008,3.5953],[31.9681,3.5945],[31.9055,3.5342],[31.8541,3.5331],[31.8341,3.5536],[31.8318,3.5604],[31.8292,3.5603],[31.8178,3.5699],[31.8038,3.5695],[31.7628,3.5332],[31.7378,3.5167],[31.7321,3.5159],[31.7244,3.5102],[31.6968,3.5091],[31.6788,3.4911],[31.6711,3.4911],[31.6568,3.4767],[31.6517,3.4717],[31.6525,3.4657],[31.644,3.4542],[31.6449,3.4105],[31.617,3.3772],[31.6025,3.369],[31.5929,3.3608],[31.5921,3.3494],[31.5836,3.3434],[31.5819,3.3333],[31.5673,3.3035],[31.5498,3.2595],[31.552,3.2446],[31.5302,3.2028],[31.5058,3.1725],[31.5035,3.1687],[31.4814,3.1311],[31.4806,3.1085],[31.4648,3.0897],[31.4648,3.0577],[31.4297,3.0176],[31.4028,2.9834],[31.3988,2.9736],[31.4122,2.9634],[31.4135,2.9557],[31.4268,2.9485],[31.4571,2.9229],[31.49,2.922],[31.5156,2.8943],[31.5549,2.8973],[31.5699,2.9195],[31.5749,2.9319],[31.5962,2.9565],[31.6303,2.9539],[31.6416,2.9492],[31.661,2.9519],[31.6704,2.9565],[31.6844,2.9605],[31.6991,2.9659],[31.7131,2.9692],[31.7365,2.9765],[31.7592,2.9772],[31.7785,2.9839],[31.7945,2.9885],[31.8226,2.9925],[31.8266,2.9885],[31.8853,2.9905],[31.896,3.0199],[31.8873,3.0305],[31.9121,3.0519],[31.9201,3.0672],[31.9241,3.0812],[31.9161,3.0926],[31.9227,3.1052],[31.9374,3.1266],[31.9568,3.1572],[31.9613,3.1955],[31.99,3.2314],[32.0015,3.248],[32.0096,3.2659],[32.0126,3.2787],[32.0028,3.2937],[32.0024,3.3069],[32.0088,3.3141],[32.0169,3.3299],[32.0263,3.3517],[32.0276,3.3589],[32.01,3.3879],[32.0113,3.4178],[32.026,3.4376],[32.0281,3.4959],[32.0364,3.5115],[32.0385,3.5271],[32.0458,3.5479],[32.0427,3.6042]]]]}},{"type":"Feature","properties":{"name":"West Moyo"},"geometry":{"type":"MultiPolygon","coordinates":[[[[31.9055,3.5342],[31.9623,3.5889],[31.9528,3.5929],[31.9533,3.6],[31.9498,3.6062],[31.9501,3.6193],[31.9457,3.6311],[31.9457,3.6406],[31.9413,3.6502],[31.9397,3.6707],[31.9287,3.6892],[31.9208,3.708],[31.9137,3.7132],[31.9093,3.7252],[31.8869,3.755],[31.8554,3.7869],[31.8437,3.8014],[31.8043,3.8325],[31.7961,3.8287],[31.7991,3.8197],[31.7966,3.8142],[31.8027,3.8101],[31.8038,3.8044],[31.7988,3.7954],[31.7635,3.7744],[31.7381,3.749],[31.731,3.7514],[31.7261,3.7318],[31.722,3.734],[31.7116,3.716],[31.7058,3.7157],[31.6881,3.7023],[31.6788,3.7018],[31.6624,3.7042],[31.6408,3.6969],[31.6131,3.6971],[31.603,3.6955],[31.5866,3.6857],[31.5811,3.6772],[31.5735,3.6742],[31.5683,3.6687],[31.5486,3.6559],[31.5428,3.6532],[31.5352,3.6554],[31.5226,3.6502],[31.515,3.6447],[31.5281,3.624],[31.5334,3.6155],[31.539,3.6065],[31.5413,3.582],[31.5631,3.5778],[31.5643,3.5705],[31.593,3.5705],[31.5994,3.5816],[31.6084,3.579],[31.6216,3.5671],[31.6186,3.5014],[31.6361,3.5006],[31.6568,3.4767],[31.6711,3.4911],[31.6788,3.4911],[31.6968,3.5091],[31.7244,3.5102],[31.7321,3.5159],[31.7378,3.5167],[31.7628,3.5332],[31.8038,3.5695],[31.8178,3.5699],[31.8292,3.5603],[31.8318,3.5604],[31.8341,3.5536],[31.8541,3.5331],[31.9055,3.5342]]]]}},{"type":"Feature","properties":{"name":"Obongi"},"geometry":{"type":"MultiPolygon","coordinates":[[[[31.6568,3.4767],[31.6361,3.5006],[31.6186,3.5014],[31.6216,3.5671],[31.6084,3.579],[31.5994,3.5816],[31.593,3.5705],[31.5643,3.5705],[31.5631,3.5778],[31.5413,3.582],[31.539,3.6065],[31.5334,3.6155],[31.5135,3.5867],[31.5135,3.5807],[31.4857,3.5419],[31.4537,3.4984],[31.4515,3.4925],[31.4272,3.4639],[31.4272,3.4033],[31.4186,3.3862],[31.4174,3.3619],[31.4114,3.3508],[31.4092,3.2847],[31.4601,3.2182],[31.4849,3.1836],[31.5035,3.1687],[31.5058,3.1725],[31.5302,3.2028],[31.552,3.2446],[31.5498,3.2595],[31.5673,3.3035],[31.5819,3.3333],[31.5836,3.3434],[31.5921,3.3494],[31.5929,3.3608],[31.6025,3.369],[31.617,3.3772],[31.6449,3.4105],[31.644,3.4542],[31.6525,3.4657],[31.6517,3.4717],[31.6568,3.4767]]]]}},{"type":"Feature","properties":{"name":"Aringa"},"geometry":{"type":"MultiPolygon","coordinates":[[[[31.5352,3.6554],[31.4336,3.7057],[31.2674,3.7893],[31.2699,3.7965],[31.2695,3.8016],[31.2678,3.805],[31.2678,3.8136],[31.2635,3.8208],[31.2563,3.8225],[31.2383,3.811],[31.2139,3.8063],[31.193,3.8003],[31.1622,3.7893],[31.1135,3.7564],[31.0892,3.7347],[31.0879,3.623],[31.0855,3.6071],[31.0895,3.4832],[31.0785,3.473],[31.0779,3.4676],[31.0703,3.4569],[31.0686,3.434],[31.061,3.4203],[31.0604,3.4113],[31.0528,3.4012],[31.0506,3.3854],[31.0323,3.3414],[31.055,3.3205],[31.0653,3.3195],[31.0674,3.3193],[31.0793,3.3252],[31.0964,3.3265],[31.1007,3.3333],[31.1028,3.344],[31.1105,3.3513],[31.1135,3.3675],[31.1191,3.3688],[31.1302,3.3786],[31.1528,3.3781],[31.1584,3.3709],[31.1704,3.3705],[31.1836,3.3624],[31.1904,3.3624],[31.2097,3.3406],[31.2092,3.3372],[31.2152,3.3363],[31.2375,3.318],[31.261,3.3163],[31.2721,3.3073],[31.287,3.3073],[31.2964,3.3001],[31.3122,3.2984],[31.3233,3.2804],[31.3242,3.2655],[31.3374,3.2544],[31.355,3.2557],[31.3725,3.2467],[31.378,3.2472],[31.3812,3.2499],[31.3951,3.2621],[31.4092,3.2847],[31.4114,3.3508],[31.4174,3.3619],[31.4186,3.3862],[31.4272,3.4033],[31.4272,3.4639],[31.4515,3.4925],[31.4537,3.4984],[31.4857,3.5419],[31.5135,3.5807],[31.5135,3.5867],[31.5334,3.6155],[31.5281,3.624],[31.515,3.6447],[31.5226,3.6502],[31.5352,3.6554]]]]}},{"type":"Feature","properties":{"name":"Koboko"},"geometry":{"type":"MultiPolygon","coordinates":[[[[31.0892,3.7347],[31.0787,3.7569],[31.0465,3.7356],[31.0224,3.71],[30.9945,3.7075],[30.9773,3.7034],[30.9579,3.6914],[30.9565,3.6704],[30.9231,3.6297],[30.9038,3.5969],[30.8891,3.5784],[30.8858,3.5666],[30.8772,3.5484],[30.8676,3.5206],[30.8772,3.519],[30.8947,3.526],[30.9201,3.526],[30.9297,3.517],[30.93,3.4242],[30.9144,3.3906],[30.9286,3.3808],[30.9291,3.372],[30.9464,3.3535],[30.9707,3.3524],[30.9904,3.3698],[31.0085,3.3567],[31.0323,3.3414],[31.0506,3.3854],[31.0528,3.4012],[31.0604,3.4113],[31.061,3.4203],[31.0686,3.434],[31.0703,3.4569],[31.0779,3.4676],[31.0785,3.473],[31.0895,3.4832],[31.0855,3.6071],[31.0879,3.623],[31.0892,3.7347]]]]}},{"type":"Feature","properties":{"name":"Maracha"},"geometry":{"type":"MultiPolygon","coordinates":[[[[31.0323,3.3414],[31.0085,3.3567],[30.9904,3.3698],[30.9707,3.3524],[30.9464,3.3535],[30.9291,3.372],[30.9286,3.3808],[30.9144,3.3906],[30.8968,3.3707],[30.8949,3.36],[30.8703,3.3259],[30.8695,3.3188],[30.8285,3.2623],[30.8252,3.2486],[30.8173,3.2339],[30.8173,3.223],[30.8099,3.2104],[30.8085,3.1976],[30.7921,3.1574],[30.7932,3.1517],[30.9245,3.1459],[30.9417,3.1634],[30.9494,3.1771],[30.9601,3.1965],[30.977,3.2126],[30.9882,3.2112],[30.9934,3.2219],[31.0082,3.226],[31.0101,3.2393],[31.0186,3.2552],[31.0191,3.2759],[31.0511,3.2986],[31.0604,3.2997],[31.0653,3.3195],[31.055,3.3205],[31.0323,3.3414]]]]}},{"type":"Feature","properties":{"name":"Terego"},"geometry":{"type":"MultiPolygon","coordinates":[[[[31.0653,3.3195],[31.0604,3.2997],[31.0511,3.2986],[31.0191,3.2759],[31.0186,3.2552],[31.0101,3.2393],[31.0082,3.226],[30.9934,3.2219],[30.9882,3.2112],[30.977,3.2126],[30.9601,3.1965],[30.9494,3.1771],[30.9417,3.1634],[30.9245,3.1459],[30.9521,3.1184],[30.9743,3.1181],[30.9866,3.1072],[30.992,3.1061],[30.9918,3.0883],[31.0106,3.0804],[31.0271,3.0722],[31.0796,3.0717],[31.0911,3.0681],[31.0982,3.0698],[31.109,3.0602],[31.1276,3.0436],[31.1383,3.0436],[31.1494,3.0518],[31.1746,3.0953],[31.1857,3.1072],[31.2362,3.1089],[31.2456,3.114],[31.3298,3.1179],[31.3315,3.1226],[31.3498,3.1435],[31.3682,3.1439],[31.3973,3.161],[31.4084,3.1618],[31.4105,3.1853],[31.4021,3.1946],[31.4016,3.2014],[31.3907,3.2136],[31.3904,3.2208],[31.3851,3.2348],[31.3812,3.2499],[31.378,3.2472],[31.3725,3.2467],[31.355,3.2557],[31.3374,3.2544],[31.3242,3.2655],[31.3233,3.2804],[31.3122,3.2984],[31.2964,3.3001],[31.287,3.3073],[31.2721,3.3073],[31.261,3.3163],[31.2375,3.318],[31.2152,3.3363],[31.2092,3.3372],[31.2097,3.3406],[31.1904,3.3624],[31.1836,3.3624],[31.1704,3.3705],[31.1584,3.3709],[31.1528,3.3781],[31.1302,3.3786],[31.1191,3.3688],[31.1135,3.3675],[31.1105,3.3513],[31.1028,3.344],[31.1007,3.3333],[31.0964,3.3265],[31.0793,3.3252],[31.0674,3.3193],[31.0653,3.3195]]]]}},{"type":"Feature","properties":{"name":"Ayivu"},"geometry":{"type":"MultiPolygon","coordinates":[[[[30.7932,3.1517],[30.7913,3.1332],[30.7879,3.1294],[30.7777,3.1068],[30.7781,3.0957],[30.7665,3.0812],[30.7687,3.0697],[30.7764,3.053],[30.793,3.0372],[30.8114,3.033],[30.8281,3.0219],[30.8447,2.9971],[30.855,2.989],[30.9618,2.9937],[31.011,3.0279],[31.0208,3.027],[31.0507,3.0031],[31.0622,3.0108],[31.0969,3.0445],[31.109,3.0602],[31.0982,3.0698],[31.0911,3.0681],[31.0796,3.0717],[31.0271,3.0722],[31.0106,3.0804],[30.9918,3.0883],[30.992,3.1061],[30.9866,3.1072],[30.9743,3.1181],[30.9521,3.1184],[30.9245,3.1459],[30.7932,3.1517]]]]}},{"type":"Feature","properties":{"name":"Vurra"},"geometry":{"type":"MultiPolygon","coordinates":[[[[31.109,3.0602],[31.0969,3.0445],[31.0622,3.0108],[31.0507,3.0031],[31.0208,3.027],[31.011,3.0279],[30.9618,2.9937],[30.855,2.989],[30.8559,2.9761],[30.8632,2.9665],[30.8654,2.9592],[30.8736,2.949],[30.8738,2.835],[30.8465,2.8123],[30.8409,2.7901],[30.8324,2.7773],[30.823,2.7577],[30.8127,2.7295],[30.8123,2.7103],[30.7952,2.6817],[30.8114,2.6792],[30.8238,2.6864],[30.8405,2.6894],[30.8524,2.6971],[30.9063,2.7009],[30.9114,2.7129],[30.9247,2.7172],[30.9323,2.7133],[30.9443,2.7133],[30.9558,2.7287],[30.9776,2.7163],[30.9849,2.721],[30.9866,2.7483],[30.9935,2.75],[30.9943,2.7573],[31.0114,2.7769],[31.0084,2.8017],[31.0118,2.8192],[31.0264,2.8478],[31.0302,2.8537],[31.0909,2.8546],[31.0905,2.9156],[31.1016,2.9451],[31.1165,2.9579],[31.1165,2.9779],[31.1259,2.9839],[31.1251,2.9941],[31.134,3.0099],[31.1345,3.0215],[31.1409,3.0279],[31.1383,3.0436],[31.1276,3.0436],[31.109,3.0602]]]]}},{"type":"Feature","properties":{"name":"Madi-Okollo"},"geometry":{"type":"MultiPolygon","coordinates":[[[[31.3988,2.9736],[31.4028,2.9834],[31.4297,3.0176],[31.4648,3.0577],[31.4648,3.0897],[31.4806,3.1085],[31.4814,3.1311],[31.5035,3.1687],[31.4849,3.1836],[31.4601,3.2182],[31.4092,3.2847],[31.3951,3.2621],[31.3812,3.2499],[31.3851,3.2348],[31.3904,3.2208],[31.3907,3.2136],[31.4016,3.2014],[31.4021,3.1946],[31.4105,3.1853],[31.4084,3.1618],[31.3973,3.161],[31.3682,3.1439],[31.3498,3.1435],[31.3315,3.1226],[31.3298,3.1179],[31.2456,3.114],[31.2362,3.1089],[31.1857,3.1072],[31.1746,3.0953],[31.1494,3.0518],[31.1383,3.0436],[31.1409,3.0279],[31.1345,3.0215],[31.134,3.0099],[31.1251,2.9941],[31.1259,2.9839],[31.1165,2.9779],[31.1165,2.9579],[31.1016,2.9451],[31.0905,2.9156],[31.0909,2.8546],[31.0302,2.8537],[31.0264,2.8478],[31.0118,2.8192],[31.0084,2.8017],[31.0114,2.7769],[30.9943,2.7573],[30.9935,2.75],[30.9866,2.7483],[30.9849,2.721],[30.9776,2.7163],[30.9778,2.6688],[30.9786,2.6311],[30.9846,2.6218],[31.0043,2.6044],[31.0073,2.6017],[31.026,2.5844],[31.0421,2.5804],[31.0507,2.5737],[31.0788,2.5731],[31.0948,2.5671],[31.1255,2.5691],[31.1315,2.5731],[31.1482,2.5717],[31.1616,2.5844],[31.1716,2.5911],[31.1996,2.5951],[31.213,2.6151],[31.2217,2.6324],[31.2303,2.6551],[31.2802,2.6944],[31.2811,2.6951],[31.2844,2.7325],[31.3158,2.7611],[31.3198,2.7825],[31.3589,2.7945],[31.3434,2.8187],[31.3417,2.8542],[31.3584,2.8892],[31.3669,2.9037],[31.3763,2.9293],[31.3862,2.9417],[31.387,2.9681],[31.396,2.9758],[31.3988,2.9736]]]]}},{"type":"Feature","properties":{"name":"Okoro"},"geometry":{"type":"MultiPolygon","coordinates":[[[[30.7952,2.6817],[30.7862,2.6698],[30.7862,2.6617],[30.7759,2.6493],[30.7759,2.6437],[30.7533,2.61],[30.7636,2.5972],[30.7614,2.5443],[30.7516,2.5255],[30.7507,2.5041],[30.7443,2.4871],[30.7537,2.4743],[30.7751,2.4687],[30.7965,2.4606],[30.8291,2.4508],[30.8493,2.4325],[30.86,2.3997],[30.8848,2.3614],[30.9264,2.3628],[30.9352,2.3734],[30.9354,2.3811],[30.9447,2.3991],[30.9467,2.4109],[30.965,2.4251],[30.9912,2.4248],[31.0076,2.4161],[31.0089,2.4169],[31.0306,2.4314],[31.0325,2.4499],[31.0391,2.4625],[31.0514,2.4953],[31.0552,2.4964],[31.0744,2.5128],[31.0629,2.5226],[31.0396,2.5236],[31.0288,2.5315],[31.0214,2.5495],[31.0032,2.5756],[31.0043,2.6044],[30.9846,2.6218],[30.9786,2.6311],[30.9778,2.6688],[30.9776,2.7163],[30.9558,2.7287],[30.9443,2.7133],[30.9323,2.7133],[30.9247,2.7172],[30.9114,2.7129],[30.9063,2.7009],[30.8524,2.6971],[30.8405,2.6894],[30.8238,2.6864],[30.8114,2.6792],[30.7952,2.6817]]]]}},{"type":"Feature","properties":{"name":"Padyere"},"geometry":{"type":"MultiPolygon","coordinates":[[[[31.0043,2.6044],[31.0032,2.5756],[31.0214,2.5495],[31.0288,2.5315],[31.0396,2.5236],[31.0629,2.5226],[31.0744,2.5128],[31.0552,2.4964],[31.0514,2.4953],[31.0391,2.4625],[31.0325,2.4499],[31.0306,2.4314],[31.0089,2.4169],[31.0165,2.4064],[31.046,2.3902],[31.058,2.3803],[31.058,2.3727],[31.0665,2.3624],[31.067,2.3569],[31.0755,2.3475],[31.0922,2.3214],[31.0922,2.3137],[31.1221,2.2864],[31.1355,2.2918],[31.1441,2.3061],[31.1551,2.314],[31.1994,2.3096],[31.2005,2.2475],[31.2294,2.2283],[31.2406,2.2444],[31.2573,2.2833],[31.2731,2.3156],[31.2911,2.3463],[31.2898,2.407],[31.2824,2.417],[31.2851,2.4957],[31.3025,2.515],[31.3005,2.5357],[31.2904,2.5491],[31.2851,2.5924],[31.2938,2.6131],[31.2911,2.6871],[31.2802,2.6944],[31.2303,2.6551],[31.2217,2.6324],[31.213,2.6151],[31.1996,2.5951],[31.1716,2.5911],[31.1616,2.5844],[31.1482,2.5717],[31.1315,2.5731],[31.1255,2.5691],[31.0948,2.5671],[31.0788,2.5731],[31.0507,2.5737],[31.0421,2.5804],[31.026,2.5844],[31.0073,2.6017],[31.0043,2.6044]]]]}},{"type":"Feature","properties":{"name":"Jonam"},"geometry":{"type":"MultiPolygon","coordinates":[[[[31.3589,2.7945],[31.3198,2.7825],[31.3158,2.7611],[31.2844,2.7325],[31.2811,2.6951],[31.2802,2.6944],[31.2911,2.6871],[31.2938,2.6131],[31.2851,2.5924],[31.2904,2.5491],[31.3005,2.5357],[31.3025,2.515],[31.2851,2.4957],[31.2824,2.417],[31.2898,2.407],[31.2911,2.3463],[31.2731,2.3156],[31.2573,2.2833],[31.2406,2.2444],[31.2294,2.2283],[31.2404,2.2181],[31.2614,2.207],[31.2956,2.1831],[31.3245,2.2242],[31.3252,2.2582],[31.3345,2.2876],[31.3846,2.3316],[31.4574,2.3736],[31.458,2.409],[31.4674,2.435],[31.4834,2.4583],[31.5081,2.481],[31.5141,2.5017],[31.4954,2.5104],[31.4741,2.525],[31.4694,2.5457],[31.4619,2.5582],[31.4578,2.5568],[31.4575,2.583],[31.4203,2.6181],[31.4045,2.6416],[31.4114,2.6484],[31.4306,2.6736],[31.4306,2.6834],[31.4374,2.7022],[31.4379,2.7146],[31.4473,2.7406],[31.4413,2.7558],[31.426,2.7752],[31.3692,2.7792],[31.3592,2.794],[31.3589,2.7945]]]]}},{"type":"Feature","properties":{"name":"Samia-Bugwe"},"geometry":{"type":"MultiPolygon","coordinates":[[[[34.087,0.5877],[34.0764,0.5817],[34.0586,0.5828],[34.0389,0.5795],[34.025,0.5858],[34.013,0.579],[33.9976,0.5713],[33.9566,0.5729],[33.9567,0.5634],[33.9458,0.554],[33.9285,0.5526],[33.9194,0.5351],[33.9145,0.5309],[33.8956,0.4999],[33.8891,0.4857],[33.8951,0.472],[33.8986,0.4589],[33.9137,0.4384],[33.9116,0.397],[33.871,0.3508],[33.8761,0.3431],[33.874,0.3196],[33.8843,0.3051],[33.8992,0.288],[33.9185,0.2607],[33.9291,0.2316],[33.9492,0.2265],[33.9625,0.2337],[33.9663,0.2555],[33.965,0.2739],[33.9766,0.2564],[33.9898,0.2406],[34.0116,0.2419],[34.0197,0.247],[34.0343,0.2778],[34.0343,0.2923],[34.0501,0.3013],[34.0795,0.3243],[34.0984,0.3534],[34.1052,0.3679],[34.1026,0.3897],[34.0975,0.4012],[34.0949,0.4213],[34.0877,0.4342],[34.0945,0.444],[34.0962,0.4683],[34.1035,0.4803],[34.1107,0.5123],[34.1167,0.5273],[34.1227,0.5354],[34.1295,0.5482],[34.1377,0.5641],[34.1475,0.5834],[34.1268,0.5822],[34.09,0.5835],[34.087,0.5877]]]]}},{"type":"Feature","properties":{"name":"Bugweri"},"geometry":{"type":"MultiPolygon","coordinates":[[[[33.556,0.804],[33.5448,0.789],[33.5461,0.7655],[33.5423,0.7581],[33.5614,0.7329],[33.5648,0.688],[33.5549,0.6684],[33.554,0.6462],[33.5442,0.6331],[33.545,0.6167],[33.5379,0.6044],[33.5376,0.5656],[33.5289,0.5552],[33.5382,0.5456],[33.5381,0.5],[33.5322,0.4935],[33.5501,0.4769],[33.5668,0.4705],[33.5668,0.4538],[33.5822,0.4512],[33.5958,0.4512],[33.5971,0.4632],[33.6061,0.4741],[33.6086,0.5192],[33.6163,0.5431],[33.6578,0.5974],[33.6608,0.6175],[33.6659,0.6226],[33.6612,0.6307],[33.6668,0.6487],[33.668,0.6773],[33.6582,0.6948],[33.6394,0.7119],[33.6309,0.7213],[33.6247,0.7351],[33.6434,0.7551],[33.6347,0.7585],[33.632,0.7718],[33.6193,0.7792],[33.6046,0.7919],[33.5799,0.7979],[33.556,0.804]]]]}},{"type":"Feature","properties":{"name":"Kigulu"},"geometry":{"type":"MultiPolygon","coordinates":[[[[33.5306,0.8884],[33.5125,0.8778],[33.4958,0.8688],[33.472,0.8699],[33.4529,0.88],[33.4449,0.8806],[33.4157,0.8809],[33.4036,0.8962],[33.3995,0.897],[33.3984,0.9063],[33.386,0.9091],[33.38,0.8922],[33.3531,0.8627],[33.3548,0.8392],[33.3642,0.826],[33.3621,0.8046],[33.3693,0.7931],[33.3719,0.7845],[33.3822,0.773],[33.3809,0.7572],[33.4052,0.7311],[33.4138,0.7136],[33.4155,0.6628],[33.3993,0.6444],[33.4087,0.6346],[33.4078,0.6111],[33.4155,0.5944],[33.4176,0.5692],[33.4199,0.5636],[33.4223,0.5576],[33.4591,0.5555],[33.4779,0.5423],[33.4911,0.5303],[33.4924,0.5448],[33.5027,0.5542],[33.5168,0.5542],[33.5289,0.5552],[33.5376,0.5656],[33.5379,0.6044],[33.545,0.6167],[33.5442,0.6331],[33.554,0.6462],[33.5549,0.6684],[33.5648,0.688],[33.5614,0.7329],[33.5423,0.7581],[33.5461,0.7655],[33.5448,0.789],[33.556,0.804],[33.5539,0.8045],[33.5365,0.8279],[33.5359,0.88],[33.5306,0.8884]]]]}},{"type":"Feature","properties":{"name":"Luuka"},"geometry":{"type":"MultiPolygon","coordinates":[[[[33.339,1.0926],[33.3128,1.0651],[33.3171,1.0561],[33.3167,1.044],[33.3264,1.037],[33.3136,1.0244],[33.301,0.9962],[33.294,0.9885],[33.2922,0.9238],[33.2916,0.9075],[33.2865,0.9001],[33.2844,0.8877],[33.2734,0.8711],[33.2849,0.8529],[33.2844,0.8371],[33.2756,0.8311],[33.2743,0.8122],[33.2639,0.7972],[33.2584,0.7909],[33.2417,0.7734],[33.2404,0.772],[33.2248,0.7548],[33.2223,0.741],[33.2142,0.7303],[33.2134,0.723],[33.2091,0.717],[33.2147,0.7063],[33.2151,0.6845],[33.2183,0.6801],[33.2228,0.6739],[33.239,0.6683],[33.2429,0.6623],[33.2672,0.6602],[33.2741,0.6542],[33.2847,0.6521],[33.2899,0.6448],[33.2997,0.6542],[33.3099,0.6516],[33.3215,0.6435],[33.327,0.6431],[33.3343,0.6371],[33.3471,0.635],[33.3557,0.6247],[33.3651,0.6247],[33.3711,0.6079],[33.3741,0.603],[33.3875,0.5997],[33.3911,0.5888],[33.4004,0.5735],[33.4045,0.565],[33.4199,0.5636],[33.4176,0.5692],[33.4155,0.5944],[33.4078,0.6111],[33.4087,0.6346],[33.3993,0.6444],[33.4155,0.6628],[33.4138,0.7136],[33.4052,0.7311],[33.3809,0.7572],[33.3822,0.773],[33.3719,0.7845],[33.3693,0.7931],[33.3621,0.8046],[33.3642,0.826],[33.3548,0.8392],[33.3531,0.8627],[33.38,0.8922],[33.386,0.9091],[33.3853,0.9093],[33.3875,0.9178],[33.3938,0.9312],[33.3943,0.9566],[33.4001,0.9673],[33.402,0.9831],[33.4118,1.002],[33.4069,1.0176],[33.4058,1.0088],[33.3927,1.0105],[33.379,1.0258],[33.3796,1.0306],[33.383,1.0345],[33.3787,1.0409],[33.3689,1.0482],[33.3638,1.0618],[33.339,1.0926]]]]}},{"type":"Feature","properties":{"name":"Budiope"},"geometry":{"type":"MultiPolygon","coordinates":[[[[32.9597,1.4944],[32.8134,1.4921],[32.805,1.49],[32.8125,1.4339],[32.8211,1.4168],[32.8194,1.3746],[32.8296,1.3592],[32.8296,1.3387],[32.848,1.3152],[32.8549,1.3156],[32.857,1.334],[32.869,1.3374],[32.8873,1.3139],[32.9048,1.2814],[32.9083,1.2652],[32.9151,1.2528],[32.9177,1.2451],[32.9219,1.2357],[32.9241,1.2323],[32.9261,1.2323],[32.9758,1.2314],[32.9848,1.2387],[33.0339,1.2391],[33.0407,1.2327],[33.0484,1.2208],[33.0548,1.2092],[33.057,1.2062],[33.0728,1.2045],[33.0796,1.2045],[33.0869,1.1994],[33.11,1.1785],[33.1271,1.1776],[33.1352,1.1627],[33.1347,1.1417],[33.1416,1.1251],[33.1429,1.1169],[33.1514,1.1007],[33.1535,1.0674],[33.1728,1.0635],[33.1976,1.0358],[33.2134,1.0217],[33.2296,1.0046],[33.2501,1.0012],[33.2617,0.9935],[33.294,0.9885],[33.301,0.9962],[33.3136,1.0244],[33.3264,1.037],[33.3167,1.044],[33.3171,1.0561],[33.3128,1.0651],[33.339,1.0926],[33.3629,1.1118],[33.3651,1.143],[33.3711,1.1562],[33.3873,1.1819],[33.3975,1.202],[33.3984,1.2148],[33.404,1.2225],[33.4245,1.2447],[33.4305,1.2545],[33.431,1.2945],[33.413,1.2999],[33.4057,1.3279],[33.3988,1.3482],[33.38,1.3724],[33.3052,1.3775],[33.2476,1.3404],[33.2074,1.3429],[33.1873,1.3502],[33.1467,1.3737],[33.1215,1.3993],[33.1108,1.4188],[33.0614,1.4456],[33.0449,1.454],[33.0138,1.4671],[33.0015,1.469],[32.9903,1.4769],[32.9702,1.4797],[32.9597,1.4944]]]]}},{"type":"Feature","properties":{"name":"Bugabula"},"geometry":{"type":"MultiPolygon","coordinates":[[[[33.294,0.9885],[33.2617,0.9935],[33.2501,1.0012],[33.2296,1.0046],[33.2134,1.0217],[33.1976,1.0358],[33.1728,1.0635],[33.1535,1.0674],[33.1514,1.1007],[33.1429,1.1169],[33.1416,1.1251],[33.1347,1.1417],[33.1352,1.1627],[33.1271,1.1776],[33.11,1.1785],[33.0869,1.1994],[33.0796,1.2045],[33.0728,1.2045],[33.057,1.2062],[33.0548,1.2092],[33.0484,1.2208],[33.0407,1.2327],[33.0339,1.2391],[32.9848,1.2387],[32.9758,1.2314],[32.9261,1.2323],[32.9335,1.2202],[32.9352,1.2134],[32.9434,1.2046],[32.9442,1.1341],[32.9349,1.1163],[32.9349,1.1073],[32.9185,1.0799],[32.9194,0.9798],[32.9249,0.9648],[32.9262,0.9601],[32.936,0.949],[32.9365,0.9465],[32.9617,0.9166],[32.9805,0.8966],[32.9963,0.8798],[33.0108,0.8875],[33.0382,0.8879],[33.054,0.8811],[33.0719,0.879],[33.0809,0.873],[33.0937,0.864],[33.101,0.8726],[33.1117,0.8875],[33.1177,0.8794],[33.136,0.8576],[33.157,0.8281],[33.1728,0.8452],[33.1993,0.867],[33.2087,0.8614],[33.2151,0.8499],[33.2164,0.8268],[33.2232,0.8191],[33.2228,0.8119],[33.2322,0.7871],[33.2417,0.7734],[33.2584,0.7909],[33.2639,0.7972],[33.2743,0.8122],[33.2756,0.8311],[33.2844,0.8371],[33.2849,0.8529],[33.2734,0.8711],[33.2844,0.8877],[33.2865,0.9001],[33.2916,0.9075],[33.2922,0.9238],[33.294,0.9885]]]]}},{"type":"Feature","properties":{"name":"Buzaaya"},"geometry":{"type":"MultiPolygon","coordinates":[[[[33.2417,0.7734],[33.2322,0.7871],[33.2228,0.8119],[33.2232,0.8191],[33.2164,0.8268],[33.2151,0.8499],[33.2087,0.8614],[33.1993,0.867],[33.1728,0.8452],[33.157,0.8281],[33.136,0.8576],[33.1177,0.8794],[33.1117,0.8875],[33.101,0.8726],[33.0937,0.864],[33.0809,0.873],[33.0719,0.879],[33.054,0.8811],[33.0382,0.8879],[33.0108,0.8875],[32.9963,0.8798],[32.9972,0.864],[33.0044,0.8503],[33.0053,0.8469],[33.0147,0.8328],[33.0147,0.8127],[33.0228,0.7991],[33.0245,0.7939],[33.0335,0.7803],[33.0348,0.7653],[33.0412,0.7533],[33.0424,0.673],[33.0462,0.6634],[33.0484,0.6576],[33.0681,0.6572],[33.0745,0.6615],[33.0877,0.6781],[33.1087,0.67],[33.1296,0.6687],[33.136,0.6704],[33.1382,0.682],[33.1386,0.6875],[33.1745,0.6884],[33.1835,0.6944],[33.1997,0.6807],[33.2183,0.6801],[33.2151,0.6845],[33.2147,0.7063],[33.2091,0.717],[33.2134,0.723],[33.2142,0.7303],[33.2223,0.741],[33.2248,0.7548],[33.2404,0.772],[33.2417,0.7734]]]]}},{"type":"Feature","properties":{"name":"Bbaale"},"geometry":{"type":"MultiPolygon","coordinates":[[[[32.6778,1.4498],[32.6812,1.4174],[32.6852,1.398],[32.7233,1.3866],[32.738,1.3826],[32.746,1.3706],[32.7573,1.3419],[32.7694,1.3119],[32.7707,1.3032],[32.7807,1.2912],[32.7774,1.2498],[32.7867,1.2371],[32.7867,1.1363],[32.7767,1.1256],[32.7787,1.1029],[32.7674,1.0903],[32.77,0.9541],[32.7787,0.9387],[32.7796,0.8845],[32.7834,0.8763],[32.7869,0.8687],[32.7869,0.8593],[32.7989,0.8469],[32.7989,0.8388],[32.8049,0.8298],[32.8087,0.8196],[32.8168,0.8097],[32.8284,0.8046],[32.8531,0.7871],[32.8732,0.7807],[32.9023,0.7739],[32.9271,0.7773],[32.9442,0.7922],[32.9642,0.8102],[32.9647,0.8179],[32.9745,0.829],[32.9805,0.8461],[32.9805,0.8966],[32.9617,0.9166],[32.9365,0.9465],[32.936,0.949],[32.9262,0.9601],[32.9249,0.9648],[32.9194,0.9798],[32.9185,1.0799],[32.9349,1.1073],[32.9349,1.1163],[32.9442,1.1341],[32.9434,1.2046],[32.9352,1.2134],[32.9335,1.2202],[32.9261,1.2323],[32.9241,1.2323],[32.9219,1.2357],[32.9177,1.2451],[32.9151,1.2528],[32.9083,1.2652],[32.9048,1.2814],[32.8873,1.3139],[32.869,1.3374],[32.857,1.334],[32.8549,1.3156],[32.848,1.3152],[32.8296,1.3387],[32.8296,1.3592],[32.8194,1.3746],[32.8211,1.4168],[32.8125,1.4339],[32.805,1.49],[32.7822,1.4843],[32.7356,1.4655],[32.6869,1.454],[32.6778,1.4498]]]]}},{"type":"Feature","properties":{"name":"Ntenjeru"},"geometry":{"type":"MultiPolygon","coordinates":[[[[32.9805,0.8966],[32.9805,0.8461],[32.9745,0.829],[32.9647,0.8179],[32.9642,0.8102],[32.9442,0.7922],[32.9271,0.7773],[32.9023,0.7739],[32.8732,0.7807],[32.8531,0.7871],[32.8284,0.8046],[32.8168,0.8097],[32.8154,0.7832],[32.834,0.7616],[32.8548,0.734],[32.8706,0.7009],[32.8692,0.6799],[32.8802,0.6744],[32.8854,0.6744],[32.9177,0.6525],[32.9544,0.5999],[32.9647,0.5794],[32.9745,0.5662],[32.9775,0.5628],[32.9963,0.5414],[33.0155,0.5303],[33.039,0.5111],[33.0587,0.5141],[33.0783,0.5341],[33.0788,0.5453],[33.0681,0.5551],[33.0571,0.5743],[33.0511,0.5751],[33.0503,0.582],[33.0421,0.6038],[33.0407,0.6257],[33.0322,0.6345],[33.0325,0.6512],[33.0462,0.6634],[33.0424,0.673],[33.0412,0.7533],[33.0348,0.7653],[33.0335,0.7803],[33.0245,0.7939],[33.0228,0.7991],[33.0147,0.8127],[33.0147,0.8328],[33.0053,0.8469],[32.9972,0.864],[32.9963,0.8798],[32.9805,0.8966]]]]}},{"type":"Feature","properties":{"name":"Buruli"},"geometry":{"type":"MultiPolygon","coordinates":[[[[32.1927,1.687],[32.178,1.687],[32.1756,1.6877],[32.1542,1.6877],[32.1531,1.6875],[32.1511,1.6864],[32.1472,1.6863],[32.1451,1.6844],[32.1425,1.6843],[32.1394,1.6817],[32.1391,1.6807],[32.1348,1.6787],[32.1324,1.6782],[32.1316,1.6777],[32.125,1.6775],[32.1209,1.675],[32.1183,1.6749],[32.1109,1.6696],[32.1096,1.6696],[32.1087,1.6686],[32.1064,1.6676],[32.0972,1.6585],[32.0894,1.6556],[32.0803,1.656],[32.0799,1.6391],[32.0797,1.6281],[32.0715,1.6188],[32.0718,1.612],[32.0644,1.603],[32.0537,1.5999],[32.0463,1.5926],[32.045,1.5866],[32.0387,1.5748],[32.0362,1.5674],[32.0193,1.5466],[31.9925,1.5466],[31.9769,1.53],[31.9752,1.5237],[31.9585,1.5015],[31.958,1.4913],[31.958,1.4911],[31.9665,1.4873],[31.9766,1.4802],[31.9873,1.4775],[31.9968,1.4671],[32.0089,1.4682],[32.0201,1.4602],[32.0261,1.4551],[32.0417,1.4523],[32.0929,1.4173],[32.1229,1.4023],[32.1429,1.3848],[32.1643,1.3583],[32.1887,1.34],[32.2211,1.3083],[32.2404,1.2947],[32.2596,1.2784],[32.2763,1.275],[32.3092,1.2558],[32.3322,1.2391],[32.3438,1.2203],[32.3421,1.1819],[32.3532,1.1477],[32.366,1.1421],[32.3878,1.1263],[32.4015,1.1063],[32.413,1.0887],[32.4198,1.0712],[32.4374,1.0558],[32.4553,1.0413],[32.4741,1.0157],[32.4715,0.9999],[32.4993,0.9768],[32.525,0.9665],[32.545,0.9597],[32.554,0.967],[32.5519,1.0003],[32.5463,1.0182],[32.5548,1.0414],[32.5562,1.0452],[32.5609,1.09],[32.5809,1.1216],[32.6117,1.1524],[32.6284,1.1537],[32.6382,1.1426],[32.6399,1.1225],[32.6668,1.0896],[32.7674,1.0903],[32.7787,1.1029],[32.7767,1.1256],[32.7867,1.1363],[32.7867,1.2371],[32.7774,1.2498],[32.7807,1.2912],[32.7707,1.3032],[32.7694,1.3119],[32.7573,1.3419],[32.746,1.3706],[32.738,1.3826],[32.7233,1.3866],[32.6852,1.398],[32.6812,1.4174],[32.6778,1.4498],[32.6596,1.4412],[32.6207,1.4463],[32.5827,1.4822],[32.5657,1.5141],[32.5416,1.5387],[32.5203,1.5215],[32.4954,1.5447],[32.4694,1.5592],[32.4459,1.5786],[32.4292,1.5871],[32.4013,1.5961],[32.3614,1.6008],[32.3485,1.6123],[32.3245,1.6259],[32.3125,1.6524],[32.3113,1.653],[32.3088,1.6536],[32.3082,1.6543],[32.3043,1.655],[32.3002,1.657],[32.2986,1.6598],[32.2978,1.6603],[32.2952,1.661],[32.29,1.6611],[32.2751,1.6644],[32.2527,1.673],[32.2487,1.673],[32.248,1.6723],[32.2454,1.6723],[32.2339,1.6743],[32.2208,1.6787],[32.2111,1.685],[32.1952,1.6851],[32.1927,1.687]]]]}},{"type":"Feature","properties":{"name":"Kibanda"},"geometry":{"type":"MultiPolygon","coordinates":[[[[32.0796,1.6636],[32.0821,1.6668],[32.0832,1.6672],[32.0843,1.6695],[32.085,1.6701],[32.086,1.6707],[32.0877,1.6736],[32.0887,1.6741],[32.0917,1.6791],[32.0923,1.6817],[32.0943,1.6858],[32.0943,1.6951],[32.0931,1.6974],[32.093,1.7],[32.0952,1.7008],[32.0957,1.7019],[32.0945,1.7319],[32.095,1.7344],[32.0971,1.7371],[32.0982,1.7376],[32.0995,1.7391],[32.1007,1.7411],[32.1018,1.7417],[32.1037,1.7446],[32.1037,1.7593],[32.1039,1.7604],[32.1043,1.7613],[32.105,1.762],[32.1052,1.7631],[32.1083,1.767],[32.111,1.7671],[32.1122,1.7677],[32.1135,1.7678],[32.115,1.7693],[32.1159,1.7698],[32.1223,1.7704],[32.1237,1.7716],[32.1249,1.7718],[32.1277,1.7743],[32.1289,1.7744],[32.1291,1.7757],[32.1303,1.7758],[32.1327,1.7778],[32.1339,1.7793],[32.1351,1.7798],[32.1377,1.783],[32.1405,1.7851],[32.1511,1.7911],[32.1559,1.7934],[32.1571,1.7938],[32.1584,1.7938],[32.1605,1.7955],[32.1617,1.7958],[32.1627,1.7967],[32.1728,1.8023],[32.1768,1.8026],[32.178,1.8031],[32.202,1.8031],[32.2032,1.8033],[32.2062,1.8049],[32.2089,1.8071],[32.2098,1.8075],[32.2112,1.8089],[32.2149,1.8093],[32.2161,1.8098],[32.2241,1.8098],[32.2274,1.8106],[32.2292,1.8122],[32.2296,1.8131],[32.2317,1.8143],[32.2328,1.8151],[32.2439,1.8206],[32.2445,1.8217],[32.2464,1.8238],[32.2538,1.8245],[32.2591,1.8277],[32.2621,1.8305],[32.2632,1.8311],[32.2646,1.8328],[32.2664,1.8358],[32.2676,1.8401],[32.2685,1.8411],[32.2686,1.8424],[32.2713,1.8462],[32.2719,1.8469],[32.2739,1.8479],[32.2774,1.852],[32.2786,1.8525],[32.279,1.8536],[32.2793,1.8548],[32.2799,1.8555],[32.2802,1.8567],[32.283,1.8609],[32.2842,1.8612],[32.2856,1.8612],[32.2876,1.8605],[32.3049,1.8605],[32.3099,1.8625],[32.3192,1.8625],[32.324,1.8652],[32.324,1.8665],[32.3263,1.8688],[32.3267,1.8699],[32.3302,1.8739],[32.3307,1.8747],[32.3314,1.8834],[32.3314,1.9288],[32.3336,1.9373],[32.3354,1.9395],[32.3362,1.9399],[32.339,1.9424],[32.3397,1.9435],[32.342,1.9446],[32.3427,1.9456],[32.3455,1.9483],[32.3476,1.9517],[32.3481,1.9529],[32.3494,1.9573],[32.3494,1.9599],[32.3501,1.9606],[32.3459,1.9691],[32.3459,1.9702],[32.3455,1.9715],[32.3455,1.9723],[32.3451,1.973],[32.3451,1.9747],[32.3446,1.9752],[32.3446,1.976],[32.3442,1.9768],[32.3435,1.9772],[32.343,1.9779],[32.3424,1.9782],[32.3418,1.9788],[32.3404,1.9795],[32.34,1.9802],[32.3391,1.9802],[32.3387,1.9807],[32.3379,1.9809],[32.3373,1.9815],[32.3352,1.9828],[32.3301,1.9875],[32.3283,1.9888],[32.3275,1.9897],[32.327,1.9901],[32.3263,1.9913],[32.325,1.9928],[32.3241,1.9965],[32.3241,2.0033],[32.3263,2.0083],[32.3263,2.0091],[32.3266,2.0097],[32.3267,2.0104],[32.3273,2.0239],[32.3339,2.0339],[32.3345,2.0355],[32.3356,2.0378],[32.3357,2.0387],[32.3369,2.0409],[32.3399,2.0501],[32.3395,2.0576],[32.3399,2.0582],[32.3399,2.0591],[32.3404,2.0606],[32.3404,2.0649],[32.3412,2.0673],[32.3412,2.0681],[32.3421,2.0704],[32.3421,2.0721],[32.3425,2.0728],[32.3429,2.0744],[32.3429,2.0778],[32.3425,2.0802],[32.3421,2.0806],[32.342,2.0815],[32.3415,2.0821],[32.3412,2.0829],[32.3399,2.085],[32.3399,2.0867],[32.3411,2.0899],[32.3412,2.0916],[32.3415,2.0924],[32.3438,2.0985],[32.3256,2.1097],[32.3254,2.1097],[32.3247,2.1107],[32.3245,2.1115],[32.3244,2.112],[32.3239,2.1129],[32.3233,2.1193],[32.3231,2.1198],[32.3228,2.1416],[32.3141,2.1663],[32.313,2.1928],[32.2895,2.2277],[32.2888,2.2282],[32.2885,2.2287],[32.2881,2.2289],[32.2867,2.2305],[32.2862,2.2308],[32.2815,2.2362],[32.2795,2.2372],[32.2779,2.239],[32.274,2.2414],[32.2722,2.2431],[32.272,2.2436],[32.2717,2.244],[32.2716,2.2445],[32.2712,2.2447],[32.2709,2.2457],[32.27,2.2467],[32.2685,2.2498],[32.2635,2.254],[32.2617,2.2565],[32.261,2.2571],[32.2605,2.2581],[32.259,2.2594],[32.2583,2.2608],[32.2578,2.2611],[32.2573,2.2625],[32.2553,2.2657],[32.2549,2.266],[32.2544,2.2678],[32.2529,2.2706],[32.2523,2.2715],[32.2518,2.2725],[32.2511,2.2733],[32.2508,2.2738],[32.2497,2.2749],[32.2484,2.2767],[32.247,2.2771],[32.2052,2.2729],[32.1745,2.2482],[32.1431,2.2469],[32.109,2.2595],[32.0963,2.2682],[32.075,2.2742],[32.0569,2.2922],[32.0423,2.2996],[32.0256,2.2956],[32.0115,2.2956],[31.9828,2.3256],[31.9521,2.3443],[31.9101,2.3769],[31.8192,2.3816],[31.8159,2.385],[31.7939,2.3709],[31.7792,2.3636],[31.7572,2.3456],[31.7485,2.3222],[31.7511,2.096],[31.7455,2.0819],[31.7588,2.0486],[31.7712,2.031],[31.7652,2.0225],[31.7648,2.0016],[31.7819,1.9905],[31.8007,1.9845],[31.8301,1.9781],[31.8575,1.9751],[31.881,1.9683],[31.8938,1.9584],[31.8945,1.9354],[31.9036,1.9192],[31.9049,1.9023],[31.894,1.8878],[31.8943,1.8569],[31.897,1.8296],[31.8926,1.8197],[31.903,1.8025],[31.9051,1.7595],[31.9137,1.7509],[31.9158,1.7007],[31.9036,1.6951],[31.9065,1.6825],[31.9149,1.6729],[31.9487,1.6713],[31.9577,1.6628],[31.9703,1.6628],[31.9771,1.6429],[31.9843,1.6363],[32.0086,1.6344],[32.0269,1.6453],[32.0409,1.6344],[32.0584,1.6371],[32.0799,1.6391],[32.0803,1.656],[32.0783,1.6565],[32.0783,1.6606],[32.079,1.6626],[32.0796,1.6636]]]]}},{"type":"Feature","properties":{"name":"Buruuli"},"geometry":{"type":"MultiPolygon","coordinates":[[[[32.0799,1.6391],[32.0584,1.6371],[32.0409,1.6344],[32.0269,1.6453],[32.0086,1.6344],[31.9843,1.6363],[31.9771,1.6429],[31.9703,1.6628],[31.9577,1.6628],[31.9487,1.6713],[31.9149,1.6729],[31.9065,1.6825],[31.9036,1.6951],[31.9158,1.7007],[31.9137,1.7509],[31.9051,1.7595],[31.903,1.8025],[31.8926,1.8197],[31.897,1.8296],[31.8943,1.8569],[31.894,1.8878],[31.9049,1.9023],[31.9036,1.9192],[31.8945,1.9354],[31.8938,1.9584],[31.881,1.9683],[31.8575,1.9751],[31.8301,1.9781],[31.8007,1.9845],[31.7819,1.9905],[31.7648,2.0016],[31.7652,2.0225],[31.7712,2.031],[31.7588,2.0486],[31.7455,2.0819],[31.7284,2.0742],[31.7229,2.0746],[31.7113,2.0665],[31.7058,2.0661],[31.7024,2.058],[31.6917,2.0537],[31.6793,2.0404],[31.6772,1.9738],[31.6703,1.9538],[31.6601,1.9311],[31.6596,1.8534],[31.6554,1.8483],[31.6673,1.8312],[31.6665,1.8214],[31.6607,1.8216],[31.6517,1.8129],[31.652,1.8025],[31.6413,1.7913],[31.6421,1.7867],[31.6536,1.7793],[31.6837,1.7754],[31.6946,1.7634],[31.6946,1.75],[31.6848,1.7334],[31.673,1.7197],[31.6604,1.7074],[31.6509,1.7049],[31.641,1.6989],[31.6345,1.6904],[31.6252,1.6869],[31.6183,1.6822],[31.6353,1.6721],[31.646,1.6691],[31.6656,1.6552],[31.675,1.6556],[31.6917,1.6454],[31.7045,1.6283],[31.7203,1.6108],[31.746,1.6116],[31.7562,1.5997],[31.7562,1.592],[31.746,1.5843],[31.7199,1.5847],[31.7054,1.5587],[31.6968,1.5493],[31.7088,1.5399],[31.7186,1.5347],[31.731,1.5309],[31.7396,1.5228],[31.7331,1.5147],[31.7237,1.507],[31.725,1.4886],[31.7148,1.4779],[31.7075,1.4549],[31.6998,1.442],[31.696,1.4036],[31.6703,1.3711],[31.669,1.3583],[31.6866,1.3575],[31.6985,1.3489],[31.722,1.3476],[31.7254,1.3429],[31.7447,1.3412],[31.7866,1.3741],[31.8045,1.3737],[31.8111,1.3759],[31.8284,1.3818],[31.8395,1.3848],[31.8532,1.4015],[31.8528,1.4087],[31.863,1.4314],[31.8908,1.445],[31.9156,1.4621],[31.9348,1.4685],[31.9357,1.4779],[31.9511,1.4848],[31.958,1.4913],[31.9585,1.5015],[31.9752,1.5237],[31.9769,1.53],[31.9925,1.5466],[32.0193,1.5466],[32.0362,1.5674],[32.0387,1.5748],[32.045,1.5866],[32.0463,1.5926],[32.0537,1.5999],[32.0644,1.603],[32.0718,1.612],[32.0715,1.6188],[32.0797,1.6281],[32.0799,1.6391]]]]}},{"type":"Feature","properties":{"name":"Bujenje"},"geometry":{"type":"MultiPolygon","coordinates":[[[[31.6183,1.6822],[31.6006,1.7003],[31.5934,1.7314],[31.5913,1.7563],[31.5836,1.7765],[31.5754,1.7771],[31.5543,1.7662],[31.5549,1.7514],[31.5248,1.7489],[31.5166,1.7426],[31.5119,1.7257],[31.5018,1.7161],[31.4515,1.7137],[31.4417,1.7211],[31.4157,1.6989],[31.4003,1.6988],[31.3879,1.7073],[31.3776,1.7159],[31.3678,1.7206],[31.3665,1.6945],[31.358,1.6825],[31.3584,1.6543],[31.3554,1.6326],[31.3524,1.6304],[31.387,1.6296],[31.3977,1.6279],[31.4135,1.6381],[31.434,1.6304],[31.4434,1.624],[31.4609,1.6065],[31.4605,1.5721],[31.4523,1.5592],[31.4619,1.551],[31.4624,1.5414],[31.4769,1.5395],[31.4912,1.5308],[31.5051,1.5291],[31.5163,1.5229],[31.5243,1.522],[31.542,1.5018],[31.5587,1.4769],[31.5707,1.4671],[31.5923,1.4605],[31.591,1.4458],[31.5841,1.4179],[31.5921,1.408],[31.5932,1.3755],[31.6036,1.3676],[31.6222,1.3659],[31.6375,1.358],[31.669,1.3583],[31.6703,1.3711],[31.696,1.4036],[31.6998,1.442],[31.7075,1.4549],[31.7148,1.4779],[31.725,1.4886],[31.7237,1.507],[31.7331,1.5147],[31.7396,1.5228],[31.731,1.5309],[31.7186,1.5347],[31.7088,1.5399],[31.6968,1.5493],[31.7054,1.5587],[31.7199,1.5847],[31.746,1.5843],[31.7562,1.592],[31.7562,1.5997],[31.746,1.6116],[31.7203,1.6108],[31.7045,1.6283],[31.6917,1.6454],[31.675,1.6556],[31.6656,1.6552],[31.646,1.6691],[31.6353,1.6721],[31.6183,1.6822]]]]}},{"type":"Feature","properties":{"name":"Buliisa"},"geometry":{"type":"MultiPolygon","coordinates":[[[[31.3504,2.2518],[31.3554,2.2215],[31.3627,2.213],[31.3614,2.1997],[31.3708,2.1869],[31.3708,2.1809],[31.3806,2.1694],[31.3806,2.1463],[31.3721,2.1451],[31.3733,2.1169],[31.39,2.0913],[31.3799,2.0167],[31.3799,1.9833],[31.3933,1.9539],[31.3913,1.9346],[31.3832,1.9146],[31.3759,1.8859],[31.3625,1.8598],[31.3412,1.8398],[31.3105,1.8518],[31.3091,1.8218],[31.3174,1.8129],[31.3372,1.7918],[31.3405,1.7718],[31.3579,1.7304],[31.3678,1.7206],[31.3776,1.7159],[31.3879,1.7073],[31.4003,1.6988],[31.4157,1.6989],[31.4417,1.7211],[31.4515,1.7137],[31.5018,1.7161],[31.5119,1.7257],[31.5166,1.7426],[31.5248,1.7489],[31.5549,1.7514],[31.5543,1.7662],[31.5754,1.7771],[31.5836,1.7765],[31.5913,1.7563],[31.5934,1.7314],[31.6006,1.7003],[31.6183,1.6822],[31.6252,1.6869],[31.6345,1.6904],[31.641,1.6989],[31.6509,1.7049],[31.6604,1.7074],[31.673,1.7197],[31.6848,1.7334],[31.6946,1.75],[31.6946,1.7634],[31.6837,1.7754],[31.6536,1.7793],[31.6421,1.7867],[31.6413,1.7913],[31.652,1.8025],[31.6517,1.8129],[31.6607,1.8216],[31.6665,1.8214],[31.6673,1.8312],[31.6554,1.8483],[31.6596,1.8534],[31.6601,1.9311],[31.6703,1.9538],[31.6772,1.9738],[31.6793,2.0404],[31.6917,2.0537],[31.7024,2.058],[31.7058,2.0661],[31.7113,2.0665],[31.7229,2.0746],[31.7284,2.0742],[31.7455,2.0819],[31.7511,2.096],[31.7485,2.3222],[31.7244,2.3076],[31.7164,2.3022],[31.7031,2.2996],[31.6977,2.2936],[31.6804,2.2922],[31.667,2.2762],[31.6383,2.2722],[31.6109,2.2742],[31.5669,2.2929],[31.5368,2.2962],[31.4881,2.2649],[31.47,2.2589],[31.4427,2.2442],[31.4193,2.2582],[31.3712,2.2595],[31.3632,2.2655],[31.3504,2.2518]]]]}},{"type":"Feature","properties":{"name":"Bukooli"},"geometry":{"type":"MultiPolygon","coordinates":[[[[33.7329,-0.1247],[33.7217,-0.1058],[33.7179,-0.0864],[33.7088,-0.087],[33.7075,-0.0954],[33.7001,-0.1017],[33.684,-0.1042],[33.6747,-0.1138],[33.6621,-0.1143],[33.667,-0.1206],[33.6626,-0.1321],[33.6807,-0.128],[33.6856,-0.1315],[33.6881,-0.1422],[33.6979,-0.1493],[33.711,-0.1619],[33.7201,-0.1641],[33.722,-0.134],[33.7329,-0.1247]]],[[[33.8054,0.1316],[33.8028,0.1386],[33.7951,0.1346],[33.7951,0.1283],[33.7897,0.1264],[33.7762,0.129],[33.7708,0.1265],[33.765,0.1211],[33.761,0.111],[33.758,0.095],[33.7643,0.0924],[33.7654,0.0849],[33.7942,0.0784],[33.804,0.0889],[33.8077,0.0865],[33.8046,0.0798],[33.8231,0.0733],[33.8284,0.0824],[33.8513,0.0842],[33.883,0.0765],[33.8951,0.0901],[33.8893,0.0991],[33.8735,0.0992],[33.8669,0.0982],[33.8609,0.0947],[33.8478,0.1008],[33.8314,0.1209],[33.8273,0.1146],[33.817,0.1199],[33.8054,0.1316]]],[[[33.8357,0.7011],[33.8188,0.6922],[33.8051,0.687],[33.7734,0.6894],[33.7649,0.696],[33.7652,0.7048],[33.7463,0.7296],[33.7332,0.7108],[33.7181,0.7039],[33.6995,0.7064],[33.685,0.7113],[33.6673,0.7198],[33.6511,0.7247],[33.6247,0.7351],[33.6309,0.7213],[33.6394,0.7119],[33.6582,0.6948],[33.668,0.6773],[33.6668,0.6487],[33.6612,0.6307],[33.6659,0.6226],[33.6608,0.6175],[33.6578,0.5974],[33.6163,0.5431],[33.6086,0.5192],[33.6061,0.4741],[33.6178,0.4668],[33.6386,0.4389],[33.6615,0.4212],[33.6793,0.4255],[33.696,0.4091],[33.6927,0.3782],[33.6867,0.3569],[33.6818,0.317],[33.7616,0.3145],[33.7504,0.3079],[33.7269,0.3063],[33.7253,0.2929],[33.7143,0.2954],[33.7108,0.2847],[33.6979,0.2915],[33.6976,0.2814],[33.6777,0.2636],[33.6889,0.2543],[33.708,0.2628],[33.7362,0.2527],[33.7367,0.2404],[33.7288,0.2448],[33.7168,0.2275],[33.7031,0.2024],[33.7113,0.1868],[33.7253,0.1846],[33.7447,0.1854],[33.7553,0.1786],[33.7685,0.189],[33.7745,0.1846],[33.7854,0.1985],[33.7674,0.2111],[33.7931,0.2171],[33.7862,0.2377],[33.813,0.2111],[33.8018,0.2021],[33.8136,0.1879],[33.8073,0.1767],[33.81,0.16],[33.8051,0.1436],[33.8166,0.1373],[33.8303,0.1523],[33.8311,0.1717],[33.8368,0.1972],[33.8557,0.1778],[33.8814,0.1646],[33.9006,0.1802],[33.9055,0.1966],[33.9293,0.1893],[33.9241,0.2128],[33.9291,0.2316],[33.9185,0.2607],[33.8992,0.288],[33.8843,0.3051],[33.874,0.3196],[33.8761,0.3431],[33.871,0.3508],[33.9116,0.397],[33.9137,0.4384],[33.8986,0.4589],[33.8951,0.472],[33.8891,0.4857],[33.8956,0.4999],[33.9145,0.5309],[33.9194,0.5351],[33.9285,0.5526],[33.9458,0.554],[33.9567,0.5634],[33.9566,0.5729],[33.9407,0.5888],[33.9326,0.5884],[33.921,0.591],[33.9133,0.597],[33.9065,0.6004],[33.8962,0.6076],[33.8949,0.6119],[33.8774,0.641],[33.8774,0.667],[33.859,0.6972],[33.8577,0.697],[33.8357,0.7011]]]]}},{"type":"Feature","properties":{"name":"Nakaseke"},"geometry":{"type":"MultiPolygon","coordinates":[[[[31.958,1.4913],[31.9511,1.4848],[31.9357,1.4779],[31.9348,1.4685],[31.9156,1.4621],[31.8908,1.445],[31.863,1.4314],[31.8528,1.4087],[31.8532,1.4015],[31.8395,1.3848],[31.8284,1.3818],[31.8111,1.3759],[31.8289,1.3382],[31.8395,1.316],[31.8502,1.2878],[31.8801,1.2549],[31.8977,1.225],[31.9049,1.1913],[31.8994,1.1755],[31.9058,1.1473],[31.9041,1.1259],[31.9109,1.1028],[31.9284,1.0832],[31.9652,1.0563],[31.9921,1.0323],[31.9977,0.9819],[32.0071,0.9542],[32.0186,0.9294],[32.0485,0.9213],[32.0733,0.9149],[32.0921,0.9076],[32.113,0.9067],[32.1344,0.8854],[32.1528,0.8747],[32.1848,0.8405],[32.1938,0.8119],[32.1946,0.779],[32.178,0.7499],[32.178,0.7098],[32.163,0.6807],[32.1652,0.6653],[32.1788,0.641],[32.2053,0.6196],[32.2134,0.6119],[32.2173,0.5863],[32.2352,0.5841],[32.2511,0.5649],[32.2673,0.5666],[32.284,0.5517],[32.3246,0.5491],[32.3272,0.559],[32.3288,0.5649],[32.3211,0.5756],[32.3284,0.591],[32.3387,0.6059],[32.3399,0.6106],[32.3557,0.6367],[32.3737,0.6508],[32.3916,0.6619],[32.3976,0.6696],[32.4092,0.6636],[32.4352,0.6636],[32.4626,0.6653],[32.4711,0.688],[32.4831,0.7012],[32.4839,0.7294],[32.4686,0.7328],[32.4596,0.741],[32.4609,0.7666],[32.4515,0.7786],[32.4485,0.7854],[32.4399,0.7948],[32.4391,0.8046],[32.4327,0.8127],[32.4305,0.8196],[32.4237,0.8298],[32.4224,0.8358],[32.4139,0.8431],[32.413,0.8525],[32.4036,0.8661],[32.4036,0.87],[32.3955,0.8905],[32.3891,0.9033],[32.378,0.9213],[32.3775,0.9251],[32.3596,0.9503],[32.3549,0.9661],[32.3442,0.9794],[32.3459,1.0144],[32.3387,1.0272],[32.3506,1.0708],[32.3521,1.1119],[32.3532,1.1477],[32.3421,1.1819],[32.3438,1.2203],[32.3322,1.2391],[32.3092,1.2558],[32.2763,1.275],[32.2596,1.2784],[32.2404,1.2947],[32.2211,1.3083],[32.1887,1.34],[32.1643,1.3583],[32.1429,1.3848],[32.1229,1.4023],[32.0929,1.4173],[32.0417,1.4523],[32.0261,1.4551],[32.0201,1.4602],[32.0089,1.4682],[31.9968,1.4671],[31.9873,1.4775],[31.9766,1.4802],[31.9665,1.4873],[31.958,1.4911],[31.958,1.4913]]]]}},{"type":"Feature","properties":{"name":"Katikamu"},"geometry":{"type":"MultiPolygon","coordinates":[[[[32.3532,1.1477],[32.3521,1.1119],[32.3506,1.0708],[32.3387,1.0272],[32.3459,1.0144],[32.3442,0.9794],[32.3549,0.9661],[32.3596,0.9503],[32.3775,0.9251],[32.378,0.9213],[32.3891,0.9033],[32.3955,0.8905],[32.4036,0.87],[32.4036,0.8661],[32.413,0.8525],[32.4139,0.8431],[32.4224,0.8358],[32.4237,0.8298],[32.4305,0.8196],[32.4327,0.8127],[32.4391,0.8046],[32.4399,0.7948],[32.4485,0.7854],[32.4515,0.7786],[32.4609,0.7666],[32.4596,0.741],[32.4686,0.7328],[32.4839,0.7294],[32.4831,0.7012],[32.4711,0.688],[32.4626,0.6653],[32.4352,0.6636],[32.4092,0.6636],[32.3976,0.6696],[32.3916,0.6619],[32.3737,0.6508],[32.3557,0.6367],[32.3399,0.6106],[32.3387,0.6059],[32.3284,0.591],[32.3211,0.5756],[32.3288,0.5649],[32.3272,0.559],[32.3371,0.5594],[32.3438,0.5604],[32.3585,0.5711],[32.3665,0.5678],[32.3896,0.5694],[32.4082,0.5609],[32.4319,0.5634],[32.4365,0.563],[32.4653,0.5604],[32.4752,0.5664],[32.5148,0.5639],[32.5422,0.5502],[32.5567,0.559],[32.5796,0.5792],[32.5624,0.6052],[32.5624,0.6211],[32.5673,0.6309],[32.5629,0.6399],[32.5621,0.6598],[32.5647,0.6922],[32.5784,0.7102],[32.5809,0.7204],[32.5874,0.7388],[32.6036,0.7435],[32.6079,0.7555],[32.6126,0.7696],[32.5903,0.7773],[32.5968,0.7901],[32.5891,0.7965],[32.5895,0.8204],[32.5963,0.8277],[32.6044,0.8273],[32.6057,0.8341],[32.6143,0.8482],[32.6079,0.861],[32.5878,0.8875],[32.5698,0.9076],[32.5754,0.9264],[32.5788,0.9589],[32.5737,0.9918],[32.5767,1.0106],[32.5698,1.0302],[32.5548,1.0414],[32.5463,1.0182],[32.5519,1.0003],[32.554,0.967],[32.545,0.9597],[32.525,0.9665],[32.4993,0.9768],[32.4715,0.9999],[32.4741,1.0157],[32.4553,1.0413],[32.4374,1.0558],[32.4198,1.0712],[32.413,1.0887],[32.4015,1.1063],[32.3878,1.1263],[32.366,1.1421],[32.3532,1.1477]]]]}},{"type":"Feature","properties":{"name":"Bamunanika"},"geometry":{"type":"MultiPolygon","coordinates":[[[[32.7674,1.0903],[32.6668,1.0896],[32.6399,1.1225],[32.6382,1.1426],[32.6284,1.1537],[32.6117,1.1524],[32.5809,1.1216],[32.5609,1.09],[32.5562,1.0452],[32.5548,1.0414],[32.5698,1.0302],[32.5767,1.0106],[32.5737,0.9918],[32.5788,0.9589],[32.5754,0.9264],[32.5698,0.9076],[32.5878,0.8875],[32.6079,0.861],[32.6143,0.8482],[32.6057,0.8341],[32.6044,0.8273],[32.5963,0.8277],[32.5895,0.8204],[32.5891,0.7965],[32.5968,0.7901],[32.5903,0.7773],[32.6126,0.7696],[32.6079,0.7555],[32.6036,0.7435],[32.5874,0.7388],[32.5809,0.7204],[32.5784,0.7102],[32.5647,0.6922],[32.5621,0.6598],[32.5629,0.6399],[32.5673,0.6309],[32.5624,0.6211],[32.5624,0.6052],[32.5796,0.5792],[32.5921,0.5747],[32.601,0.5666],[32.6241,0.567],[32.6382,0.5594],[32.6656,0.5619],[32.6762,0.5752],[32.6823,0.5808],[32.7096,0.6064],[32.7288,0.635],[32.7361,0.6534],[32.7442,0.67],[32.7462,0.7089],[32.7516,0.731],[32.747,0.8125],[32.7538,0.8297],[32.7667,0.848],[32.7834,0.8763],[32.7796,0.8845],[32.7787,0.9387],[32.77,0.9541],[32.7674,1.0903]]]]}},{"type":"Feature","properties":{"name":"Kiboga"},"geometry":{"type":"MultiPolygon","coordinates":[[[[31.669,1.3583],[31.6375,1.358],[31.6222,1.3659],[31.6036,1.3676],[31.5932,1.3755],[31.5541,1.3749],[31.4974,1.3739],[31.496,1.3639],[31.4464,1.3126],[31.4434,1.3015],[31.4357,1.2977],[31.4014,1.2966],[31.3943,1.2964],[31.3674,1.2712],[31.3592,1.2703],[31.346,1.2618],[31.3345,1.2622],[31.3208,1.2537],[31.3071,1.2528],[31.284,1.2349],[31.284,1.2348],[31.2892,1.2259],[31.2947,1.219],[31.308,1.2156],[31.3174,1.2054],[31.3259,1.199],[31.3396,1.19],[31.3507,1.1891],[31.3601,1.181],[31.3742,1.181],[31.3857,1.175],[31.3956,1.1742],[31.4024,1.1716],[31.4037,1.1661],[31.4122,1.1571],[31.4131,1.1451],[31.4195,1.137],[31.4263,1.1212],[31.4297,1.111],[31.4387,1.0999],[31.4473,1.0977],[31.4562,1.0909],[31.472,1.0806],[31.4836,1.0661],[31.5161,1.04],[31.5186,1.02],[31.4994,0.9894],[31.4745,0.9875],[31.4635,0.9798],[31.4624,0.9727],[31.4567,0.9705],[31.4406,0.955],[31.4291,0.953],[31.4214,0.9462],[31.4198,0.9304],[31.4307,0.918],[31.4294,0.9036],[31.4367,0.8915],[31.4389,0.8803],[31.4998,0.8755],[31.5101,0.8691],[31.5443,0.8687],[31.5494,0.8606],[31.5823,0.8589],[31.6161,0.8418],[31.625,0.8303],[31.6528,0.8311],[31.6726,0.8165],[31.684,0.808],[31.7374,0.8046],[31.7404,0.811],[31.7562,0.8119],[31.7827,0.7974],[31.8092,0.7978],[31.8126,0.8273],[31.8319,0.8456],[31.8575,0.8264],[31.878,0.8076],[31.8934,0.8085],[31.9006,0.8132],[31.9242,0.7969],[31.9361,0.788],[31.9182,0.7692],[31.928,0.761],[31.9289,0.7478],[31.9105,0.7277],[31.9015,0.716],[31.9016,0.7066],[31.9079,0.7005],[31.9093,0.7003],[31.916,0.6998],[31.9256,0.7076],[31.9398,0.7106],[31.9528,0.6968],[31.9559,0.6917],[31.968,0.6901],[31.9731,0.6826],[31.9741,0.6602],[31.9874,0.6478],[31.9894,0.638],[31.9971,0.6309],[32.008,0.6295],[32.0234,0.611],[32.0556,0.612],[32.0565,0.6372],[32.0636,0.6446],[32.0838,0.6468],[32.0852,0.6629],[32.0991,0.6632],[32.1087,0.6588],[32.1259,0.655],[32.1377,0.6637],[32.1652,0.6653],[32.163,0.6807],[32.178,0.7098],[32.178,0.7499],[32.1946,0.779],[32.1938,0.8119],[32.1848,0.8405],[32.1528,0.8747],[32.1344,0.8854],[32.113,0.9067],[32.0921,0.9076],[32.0733,0.9149],[32.0485,0.9213],[32.0186,0.9294],[32.0071,0.9542],[31.9977,0.9819],[31.9921,1.0323],[31.9652,1.0563],[31.9284,1.0832],[31.9109,1.1028],[31.9041,1.1259],[31.9058,1.1473],[31.8994,1.1755],[31.9049,1.1913],[31.8977,1.225],[31.8801,1.2549],[31.8502,1.2878],[31.8395,1.316],[31.8289,1.3382],[31.8111,1.3759],[31.8045,1.3737],[31.7866,1.3741],[31.7447,1.3412],[31.7254,1.3429],[31.722,1.3476],[31.6985,1.3489],[31.6866,1.3575],[31.669,1.3583]]]]}},{"type":"Feature","properties":{"name":"Bugahya"},"geometry":{"type":"MultiPolygon","coordinates":[[[[31.3678,1.7206],[31.3579,1.7304],[31.3405,1.7718],[31.3372,1.7918],[31.3174,1.8129],[31.3055,1.7708],[31.2871,1.7522],[31.2871,1.7342],[31.2729,1.718],[31.2601,1.7164],[31.216,1.6718],[31.2103,1.6716],[31.1641,1.6283],[31.1579,1.629],[31.141,1.6153],[31.1219,1.6039],[31.0892,1.6024],[31.0781,1.6115],[31.0585,1.6123],[31.0508,1.601],[31.0435,1.601],[31.0153,1.5822],[30.9855,1.5527],[30.9472,1.5496],[30.951,1.5332],[30.9781,1.5149],[30.9822,1.5002],[30.9721,1.4885],[30.9714,1.4545],[30.9736,1.4426],[30.9883,1.4368],[31.0101,1.4213],[31.0203,1.4106],[31.06,1.4103],[31.0693,1.4171],[31.0865,1.4263],[31.1009,1.4367],[31.1186,1.4379],[31.131,1.429],[31.1317,1.4204],[31.1411,1.4064],[31.1513,1.3926],[31.1732,1.3928],[31.1853,1.4013],[31.2007,1.3914],[31.2133,1.3916],[31.2185,1.3837],[31.2256,1.3848],[31.2464,1.4004],[31.2636,1.4165],[31.2899,1.4198],[31.2978,1.4078],[31.3142,1.4067],[31.3498,1.4099],[31.355,1.4171],[31.3774,1.393],[31.3916,1.3703],[31.4009,1.3482],[31.4025,1.3203],[31.4014,1.2966],[31.4357,1.2977],[31.4434,1.3015],[31.4464,1.3126],[31.496,1.3639],[31.4974,1.3739],[31.5541,1.3749],[31.5932,1.3755],[31.5921,1.408],[31.5841,1.4179],[31.591,1.4458],[31.5923,1.4605],[31.5707,1.4671],[31.5587,1.4769],[31.542,1.5018],[31.5243,1.522],[31.5163,1.5229],[31.5051,1.5291],[31.4912,1.5308],[31.4769,1.5395],[31.4624,1.5414],[31.4619,1.551],[31.4523,1.5592],[31.4605,1.5721],[31.4609,1.6065],[31.4434,1.624],[31.434,1.6304],[31.4135,1.6381],[31.3977,1.6279],[31.387,1.6296],[31.3524,1.6304],[31.3554,1.6326],[31.3584,1.6543],[31.358,1.6825],[31.3665,1.6945],[31.3678,1.7206]]]]}},{"type":"Feature","properties":{"name":"Buhaguzi"},"geometry":{"type":"MultiPolygon","coordinates":[[[[31.4014,1.2966],[31.4025,1.3203],[31.4009,1.3482],[31.3916,1.3703],[31.3774,1.393],[31.355,1.4171],[31.3498,1.4099],[31.3142,1.4067],[31.2978,1.4078],[31.2899,1.4198],[31.2636,1.4165],[31.2464,1.4004],[31.2256,1.3848],[31.2185,1.3837],[31.2133,1.3916],[31.2007,1.3914],[31.1853,1.4013],[31.1732,1.3928],[31.1513,1.3926],[31.1411,1.4064],[31.1317,1.4204],[31.131,1.429],[31.1186,1.4379],[31.1009,1.4367],[31.0865,1.4263],[31.0693,1.4171],[31.06,1.4103],[31.0203,1.4106],[31.0101,1.4213],[30.9883,1.4368],[30.9736,1.4426],[30.9714,1.4545],[30.9721,1.4885],[30.9822,1.5002],[30.9781,1.5149],[30.951,1.5332],[30.9472,1.5496],[30.9392,1.5506],[30.9315,1.5416],[30.9302,1.5245],[30.9225,1.5121],[30.9217,1.4835],[30.8653,1.4327],[30.8259,1.3912],[30.8264,1.3703],[30.7994,1.3421],[30.7811,1.3412],[30.7405,1.2921],[30.7418,1.2819],[30.7302,1.272],[30.7255,1.2716],[30.7067,1.2434],[30.7076,1.2314],[30.7148,1.2276],[30.7157,1.2203],[30.6969,1.184],[30.6841,1.1674],[30.6584,1.1362],[30.6892,1.1323],[30.7042,1.1208],[30.7131,1.1088],[30.7272,1.0969],[30.7465,1.0999],[30.7507,1.1071],[30.7597,1.1148],[30.7589,1.1289],[30.7781,1.1481],[30.7832,1.1481],[30.796,1.1404],[30.8161,1.1409],[30.852,1.1721],[30.8627,1.1716],[30.8956,1.1473],[30.911,1.1417],[30.9251,1.1477],[30.943,1.1507],[30.9541,1.1575],[30.9923,1.1584],[31.006,1.1644],[31.0279,1.1663],[31.044,1.183],[31.0544,1.1803],[31.064,1.174],[31.0878,1.1754],[31.0979,1.1844],[31.099,1.1918],[31.1165,1.2095],[31.1856,1.2094],[31.2213,1.243],[31.2297,1.2339],[31.284,1.2348],[31.284,1.2349],[31.3071,1.2528],[31.3208,1.2537],[31.3345,1.2622],[31.346,1.2618],[31.3592,1.2703],[31.3674,1.2712],[31.3943,1.2964],[31.4014,1.2966]]]]}},{"type":"Feature","properties":{"name":"Bugangaizi"},"geometry":{"type":"MultiPolygon","coordinates":[[[[31.4994,0.9894],[31.5084,1.005],[31.5186,1.02],[31.5161,1.04],[31.4836,1.0661],[31.472,1.0806],[31.4562,1.0909],[31.4473,1.0977],[31.4387,1.0999],[31.4297,1.111],[31.4263,1.1212],[31.4195,1.137],[31.4131,1.1451],[31.4122,1.1571],[31.4037,1.1661],[31.4024,1.1716],[31.3956,1.1742],[31.3857,1.175],[31.3742,1.181],[31.3601,1.181],[31.3507,1.1891],[31.3396,1.19],[31.3259,1.199],[31.3174,1.2054],[31.308,1.2156],[31.2947,1.219],[31.2892,1.2259],[31.284,1.2348],[31.2297,1.2339],[31.2213,1.243],[31.1856,1.2094],[31.1165,1.2095],[31.099,1.1918],[31.0979,1.1844],[31.0878,1.1754],[31.0979,1.1598],[31.0982,1.1291],[31.1154,1.0941],[31.1121,1.0408],[31.1072,1.034],[31.108,1.0029],[31.0994,0.9871],[31.0981,0.9772],[31.1105,0.9554],[31.1375,0.9213],[31.1781,0.8755],[31.1853,0.8627],[31.1862,0.8482],[31.1973,0.8315],[31.2139,0.8008],[31.2415,0.7704],[31.274,0.7482],[31.2957,0.7402],[31.3022,0.7378],[31.3172,0.731],[31.3536,0.7086],[31.3572,0.708],[31.3763,0.7201],[31.3891,0.7348],[31.3864,0.7723],[31.3954,0.7893],[31.3949,0.8155],[31.4015,0.8218],[31.4118,0.8245],[31.4233,0.836],[31.422,0.8571],[31.4389,0.8803],[31.4367,0.8915],[31.4294,0.9036],[31.4307,0.918],[31.4198,0.9304],[31.4214,0.9462],[31.4291,0.953],[31.4406,0.955],[31.4567,0.9705],[31.4624,0.9727],[31.4635,0.9798],[31.4745,0.9875],[31.4994,0.9894]]]]}},{"type":"Feature","properties":{"name":"Buyaga"},"geometry":{"type":"MultiPolygon","coordinates":[[[[30.6584,1.1362],[30.6435,1.1327],[30.6341,1.1212],[30.6225,1.102],[30.6136,1.0823],[30.5901,1.0563],[30.5811,1.0499],[30.552,1.0699],[30.5358,1.0635],[30.5264,1.0413],[30.5221,1.0247],[30.523,0.9789],[30.5191,0.9657],[30.5302,0.958],[30.5424,0.9465],[30.5563,0.9332],[30.5785,0.923],[30.6067,0.9119],[30.6178,0.9102],[30.6362,0.9033],[30.6525,0.9033],[30.6636,0.8943],[30.6854,0.8922],[30.7106,0.8892],[30.7302,0.8734],[30.7537,0.8614],[30.7764,0.8538],[30.814,0.8495],[30.8265,0.85],[30.8426,0.8508],[30.8623,0.8546],[30.8627,0.8696],[30.8755,0.8794],[30.8802,0.8802],[30.899,0.8961],[30.9012,0.9037],[30.9059,0.9102],[30.9157,0.9097],[30.9353,0.929],[30.9439,0.9324],[30.9413,0.9559],[30.9511,0.9661],[30.9695,0.9469],[30.987,0.9619],[31.0105,0.9644],[31.0217,0.9712],[31.0272,0.9747],[31.0281,0.9969],[31.0447,1.0187],[31.0464,1.0264],[31.0554,1.0345],[31.1072,1.034],[31.1121,1.0408],[31.1154,1.0941],[31.0982,1.1291],[31.0979,1.1598],[31.0878,1.1754],[31.064,1.174],[31.0544,1.1803],[31.044,1.183],[31.0279,1.1663],[31.006,1.1644],[30.9923,1.1584],[30.9541,1.1575],[30.943,1.1507],[30.9251,1.1477],[30.911,1.1417],[30.8956,1.1473],[30.8627,1.1716],[30.852,1.1721],[30.8161,1.1409],[30.796,1.1404],[30.7832,1.1481],[30.7781,1.1481],[30.7589,1.1289],[30.7597,1.1148],[30.7507,1.1071],[30.7465,1.0999],[30.7272,1.0969],[30.7131,1.1088],[30.7042,1.1208],[30.6892,1.1323],[30.6584,1.1362]]]]}},{"type":"Feature","properties":{"name":"Buyanja"},"geometry":{"type":"MultiPolygon","coordinates":[[[[31.1072,1.034],[31.0554,1.0345],[31.0464,1.0264],[31.0447,1.0187],[31.0281,0.9969],[31.0272,0.9747],[31.0217,0.9712],[31.0105,0.9644],[30.987,0.9619],[30.9695,0.9469],[30.9511,0.9661],[30.9413,0.9559],[30.9439,0.9324],[30.9353,0.929],[30.9157,0.9097],[30.9059,0.9102],[30.9012,0.9037],[30.899,0.8961],[30.8802,0.8802],[30.8755,0.8794],[30.8627,0.8696],[30.8623,0.8546],[30.8426,0.8508],[30.8265,0.85],[30.8345,0.8352],[30.8548,0.8076],[30.8818,0.7791],[30.9088,0.7367],[30.9106,0.7277],[30.9194,0.7199],[30.9217,0.7179],[30.9452,0.7004],[30.9695,0.6884],[30.9862,0.6726],[31.0071,0.6662],[31.0199,0.6649],[31.034,0.6589],[31.0473,0.6563],[31.0631,0.6482],[31.0926,0.6512],[31.102,0.6576],[31.1259,0.6636],[31.152,0.6583],[31.1619,0.6525],[31.1758,0.644],[31.1977,0.647],[31.2119,0.6405],[31.2472,0.6722],[31.2584,0.6911],[31.2669,0.7099],[31.2811,0.7264],[31.2957,0.7402],[31.274,0.7482],[31.2415,0.7704],[31.2139,0.8008],[31.1973,0.8315],[31.1862,0.8482],[31.1853,0.8627],[31.1781,0.8755],[31.1375,0.9213],[31.1105,0.9554],[31.0981,0.9772],[31.0994,0.9871],[31.108,1.0029],[31.1072,1.034]]]]}},{"type":"Feature","properties":{"name":"Buwekula"},"geometry":{"type":"MultiPolygon","coordinates":[[[[31.4389,0.8803],[31.422,0.8571],[31.4233,0.836],[31.4118,0.8245],[31.4015,0.8218],[31.3949,0.8155],[31.3954,0.7893],[31.3864,0.7723],[31.3891,0.7348],[31.3763,0.7201],[31.3572,0.708],[31.3536,0.7086],[31.3172,0.731],[31.3022,0.7378],[31.2957,0.7402],[31.2811,0.7264],[31.2669,0.7099],[31.2584,0.6911],[31.2472,0.6722],[31.2119,0.6405],[31.2149,0.6304],[31.2497,0.5937],[31.2494,0.5694],[31.2409,0.5524],[31.2385,0.5349],[31.2324,0.5251],[31.2119,0.5172],[31.1468,0.5169],[31.1359,0.5095],[31.1348,0.5005],[31.1282,0.4832],[31.1263,0.4657],[31.1184,0.4537],[31.1184,0.4493],[31.1017,0.4269],[31.1025,0.3963],[31.1189,0.3697],[31.1195,0.352],[31.1023,0.3331],[31.0943,0.3172],[31.0741,0.2907],[31.0394,0.2642],[31.0243,0.256],[31.015,0.247],[31.0145,0.2385],[31.0071,0.2267],[31.0101,0.2221],[31.0842,0.2223],[31.1023,0.2371],[31.1143,0.239],[31.1236,0.2456],[31.1542,0.2445],[31.1559,0.2363],[31.2149,0.1767],[31.2595,0.1764],[31.2658,0.1822],[31.2948,0.2095],[31.2929,0.2281],[31.3019,0.2357],[31.3063,0.2716],[31.3377,0.2981],[31.352,0.2986],[31.39,0.3071],[31.4208,0.306],[31.4357,0.3124],[31.4644,0.3196],[31.4862,0.3299],[31.5011,0.3401],[31.525,0.3491],[31.5481,0.3662],[31.5601,0.3709],[31.5938,0.4162],[31.6067,0.4414],[31.6152,0.4538],[31.6135,0.4893],[31.6067,0.4982],[31.6041,0.5329],[31.5994,0.5384],[31.5891,0.5585],[31.5622,0.5897],[31.5614,0.6226],[31.5814,0.6234],[31.5879,0.6307],[31.5879,0.6414],[31.5802,0.6499],[31.5937,0.6637],[31.588,0.67],[31.5888,0.6881],[31.5975,0.6993],[31.6123,0.7012],[31.6243,0.7094],[31.6047,0.7283],[31.6071,0.7548],[31.6131,0.7589],[31.6263,0.7638],[31.6347,0.7709],[31.647,0.7712],[31.6552,0.7761],[31.6656,0.7955],[31.6726,0.8165],[31.6528,0.8311],[31.625,0.8303],[31.6161,0.8418],[31.5823,0.8589],[31.5494,0.8606],[31.5443,0.8687],[31.5101,0.8691],[31.4998,0.8755],[31.4389,0.8803]]]]}},{"type":"Feature","properties":{"name":"Kassanda"},"geometry":{"type":"MultiPolygon","coordinates":[[[[31.6726,0.8165],[31.6656,0.7955],[31.6552,0.7761],[31.647,0.7712],[31.6347,0.7709],[31.6263,0.7638],[31.6131,0.7589],[31.6071,0.7548],[31.6047,0.7283],[31.6243,0.7094],[31.6123,0.7012],[31.5975,0.6993],[31.5888,0.6881],[31.588,0.67],[31.5937,0.6637],[31.5802,0.6499],[31.5879,0.6414],[31.5879,0.6307],[31.5814,0.6234],[31.5614,0.6226],[31.5622,0.5897],[31.5891,0.5585],[31.5994,0.5384],[31.6041,0.5329],[31.6067,0.4982],[31.6135,0.4893],[31.6152,0.4538],[31.6067,0.4414],[31.5938,0.4162],[31.5601,0.3709],[31.5707,0.3562],[31.5728,0.3364],[31.5792,0.3315],[31.5946,0.3235],[31.6246,0.3081],[31.6272,0.2978],[31.6425,0.2795],[31.6596,0.2713],[31.675,0.2713],[31.6823,0.2645],[31.7148,0.2397],[31.743,0.2517],[31.7541,0.2538],[31.7729,0.2684],[31.7951,0.2782],[31.8096,0.2884],[31.8229,0.2901],[31.8231,0.2908],[31.8272,0.3042],[31.8498,0.3325],[31.9179,0.3329],[31.9298,0.3392],[31.9624,0.342],[31.9639,0.3488],[31.965,0.3539],[31.9526,0.3768],[31.9461,0.3985],[31.948,0.4152],[31.9622,0.4295],[31.9631,0.4414],[31.9557,0.454],[31.9466,0.4733],[31.9444,0.4807],[31.9378,0.4891],[31.9296,0.5146],[31.9201,0.5264],[31.9271,0.5347],[31.9211,0.5414],[31.9355,0.5519],[31.9337,0.5687],[31.9258,0.5746],[31.9085,0.5772],[31.8934,0.5963],[31.8938,0.6038],[31.9002,0.6199],[31.9081,0.6212],[31.9199,0.6388],[31.9374,0.6415],[31.9458,0.6471],[31.9465,0.6532],[31.9386,0.6644],[31.9099,0.6887],[31.9093,0.7003],[31.9079,0.7005],[31.9016,0.7066],[31.9015,0.716],[31.9105,0.7277],[31.9289,0.7478],[31.928,0.761],[31.9182,0.7692],[31.9361,0.788],[31.9242,0.7969],[31.9006,0.8132],[31.8934,0.8085],[31.878,0.8076],[31.8575,0.8264],[31.8319,0.8456],[31.8126,0.8273],[31.8092,0.7978],[31.7827,0.7974],[31.7562,0.8119],[31.7404,0.811],[31.7374,0.8046],[31.684,0.808],[31.6726,0.8165]]]]}},{"type":"Feature","properties":{"name":"Mityana"},"geometry":{"type":"MultiPolygon","coordinates":[[[[32.1652,0.6653],[32.1377,0.6637],[32.1259,0.655],[32.1087,0.6588],[32.0991,0.6632],[32.0852,0.6629],[32.0838,0.6468],[32.0636,0.6446],[32.0565,0.6372],[32.0556,0.612],[32.0234,0.611],[32.008,0.6295],[31.9971,0.6309],[31.9894,0.638],[31.9874,0.6478],[31.9741,0.6602],[31.9731,0.6826],[31.968,0.6901],[31.9559,0.6917],[31.9528,0.6968],[31.9398,0.7106],[31.9256,0.7076],[31.916,0.6998],[31.9093,0.7003],[31.9099,0.6887],[31.9386,0.6644],[31.9465,0.6532],[31.9458,0.6471],[31.9374,0.6415],[31.9199,0.6388],[31.9081,0.6212],[31.9002,0.6199],[31.8938,0.6038],[31.8934,0.5963],[31.9085,0.5772],[31.9258,0.5746],[31.9337,0.5687],[31.9355,0.5519],[31.9211,0.5414],[31.9271,0.5347],[31.9201,0.5264],[31.9296,0.5146],[31.9378,0.4891],[31.9444,0.4807],[31.9466,0.4733],[31.9557,0.454],[31.9631,0.4414],[31.9622,0.4295],[31.948,0.4152],[31.9461,0.3985],[31.9526,0.3768],[31.965,0.3539],[31.9639,0.3488],[31.9977,0.348],[32.0186,0.3317],[32.0361,0.331],[32.0529,0.3408],[32.0669,0.3312],[32.0858,0.3252],[32.0947,0.3298],[32.1019,0.339],[32.1026,0.3495],[32.1111,0.358],[32.1139,0.3733],[32.1557,0.3793],[32.1836,0.3916],[32.2063,0.3914],[32.2235,0.4004],[32.2304,0.4001],[32.2462,0.3856],[32.2588,0.3856],[32.2577,0.4064],[32.249,0.4069],[32.2304,0.4195],[32.2134,0.4362],[32.206,0.4463],[32.2036,0.4537],[32.1902,0.4559],[32.1727,0.4712],[32.1809,0.4813],[32.1809,0.5054],[32.1902,0.5155],[32.1899,0.5303],[32.1976,0.5434],[32.1976,0.5574],[32.2173,0.5863],[32.2134,0.6119],[32.2053,0.6196],[32.1788,0.641],[32.1652,0.6653]]]]}},{"type":"Feature","properties":{"name":"Busujju"},"geometry":{"type":"MultiPolygon","coordinates":[[[[31.8231,0.2908],[31.8409,0.2885],[31.8516,0.2795],[31.8571,0.2705],[31.8519,0.262],[31.8883,0.2344],[31.9025,0.2333],[31.917,0.227],[31.9249,0.2275],[31.9402,0.2379],[31.9883,0.2414],[32.0028,0.2525],[32.0237,0.256],[32.0331,0.2628],[32.034,0.2701],[32.0425,0.279],[32.0776,0.2812],[32.0771,0.2974],[32.0831,0.3025],[32.1113,0.3051],[32.125,0.2948],[32.1357,0.2944],[32.1451,0.2867],[32.1489,0.2816],[32.1626,0.2641],[32.1711,0.2641],[32.1899,0.2816],[32.1908,0.291],[32.21,0.3145],[32.2288,0.3],[32.2605,0.3265],[32.2588,0.3856],[32.2462,0.3856],[32.2304,0.4001],[32.2235,0.4004],[32.2063,0.3914],[32.1836,0.3916],[32.1557,0.3793],[32.1139,0.3733],[32.1111,0.358],[32.1026,0.3495],[32.1019,0.339],[32.0947,0.3298],[32.0858,0.3252],[32.0669,0.3312],[32.0529,0.3408],[32.0361,0.331],[32.0186,0.3317],[31.9977,0.348],[31.9639,0.3488],[31.9624,0.342],[31.9298,0.3392],[31.9179,0.3329],[31.8498,0.3325],[31.8272,0.3042],[31.8231,0.2908]]]]}},{"type":"Feature","properties":{"name":"Mwenge"},"geometry":{"type":"MultiPolygon","coordinates":[[[[30.5424,0.9465],[30.5312,0.9365],[30.5162,0.9211],[30.4888,0.8855],[30.4834,0.8675],[30.4894,0.8587],[30.4902,0.8519],[30.4823,0.8311],[30.4727,0.81],[30.4473,0.7821],[30.4298,0.7821],[30.4306,0.6987],[30.4216,0.6858],[30.412,0.6854],[30.4036,0.6763],[30.4041,0.6689],[30.3943,0.657],[30.3966,0.6168],[30.4218,0.614],[30.4302,0.6079],[30.4291,0.5986],[30.4468,0.5836],[30.4512,0.5799],[30.475,0.579],[30.4908,0.5511],[30.4929,0.5029],[30.4987,0.4953],[30.508,0.492],[30.5288,0.4783],[30.5269,0.4515],[30.5167,0.4395],[30.5176,0.4099],[30.534,0.378],[30.5381,0.3358],[30.5509,0.3435],[30.5646,0.3725],[30.5805,0.3853],[30.6217,0.3871],[30.6482,0.4149],[30.6495,0.4248],[30.6708,0.4504],[30.6854,0.47],[30.6866,0.4824],[30.6995,0.4833],[30.7144,0.4914],[30.7358,0.4904],[30.7454,0.4827],[30.7525,0.4819],[30.7651,0.4756],[30.7927,0.4786],[30.8208,0.4931],[30.8477,0.4931],[30.8479,0.4933],[30.8649,0.5106],[30.8652,0.5718],[30.8449,0.5902],[30.8315,0.6074],[30.84,0.6145],[30.8687,0.6394],[30.8906,0.6394],[30.9075,0.6514],[30.9155,0.6643],[30.919,0.7023],[30.9194,0.7199],[30.9106,0.7277],[30.9088,0.7367],[30.8818,0.7791],[30.8548,0.8076],[30.8345,0.8352],[30.8265,0.85],[30.814,0.8495],[30.7764,0.8538],[30.7537,0.8614],[30.7302,0.8734],[30.7106,0.8892],[30.6854,0.8922],[30.6636,0.8943],[30.6525,0.9033],[30.6362,0.9033],[30.6178,0.9102],[30.6067,0.9119],[30.5785,0.923],[30.5563,0.9332],[30.5424,0.9465]]]]}},{"type":"Feature","properties":{"name":"Kyaka"},"geometry":{"type":"MultiPolygon","coordinates":[[[[30.9194,0.7199],[30.919,0.7023],[30.9155,0.6643],[30.9075,0.6514],[30.8906,0.6394],[30.8687,0.6394],[30.84,0.6145],[30.8315,0.6074],[30.8449,0.5902],[30.8652,0.5718],[30.8649,0.5106],[30.8479,0.4933],[30.8567,0.4813],[30.8574,0.4488],[30.8478,0.4386],[30.8436,0.4293],[30.849,0.4195],[30.8488,0.3795],[30.8399,0.3676],[30.8397,0.3558],[30.8157,0.3334],[30.8157,0.3164],[30.7957,0.2959],[30.7916,0.2795],[30.7869,0.2636],[30.7711,0.2426],[30.7722,0.23],[30.7841,0.2265],[30.8118,0.2218],[30.8721,0.2214],[30.8939,0.2286],[30.9041,0.2269],[30.9161,0.2205],[30.9289,0.2179],[30.9435,0.2107],[30.9909,0.2107],[31.0046,0.2188],[31.0101,0.2221],[31.0071,0.2267],[31.0145,0.2385],[31.015,0.247],[31.0243,0.256],[31.0394,0.2642],[31.0741,0.2907],[31.0943,0.3172],[31.1023,0.3331],[31.1195,0.352],[31.1189,0.3697],[31.1025,0.3963],[31.1017,0.4269],[31.1184,0.4493],[31.1184,0.4537],[31.1263,0.4657],[31.1282,0.4832],[31.1348,0.5005],[31.1359,0.5095],[31.1468,0.5169],[31.2119,0.5172],[31.2324,0.5251],[31.2385,0.5349],[31.2409,0.5524],[31.2494,0.5694],[31.2497,0.5937],[31.2149,0.6304],[31.2119,0.6405],[31.1977,0.647],[31.1758,0.644],[31.1619,0.6525],[31.152,0.6583],[31.1259,0.6636],[31.102,0.6576],[31.0926,0.6512],[31.0631,0.6482],[31.0473,0.6563],[31.034,0.6589],[31.0199,0.6649],[31.0071,0.6662],[30.9862,0.6726],[30.9695,0.6884],[30.9452,0.7004],[30.9217,0.7179],[30.9194,0.7199]]]]}},{"type":"Feature","properties":{"name":"Kibale"},"geometry":{"type":"MultiPolygon","coordinates":[[[[30.4468,0.5836],[30.4355,0.5735],[30.432,0.5708],[30.4317,0.5656],[30.412,0.5418],[30.3874,0.5199],[30.3781,0.5196],[30.3688,0.5073],[30.3693,0.4507],[30.3622,0.4381],[30.3633,0.4302],[30.3866,0.4034],[30.3866,0.387],[30.3792,0.3771],[30.38,0.3449],[30.3688,0.3298],[30.3819,0.3164],[30.3882,0.3027],[30.3792,0.2872],[30.3789,0.2636],[30.3633,0.247],[30.3518,0.2212],[30.3455,0.2119],[30.3617,0.1868],[30.3674,0.1624],[30.3747,0.1427],[30.4067,0.1192],[30.446,0.1167],[30.4538,0.1162],[30.4607,0.1176],[30.4743,0.108],[30.4858,0.1116],[30.5104,0.1269],[30.5433,0.1504],[30.5504,0.1515],[30.5591,0.1586],[30.5698,0.16],[30.5884,0.1674],[30.5893,0.1682],[30.6152,0.1931],[30.6291,0.2193],[30.6406,0.2256],[30.6494,0.2281],[30.6685,0.2297],[30.6748,0.2207],[30.6942,0.213],[30.7481,0.2139],[30.7722,0.23],[30.7711,0.2426],[30.7869,0.2636],[30.7916,0.2795],[30.7957,0.2959],[30.8157,0.3164],[30.8157,0.3334],[30.8397,0.3558],[30.8399,0.3676],[30.8488,0.3795],[30.849,0.4195],[30.8436,0.4293],[30.8478,0.4386],[30.8574,0.4488],[30.8567,0.4813],[30.8479,0.4933],[30.8477,0.4931],[30.8208,0.4931],[30.7927,0.4786],[30.7651,0.4756],[30.7525,0.4819],[30.7454,0.4827],[30.7358,0.4904],[30.7144,0.4914],[30.6995,0.4833],[30.6866,0.4824],[30.6854,0.47],[30.6708,0.4504],[30.6495,0.4248],[30.6482,0.4149],[30.6217,0.3871],[30.5805,0.3853],[30.5646,0.3725],[30.5509,0.3435],[30.5381,0.3358],[30.534,0.378],[30.5176,0.4099],[30.5167,0.4395],[30.5269,0.4515],[30.5288,0.4783],[30.508,0.492],[30.4987,0.4953],[30.4929,0.5029],[30.4908,0.5511],[30.475,0.579],[30.4512,0.5799],[30.4468,0.5836]]]]}},{"type":"Feature","properties":{"name":"Kitagwenda"},"geometry":{"type":"MultiPolygon","coordinates":[[[[30.3455,0.2119],[30.3339,0.2044],[30.2912,0.2071],[30.2825,0.2119],[30.2817,0.2123],[30.2746,0.2006],[30.2743,0.1218],[30.2679,0.0987],[30.2597,0.0697],[30.2542,0.0568],[30.2414,0.0299],[30.2162,-0.0514],[30.2014,-0.0733],[30.206,-0.081],[30.2063,-0.0815],[30.2318,-0.1105],[30.2523,-0.111],[30.2536,-0.1111],[30.2958,-0.1121],[30.3833,-0.1544],[30.402,-0.1603],[30.4302,-0.1589],[30.4433,-0.1488],[30.4591,-0.1414],[30.4571,-0.1295],[30.4484,-0.1197],[30.4254,-0.1068],[30.4251,-0.0805],[30.4169,-0.062],[30.4083,-0.024],[30.3978,-0.0144],[30.3896,0.0011],[30.382,0.003],[30.3715,0.0177],[30.4049,0.0457],[30.4128,0.052],[30.4415,0.0823],[30.446,0.1167],[30.4067,0.1192],[30.3747,0.1427],[30.3674,0.1624],[30.3617,0.1868],[30.3455,0.2119]]]]}},{"type":"Feature","properties":{"name":"Burahya"},"geometry":{"type":"MultiPolygon","coordinates":[[[[30.5358,1.0635],[30.5028,1.0449],[30.4734,1.0426],[30.4655,1.038],[30.457,1.0365],[30.4561,1.0193],[30.4461,1.0095],[30.4463,1.0006],[30.4268,0.9824],[30.4277,0.9756],[30.3845,0.9743],[30.378,0.9684],[30.3763,0.9591],[30.3687,0.9486],[30.3507,0.9476],[30.3338,0.9306],[30.3313,0.923],[30.3201,0.909],[30.3094,0.8904],[30.2988,0.8776],[30.2818,0.8634],[30.272,0.8609],[30.2591,0.8661],[30.2438,0.862],[30.2301,0.8601],[30.2033,0.836],[30.1951,0.8223],[30.2053,0.8086],[30.2035,0.7925],[30.1855,0.7743],[30.1735,0.7553],[30.1697,0.7425],[30.1593,0.7209],[30.1426,0.6908],[30.1442,0.679],[30.1626,0.6651],[30.17,0.6594],[30.2257,0.6596],[30.255,0.6336],[30.2567,0.6166],[30.2737,0.5991],[30.2908,0.5939],[30.2905,0.5827],[30.2586,0.5464],[30.2663,0.5379],[30.2672,0.5288],[30.2762,0.5133],[30.28,0.5033],[30.2634,0.4822],[30.2564,0.4586],[30.2579,0.4426],[30.2677,0.4292],[30.2873,0.4237],[30.2964,0.4125],[30.2858,0.3954],[30.2832,0.3687],[30.284,0.3542],[30.2947,0.3402],[30.2947,0.3268],[30.299,0.3246],[30.2922,0.2948],[30.2922,0.2776],[30.2859,0.2657],[30.2929,0.2555],[30.2919,0.2408],[30.2849,0.2288],[30.2825,0.2119],[30.2912,0.2071],[30.3339,0.2044],[30.3455,0.2119],[30.3518,0.2212],[30.3633,0.247],[30.3789,0.2636],[30.3792,0.2872],[30.3882,0.3027],[30.3819,0.3164],[30.3688,0.3298],[30.38,0.3449],[30.3792,0.3771],[30.3866,0.387],[30.3866,0.4034],[30.3633,0.4302],[30.3622,0.4381],[30.3693,0.4507],[30.3688,0.5073],[30.3781,0.5196],[30.3874,0.5199],[30.412,0.5418],[30.4317,0.5656],[30.432,0.5708],[30.4355,0.5735],[30.4468,0.5836],[30.4291,0.5986],[30.4302,0.6079],[30.4218,0.614],[30.3966,0.6168],[30.3943,0.657],[30.4041,0.6689],[30.4036,0.6763],[30.412,0.6854],[30.4216,0.6858],[30.4306,0.6987],[30.4298,0.7821],[30.4473,0.7821],[30.4727,0.81],[30.4823,0.8311],[30.4902,0.8519],[30.4894,0.8587],[30.4834,0.8675],[30.4888,0.8855],[30.5162,0.9211],[30.5312,0.9365],[30.5424,0.9465],[30.5302,0.958],[30.5191,0.9657],[30.523,0.9789],[30.5221,1.0247],[30.5264,1.0413],[30.5358,1.0635]]]]}},{"type":"Feature","properties":{"name":"Bunyangabu"},"geometry":{"type":"MultiPolygon","coordinates":[[[[30.1442,0.679],[30.1434,0.67],[30.1366,0.6613],[30.1358,0.647],[30.1158,0.6274],[30.1079,0.6265],[30.0989,0.6142],[30.0896,0.5913],[30.0822,0.5787],[30.0775,0.5442],[30.0546,0.5277],[30.0421,0.5039],[30.0378,0.4943],[30.0241,0.4941],[30.0054,0.4766],[29.9957,0.4586],[29.9933,0.4472],[30.0152,0.4412],[30.0374,0.4342],[30.0581,0.4229],[30.0675,0.4152],[30.1773,0.4141],[30.1924,0.4078],[30.2044,0.399],[30.2134,0.384],[30.2178,0.3719],[30.2301,0.367],[30.2539,0.355],[30.284,0.3542],[30.2832,0.3687],[30.2858,0.3954],[30.2964,0.4125],[30.2873,0.4237],[30.2677,0.4292],[30.2579,0.4426],[30.2564,0.4586],[30.2634,0.4822],[30.28,0.5033],[30.2762,0.5133],[30.2672,0.5288],[30.2663,0.5379],[30.2586,0.5464],[30.2905,0.5827],[30.2908,0.5939],[30.2737,0.5991],[30.2567,0.6166],[30.255,0.6336],[30.2257,0.6596],[30.17,0.6594],[30.1626,0.6651],[30.1442,0.679]]]]}},{"type":"Feature","properties":{"name":"Bughendra"},"geometry":{"type":"MultiPolygon","coordinates":[[[[30.2301,0.8601],[30.203,0.8874],[30.1913,0.8945],[30.1754,0.8967],[30.1642,0.8975],[30.1514,0.9049],[30.0986,0.9033],[30.0573,0.8773],[30.0388,0.8794],[29.9935,0.8614],[29.9739,0.8499],[29.9657,0.8388],[29.9649,0.8123],[29.9623,0.7948],[29.9704,0.7824],[29.9739,0.7418],[29.9734,0.7341],[29.9692,0.7204],[29.9692,0.6897],[29.9581,0.6717],[29.9576,0.6482],[29.97,0.6166],[29.9752,0.6081],[29.9724,0.5689],[29.9751,0.5548],[29.9764,0.5315],[29.9471,0.4867],[29.9244,0.4587],[29.9257,0.4563],[29.9397,0.432],[29.9484,0.4246],[29.9698,0.426],[29.9818,0.4293],[29.9851,0.4327],[29.9933,0.4472],[29.9957,0.4586],[30.0054,0.4766],[30.0241,0.4941],[30.0378,0.4943],[30.0421,0.5039],[30.0546,0.5277],[30.0775,0.5442],[30.0822,0.5787],[30.0896,0.5913],[30.0989,0.6142],[30.1079,0.6265],[30.1158,0.6274],[30.1358,0.647],[30.1366,0.6613],[30.1434,0.67],[30.1442,0.679],[30.1426,0.6908],[30.1593,0.7209],[30.1697,0.7425],[30.1735,0.7553],[30.1855,0.7743],[30.2035,0.7925],[30.2053,0.8086],[30.1951,0.8223],[30.2033,0.836],[30.2301,0.8601]]]]}},{"type":"Feature","properties":{"name":"Ntoroko"},"geometry":{"type":"MultiPolygon","coordinates":[[[[30.5028,1.0449],[30.52,1.0546],[30.4995,1.0776],[30.4961,1.0862],[30.502,1.0969],[30.5055,1.1195],[30.4888,1.1473],[30.4884,1.1682],[30.499,1.1909],[30.4777,1.2131],[30.5093,1.2361],[30.4879,1.2451],[30.4807,1.2421],[30.4743,1.2246],[30.458,1.2169],[30.4149,1.2148],[30.3973,1.2105],[30.3435,1.2092],[30.3375,1.1985],[30.3358,1.1785],[30.3243,1.1703],[30.2832,1.1909],[30.2674,1.1797],[30.2478,1.1622],[30.2358,1.1481],[30.2337,1.1103],[30.2296,1.0988],[30.2203,1.0895],[30.2173,1.0687],[30.2266,1.0611],[30.2266,1.0493],[30.2184,1.0395],[30.2186,1.0097],[30.1981,0.9913],[30.1932,0.9919],[30.1861,0.9859],[30.1853,0.9768],[30.1757,0.9582],[30.1738,0.9468],[30.168,0.9405],[30.1582,0.9238],[30.1514,0.9049],[30.1642,0.8975],[30.1754,0.8967],[30.1913,0.8945],[30.203,0.8874],[30.2301,0.8601],[30.2438,0.862],[30.2591,0.8661],[30.272,0.8609],[30.2818,0.8634],[30.2988,0.8776],[30.3094,0.8904],[30.3201,0.909],[30.3313,0.923],[30.3338,0.9306],[30.3507,0.9476],[30.3687,0.9486],[30.3763,0.9591],[30.378,0.9684],[30.3845,0.9743],[30.4277,0.9756],[30.4268,0.9824],[30.4463,1.0006],[30.4461,1.0095],[30.4561,1.0193],[30.457,1.0365],[30.4655,1.038],[30.4734,1.0426],[30.5028,1.0449]]]]}},{"type":"Feature","properties":{"name":"Ibanda"},"geometry":{"type":"MultiPolygon","coordinates":[[[[30.446,0.1167],[30.4415,0.0823],[30.4128,0.052],[30.4049,0.0457],[30.3715,0.0177],[30.382,0.003],[30.3896,0.0011],[30.3978,-0.0144],[30.4083,-0.024],[30.4169,-0.062],[30.4251,-0.0805],[30.4254,-0.1068],[30.4484,-0.1197],[30.4571,-0.1295],[30.4591,-0.1414],[30.4433,-0.1488],[30.4302,-0.1589],[30.402,-0.1603],[30.3833,-0.1544],[30.2958,-0.1121],[30.2536,-0.1111],[30.2594,-0.128],[30.2665,-0.1362],[30.2698,-0.1512],[30.278,-0.1671],[30.2845,-0.1813],[30.2996,-0.1805],[30.3152,-0.1742],[30.3217,-0.1753],[30.3425,-0.1824],[30.3491,-0.1846],[30.3622,-0.1991],[30.3762,-0.227],[30.3994,-0.2426],[30.4085,-0.2527],[30.4111,-0.275],[30.4422,-0.2753],[30.4515,-0.2643],[30.4529,-0.2545],[30.4697,-0.2485],[30.489,-0.2373],[30.5026,-0.244],[30.5159,-0.2429],[30.5268,-0.2355],[30.5469,-0.2337],[30.5597,-0.2286],[30.5738,-0.2261],[30.5952,-0.2188],[30.6193,-0.2167],[30.6251,-0.2162],[30.6268,-0.1855],[30.6512,-0.1645],[30.67,-0.1581],[30.6693,-0.0949],[30.6764,-0.0842],[30.6762,-0.0712],[30.6749,-0.0005],[30.6864,0.01],[30.6841,0.0474],[30.6761,0.0555],[30.6623,0.063],[30.6399,0.0791],[30.6204,0.0966],[30.6251,0.1064],[30.63,0.1228],[30.6248,0.1265],[30.6058,0.1433],[30.6,0.1573],[30.5893,0.1682],[30.5884,0.1674],[30.5698,0.16],[30.5591,0.1586],[30.5504,0.1515],[30.5433,0.1504],[30.5104,0.1269],[30.4858,0.1116],[30.4743,0.108],[30.4607,0.1176],[30.4538,0.1162],[30.446,0.1167]]]]}},{"type":"Feature","properties":{"name":"Busongora"},"geometry":{"type":"MultiPolygon","coordinates":[[[[30.2825,0.2119],[30.2849,0.2288],[30.2919,0.2408],[30.2929,0.2555],[30.2859,0.2657],[30.2922,0.2776],[30.2922,0.2948],[30.299,0.3246],[30.2947,0.3268],[30.2947,0.3402],[30.284,0.3542],[30.2539,0.355],[30.2301,0.367],[30.2178,0.3719],[30.2134,0.384],[30.2044,0.399],[30.1924,0.4078],[30.1773,0.4141],[30.0675,0.4152],[30.0581,0.4229],[30.0374,0.4342],[30.0152,0.4412],[29.9933,0.4472],[29.9851,0.4327],[29.9818,0.4293],[29.9698,0.426],[29.9484,0.4246],[29.9397,0.432],[29.9257,0.4563],[29.9089,0.444],[29.8739,0.3918],[29.8692,0.3739],[29.8927,0.3735],[29.9089,0.356],[29.9119,0.3064],[29.926,0.2897],[29.932,0.276],[29.9478,0.256],[29.9786,0.2316],[29.9961,0.2068],[30.0008,0.1474],[30.0055,0.1188],[30.0008,0.0953],[29.9884,0.0714],[29.9794,0.0397],[29.9662,0.0402],[29.9516,0.0423],[29.917,0.0389],[29.8935,-0.0009],[29.8858,-0.0192],[29.8764,-0.0611],[29.867,-0.0765],[29.8611,-0.0991],[29.8482,-0.1252],[29.8252,-0.1333],[29.7978,-0.1457],[29.7747,-0.1547],[29.7397,-0.162],[29.7115,-0.1782],[29.7119,-0.1872],[29.8431,-0.1884],[29.8529,-0.1808],[29.8807,-0.1761],[29.8982,-0.1637],[29.9542,-0.162],[30.0102,-0.1248],[30.0397,-0.1085],[30.1004,-0.0769],[30.1315,-0.0688],[30.1486,-0.059],[30.1589,-0.0607],[30.1674,-0.0667],[30.2014,-0.0733],[30.2162,-0.0514],[30.2414,0.0299],[30.2542,0.0568],[30.2597,0.0697],[30.2679,0.0987],[30.2743,0.1218],[30.2746,0.2006],[30.2817,0.2123],[30.2825,0.2119]]]]}},{"type":"Feature","properties":{"name":"Bukonjo"},"geometry":{"type":"MultiPolygon","coordinates":[[[[29.8692,0.3739],[29.8557,0.3224],[29.856,0.3134],[29.8434,0.2527],[29.8251,0.192],[29.8188,0.18],[29.7865,0.1808],[29.7786,0.1753],[29.7477,0.1354],[29.7332,0.1075],[29.7272,0.0922],[29.7209,0.0842],[29.7196,0.059],[29.7222,0.0299],[29.723,0.0261],[29.7286,0.0184],[29.7247,0.0056],[29.7256,-0.0124],[29.732,-0.0145],[29.7418,-0.0338],[29.7286,-0.0773],[29.7115,-0.1782],[29.7397,-0.162],[29.7747,-0.1547],[29.7978,-0.1457],[29.8252,-0.1333],[29.8482,-0.1252],[29.8611,-0.0991],[29.867,-0.0765],[29.8764,-0.0611],[29.8858,-0.0192],[29.8935,-0.0009],[29.917,0.0389],[29.9516,0.0423],[29.9662,0.0402],[29.9794,0.0397],[29.9884,0.0714],[30.0008,0.0953],[30.0055,0.1188],[30.0008,0.1474],[29.9961,0.2068],[29.9786,0.2316],[29.9478,0.256],[29.932,0.276],[29.926,0.2897],[29.9119,0.3064],[29.9089,0.356],[29.8927,0.3735],[29.8692,0.3739]]]]}},{"type":"Feature","properties":{"name":"Kazo"},"geometry":{"type":"MultiPolygon","coordinates":[[[[30.7722,0.23],[30.7481,0.2139],[30.6942,0.213],[30.6748,0.2207],[30.6685,0.2297],[30.6494,0.2281],[30.6406,0.2256],[30.6291,0.2193],[30.6152,0.1931],[30.5893,0.1682],[30.6,0.1573],[30.6058,0.1433],[30.6248,0.1265],[30.63,0.1228],[30.6251,0.1064],[30.6204,0.0966],[30.6399,0.0791],[30.6623,0.063],[30.6761,0.0555],[30.6841,0.0474],[30.6864,0.01],[30.6749,-0.0005],[30.6762,-0.0712],[30.6966,-0.0902],[30.7056,-0.1215],[30.7319,-0.1627],[30.7698,-0.1624],[30.7794,-0.154],[30.7804,-0.1422],[30.8162,-0.0927],[30.8417,-0.0865],[30.861,-0.0859],[30.8759,-0.0927],[30.8871,-0.0915],[30.8983,-0.0859],[30.9241,-0.0828],[30.9297,-0.07],[30.9283,-0.035],[30.9341,-0.034],[30.9458,-0.034],[30.9676,-0.0233],[30.9968,-0.0229],[31.012,-0.0163],[31.0352,0.0122],[31.042,0.0331],[31.0416,0.0676],[31.0372,0.0938],[31.042,0.125],[31.0338,0.1425],[31.0036,0.176],[31.0046,0.2188],[30.9909,0.2107],[30.9435,0.2107],[30.9289,0.2179],[30.9161,0.2205],[30.9041,0.2269],[30.8939,0.2286],[30.8721,0.2214],[30.8118,0.2218],[30.7841,0.2265],[30.7722,0.23]]]]}},{"type":"Feature","properties":{"name":"Nyabushozi"},"geometry":{"type":"MultiPolygon","coordinates":[[[[30.6193,-0.2167],[30.6161,-0.246],[30.6088,-0.264],[30.6098,-0.2825],[30.6045,-0.2971],[30.6142,-0.3116],[30.6579,-0.316],[30.6788,-0.3398],[30.6788,-0.3496],[30.6686,-0.3661],[30.6696,-0.3783],[30.6895,-0.3989],[30.7156,-0.4182],[30.7384,-0.4375],[30.7598,-0.4503],[30.7878,-0.4745],[30.8121,-0.4985],[30.7779,-0.538],[30.7754,-0.5483],[30.7763,-0.5585],[30.7829,-0.5741],[30.7695,-0.5984],[30.8071,-0.6195],[30.8326,-0.631],[30.8401,-0.6469],[30.8675,-0.6895],[30.8893,-0.6895],[30.8937,-0.6885],[30.9058,-0.6858],[30.9154,-0.6873],[30.9344,-0.6995],[30.949,-0.6979],[30.9691,-0.6879],[31.0289,-0.6889],[31.0702,-0.6588],[31.0775,-0.6568],[31.0778,-0.6559],[31.0824,-0.6374],[31.0926,-0.6213],[31.1189,-0.5625],[31.132,-0.5416],[31.1485,-0.5047],[31.1481,-0.4747],[31.148,-0.4692],[31.1437,-0.4546],[31.1334,-0.4361],[31.1139,-0.397],[31.1052,-0.3625],[31.0872,-0.3305],[31.0797,-0.3133],[31.0682,-0.2916],[31.0623,-0.2794],[31.0701,-0.2713],[31.0719,-0.2471],[31.0635,-0.2262],[31.0626,-0.2175],[31.0701,-0.2035],[31.0701,-0.1671],[31.0797,-0.1497],[31.0772,-0.131],[31.0866,-0.1173],[31.0847,-0.0591],[31.073,-0.0382],[31.0679,-0.0289],[31.0579,-0.0274],[31.0231,-0.0261],[31.012,-0.0163],[30.9968,-0.0229],[30.9676,-0.0233],[30.9458,-0.034],[30.9341,-0.034],[30.9283,-0.035],[30.9297,-0.07],[30.9241,-0.0828],[30.8983,-0.0859],[30.8871,-0.0915],[30.8759,-0.0927],[30.861,-0.0859],[30.8417,-0.0865],[30.8162,-0.0927],[30.7804,-0.1422],[30.7794,-0.154],[30.7698,-0.1624],[30.7319,-0.1627],[30.7056,-0.1215],[30.6966,-0.0902],[30.6762,-0.0712],[30.6764,-0.0842],[30.6693,-0.0949],[30.67,-0.1581],[30.6512,-0.1645],[30.6268,-0.1855],[30.6251,-0.2162],[30.6193,-0.2167]]]]}},{"type":"Feature","properties":{"name":"Lwemiyaga"},"geometry":{"type":"MultiPolygon","coordinates":[[[[31.0101,0.2221],[31.0046,0.2188],[31.0036,0.176],[31.0338,0.1425],[31.042,0.125],[31.0372,0.0938],[31.0416,0.0676],[31.042,0.0331],[31.0352,0.0122],[31.012,-0.0163],[31.0231,-0.0261],[31.0579,-0.0274],[31.0679,-0.0289],[31.073,-0.0382],[31.0921,-0.0311],[31.1086,-0.0151],[31.1359,-0.0165],[31.1441,-0.0335],[31.165,-0.0355],[31.1905,-0.0442],[31.1983,-0.0614],[31.2081,-0.0687],[31.2446,-0.0845],[31.2521,-0.0738],[31.26,-0.0585],[31.2596,-0.0466],[31.2692,-0.0143],[31.2751,0.0016],[31.2903,0.0143],[31.2996,0.0189],[31.3134,0.0285],[31.3134,0.0349],[31.3047,0.051],[31.3,0.0669],[31.2947,0.0769],[31.296,0.0909],[31.2882,0.112],[31.2863,0.1285],[31.2801,0.1416],[31.2764,0.1574],[31.2658,0.1822],[31.2595,0.1764],[31.2149,0.1767],[31.1559,0.2363],[31.1542,0.2445],[31.1236,0.2456],[31.1143,0.239],[31.1023,0.2371],[31.0842,0.2223],[31.0101,0.2221]]]]}},{"type":"Feature","properties":{"name":"Mawogola"},"geometry":{"type":"MultiPolygon","coordinates":[[[[31.2658,0.1822],[31.2764,0.1574],[31.2801,0.1416],[31.2863,0.1285],[31.2882,0.112],[31.296,0.0909],[31.2947,0.0769],[31.3,0.0669],[31.3047,0.051],[31.3134,0.0349],[31.3134,0.0285],[31.2996,0.0189],[31.2903,0.0143],[31.2751,0.0016],[31.2692,-0.0143],[31.2596,-0.0466],[31.26,-0.0585],[31.2748,-0.0616],[31.2975,-0.0784],[31.3034,-0.0921],[31.3026,-0.1978],[31.2881,-0.2244],[31.2885,-0.2462],[31.2889,-0.2677],[31.2875,-0.2852],[31.2953,-0.2979],[31.2963,-0.3035],[31.3046,-0.315],[31.3203,-0.3298],[31.3309,-0.3308],[31.3685,-0.3288],[31.3926,-0.3083],[31.4191,-0.2997],[31.4269,-0.3047],[31.4441,-0.3065],[31.5321,-0.3059],[31.5343,-0.3221],[31.5465,-0.3239],[31.5682,-0.318],[31.5754,-0.3239],[31.5835,-0.3171],[31.585,-0.28],[31.5757,-0.2682],[31.572,-0.2573],[31.5667,-0.2471],[31.5608,-0.2324],[31.5502,-0.2172],[31.539,-0.1998],[31.5368,-0.192],[31.5309,-0.1851],[31.5326,-0.1512],[31.5283,-0.044],[31.5215,-0.0362],[31.5199,-0.008],[31.5303,0.0084],[31.5343,0.0115],[31.5483,0.024],[31.5732,0.0367],[31.5916,0.0579],[31.5698,0.0691],[31.5346,0.0974],[31.4895,0.131],[31.4814,0.1322],[31.4721,0.1394],[31.4456,0.1506],[31.4338,0.1518],[31.4245,0.1571],[31.4158,0.1602],[31.4077,0.1715],[31.4071,0.1752],[31.4002,0.1873],[31.3803,0.2063],[31.347,0.206],[31.2948,0.2095],[31.2658,0.1822]]]]}},{"type":"Feature","properties":{"name":"Kagoma"},"geometry":{"type":"MultiPolygon","coordinates":[[[[33.2183,0.6801],[33.1997,0.6807],[33.1835,0.6944],[33.1745,0.6884],[33.1386,0.6875],[33.1382,0.682],[33.136,0.6704],[33.1296,0.6687],[33.1087,0.67],[33.0877,0.6781],[33.0745,0.6615],[33.0681,0.6572],[33.0484,0.6576],[33.0462,0.6634],[33.0325,0.6512],[33.0322,0.6345],[33.0407,0.6257],[33.0421,0.6038],[33.0503,0.582],[33.0511,0.5751],[33.0571,0.5743],[33.0681,0.5551],[33.0788,0.5453],[33.1026,0.5215],[33.111,0.5059],[33.1216,0.4947],[33.1415,0.477],[33.1486,0.4742],[33.1546,0.4655],[33.1608,0.4574],[33.1659,0.4582],[33.1729,0.4593],[33.1842,0.473],[33.1928,0.4835],[33.2258,0.5109],[33.2345,0.5249],[33.2286,0.5557],[33.2392,0.5704],[33.2373,0.575],[33.2199,0.59],[33.2389,0.6226],[33.2432,0.6429],[33.2336,0.6506],[33.2429,0.6623],[33.239,0.6683],[33.2228,0.6739],[33.2183,0.6801]]]]}},{"type":"Feature","properties":{"name":"Butembe"},"geometry":{"type":"MultiPolygon","coordinates":[[[[33.2429,0.6623],[33.2336,0.6506],[33.2432,0.6429],[33.2389,0.6226],[33.2199,0.59],[33.2373,0.575],[33.2392,0.5704],[33.2286,0.5557],[33.2345,0.5249],[33.2258,0.5109],[33.1928,0.4835],[33.1842,0.473],[33.1919,0.4674],[33.2009,0.4677],[33.2177,0.459],[33.2348,0.4593],[33.2588,0.468],[33.2743,0.4748],[33.284,0.4686],[33.2915,0.477],[33.3061,0.4957],[33.321,0.4979],[33.321,0.5209],[33.3263,0.5299],[33.3605,0.5483],[33.3652,0.5504],[33.3633,0.5691],[33.3512,0.5872],[33.3562,0.5984],[33.3557,0.6247],[33.3471,0.635],[33.3343,0.6371],[33.327,0.6431],[33.3215,0.6435],[33.3099,0.6516],[33.2997,0.6542],[33.2899,0.6448],[33.2847,0.6521],[33.2741,0.6542],[33.2672,0.6602],[33.2429,0.6623]]]]}},{"type":"Feature","properties":{"name":"Bunya"},"geometry":{"type":"MultiPolygon","coordinates":[[[[33.6698,-0.0255],[33.6801,-0.0037],[33.6804,0.004],[33.6695,0.004],[33.6537,0.0016],[33.6409,-0.0106],[33.6356,-0.0199],[33.6356,-0.0274],[33.6565,-0.028],[33.6698,-0.0255]]],[[[33.644,0.0149],[33.6533,0.0199],[33.6481,0.0383],[33.6409,0.0299],[33.6294,0.0218],[33.6281,0.0115],[33.644,0.0149]]],[[[33.5712,0.157],[33.5655,0.1584],[33.5599,0.1503],[33.5623,0.1452],[33.5425,0.1412],[33.5418,0.1332],[33.5752,0.1229],[33.5758,0.109],[33.5784,0.1073],[33.5898,0.1157],[33.5875,0.1289],[33.5875,0.1541],[33.581,0.1564],[33.5772,0.1527],[33.5712,0.157]]],[[[33.6061,0.4741],[33.5971,0.4632],[33.5958,0.4512],[33.5822,0.4512],[33.5668,0.4538],[33.5668,0.4705],[33.5501,0.4769],[33.5322,0.4935],[33.5381,0.5],[33.5382,0.5456],[33.5289,0.5552],[33.5168,0.5542],[33.5027,0.5542],[33.4924,0.5448],[33.4911,0.5303],[33.4779,0.5423],[33.4591,0.5555],[33.4223,0.5576],[33.4199,0.5636],[33.4045,0.565],[33.4004,0.5735],[33.3911,0.5888],[33.3875,0.5997],[33.3741,0.603],[33.3711,0.6079],[33.3651,0.6247],[33.3557,0.6247],[33.3562,0.5984],[33.3512,0.5872],[33.3633,0.5691],[33.3652,0.5504],[33.3605,0.5483],[33.3263,0.5299],[33.321,0.5209],[33.321,0.4979],[33.3061,0.4957],[33.2915,0.477],[33.284,0.4686],[33.2743,0.4748],[33.2588,0.468],[33.2348,0.4593],[33.2177,0.459],[33.2009,0.4677],[33.1919,0.4674],[33.1842,0.473],[33.1729,0.4593],[33.1659,0.4582],[33.1994,0.4176],[33.2025,0.4064],[33.2174,0.3974],[33.2239,0.3908],[33.2513,0.3877],[33.2656,0.3821],[33.27,0.3721],[33.2712,0.371],[33.2902,0.3525],[33.3048,0.341],[33.3263,0.3305],[33.3612,0.318],[33.3687,0.3144],[33.3783,0.3099],[33.381,0.3099],[33.4246,0.3102],[33.4345,0.3192],[33.4281,0.329],[33.4343,0.3344],[33.4355,0.3447],[33.451,0.3612],[33.4612,0.365],[33.4641,0.3707],[33.493,0.3575],[33.4739,0.3553],[33.4643,0.3499],[33.449,0.3366],[33.4544,0.3212],[33.4632,0.3103],[33.4948,0.29],[33.4345,0.2933],[33.4026,0.2872],[33.4024,0.2836],[33.4132,0.275],[33.4195,0.2633],[33.4283,0.2543],[33.4233,0.2384],[33.4275,0.222],[33.4458,0.2121],[33.454,0.2107],[33.4691,0.1912],[33.4755,0.1794],[33.4849,0.1766],[33.4976,0.186],[33.5127,0.1824],[33.5153,0.1689],[33.5279,0.1661],[33.5518,0.1663],[33.5717,0.1691],[33.5798,0.1866],[33.5946,0.1976],[33.6012,0.2069],[33.627,0.2151],[33.6288,0.2222],[33.6231,0.2511],[33.6268,0.2609],[33.6231,0.2754],[33.6263,0.2945],[33.6159,0.3121],[33.6358,0.3125],[33.642,0.3059],[33.6744,0.3029],[33.6772,0.3105],[33.6818,0.317],[33.6867,0.3569],[33.6927,0.3782],[33.696,0.4091],[33.6793,0.4255],[33.6615,0.4212],[33.6386,0.4389],[33.6178,0.4668],[33.6061,0.4741]]]]}},{"type":"Feature","properties":{"name":"Bunyaruguru"},"geometry":{"type":"MultiPolygon","coordinates":[[[[29.7119,-0.1872],[29.6829,-0.318],[29.7349,-0.3277],[29.775,-0.3454],[29.7915,-0.3463],[29.8214,-0.3575],[29.8497,-0.365],[29.8696,-0.3731],[29.8721,-0.3902],[29.8876,-0.4104],[29.8914,-0.4247],[29.9318,-0.4257],[29.9321,-0.4249],[29.9428,-0.3904],[29.9598,-0.3729],[29.9802,-0.3471],[29.9996,-0.3292],[30.0303,-0.3029],[30.0361,-0.2995],[30.0677,-0.2732],[30.0876,-0.2538],[30.1066,-0.2241],[30.1168,-0.2241],[30.1358,-0.2324],[30.144,-0.2324],[30.1586,-0.2407],[30.1776,-0.2582],[30.1912,-0.2674],[30.2097,-0.264],[30.2325,-0.2305],[30.2281,-0.213],[30.2155,-0.1925],[30.2165,-0.1755],[30.2014,-0.1634],[30.2063,-0.141],[30.2004,-0.1215],[30.2053,-0.1099],[30.206,-0.081],[30.2014,-0.0733],[30.1674,-0.0667],[30.1589,-0.0607],[30.1486,-0.059],[30.1315,-0.0688],[30.1004,-0.0769],[30.0397,-0.1085],[30.0102,-0.1248],[29.9542,-0.162],[29.8982,-0.1637],[29.8807,-0.1761],[29.8529,-0.1808],[29.8431,-0.1884],[29.7119,-0.1872]]]]}},{"type":"Feature","properties":{"name":"Buhweju"},"geometry":{"type":"MultiPolygon","coordinates":[[[[30.206,-0.081],[30.2053,-0.1099],[30.2004,-0.1215],[30.2063,-0.141],[30.2014,-0.1634],[30.2165,-0.1755],[30.2155,-0.1925],[30.2281,-0.213],[30.2325,-0.2305],[30.2097,-0.264],[30.1912,-0.2674],[30.1913,-0.3074],[30.2004,-0.3115],[30.2249,-0.3292],[30.2346,-0.3277],[30.2427,-0.3385],[30.2508,-0.3572],[30.2505,-0.3734],[30.2224,-0.3955],[30.2511,-0.4101],[30.2968,-0.4114],[30.3227,-0.432],[30.3261,-0.4347],[30.3749,-0.4322],[30.3979,-0.4179],[30.4611,-0.4176],[30.4963,-0.3721],[30.5028,-0.3429],[30.4985,-0.3311],[30.4929,-0.3025],[30.4869,-0.2934],[30.4857,-0.2614],[30.5026,-0.244],[30.489,-0.2373],[30.4697,-0.2485],[30.4529,-0.2545],[30.4515,-0.2643],[30.4422,-0.2753],[30.4111,-0.275],[30.4085,-0.2527],[30.3994,-0.2426],[30.3762,-0.227],[30.3622,-0.1991],[30.3491,-0.1846],[30.3425,-0.1824],[30.3217,-0.1753],[30.3152,-0.1742],[30.2996,-0.1805],[30.2845,-0.1813],[30.278,-0.1671],[30.2698,-0.1512],[30.2665,-0.1362],[30.2594,-0.128],[30.2536,-0.1111],[30.2523,-0.111],[30.2318,-0.1105],[30.2063,-0.0815],[30.206,-0.081]]]]}},{"type":"Feature","properties":{"name":"Sheema"},"geometry":{"type":"MultiPolygon","coordinates":[[[[30.3227,-0.432],[30.3055,-0.4524],[30.3139,-0.4621],[30.313,-0.5112],[30.3058,-0.5227],[30.3139,-0.5311],[30.3068,-0.5585],[30.2978,-0.5952],[30.2816,-0.608],[30.2533,-0.608],[30.2414,-0.6005],[30.229,-0.6015],[30.2119,-0.6089],[30.2032,-0.6096],[30.1733,-0.6345],[30.1462,-0.6323],[30.1363,-0.6282],[30.1356,-0.6279],[30.0914,-0.6326],[30.0812,-0.6444],[30.0927,-0.6677],[30.1154,-0.6705],[30.131,-0.6808],[30.1583,-0.7029],[30.1814,-0.7079],[30.2021,-0.7378],[30.2207,-0.7521],[30.2322,-0.7418],[30.2515,-0.7498],[30.2723,-0.7493],[30.2814,-0.7492],[30.3079,-0.7338],[30.3133,-0.7332],[30.321,-0.7273],[30.328,-0.7253],[30.3396,-0.7153],[30.3591,-0.6889],[30.4014,-0.6463],[30.4113,-0.6466],[30.435,-0.6167],[30.4353,-0.6113],[30.4365,-0.5915],[30.4542,-0.5708],[30.4552,-0.5577],[30.4445,-0.5513],[30.4533,-0.5372],[30.4542,-0.5158],[30.4625,-0.5032],[30.463,-0.4891],[30.4708,-0.4779],[30.4712,-0.4342],[30.4611,-0.4176],[30.3979,-0.4179],[30.3749,-0.4322],[30.3261,-0.4347],[30.3227,-0.432]]]]}},{"type":"Feature","properties":{"name":"Igara"},"geometry":{"type":"MultiPolygon","coordinates":[[[[29.9321,-0.4249],[29.939,-0.4328],[29.9667,-0.3981],[29.9819,-0.4118],[30.0037,-0.4319],[30.0288,-0.4507],[30.0439,-0.4541],[30.0658,-0.4755],[30.0672,-0.4867],[30.0497,-0.4988],[30.0526,-0.547],[30.0799,-0.5586],[30.0964,-0.5708],[30.1076,-0.5834],[30.1154,-0.5766],[30.126,-0.5756],[30.1343,-0.5839],[30.1401,-0.598],[30.1363,-0.6282],[30.1462,-0.6323],[30.1733,-0.6345],[30.2032,-0.6096],[30.2119,-0.6089],[30.229,-0.6015],[30.2414,-0.6005],[30.2533,-0.608],[30.2816,-0.608],[30.2978,-0.5952],[30.3068,-0.5585],[30.3139,-0.5311],[30.3058,-0.5227],[30.313,-0.5112],[30.3139,-0.4621],[30.3055,-0.4524],[30.3227,-0.432],[30.2968,-0.4114],[30.2511,-0.4101],[30.2224,-0.3955],[30.2505,-0.3734],[30.2508,-0.3572],[30.2427,-0.3385],[30.2346,-0.3277],[30.2249,-0.3292],[30.2004,-0.3115],[30.1913,-0.3074],[30.1912,-0.2674],[30.1776,-0.2582],[30.1586,-0.2407],[30.144,-0.2324],[30.1358,-0.2324],[30.1168,-0.2241],[30.1066,-0.2241],[30.0876,-0.2538],[30.0677,-0.2732],[30.0361,-0.2995],[30.0303,-0.3029],[29.9996,-0.3292],[29.9802,-0.3471],[29.9598,-0.3729],[29.9428,-0.3904],[29.9321,-0.4249]]]]}},{"type":"Feature","properties":{"name":"Ruhinda"},"geometry":{"type":"MultiPolygon","coordinates":[[[[30.1363,-0.6282],[30.1401,-0.598],[30.1343,-0.5839],[30.126,-0.5756],[30.1154,-0.5766],[30.1076,-0.5834],[30.0964,-0.5708],[30.0799,-0.5586],[30.0526,-0.547],[30.0497,-0.4988],[30.0672,-0.4867],[30.0658,-0.4755],[30.0439,-0.4541],[30.0288,-0.4507],[30.0037,-0.4319],[29.9819,-0.4118],[29.9667,-0.3981],[29.939,-0.4328],[29.9371,-0.4489],[29.9458,-0.465],[29.9437,-0.4823],[29.9316,-0.5008],[29.9398,-0.5149],[29.9359,-0.5256],[29.9301,-0.5338],[29.9267,-0.562],[29.9043,-0.5645],[29.8985,-0.5752],[29.898,-0.5965],[29.9121,-0.6077],[29.9306,-0.6335],[29.9549,-0.6364],[29.969,-0.6491],[29.9802,-0.6666],[29.9865,-0.6797],[29.9928,-0.7045],[30.0137,-0.722],[30.0273,-0.7244],[30.0351,-0.7259],[30.0609,-0.7497],[30.1124,-0.7468],[30.128,-0.7385],[30.1324,-0.7366],[30.1397,-0.7205],[30.1583,-0.7029],[30.131,-0.6808],[30.1154,-0.6705],[30.0927,-0.6677],[30.0812,-0.6444],[30.0914,-0.6326],[30.1356,-0.6279],[30.1363,-0.6282]]]]}},{"type":"Feature","properties":{"name":"Kashari"},"geometry":{"type":"MultiPolygon","coordinates":[[[[30.5026,-0.244],[30.4857,-0.2614],[30.4869,-0.2934],[30.4929,-0.3025],[30.4985,-0.3311],[30.5028,-0.3429],[30.4963,-0.3721],[30.4611,-0.4176],[30.4712,-0.4342],[30.4708,-0.4779],[30.463,-0.4891],[30.4625,-0.5032],[30.4542,-0.5158],[30.4533,-0.5372],[30.4445,-0.5513],[30.4552,-0.5577],[30.4542,-0.5708],[30.4365,-0.5915],[30.4353,-0.6113],[30.4523,-0.6092],[30.4575,-0.6066],[30.4672,-0.603],[30.4823,-0.5924],[30.5027,-0.5934],[30.5156,-0.6002],[30.5339,-0.6006],[30.5558,-0.5899],[30.5652,-0.5928],[30.5893,-0.603],[30.6016,-0.6094],[30.6198,-0.6134],[30.6395,-0.6179],[30.6494,-0.6114],[30.6656,-0.6032],[30.6773,-0.603],[30.696,-0.6126],[30.7034,-0.6114],[30.7187,-0.602],[30.7311,-0.6014],[30.7377,-0.5962],[30.7695,-0.5984],[30.7829,-0.5741],[30.7763,-0.5585],[30.7754,-0.5483],[30.7779,-0.538],[30.8121,-0.4985],[30.7878,-0.4745],[30.7598,-0.4503],[30.7384,-0.4375],[30.7156,-0.4182],[30.6895,-0.3989],[30.6696,-0.3783],[30.6686,-0.3661],[30.6788,-0.3496],[30.6788,-0.3398],[30.6579,-0.316],[30.6142,-0.3116],[30.6045,-0.2971],[30.6098,-0.2825],[30.6088,-0.264],[30.6161,-0.246],[30.6193,-0.2167],[30.5952,-0.2188],[30.5738,-0.2261],[30.5597,-0.2286],[30.5469,-0.2337],[30.5268,-0.2355],[30.5159,-0.2429],[30.5026,-0.244]]]]}},{"type":"Feature","properties":{"name":"Rwampara"},"geometry":{"type":"MultiPolygon","coordinates":[[[[30.2723,-0.7493],[30.2704,-0.7682],[30.2464,-0.7888],[30.2786,-0.8039],[30.3103,-0.8073],[30.3254,-0.8129],[30.3475,-0.8125],[30.3662,-0.8095],[30.3762,-0.8159],[30.4003,-0.8031],[30.4118,-0.7954],[30.4284,-0.7954],[30.4365,-0.7987],[30.4467,-0.8117],[30.4594,-0.8111],[30.4819,-0.8216],[30.4925,-0.8286],[30.5039,-0.8284],[30.516,-0.8115],[30.522,-0.8191],[30.5373,-0.8191],[30.5562,-0.8169],[30.561,-0.8099],[30.5686,-0.8047],[30.5755,-0.8053],[30.5873,-0.8021],[30.5945,-0.8001],[30.6016,-0.7934],[30.605,-0.7864],[30.6261,-0.7553],[30.6357,-0.7366],[30.6468,-0.7257],[30.646,-0.7151],[30.6373,-0.699],[30.6363,-0.6848],[30.6439,-0.6578],[30.6435,-0.6436],[30.6365,-0.6287],[30.6395,-0.6179],[30.6198,-0.6134],[30.6016,-0.6094],[30.5893,-0.603],[30.5652,-0.5928],[30.5558,-0.5899],[30.5339,-0.6006],[30.5156,-0.6002],[30.5027,-0.5934],[30.4823,-0.5924],[30.4672,-0.603],[30.4575,-0.6066],[30.4523,-0.6092],[30.4353,-0.6113],[30.435,-0.6167],[30.4113,-0.6466],[30.4014,-0.6463],[30.3591,-0.6889],[30.3396,-0.7153],[30.328,-0.7253],[30.321,-0.7273],[30.3133,-0.7332],[30.3079,-0.7338],[30.2814,-0.7492],[30.2723,-0.7493]]]]}},{"type":"Feature","properties":{"name":"Bujumbura"},"geometry":{"type":"MultiPolygon","coordinates":[[[[29.7349,-0.3277],[29.6831,-0.318],[29.6754,-0.3519],[29.6586,-0.3992],[29.6608,-0.4303],[29.6651,-0.4344],[29.6658,-0.435],[29.6885,-0.4232],[29.7025,-0.4266],[29.7131,-0.4394],[29.7134,-0.4994],[29.7053,-0.5109],[29.705,-0.5623],[29.7118,-0.5763],[29.7149,-0.5865],[29.7358,-0.6074],[29.7775,-0.6105],[29.7809,-0.6189],[29.766,-0.6363],[29.7825,-0.6634],[29.7843,-0.7116],[29.8095,-0.7605],[29.8027,-0.7748],[29.8139,-0.7922],[29.8158,-0.8134],[29.8242,-0.8376],[29.8559,-0.8625],[29.8562,-0.8628],[29.8659,-0.8634],[29.8973,-0.8616],[29.9041,-0.8547],[29.9082,-0.8429],[29.9231,-0.8249],[29.9436,-0.8121],[29.9492,-0.8115],[29.9586,-0.7966],[29.9751,-0.776],[29.9822,-0.7757],[30.0021,-0.7885],[29.9997,-0.767],[30.0124,-0.7561],[30.0174,-0.7539],[30.0202,-0.7462],[30.0273,-0.7244],[30.0137,-0.722],[29.9928,-0.7045],[29.9865,-0.6797],[29.9802,-0.6666],[29.969,-0.6491],[29.9549,-0.6364],[29.9306,-0.6335],[29.9121,-0.6077],[29.898,-0.5965],[29.8985,-0.5752],[29.9043,-0.5645],[29.9267,-0.562],[29.9301,-0.5338],[29.9359,-0.5256],[29.9398,-0.5149],[29.9316,-0.5008],[29.9437,-0.4823],[29.9458,-0.465],[29.9371,-0.4489],[29.939,-0.4328],[29.9321,-0.4249],[29.9318,-0.4257],[29.8914,-0.4247],[29.8876,-0.4104],[29.8721,-0.3902],[29.8696,-0.3731],[29.8497,-0.365],[29.8214,-0.3575],[29.7915,-0.3463],[29.775,-0.3454],[29.7349,-0.3277]]]]}},{"type":"Feature","properties":{"name":"Rubabo"},"geometry":{"type":"MultiPolygon","coordinates":[[[[30.0273,-0.7244],[30.0202,-0.7462],[30.0174,-0.7539],[30.0124,-0.7561],[29.9997,-0.767],[30.0021,-0.7885],[29.9822,-0.7757],[29.9751,-0.776],[29.9586,-0.7966],[29.9492,-0.8115],[29.9436,-0.8121],[29.9231,-0.8249],[29.9082,-0.8429],[29.9041,-0.8547],[29.8973,-0.8616],[29.8659,-0.8634],[29.8562,-0.8628],[29.8559,-0.8625],[29.846,-0.8868],[29.8314,-0.915],[29.8338,-0.9189],[29.8577,-0.965],[29.8781,-0.9932],[29.8993,-1.0291],[29.9041,-1.0374],[29.9178,-1.0511],[29.9305,-1.0502],[29.9368,-1.0498],[29.9443,-1.0386],[29.9468,-1.0175],[29.9679,-1.0153],[29.9869,-1.0203],[30.0227,-1.0212],[30.0354,-1.0349],[30.0438,-1.0349],[30.0466,-1.0349],[30.051,-1.0196],[30.0631,-0.9966],[30.0815,-0.9776],[30.0802,-0.9244],[30.0482,-0.898],[30.0305,-0.8799],[30.0522,-0.8644],[30.0575,-0.8261],[30.0625,-0.814],[30.0625,-0.805],[30.0706,-0.7919],[30.0709,-0.7686],[30.0609,-0.7497],[30.0351,-0.7259],[30.0273,-0.7244]]]]}},{"type":"Feature","properties":{"name":"Kinkiizi"},"geometry":{"type":"MultiPolygon","coordinates":[[[[29.6651,-0.4344],[29.6515,-0.439],[29.6598,-0.4453],[29.67,-0.4663],[29.6723,-0.5274],[29.6714,-0.5389],[29.6614,-0.5523],[29.6686,-0.5735],[29.6558,-0.5878],[29.6524,-0.5993],[29.6586,-0.6183],[29.654,-0.6261],[29.6533,-0.6354],[29.6555,-0.6513],[29.6449,-0.6677],[29.6396,-0.6796],[29.6294,-0.7256],[29.6371,-0.7399],[29.6287,-0.7505],[29.6291,-0.7745],[29.6353,-0.7972],[29.6359,-0.8065],[29.6403,-0.8255],[29.6368,-0.8379],[29.6284,-0.8516],[29.6275,-0.8737],[29.6197,-0.8958],[29.6007,-0.8967],[29.5908,-0.9048],[29.5843,-0.9132],[29.5917,-0.9269],[29.5967,-0.9646],[29.5867,-0.9832],[29.5871,-0.9994],[29.5992,-1.0147],[29.6154,-1.0221],[29.6375,-1.0358],[29.6627,-1.0417],[29.6938,-1.0461],[29.7168,-1.0535],[29.7513,-1.0688],[29.7582,-1.0663],[29.7672,-1.0548],[29.7675,-1.0464],[29.7582,-1.0277],[29.7688,-1.0193],[29.7856,-1.0131],[29.8064,-1.0203],[29.8217,-1.0218],[29.8301,-1.0274],[29.8481,-1.0423],[29.8743,-1.0588],[29.8817,-1.0542],[29.8993,-1.0291],[29.8781,-0.9932],[29.8577,-0.965],[29.8338,-0.9189],[29.8314,-0.915],[29.846,-0.8868],[29.8559,-0.8625],[29.8242,-0.8376],[29.8158,-0.8134],[29.8139,-0.7922],[29.8027,-0.7748],[29.8095,-0.7605],[29.7843,-0.7116],[29.7825,-0.6634],[29.766,-0.6363],[29.7809,-0.6189],[29.7775,-0.6105],[29.7358,-0.6074],[29.7149,-0.5865],[29.7118,-0.5763],[29.705,-0.5623],[29.7053,-0.5109],[29.7134,-0.4994],[29.7131,-0.4394],[29.7025,-0.4266],[29.6885,-0.4232],[29.6658,-0.435],[29.6651,-0.4344]]]]}},{"type":"Feature","properties":{"name":"Bufumbira"},"geometry":{"type":"MultiPolygon","coordinates":[[[[29.5992,-1.0147],[29.5877,-1.0003],[29.5793,-1.0072],[29.5793,-1.0171],[29.5843,-1.0364],[29.5864,-1.0629],[29.5752,-1.0918],[29.573,-1.1662],[29.5684,-1.1786],[29.5749,-1.1939],[29.5908,-1.2128],[29.5942,-1.2393],[29.5961,-1.2785],[29.6076,-1.3307],[29.5976,-1.3488],[29.5961,-1.388],[29.6356,-1.3892],[29.6795,-1.3861],[29.6885,-1.3715],[29.7268,-1.3377],[29.7348,-1.3373],[29.7445,-1.3409],[29.7682,-1.3561],[29.7863,-1.3584],[29.7951,-1.3541],[29.8102,-1.3349],[29.8194,-1.3268],[29.8254,-1.3071],[29.8145,-1.2887],[29.8098,-1.2726],[29.8027,-1.2551],[29.789,-1.2374],[29.7781,-1.219],[29.7762,-1.1979],[29.7909,-1.1771],[29.7722,-1.1599],[29.7501,-1.1363],[29.7433,-1.1217],[29.7324,-1.1027],[29.756,-1.0871],[29.7513,-1.0688],[29.7168,-1.0535],[29.6938,-1.0461],[29.6627,-1.0417],[29.6375,-1.0358],[29.6154,-1.0221],[29.5992,-1.0147]]]]}},{"type":"Feature","properties":{"name":"Rubanda"},"geometry":{"type":"MultiPolygon","coordinates":[[[[29.8993,-1.0291],[29.8817,-1.0542],[29.8743,-1.0588],[29.8481,-1.0423],[29.8301,-1.0274],[29.8217,-1.0218],[29.8064,-1.0203],[29.7856,-1.0131],[29.7688,-1.0193],[29.7582,-1.0277],[29.7675,-1.0464],[29.7672,-1.0548],[29.7582,-1.0663],[29.7513,-1.0688],[29.756,-1.0871],[29.7324,-1.1027],[29.7433,-1.1217],[29.7501,-1.1363],[29.7722,-1.1599],[29.7909,-1.1771],[29.7762,-1.1979],[29.7781,-1.219],[29.789,-1.2374],[29.8027,-1.2551],[29.8098,-1.2726],[29.8145,-1.2887],[29.8254,-1.3071],[29.8233,-1.3141],[29.8368,-1.3238],[29.8416,-1.333],[29.8577,-1.3457],[29.8742,-1.3695],[29.8825,-1.386],[29.8873,-1.403],[29.8941,-1.42],[29.9019,-1.4322],[29.9165,-1.422],[29.9172,-1.3709],[29.9091,-1.3581],[29.9088,-1.3513],[29.9166,-1.3454],[29.9166,-1.3385],[29.9088,-1.3226],[29.9119,-1.2996],[29.9197,-1.2847],[29.9349,-1.2673],[29.9424,-1.262],[29.9505,-1.257],[29.9604,-1.2453],[29.9611,-1.2446],[29.9645,-1.2321],[29.9707,-1.2166],[29.9713,-1.2097],[29.9754,-1.1995],[29.9885,-1.1848],[30.0202,-1.1842],[30.0205,-1.1721],[30.0099,-1.1631],[29.9947,-1.1621],[29.9766,-1.1512],[29.9853,-1.1363],[29.9822,-1.1142],[29.9766,-1.1105],[29.9713,-1.1167],[29.962,-1.1148],[29.9555,-1.0977],[29.9349,-1.0747],[29.9305,-1.0502],[29.9178,-1.0511],[29.9041,-1.0374],[29.8993,-1.0291]]]]}},{"type":"Feature","properties":{"name":"Rukiga"},"geometry":{"type":"MultiPolygon","coordinates":[[[[29.9305,-1.0502],[29.9349,-1.0747],[29.9555,-1.0977],[29.962,-1.1148],[29.9713,-1.1167],[29.9766,-1.1105],[29.9822,-1.1142],[29.9853,-1.1363],[29.9766,-1.1512],[29.9947,-1.1621],[30.0099,-1.1631],[30.0205,-1.1721],[30.0202,-1.1842],[29.9885,-1.1848],[29.9754,-1.1995],[29.9713,-1.2097],[29.9707,-1.2166],[29.9645,-1.2321],[29.9611,-1.2446],[29.9604,-1.2453],[29.9741,-1.2508],[29.9797,-1.2548],[29.9937,-1.2551],[30.0031,-1.2523],[30.0077,-1.2274],[30.0087,-1.2004],[30.0252,-1.196],[30.0507,-1.1973],[30.0659,-1.2013],[30.0969,-1.2052],[30.1076,-1.2193],[30.1372,-1.2426],[30.1465,-1.2169],[30.1572,-1.2275],[30.1586,-1.2499],[30.1849,-1.2693],[30.186,-1.2693],[30.2029,-1.2689],[30.2165,-1.2601],[30.2311,-1.246],[30.2622,-1.2275],[30.2753,-1.2115],[30.3011,-1.1721],[30.302,-1.1532],[30.2476,-1.1527],[30.2087,-1.1857],[30.1786,-1.1839],[30.1736,-1.1506],[30.1149,-1.1518],[30.1048,-1.1458],[30.087,-1.1321],[30.0829,-1.1147],[30.0769,-1.1004],[30.0719,-1.0875],[30.0637,-1.0703],[30.0456,-1.0556],[30.0438,-1.0349],[30.0354,-1.0349],[30.0227,-1.0212],[29.9869,-1.0203],[29.9679,-1.0153],[29.9468,-1.0175],[29.9443,-1.0386],[29.9368,-1.0498],[29.9305,-1.0502]]]]}},{"type":"Feature","properties":{"name":"Ndorwa"},"geometry":{"type":"MultiPolygon","coordinates":[[[[29.9019,-1.4322],[29.9013,-1.4527],[29.9175,-1.4723],[29.9272,-1.4732],[29.9387,-1.467],[29.952,-1.4664],[29.9698,-1.4601],[29.9881,-1.4514],[30.0087,-1.4328],[30.0146,-1.4219],[30.0364,-1.4237],[30.0507,-1.4297],[30.056,-1.4269],[30.0578,-1.4209],[30.0778,-1.3889],[30.0883,-1.3877],[30.1017,-1.3827],[30.1126,-1.3877],[30.1282,-1.3867],[30.1338,-1.3811],[30.1366,-1.364],[30.1425,-1.3572],[30.1543,-1.3519],[30.1621,-1.3413],[30.164,-1.3298],[30.1702,-1.3164],[30.1748,-1.2828],[30.186,-1.2693],[30.1849,-1.2693],[30.1586,-1.2499],[30.1572,-1.2275],[30.1465,-1.2169],[30.1372,-1.2426],[30.1076,-1.2193],[30.0969,-1.2052],[30.0659,-1.2013],[30.0507,-1.1973],[30.0252,-1.196],[30.0087,-1.2004],[30.0077,-1.2274],[30.0031,-1.2523],[29.9937,-1.2551],[29.9797,-1.2548],[29.9741,-1.2508],[29.9604,-1.2453],[29.9505,-1.257],[29.9424,-1.262],[29.9349,-1.2673],[29.9197,-1.2847],[29.9119,-1.2996],[29.9088,-1.3226],[29.9166,-1.3385],[29.9166,-1.3454],[29.9088,-1.3513],[29.9091,-1.3581],[29.9172,-1.3709],[29.9165,-1.422],[29.9019,-1.4322]]]]}},{"type":"Feature","properties":{"name":"Rushenyi"},"geometry":{"type":"MultiPolygon","coordinates":[[[[30.302,-1.1532],[30.302,-1.1542],[30.3268,-1.142],[30.338,-1.1342],[30.3443,-1.1216],[30.3497,-1.1177],[30.3448,-1.1094],[30.3448,-1.0987],[30.3623,-1.0569],[30.3478,-1.0487],[30.3254,-1.0487],[30.3045,-1.0467],[30.2938,-1.0419],[30.2802,-1.0326],[30.27,-1.0282],[30.2602,-1.0326],[30.2491,-1.0487],[30.2403,-1.0584],[30.2301,-1.0657],[30.197,-1.0666],[30.1844,-1.0628],[30.1659,-1.0657],[30.147,-1.0647],[30.1285,-1.0647],[30.1168,-1.0603],[30.1066,-1.072],[30.0944,-1.0798],[30.0862,-1.0807],[30.0719,-1.0875],[30.0769,-1.1004],[30.0829,-1.1147],[30.087,-1.1321],[30.1048,-1.1458],[30.1149,-1.1518],[30.1736,-1.1506],[30.1786,-1.1839],[30.2087,-1.1857],[30.2476,-1.1527],[30.302,-1.1532]]]]}},{"type":"Feature","properties":{"name":"Kajara"},"geometry":{"type":"MultiPolygon","coordinates":[[[[30.1583,-0.7029],[30.1397,-0.7205],[30.1324,-0.7366],[30.1124,-0.7468],[30.0609,-0.7497],[30.0709,-0.7686],[30.0706,-0.7919],[30.0625,-0.805],[30.0625,-0.814],[30.0575,-0.8261],[30.0522,-0.8644],[30.0305,-0.8799],[30.0482,-0.898],[30.0802,-0.9244],[30.0815,-0.9776],[30.0631,-0.9966],[30.051,-1.0196],[30.0466,-1.0349],[30.0438,-1.0349],[30.0456,-1.0556],[30.0637,-1.0703],[30.0719,-1.0875],[30.0862,-1.0807],[30.0944,-1.0798],[30.1066,-1.072],[30.1168,-1.0603],[30.1285,-1.0647],[30.147,-1.0647],[30.1659,-1.0657],[30.1844,-1.0628],[30.197,-1.0666],[30.2301,-1.0657],[30.2403,-1.0584],[30.2491,-1.0487],[30.2602,-1.0326],[30.27,-1.0282],[30.2621,-1.0086],[30.2549,-0.9965],[30.2541,-0.9688],[30.2306,-0.9662],[30.2207,-0.9477],[30.2193,-0.9014],[30.2274,-0.8846],[30.2256,-0.8345],[30.2196,-0.8171],[30.2196,-0.8071],[30.2287,-0.7956],[30.2284,-0.767],[30.2207,-0.7521],[30.2021,-0.7378],[30.1814,-0.7079],[30.1583,-0.7029]]]]}},{"type":"Feature","properties":{"name":"Ruhaama"},"geometry":{"type":"MultiPolygon","coordinates":[[[[30.2207,-0.7521],[30.2284,-0.767],[30.2287,-0.7956],[30.2196,-0.8071],[30.2196,-0.8171],[30.2256,-0.8345],[30.2274,-0.8846],[30.2193,-0.9014],[30.2207,-0.9477],[30.2306,-0.9662],[30.2541,-0.9688],[30.2549,-0.9965],[30.2621,-1.0086],[30.27,-1.0282],[30.2802,-1.0326],[30.2938,-1.0419],[30.3045,-1.0467],[30.3254,-1.0487],[30.3478,-1.0487],[30.3623,-1.0569],[30.3617,-1.0587],[30.3671,-1.0647],[30.3774,-1.0598],[30.3833,-1.0638],[30.4051,-1.0635],[30.4294,-1.061],[30.4521,-1.0461],[30.4717,-1.0483],[30.4851,-1.0318],[30.4994,-1.0031],[30.4994,-0.9714],[30.5087,-0.9573],[30.534,-0.9388],[30.5495,-0.9111],[30.5612,-0.9057],[30.5704,-0.8936],[30.5763,-0.8829],[30.5923,-0.8824],[30.5899,-0.844],[30.5782,-0.8318],[30.5772,-0.8226],[30.5873,-0.8021],[30.5755,-0.8053],[30.5686,-0.8047],[30.561,-0.8099],[30.5562,-0.8169],[30.5373,-0.8191],[30.522,-0.8191],[30.516,-0.8115],[30.5039,-0.8284],[30.4925,-0.8286],[30.4819,-0.8216],[30.4594,-0.8111],[30.4467,-0.8117],[30.4365,-0.7987],[30.4284,-0.7954],[30.4118,-0.7954],[30.4003,-0.8031],[30.3762,-0.8159],[30.3662,-0.8095],[30.3475,-0.8125],[30.3254,-0.8129],[30.3103,-0.8073],[30.2786,-0.8039],[30.2464,-0.7888],[30.2704,-0.7682],[30.2723,-0.7493],[30.2515,-0.7498],[30.2322,-0.7418],[30.2207,-0.7521]]]]}},{"type":"Feature","properties":{"name":"Isingiro"},"geometry":{"type":"MultiPolygon","coordinates":[[[[30.7695,-0.5984],[30.7377,-0.5962],[30.7311,-0.6014],[30.7187,-0.602],[30.7034,-0.6114],[30.696,-0.6126],[30.6773,-0.603],[30.6656,-0.6032],[30.6494,-0.6114],[30.6395,-0.6179],[30.6365,-0.6287],[30.6435,-0.6436],[30.6439,-0.6578],[30.6363,-0.6848],[30.6373,-0.699],[30.646,-0.7151],[30.6468,-0.7257],[30.6357,-0.7366],[30.6261,-0.7553],[30.605,-0.7864],[30.6016,-0.7934],[30.5945,-0.8001],[30.5873,-0.8021],[30.5772,-0.8226],[30.5782,-0.8318],[30.5899,-0.844],[30.5923,-0.8824],[30.5763,-0.8829],[30.5704,-0.8936],[30.5612,-0.9057],[30.5495,-0.9111],[30.534,-0.9388],[30.5087,-0.9573],[30.4994,-0.9714],[30.4994,-1.0031],[30.4851,-1.0318],[30.4717,-1.0483],[30.4758,-1.0592],[30.5258,-1.0759],[30.5479,-1.0719],[30.5607,-1.0657],[30.5887,-1.0644],[30.6133,-1.0663],[30.6466,-1.0657],[30.6631,-1.0604],[30.6746,-1.0455],[30.6948,-1.0299],[30.7076,-1.0227],[30.7197,-1.0193],[30.7315,-1.0122],[30.7489,-0.9969],[30.7654,-0.9879],[30.753,-0.9699],[30.7513,-0.9088],[30.76,-0.8903],[30.7677,-0.8569],[30.7787,-0.8467],[30.7773,-0.8115],[30.8008,-0.7946],[30.8097,-0.7938],[30.8283,-0.8031],[30.839,-0.8031],[30.8498,-0.793],[30.8555,-0.7914],[30.8641,-0.7778],[30.881,-0.7593],[30.8962,-0.751],[30.8892,-0.7346],[30.8937,-0.6885],[30.8893,-0.6895],[30.8675,-0.6895],[30.8401,-0.6469],[30.8326,-0.631],[30.8071,-0.6195],[30.7695,-0.5984]]]]}},{"type":"Feature","properties":{"name":"Bukanga"},"geometry":{"type":"MultiPolygon","coordinates":[[[[30.8937,-0.6885],[30.8892,-0.7346],[30.8962,-0.751],[30.881,-0.7593],[30.8641,-0.7778],[30.8555,-0.7914],[30.8498,-0.793],[30.839,-0.8031],[30.8283,-0.8031],[30.8097,-0.7938],[30.8008,-0.7946],[30.7773,-0.8115],[30.7787,-0.8467],[30.7677,-0.8569],[30.76,-0.8903],[30.7513,-0.9088],[30.753,-0.9699],[30.7654,-0.9879],[30.7715,-0.9855],[30.7966,-0.9963],[30.8068,-1.0046],[30.8137,-1.0032],[31.1749,-0.9994],[31.2689,-0.9963],[31.2484,-0.9649],[31.2447,-0.9174],[31.215,-0.8959],[31.188,-0.8715],[31.1889,-0.8544],[31.2098,-0.8292],[31.1945,-0.8118],[31.1951,-0.8059],[31.1867,-0.7959],[31.1964,-0.7863],[31.1942,-0.7623],[31.1839,-0.7446],[31.1721,-0.7309],[31.1528,-0.7013],[31.1363,-0.6914],[31.1068,-0.6634],[31.0778,-0.6559],[31.0775,-0.6568],[31.0702,-0.6588],[31.0289,-0.6889],[30.9691,-0.6879],[30.949,-0.6979],[30.9344,-0.6995],[30.9154,-0.6873],[30.9058,-0.6858],[30.8937,-0.6885]]]]}},{"type":"Feature","properties":{"name":"Kabula"},"geometry":{"type":"MultiPolygon","coordinates":[[[[31.1481,-0.4747],[31.1581,-0.4739],[31.1709,-0.4733],[31.1849,-0.4652],[31.1858,-0.4468],[31.1999,-0.4329],[31.1969,-0.427],[31.1847,-0.4104],[31.1662,-0.4086],[31.1541,-0.4001],[31.1576,-0.3953],[31.1587,-0.3753],[31.211,-0.3193],[31.2113,-0.3121],[31.2347,-0.2866],[31.2536,-0.2863],[31.2596,-0.2794],[31.2602,-0.2673],[31.2885,-0.2462],[31.2881,-0.2244],[31.3026,-0.1978],[31.3034,-0.0921],[31.2975,-0.0784],[31.2748,-0.0616],[31.26,-0.0585],[31.2521,-0.0738],[31.2446,-0.0845],[31.2081,-0.0687],[31.1983,-0.0614],[31.1905,-0.0442],[31.165,-0.0355],[31.1441,-0.0335],[31.1359,-0.0165],[31.1086,-0.0151],[31.0921,-0.0311],[31.073,-0.0382],[31.0847,-0.0591],[31.0866,-0.1173],[31.0772,-0.131],[31.0797,-0.1497],[31.0701,-0.1671],[31.0701,-0.2035],[31.0626,-0.2175],[31.0635,-0.2262],[31.0719,-0.2471],[31.0701,-0.2713],[31.0623,-0.2794],[31.0682,-0.2916],[31.0797,-0.3133],[31.0872,-0.3305],[31.1052,-0.3625],[31.1139,-0.397],[31.1334,-0.4361],[31.1437,-0.4546],[31.148,-0.4692],[31.1481,-0.4747]]]]}},{"type":"Feature","properties":{"name":"Kooki"},"geometry":{"type":"MultiPolygon","coordinates":[[[[31.0778,-0.6559],[31.1068,-0.6634],[31.1363,-0.6914],[31.1528,-0.7013],[31.1721,-0.7309],[31.1839,-0.7446],[31.1942,-0.7623],[31.1964,-0.7863],[31.1867,-0.7959],[31.1951,-0.8059],[31.1945,-0.8118],[31.2098,-0.8292],[31.1889,-0.8544],[31.188,-0.8715],[31.215,-0.8959],[31.2447,-0.9174],[31.2484,-0.9649],[31.2689,-0.9963],[31.2945,-0.9997],[31.3429,-1.0001],[31.3327,-0.9795],[31.3171,-0.9758],[31.3006,-0.9633],[31.2901,-0.9605],[31.2929,-0.9437],[31.3037,-0.9366],[31.3697,-0.9356],[31.3775,-0.9254],[31.385,-0.9095],[31.3857,-0.8927],[31.4127,-0.8423],[31.4226,-0.827],[31.4347,-0.8065],[31.4435,-0.8059],[31.4553,-0.7938],[31.4634,-0.7623],[31.4727,-0.7499],[31.4736,-0.7418],[31.4656,-0.7272],[31.4827,-0.7244],[31.5113,-0.7225],[31.5141,-0.7129],[31.5244,-0.6901],[31.5026,-0.6656],[31.4799,-0.6634],[31.4718,-0.6472],[31.4631,-0.6373],[31.4606,-0.6204],[31.4568,-0.6145],[31.4332,-0.5959],[31.4127,-0.5878],[31.4071,-0.5835],[31.4027,-0.58],[31.3837,-0.566],[31.3642,-0.5449],[31.3566,-0.5345],[31.348,-0.5188],[31.3313,-0.5058],[31.3172,-0.4909],[31.3044,-0.4893],[31.2755,-0.4726],[31.2506,-0.4696],[31.2373,-0.4558],[31.2166,-0.4403],[31.1999,-0.4329],[31.1858,-0.4468],[31.1849,-0.4652],[31.1709,-0.4733],[31.1581,-0.4739],[31.1481,-0.4747],[31.1485,-0.5047],[31.132,-0.5416],[31.1189,-0.5625],[31.0926,-0.6213],[31.0824,-0.6374],[31.0778,-0.6559]]]]}},{"type":"Feature","properties":{"name":"Kakuuto"},"geometry":{"type":"MultiPolygon","coordinates":[[[[31.3327,-0.9795],[31.3433,-1.0001],[31.7903,-0.9991],[31.7937,-0.9928],[31.7952,-0.9791],[31.7801,-0.9636],[31.7859,-0.9369],[31.7708,-0.9213],[31.7704,-0.913],[31.7772,-0.9014],[31.7733,-0.8819],[31.746,-0.8513],[31.7183,-0.8479],[31.7067,-0.8284],[31.7067,-0.8119],[31.6862,-0.8148],[31.6721,-0.8158],[31.6094,-0.809],[31.5953,-0.7973],[31.572,-0.7667],[31.5613,-0.7662],[31.5525,-0.7536],[31.5506,-0.7439],[31.5399,-0.7264],[31.5113,-0.7225],[31.4827,-0.7244],[31.4656,-0.7272],[31.4736,-0.7418],[31.4727,-0.7499],[31.4634,-0.7623],[31.4553,-0.7938],[31.4435,-0.8059],[31.4347,-0.8065],[31.4226,-0.827],[31.4127,-0.8423],[31.3857,-0.8927],[31.385,-0.9095],[31.3775,-0.9254],[31.3697,-0.9356],[31.3037,-0.9366],[31.2929,-0.9437],[31.2901,-0.9605],[31.3006,-0.9633],[31.3171,-0.9758],[31.3327,-0.9795]]]]}},{"type":"Feature","properties":{"name":"Kyotera"},"geometry":{"type":"MultiPolygon","coordinates":[[[[31.5113,-0.7225],[31.5399,-0.7264],[31.5506,-0.7439],[31.5525,-0.7536],[31.5613,-0.7662],[31.572,-0.7667],[31.5953,-0.7973],[31.6094,-0.809],[31.6721,-0.8158],[31.6862,-0.8148],[31.7067,-0.8119],[31.7086,-0.7866],[31.7237,-0.7614],[31.7451,-0.7205],[31.7446,-0.7118],[31.7251,-0.6962],[31.7164,-0.6641],[31.6974,-0.6388],[31.6707,-0.5995],[31.6838,-0.579],[31.6877,-0.564],[31.6877,-0.544],[31.7047,-0.5377],[31.7062,-0.529],[31.6979,-0.5188],[31.676,-0.5095],[31.6634,-0.493],[31.6614,-0.4784],[31.6692,-0.4624],[31.6673,-0.4536],[31.6517,-0.4356],[31.6357,-0.4313],[31.624,-0.4322],[31.6065,-0.4283],[31.5953,-0.4303],[31.5866,-0.4434],[31.5788,-0.4614],[31.5666,-0.4804],[31.5452,-0.4945],[31.5331,-0.4998],[31.4762,-0.5188],[31.4509,-0.5353],[31.4354,-0.5387],[31.412,-0.5557],[31.4071,-0.5835],[31.4127,-0.5878],[31.4332,-0.5959],[31.4568,-0.6145],[31.4606,-0.6204],[31.4631,-0.6373],[31.4718,-0.6472],[31.4799,-0.6634],[31.5026,-0.6656],[31.5244,-0.6901],[31.5141,-0.7129],[31.5113,-0.7225]]]]}},{"type":"Feature","properties":{"name":"Bukuto"},"geometry":{"type":"MultiPolygon","coordinates":[[[[31.2885,-0.2462],[31.2602,-0.2673],[31.2596,-0.2794],[31.2536,-0.2863],[31.2347,-0.2866],[31.2113,-0.3121],[31.211,-0.3193],[31.1587,-0.3753],[31.1576,-0.3953],[31.1541,-0.4001],[31.1662,-0.4086],[31.1847,-0.4104],[31.1969,-0.427],[31.1999,-0.4329],[31.2166,-0.4403],[31.2373,-0.4558],[31.2506,-0.4696],[31.2755,-0.4726],[31.3044,-0.4893],[31.3172,-0.4909],[31.3313,-0.5058],[31.348,-0.5188],[31.3566,-0.5345],[31.3642,-0.5449],[31.3837,-0.566],[31.4027,-0.58],[31.4071,-0.5835],[31.412,-0.5557],[31.4354,-0.5387],[31.4509,-0.5353],[31.4762,-0.5188],[31.5331,-0.4998],[31.5452,-0.4945],[31.5666,-0.4804],[31.5788,-0.4614],[31.5866,-0.4434],[31.5953,-0.4303],[31.6065,-0.4283],[31.624,-0.4322],[31.6357,-0.4313],[31.6517,-0.4356],[31.6673,-0.4536],[31.6692,-0.4624],[31.6614,-0.4784],[31.6634,-0.493],[31.676,-0.5095],[31.6979,-0.5188],[31.7062,-0.529],[31.7047,-0.5377],[31.6877,-0.544],[31.6877,-0.564],[31.6838,-0.579],[31.6707,-0.5995],[31.6974,-0.6388],[31.7164,-0.6641],[31.7251,-0.6962],[31.7446,-0.7118],[31.7583,-0.7015],[31.7709,-0.6856],[31.808,-0.6454],[31.8006,-0.6427],[31.7977,-0.6393],[31.7865,-0.6332],[31.7842,-0.6206],[31.7863,-0.6075],[31.7896,-0.6007],[31.787,-0.5879],[31.7912,-0.579],[31.8036,-0.5626],[31.8196,-0.5445],[31.8204,-0.5401],[31.8418,-0.4962],[31.8694,-0.4696],[31.9217,-0.4283],[31.9573,-0.391],[31.9617,-0.3859],[31.972,-0.3666],[31.9823,-0.3548],[31.9862,-0.3414],[31.9862,-0.3357],[31.9919,-0.3251],[32.0149,-0.2985],[32.0319,-0.3063],[32.0353,-0.3194],[32.0431,-0.3287],[32.0485,-0.3116],[32.0285,-0.2922],[32.0271,-0.2674],[32.0198,-0.2553],[31.995,-0.2421],[31.9916,-0.1984],[31.9833,-0.1886],[31.9624,-0.177],[31.9532,-0.1804],[31.9488,-0.185],[31.9342,-0.2003],[31.9118,-0.2275],[31.8812,-0.2348],[31.8763,-0.263],[31.8501,-0.2621],[31.8394,-0.2577],[31.8161,-0.2363],[31.8049,-0.2353],[31.7684,-0.2694],[31.7407,-0.2694],[31.7178,-0.2635],[31.7106,-0.2995],[31.6984,-0.3073],[31.6726,-0.2985],[31.6021,-0.2975],[31.5835,-0.3171],[31.5754,-0.3239],[31.5682,-0.318],[31.5465,-0.3239],[31.5343,-0.3221],[31.5321,-0.3059],[31.4441,-0.3065],[31.4269,-0.3047],[31.4191,-0.2997],[31.3926,-0.3083],[31.3685,-0.3288],[31.3309,-0.3308],[31.3203,-0.3298],[31.3046,-0.315],[31.2963,-0.3035],[31.2953,-0.2979],[31.2875,-0.2852],[31.2889,-0.2677],[31.2885,-0.2462]]]]}},{"type":"Feature","properties":{"name":"Bukomansimbi"},"geometry":{"type":"MultiPolygon","coordinates":[[[[31.5835,-0.3171],[31.6021,-0.2975],[31.6726,-0.2985],[31.6984,-0.3073],[31.7106,-0.2995],[31.7178,-0.2635],[31.7229,-0.2296],[31.7135,-0.2175],[31.7123,-0.2029],[31.7064,-0.1914],[31.6975,-0.1657],[31.6974,-0.1335],[31.7058,-0.1179],[31.7061,-0.1042],[31.712,-0.0874],[31.7135,-0.0607],[31.7042,-0.0358],[31.703,-0.0255],[31.6983,-0.0118],[31.6818,0.0149],[31.6678,0.0355],[31.6504,0.0513],[31.6031,0.0541],[31.5916,0.0579],[31.5732,0.0367],[31.5483,0.024],[31.5343,0.0115],[31.5303,0.0084],[31.5199,-0.008],[31.5215,-0.0362],[31.5283,-0.044],[31.5326,-0.1512],[31.5309,-0.1851],[31.5368,-0.192],[31.539,-0.1998],[31.5502,-0.2172],[31.5608,-0.2324],[31.5667,-0.2471],[31.572,-0.2573],[31.5757,-0.2682],[31.585,-0.28],[31.5835,-0.3171]]]]}},{"type":"Feature","properties":{"name":"Kalungu"},"geometry":{"type":"MultiPolygon","coordinates":[[[[31.9488,-0.185],[31.9423,-0.1777],[31.9429,-0.1612],[31.9494,-0.1497],[31.9494,-0.1354],[31.9419,-0.1273],[31.9348,-0.1154],[31.9118,-0.0905],[31.8953,-0.0644],[31.8647,-0.0106],[31.8567,0.0034],[31.8358,0.0252],[31.8184,0.0367],[31.8161,0.0388],[31.8057,0.0479],[31.7948,0.0538],[31.7801,0.0622],[31.7602,0.0694],[31.7313,0.0709],[31.7219,0.0787],[31.7058,0.0793],[31.6902,0.0868],[31.6834,0.0812],[31.6678,0.0703],[31.6504,0.0513],[31.6678,0.0355],[31.6818,0.0149],[31.6983,-0.0118],[31.703,-0.0255],[31.7042,-0.0358],[31.7135,-0.0607],[31.712,-0.0874],[31.7061,-0.1042],[31.7058,-0.1179],[31.6974,-0.1335],[31.6975,-0.1657],[31.7064,-0.1914],[31.7123,-0.2029],[31.7135,-0.2175],[31.7229,-0.2296],[31.7178,-0.2635],[31.7407,-0.2694],[31.7684,-0.2694],[31.8049,-0.2353],[31.8161,-0.2363],[31.8394,-0.2577],[31.8501,-0.2621],[31.8763,-0.263],[31.8812,-0.2348],[31.9118,-0.2275],[31.9342,-0.2003],[31.9488,-0.185]]]]}},{"type":"Feature","properties":{"name":"Gomba"},"geometry":{"type":"MultiPolygon","coordinates":[[[[31.2948,0.2095],[31.347,0.206],[31.3803,0.2063],[31.4002,0.1873],[31.4071,0.1752],[31.4077,0.1715],[31.4158,0.1602],[31.4245,0.1571],[31.4338,0.1518],[31.4456,0.1506],[31.4721,0.1394],[31.4814,0.1322],[31.4895,0.131],[31.5346,0.0974],[31.5698,0.0691],[31.5916,0.0579],[31.6031,0.0541],[31.6504,0.0513],[31.6678,0.0703],[31.6834,0.0812],[31.6902,0.0868],[31.7058,0.0793],[31.7219,0.0787],[31.7313,0.0709],[31.7602,0.0694],[31.7801,0.0622],[31.7948,0.0538],[31.8057,0.0479],[31.8161,0.0388],[31.8246,0.0541],[31.8284,0.0641],[31.8738,0.1049],[31.907,0.1074],[31.9303,0.1201],[31.9366,0.1201],[31.9507,0.1133],[31.9624,0.1123],[31.9809,0.1225],[32.0052,0.1332],[32.0222,0.1473],[32.0499,0.1468],[32.0572,0.1536],[32.0815,0.192],[32.0927,0.2047],[32.1102,0.2066],[32.119,0.2188],[32.1267,0.2363],[32.1442,0.2377],[32.1564,0.246],[32.1626,0.2641],[32.1489,0.2816],[32.1451,0.2867],[32.1357,0.2944],[32.125,0.2948],[32.1113,0.3051],[32.0831,0.3025],[32.0771,0.2974],[32.0776,0.2812],[32.0425,0.279],[32.034,0.2701],[32.0331,0.2628],[32.0237,0.256],[32.0028,0.2525],[31.9883,0.2414],[31.9402,0.2379],[31.9249,0.2275],[31.917,0.227],[31.9025,0.2333],[31.8883,0.2344],[31.8519,0.262],[31.8571,0.2705],[31.8516,0.2795],[31.8409,0.2885],[31.8231,0.2908],[31.8229,0.2901],[31.8096,0.2884],[31.7951,0.2782],[31.7729,0.2684],[31.7541,0.2538],[31.743,0.2517],[31.7148,0.2397],[31.6823,0.2645],[31.675,0.2713],[31.6596,0.2713],[31.6425,0.2795],[31.6272,0.2978],[31.6246,0.3081],[31.5946,0.3235],[31.5792,0.3315],[31.5728,0.3364],[31.5707,0.3562],[31.5601,0.3709],[31.5481,0.3662],[31.525,0.3491],[31.5011,0.3401],[31.4862,0.3299],[31.4644,0.3196],[31.4357,0.3124],[31.4208,0.306],[31.39,0.3071],[31.352,0.2986],[31.3377,0.2981],[31.3063,0.2716],[31.3019,0.2357],[31.2929,0.2281],[31.2948,0.2095]]]]}},{"type":"Feature","properties":{"name":"Butambala"},"geometry":{"type":"MultiPolygon","coordinates":[[[[32.1626,0.2641],[32.1564,0.246],[32.1442,0.2377],[32.1267,0.2363],[32.119,0.2188],[32.1102,0.2066],[32.0927,0.2047],[32.0815,0.192],[32.0572,0.1536],[32.0499,0.1468],[32.0222,0.1473],[32.0052,0.1332],[31.9809,0.1225],[31.9624,0.1123],[31.9507,0.1133],[31.9366,0.1201],[31.9303,0.1201],[31.907,0.1074],[31.8738,0.1049],[31.8284,0.0641],[31.8246,0.0541],[31.8161,0.0388],[31.8184,0.0367],[31.8358,0.0252],[31.8567,0.0034],[31.8647,-0.0106],[31.8764,-0.001],[31.8808,0.0186],[31.9022,0.0426],[31.9299,0.0434],[31.9401,0.0611],[31.9574,0.0769],[31.968,0.0793],[32.0064,0.0871],[32.0266,0.094],[32.0418,0.1042],[32.0913,0.1459],[32.1059,0.1522],[32.1112,0.1478],[32.1218,0.1441],[32.1327,0.1509],[32.1445,0.154],[32.1622,0.1419],[32.1688,0.1139],[32.1775,0.1055],[32.1918,0.1064],[32.2002,0.1117],[32.2016,0.1551],[32.2118,0.1784],[32.2181,0.2037],[32.2172,0.2178],[32.2259,0.2329],[32.2274,0.2489],[32.2454,0.2577],[32.2614,0.2518],[32.2843,0.2553],[32.2911,0.264],[32.3008,0.2873],[32.3008,0.3005],[32.2605,0.3265],[32.2288,0.3],[32.21,0.3145],[32.1908,0.291],[32.1899,0.2816],[32.1711,0.2641],[32.1626,0.2641]]]]}},{"type":"Feature","properties":{"name":"Mawokota"},"geometry":{"type":"MultiPolygon","coordinates":[[[[32.2588,0.3856],[32.2605,0.3265],[32.3008,0.3005],[32.3008,0.2873],[32.2911,0.264],[32.2843,0.2553],[32.2614,0.2518],[32.2454,0.2577],[32.2274,0.2489],[32.2259,0.2329],[32.2172,0.2178],[32.2181,0.2037],[32.2118,0.1784],[32.2016,0.1551],[32.2002,0.1117],[32.1918,0.1064],[32.1775,0.1055],[32.1688,0.1139],[32.1622,0.1419],[32.1445,0.154],[32.1327,0.1509],[32.1218,0.1441],[32.1112,0.1478],[32.1059,0.1522],[32.0913,0.1459],[32.0418,0.1042],[32.0266,0.094],[32.0064,0.0871],[31.968,0.0793],[31.9574,0.0769],[31.9401,0.0611],[31.9299,0.0434],[31.9022,0.0426],[31.8808,0.0186],[31.8764,-0.001],[31.8647,-0.0106],[31.8953,-0.0644],[31.9118,-0.0905],[31.9348,-0.1154],[31.9419,-0.1273],[31.9494,-0.1354],[31.9494,-0.1416],[32.0016,-0.1537],[32.2503,-0.1531],[32.2494,-0.0566],[32.2419,-0.0411],[32.2195,-0.0196],[32.217,-0.0087],[32.213,0.0078],[32.2164,0.0131],[32.2201,0.047],[32.2382,0.0601],[32.2556,0.0762],[32.2674,0.0859],[32.2736,0.1157],[32.2867,0.1181],[32.3115,0.1274],[32.33,0.1381],[32.3407,0.1566],[32.3489,0.1745],[32.363,0.2032],[32.3766,0.2086],[32.3951,0.2134],[32.4073,0.2416],[32.4193,0.2688],[32.4242,0.2776],[32.426,0.3184],[32.4186,0.331],[32.4158,0.3401],[32.4043,0.3492],[32.3904,0.3622],[32.3748,0.3738],[32.3516,0.3822],[32.3371,0.3913],[32.3074,0.3943],[32.2949,0.3969],[32.2828,0.4031],[32.2577,0.4064],[32.2588,0.3856]]]]}},{"type":"Feature","properties":{"name":"Busiro"},"geometry":{"type":"MultiPolygon","coordinates":[[[[32.2173,0.5863],[32.1976,0.5574],[32.1976,0.5434],[32.1899,0.5303],[32.1902,0.5155],[32.1809,0.5054],[32.1809,0.4813],[32.1727,0.4712],[32.1902,0.4559],[32.2036,0.4537],[32.206,0.4463],[32.2134,0.4362],[32.2304,0.4195],[32.249,0.4069],[32.2577,0.4064],[32.2828,0.4031],[32.2949,0.3969],[32.3074,0.3943],[32.3371,0.3913],[32.3516,0.3822],[32.3748,0.3738],[32.3904,0.3622],[32.4043,0.3492],[32.4158,0.3401],[32.4186,0.331],[32.426,0.3184],[32.4242,0.2776],[32.4193,0.2688],[32.4073,0.2416],[32.3951,0.2134],[32.3766,0.2086],[32.363,0.2032],[32.3489,0.1745],[32.3407,0.1566],[32.33,0.1381],[32.3115,0.1274],[32.2867,0.1181],[32.2736,0.1157],[32.2674,0.0859],[32.2556,0.0762],[32.2382,0.0601],[32.2201,0.047],[32.2164,0.0131],[32.213,0.0078],[32.217,-0.0087],[32.2195,-0.0196],[32.2419,-0.0411],[32.2494,-0.0566],[32.2505,-0.1519],[32.4028,-0.1522],[32.4034,-0.0828],[32.3966,0.0106],[32.3984,0.0554],[32.4172,0.0733],[32.4376,0.0822],[32.4453,0.0974],[32.4491,0.1171],[32.4553,0.1167],[32.4609,0.1091],[32.4593,0.101],[32.4395,0.0691],[32.4228,0.0552],[32.4172,0.0412],[32.4312,0.0259],[32.4461,0.0183],[32.4571,0.034],[32.4677,0.0362],[32.4793,0.0474],[32.4866,0.0576],[32.4835,0.0668],[32.488,0.0749],[32.4891,0.0839],[32.4968,0.0739],[32.5035,0.0528],[32.5132,0.0472],[32.5278,0.0484],[32.5357,0.0538],[32.5347,0.0649],[32.5282,0.0816],[32.5509,0.0675],[32.5537,0.0566],[32.5461,0.0446],[32.5527,0.037],[32.565,0.039],[32.5827,0.0532],[32.5787,0.0544],[32.5662,0.0653],[32.5674,0.0812],[32.558,0.0933],[32.5509,0.1139],[32.5596,0.1036],[32.5836,0.0993],[32.5842,0.1284],[32.5988,0.1439],[32.5857,0.1634],[32.575,0.1969],[32.6017,0.2013],[32.612,0.21],[32.6133,0.2285],[32.6139,0.2373],[32.6037,0.2606],[32.5876,0.2766],[32.5735,0.2864],[32.5385,0.2878],[32.5225,0.3078],[32.5206,0.3223],[32.522,0.335],[32.5478,0.3554],[32.547,0.3559],[32.5304,0.3675],[32.5238,0.3756],[32.5123,0.3921],[32.5204,0.4191],[32.5139,0.4338],[32.5045,0.4531],[32.4834,0.4705],[32.4743,0.4733],[32.4635,0.4823],[32.4529,0.4885],[32.4358,0.4963],[32.4261,0.5059],[32.4274,0.5134],[32.4345,0.5206],[32.4411,0.5383],[32.4414,0.5483],[32.4365,0.563],[32.4319,0.5634],[32.4082,0.5609],[32.3896,0.5694],[32.3665,0.5678],[32.3585,0.5711],[32.3438,0.5604],[32.3371,0.5594],[32.3272,0.559],[32.3246,0.5491],[32.284,0.5517],[32.2673,0.5666],[32.2511,0.5649],[32.2352,0.5841],[32.2173,0.5863]]]]}},{"type":"Feature","properties":{"name":"Kyadondo"},"geometry":{"type":"MultiPolygon","coordinates":[[[[32.4365,0.563],[32.4414,0.5483],[32.4411,0.5383],[32.4345,0.5206],[32.4274,0.5134],[32.4261,0.5059],[32.4358,0.4963],[32.4529,0.4885],[32.4635,0.4823],[32.4743,0.4733],[32.4834,0.4705],[32.5045,0.4531],[32.5139,0.4338],[32.5204,0.4191],[32.5123,0.3921],[32.5238,0.3756],[32.5304,0.3675],[32.547,0.3559],[32.5495,0.375],[32.5658,0.4008],[32.5745,0.4118],[32.5969,0.4108],[32.6042,0.4026],[32.6178,0.3821],[32.6275,0.3749],[32.6348,0.3632],[32.6392,0.3496],[32.6509,0.3316],[32.6767,0.313],[32.6778,0.3298],[32.6841,0.3435],[32.6828,0.3672],[32.6757,0.383],[32.6586,0.3995],[32.6604,0.4082],[32.6554,0.4272],[32.6601,0.4397],[32.6623,0.4636],[32.6688,0.4739],[32.6747,0.4882],[32.6572,0.5102],[32.661,0.5143],[32.666,0.5308],[32.6656,0.5619],[32.6382,0.5594],[32.6241,0.567],[32.601,0.5666],[32.5921,0.5747],[32.5796,0.5792],[32.5567,0.559],[32.5422,0.5502],[32.5148,0.5639],[32.4752,0.5664],[32.4653,0.5604],[32.4365,0.563]]]]}},{"type":"Feature","properties":{"name":"Kampala"},"geometry":{"type":"MultiPolygon","coordinates":[[[[32.6133,0.2285],[32.6343,0.2193],[32.6547,0.2694],[32.6781,0.2907],[32.68,0.3107],[32.6767,0.313],[32.6509,0.3316],[32.6392,0.3496],[32.6348,0.3632],[32.6275,0.3749],[32.6178,0.3821],[32.6042,0.4026],[32.5969,0.4108],[32.5745,0.4118],[32.5658,0.4008],[32.5495,0.375],[32.547,0.3559],[32.5478,0.3554],[32.522,0.335],[32.5206,0.3223],[32.5225,0.3078],[32.5385,0.2878],[32.5735,0.2864],[32.5876,0.2766],[32.6037,0.2606],[32.6139,0.2373],[32.6133,0.2285]]]]}},{"type":"Feature","properties":{"name":"Nakifuma"},"geometry":{"type":"MultiPolygon","coordinates":[[[[32.7834,0.8763],[32.7667,0.848],[32.7538,0.8297],[32.747,0.8125],[32.7516,0.731],[32.7462,0.7089],[32.7442,0.67],[32.7361,0.6534],[32.7288,0.635],[32.7096,0.6064],[32.6823,0.5808],[32.6936,0.5615],[32.7024,0.5484],[32.7034,0.5338],[32.7131,0.5227],[32.7282,0.5217],[32.7316,0.5149],[32.7427,0.5056],[32.7719,0.5017],[32.7884,0.4901],[32.8064,0.475],[32.8196,0.4619],[32.8337,0.459],[32.8434,0.4488],[32.8448,0.4298],[32.8337,0.4123],[32.838,0.4079],[32.8492,0.3928],[32.8594,0.3753],[32.8601,0.3753],[32.8842,0.3749],[32.8881,0.3909],[32.9061,0.3928],[32.9251,0.4084],[32.9557,0.4128],[32.9542,0.4288],[32.9469,0.4473],[32.9382,0.4619],[32.9401,0.4969],[32.9445,0.5163],[32.9533,0.5299],[32.9775,0.5628],[32.9745,0.5662],[32.9647,0.5794],[32.9544,0.5999],[32.9177,0.6525],[32.8854,0.6744],[32.8802,0.6744],[32.8692,0.6799],[32.8706,0.7009],[32.8548,0.734],[32.834,0.7616],[32.8154,0.7832],[32.8168,0.8097],[32.8087,0.8196],[32.8049,0.8298],[32.7989,0.8388],[32.7989,0.8469],[32.7869,0.8593],[32.7869,0.8687],[32.7834,0.8763]]]]}},{"type":"Feature","properties":{"name":"Mukono"},"geometry":{"type":"MultiPolygon","coordinates":[[[[32.6656,0.5619],[32.666,0.5308],[32.661,0.5143],[32.6572,0.5102],[32.6747,0.4882],[32.6688,0.4739],[32.6623,0.4636],[32.6601,0.4397],[32.6554,0.4272],[32.6604,0.4082],[32.6586,0.3995],[32.6757,0.383],[32.6828,0.3672],[32.6841,0.3435],[32.6778,0.3298],[32.6767,0.313],[32.68,0.3107],[32.6781,0.2907],[32.6547,0.2694],[32.6343,0.2193],[32.6506,0.2151],[32.6618,0.2091],[32.6721,0.2149],[32.6727,0.2195],[32.6775,0.2278],[32.6815,0.2212],[32.6795,0.2077],[32.6642,0.1946],[32.6473,0.1731],[32.6307,0.1551],[32.6315,0.1478],[32.6516,0.1523],[32.6749,0.1543],[32.696,0.1651],[32.7148,0.1818],[32.716,0.1979],[32.7269,0.193],[32.7327,0.1786],[32.7385,0.1703],[32.7253,0.1571],[32.6779,0.1284],[32.661,0.1292],[32.6516,0.1177],[32.6479,0.0924],[32.6598,0.0832],[32.6935,0.085],[32.7118,0.0916],[32.717,0.101],[32.7265,0.1063],[32.7285,0.1163],[32.7375,0.1061],[32.7428,0.1065],[32.7546,0.1231],[32.7622,0.1123],[32.7781,0.1103],[32.7793,0.1034],[32.7904,0.1012],[32.7894,0.1227],[32.7918,0.1386],[32.802,0.1348],[32.8068,0.1512],[32.8179,0.1366],[32.8261,0.1364],[32.8299,0.1432],[32.8364,0.146],[32.8442,0.1426],[32.8524,0.1338],[32.8574,0.1348],[32.8601,0.1456],[32.8581,0.1508],[32.8538,0.1456],[32.8498,0.147],[32.8484,0.1519],[32.8454,0.1557],[32.8494,0.1563],[32.8542,0.1609],[32.8478,0.1685],[32.8456,0.1798],[32.8498,0.1816],[32.8597,0.1679],[32.8679,0.1635],[32.8711,0.1711],[32.8729,0.1828],[32.8717,0.1974],[32.8856,0.1912],[32.8905,0.2052],[32.893,0.2397],[32.9017,0.2494],[32.9032,0.2713],[32.8944,0.2864],[32.8862,0.3024],[32.8799,0.3044],[32.8696,0.3112],[32.8614,0.3228],[32.8662,0.3282],[32.8677,0.3384],[32.8604,0.3476],[32.8601,0.3753],[32.8594,0.3753],[32.8492,0.3928],[32.838,0.4079],[32.8337,0.4123],[32.8448,0.4298],[32.8434,0.4488],[32.8337,0.459],[32.8196,0.4619],[32.8064,0.475],[32.7884,0.4901],[32.7719,0.5017],[32.7427,0.5056],[32.7316,0.5149],[32.7282,0.5217],[32.7131,0.5227],[32.7034,0.5338],[32.7024,0.5484],[32.6936,0.5615],[32.6823,0.5808],[32.6762,0.5752],[32.6656,0.5619]]]]}},{"type":"Feature","properties":{"name":"Buikwe"},"geometry":{"type":"MultiPolygon","coordinates":[[[[32.9775,0.5628],[32.9533,0.5299],[32.9445,0.5163],[32.9401,0.4969],[32.9382,0.4619],[32.9469,0.4473],[32.9542,0.4288],[32.9557,0.4128],[32.9251,0.4084],[32.9061,0.3928],[32.8881,0.3909],[32.8842,0.3749],[32.8601,0.3753],[32.8604,0.3476],[32.8677,0.3384],[32.8662,0.3282],[32.8614,0.3228],[32.8696,0.3112],[32.8799,0.3044],[32.8862,0.3024],[32.8944,0.2864],[32.9032,0.2713],[32.9017,0.2494],[32.893,0.2397],[32.8905,0.2052],[32.8856,0.1912],[32.8964,0.1828],[32.8997,0.1686],[32.8911,0.1635],[32.879,0.1434],[32.8939,0.1327],[32.8735,0.122],[32.8729,0.1146],[32.8746,0.1102],[32.8808,0.1054],[32.8868,0.1091],[32.8937,0.1036],[32.89,0.0762],[32.8929,0.0698],[32.9029,0.0655],[32.9406,0.0692],[32.9611,0.0772],[32.9769,0.0854],[33.0133,0.108],[33.0447,0.1294],[33.0967,0.1864],[33.1371,0.222],[33.1553,0.2517],[33.1539,0.2968],[33.1642,0.3102],[33.2043,0.3273],[33.228,0.3438],[33.2712,0.371],[33.27,0.3721],[33.2656,0.3821],[33.2513,0.3877],[33.2239,0.3908],[33.2174,0.3974],[33.2025,0.4064],[33.1994,0.4176],[33.1659,0.4582],[33.1608,0.4574],[33.1546,0.4655],[33.1486,0.4742],[33.1415,0.477],[33.1216,0.4947],[33.111,0.5059],[33.1026,0.5215],[33.0788,0.5453],[33.0783,0.5341],[33.0587,0.5141],[33.039,0.5111],[33.0155,0.5303],[32.9963,0.5414],[32.9775,0.5628]]]]}},{"type":"Feature","properties":{"name":"Kyamuswa"},"geometry":{"type":"MultiPolygon","coordinates":[[[[32.3113,-0.7346],[32.3129,-0.7222],[32.3116,-0.716],[32.301,-0.7225],[32.2951,-0.7297],[32.2929,-0.7381],[32.2992,-0.7421],[32.3113,-0.7346]]],[[[32.3085,-0.6494],[32.3197,-0.641],[32.32,-0.6326],[32.3125,-0.6295],[32.2988,-0.645],[32.2973,-0.6575],[32.3066,-0.6612],[32.3085,-0.6494]]],[[[32.3461,-0.6637],[32.3611,-0.6466],[32.3664,-0.632],[32.3636,-0.6133],[32.3567,-0.6114],[32.3496,-0.6329],[32.3353,-0.6519],[32.3259,-0.6709],[32.3237,-0.6802],[32.3318,-0.6836],[32.3461,-0.6637]]],[[[32.3149,-0.5251],[32.3133,-0.5154],[32.332,-0.4947],[32.325,-0.4903],[32.3217,-0.4799],[32.3163,-0.4769],[32.3073,-0.4801],[32.3009,-0.4843],[32.2938,-0.5],[32.2832,-0.505],[32.283,-0.5088],[32.2948,-0.5182],[32.2954,-0.5295],[32.298,-0.5341],[32.3131,-0.5349],[32.3149,-0.5251]]],[[[32.4083,-0.4035],[32.4064,-0.3997],[32.3971,-0.3941],[32.3864,-0.392],[32.3705,-0.3946],[32.367,-0.3976],[32.3607,-0.3993],[32.348,-0.4086],[32.347,-0.4188],[32.3553,-0.4294],[32.3605,-0.4323],[32.371,-0.4253],[32.3663,-0.4202],[32.3682,-0.4123],[32.372,-0.4104],[32.3751,-0.4198],[32.3779,-0.4219],[32.3837,-0.4147],[32.3932,-0.4197],[32.4015,-0.4174],[32.4083,-0.4108],[32.4083,-0.4035]]],[[[32.5207,-0.4036],[32.519,-0.4017],[32.5252,-0.3948],[32.5296,-0.379],[32.5248,-0.3787],[32.5165,-0.3731],[32.5098,-0.3741],[32.5094,-0.3811],[32.5124,-0.3856],[32.5137,-0.3919],[32.5126,-0.3955],[32.4976,-0.4105],[32.5019,-0.4122],[32.5032,-0.4143],[32.5009,-0.4194],[32.4944,-0.4176],[32.4907,-0.4138],[32.47,-0.4176],[32.4643,-0.4163],[32.4606,-0.4137],[32.456,-0.4139],[32.4598,-0.4206],[32.4652,-0.4238],[32.4629,-0.4254],[32.4636,-0.4281],[32.4761,-0.4261],[32.4878,-0.4287],[32.4804,-0.4393],[32.4789,-0.4461],[32.4811,-0.4519],[32.4863,-0.4568],[32.4828,-0.4597],[32.4765,-0.46],[32.4771,-0.463],[32.474,-0.4687],[32.4607,-0.4768],[32.4584,-0.476],[32.4559,-0.4799],[32.4477,-0.4839],[32.445,-0.4868],[32.4448,-0.4899],[32.4473,-0.4932],[32.4633,-0.4963],[32.4826,-0.4946],[32.4925,-0.4912],[32.4964,-0.4699],[32.4939,-0.4685],[32.494,-0.4658],[32.4973,-0.4621],[32.507,-0.4638],[32.5151,-0.4607],[32.5114,-0.4463],[32.5223,-0.4409],[32.532,-0.4197],[32.5389,-0.4096],[32.5354,-0.4063],[32.5283,-0.4065],[32.5207,-0.4036]]],[[[32.561,-0.3668],[32.5625,-0.3653],[32.5595,-0.3629],[32.5518,-0.3635],[32.5512,-0.3675],[32.5449,-0.3685],[32.5452,-0.3719],[32.5425,-0.3783],[32.5353,-0.3736],[32.5311,-0.3755],[32.5294,-0.3801],[32.5389,-0.387],[32.5386,-0.3895],[32.543,-0.3959],[32.5486,-0.3964],[32.5517,-0.3903],[32.5434,-0.3865],[32.5435,-0.3815],[32.5487,-0.3788],[32.5526,-0.3807],[32.557,-0.3686],[32.561,-0.3668]]],[[[32.5719,-0.3636],[32.5759,-0.3608],[32.5788,-0.3546],[32.5732,-0.3501],[32.5711,-0.3502],[32.5686,-0.3538],[32.5626,-0.3569],[32.5632,-0.3592],[32.5656,-0.3603],[32.5616,-0.3641],[32.5666,-0.3653],[32.5719,-0.3636]]],[[[32.45,-0.3451],[32.4508,-0.3393],[32.447,-0.3383],[32.4376,-0.343],[32.4411,-0.3518],[32.4399,-0.3606],[32.4366,-0.3654],[32.4287,-0.3715],[32.431,-0.3733],[32.4458,-0.3714],[32.4275,-0.3817],[32.4396,-0.3858],[32.4608,-0.3801],[32.4661,-0.3761],[32.4823,-0.3759],[32.4816,-0.3704],[32.4677,-0.3655],[32.4636,-0.3604],[32.471,-0.3593],[32.4817,-0.3552],[32.486,-0.352],[32.487,-0.3558],[32.4921,-0.3558],[32.4983,-0.3476],[32.4949,-0.3409],[32.49,-0.3384],[32.467,-0.3394],[32.4611,-0.3441],[32.4532,-0.3479],[32.45,-0.3451]]],[[[32.3948,-0.3362],[32.3965,-0.3329],[32.3813,-0.3245],[32.3751,-0.3305],[32.3756,-0.3363],[32.3719,-0.3404],[32.3807,-0.3467],[32.3874,-0.3613],[32.3753,-0.366],[32.3599,-0.3542],[32.3554,-0.3572],[32.3562,-0.3662],[32.3588,-0.3719],[32.3663,-0.3761],[32.3789,-0.3762],[32.4283,-0.3641],[32.43,-0.3598],[32.4294,-0.3581],[32.4138,-0.3597],[32.4039,-0.3474],[32.4083,-0.3414],[32.4054,-0.3377],[32.3992,-0.3383],[32.3948,-0.3362]]],[[[32.5257,-0.3359],[32.5237,-0.3341],[32.5243,-0.3278],[32.516,-0.3232],[32.5111,-0.3232],[32.5103,-0.3251],[32.5178,-0.3323],[32.5173,-0.3347],[32.5199,-0.3402],[32.5218,-0.3409],[32.5221,-0.3478],[32.5247,-0.3494],[32.5244,-0.3533],[32.519,-0.3558],[32.5128,-0.3638],[32.508,-0.3666],[32.5022,-0.3671],[32.5022,-0.3692],[32.5068,-0.3683],[32.5125,-0.3702],[32.5344,-0.3611],[32.5357,-0.3593],[32.5331,-0.3392],[32.5353,-0.3368],[32.5257,-0.3359]]],[[[32.6178,-0.3153],[32.6155,-0.3097],[32.6128,-0.311],[32.6107,-0.3151],[32.5983,-0.3204],[32.5897,-0.3149],[32.5773,-0.3109],[32.5719,-0.3111],[32.5745,-0.314],[32.5734,-0.3242],[32.5672,-0.3268],[32.5654,-0.3335],[32.5721,-0.3383],[32.5837,-0.3414],[32.5875,-0.3324],[32.592,-0.3305],[32.593,-0.3359],[32.5978,-0.3382],[32.6065,-0.3367],[32.6164,-0.3304],[32.6146,-0.326],[32.6178,-0.3153]]],[[[32.5867,-0.2172],[32.5786,-0.2199],[32.5703,-0.2186],[32.5555,-0.228],[32.5603,-0.2339],[32.5689,-0.2312],[32.5725,-0.2338],[32.5732,-0.2366],[32.5875,-0.2379],[32.592,-0.237],[32.5862,-0.2287],[32.5867,-0.2172]]],[[[32.3516,-0.2204],[32.3301,-0.1905],[32.3208,-0.1838],[32.3057,-0.1862],[32.2977,-0.1909],[32.3001,-0.1998],[32.307,-0.2071],[32.3227,-0.2111],[32.333,-0.2168],[32.3348,-0.2234],[32.3213,-0.2232],[32.3121,-0.228],[32.3291,-0.2424],[32.3287,-0.2467],[32.3379,-0.251],[32.3684,-0.2727],[32.384,-0.2711],[32.3839,-0.2521],[32.378,-0.2411],[32.3715,-0.2413],[32.3603,-0.233],[32.3516,-0.2204]]],[[[32.2697,-0.1958],[32.2824,-0.1871],[32.2978,-0.1835],[32.2963,-0.1783],[32.2783,-0.1698],[32.2732,-0.1648],[32.2709,-0.1672],[32.2615,-0.1684],[32.2638,-0.1791],[32.2633,-0.1872],[32.2537,-0.1885],[32.2542,-0.193],[32.2625,-0.1972],[32.2639,-0.1997],[32.2697,-0.1958]]]]}},{"type":"Feature","properties":{"name":"Bujjumba"},"geometry":{"type":"MultiPolygon","coordinates":[[[[32.3597,-0.4395],[32.3588,-0.4372],[32.3508,-0.4351],[32.3282,-0.4424],[32.3238,-0.4388],[32.3208,-0.4398],[32.3123,-0.4484],[32.3091,-0.4565],[32.319,-0.4592],[32.3334,-0.4581],[32.3331,-0.4656],[32.3344,-0.467],[32.3446,-0.4605],[32.3445,-0.4586],[32.3486,-0.4561],[32.3496,-0.4509],[32.3546,-0.4463],[32.359,-0.4454],[32.3597,-0.4395]]],[[[32.3201,-0.3859],[32.3228,-0.3778],[32.3213,-0.3686],[32.3099,-0.3626],[32.297,-0.3583],[32.289,-0.3652],[32.2864,-0.3891],[32.2952,-0.3979],[32.3005,-0.4094],[32.3053,-0.4076],[32.3081,-0.4084],[32.3081,-0.4202],[32.3137,-0.424],[32.32,-0.4182],[32.3286,-0.4037],[32.333,-0.3929],[32.333,-0.3905],[32.3232,-0.3925],[32.3201,-0.3859]]],[[[32.0753,-0.2169],[32.0655,-0.2179],[32.0697,-0.2394],[32.0532,-0.2491],[32.0583,-0.2592],[32.0733,-0.2716],[32.0966,-0.2713],[32.1025,-0.2841],[32.1109,-0.2959],[32.1056,-0.3096],[32.1072,-0.3208],[32.1349,-0.3339],[32.165,-0.3385],[32.2161,-0.3339],[32.2341,-0.3482],[32.2354,-0.3697],[32.2447,-0.3824],[32.2435,-0.3921],[32.2201,-0.3852],[32.2145,-0.3998],[32.1983,-0.4148],[32.1778,-0.4244],[32.1694,-0.4384],[32.1703,-0.4549],[32.1638,-0.4695],[32.1504,-0.4845],[32.1402,-0.5016],[32.137,-0.5147],[32.1486,-0.5389],[32.1579,-0.5452],[32.1747,-0.5364],[32.1797,-0.51],[32.208,-0.4929],[32.208,-0.4779],[32.2214,-0.4661],[32.2413,-0.4577],[32.2304,-0.4848],[32.2497,-0.4935],[32.2771,-0.4817],[32.2988,-0.4751],[32.3032,-0.4692],[32.2985,-0.4512],[32.291,-0.4331],[32.2924,-0.4202],[32.292,-0.4061],[32.2834,-0.3891],[32.2796,-0.3758],[32.2806,-0.3612],[32.2948,-0.3453],[32.3057,-0.3389],[32.3232,-0.3375],[32.3346,-0.3348],[32.3265,-0.3233],[32.3148,-0.3219],[32.3145,-0.3154],[32.3092,-0.3077],[32.3017,-0.3038],[32.3045,-0.2903],[32.2963,-0.2903],[32.286,-0.2968],[32.2865,-0.3027],[32.2884,-0.3065],[32.2734,-0.3151],[32.2633,-0.3129],[32.2647,-0.3074],[32.2614,-0.3018],[32.2638,-0.2928],[32.2602,-0.2906],[32.2537,-0.292],[32.2522,-0.3019],[32.2433,-0.3026],[32.2251,-0.3003],[32.1695,-0.3063],[32.1621,-0.2983],[32.1657,-0.2764],[32.1719,-0.2675],[32.1982,-0.2398],[32.2042,-0.2298],[32.1793,-0.2216],[32.1657,-0.2326],[32.1568,-0.2358],[32.1406,-0.2209],[32.1249,-0.2256],[32.1088,-0.2218],[32.097,-0.227],[32.0753,-0.2169]]]]}},{"type":"Feature","properties":{"name":"Mukono"},"geometry":{"type":"MultiPolygon","coordinates":[[[[32.6056,-0.0836],[32.5846,-0.0844],[32.585,-0.0915],[32.5943,-0.0956],[32.6017,-0.0966],[32.6166,-0.1053],[32.6361,-0.104],[32.6374,-0.0956],[32.616,-0.0913],[32.6148,-0.0869],[32.6056,-0.0836]]],[[[32.7671,-0.0566],[32.7632,-0.0448],[32.7526,-0.0309],[32.7452,-0.0239],[32.7532,-0.0589],[32.7383,-0.0454],[32.7349,-0.0637],[32.7235,-0.0522],[32.7164,-0.0542],[32.7164,-0.0687],[32.7245,-0.0818],[32.7176,-0.0906],[32.7064,-0.0874],[32.6972,-0.0974],[32.6927,-0.0882],[32.6873,-0.0836],[32.6827,-0.0862],[32.6773,-0.0978],[32.6704,-0.0976],[32.6642,-0.1008],[32.6713,-0.1113],[32.7088,-0.1167],[32.7207,-0.1245],[32.7273,-0.1271],[32.7393,-0.1157],[32.7464,-0.1115],[32.758,-0.1111],[32.7462,-0.1199],[32.7383,-0.1312],[32.7626,-0.1257],[32.7735,-0.1273],[32.7855,-0.1219],[32.8046,-0.1105],[32.8183,-0.097],[32.8195,-0.0727],[32.8127,-0.0649],[32.8,-0.0623],[32.7886,-0.0721],[32.789,-0.0834],[32.7878,-0.0882],[32.7821,-0.0828],[32.7715,-0.084],[32.7811,-0.0753],[32.7819,-0.0707],[32.7747,-0.0663],[32.7671,-0.0566]]],[[[32.67,-0.0162],[32.668,-0.0144],[32.6657,-0.02],[32.6608,-0.0213],[32.6585,-0.0184],[32.6527,-0.0186],[32.6518,-0.0208],[32.6534,-0.0249],[32.6618,-0.03],[32.672,-0.0342],[32.6802,-0.0358],[32.6747,-0.0284],[32.67,-0.0162]]],[[[32.81,0.0372],[32.807,0.0444],[32.7974,0.0462],[32.7996,0.0327],[32.7892,0.0384],[32.7763,0.0317],[32.7713,0.0243],[32.7737,0.0179],[32.7642,0.0143],[32.7657,0.0038],[32.7703,-0.0054],[32.7661,-0.0094],[32.7496,0.0034],[32.7482,-0.0098],[32.7548,-0.0205],[32.7608,-0.0362],[32.7685,-0.0444],[32.7805,-0.0406],[32.7805,-0.0279],[32.7916,-0.0287],[32.7978,-0.0223],[32.801,-0.0117],[32.8076,-0.004],[32.8082,0.0026],[32.8163,0.0149],[32.8241,0.0201],[32.8269,0.0251],[32.8239,0.0307],[32.81,0.0372]]]]}},{"type":"Feature","properties":{"name":"Buvuma"},"geometry":{"type":"MultiPolygon","coordinates":[[[[33.1537,-0.0552],[33.1648,-0.0486],[33.1716,-0.0404],[33.1614,-0.0392],[33.1423,-0.0496],[33.1336,-0.0587],[33.133,-0.0639],[33.1537,-0.0552]]],[[[32.9492,0.0206],[32.9494,0.0235],[32.9401,0.024],[32.9185,0.0166],[32.9086,0.0172],[32.9011,0.0136],[32.8995,-0.0034],[32.9174,-0.004],[32.9179,-0.0076],[32.9244,-0.0069],[32.936,0.0064],[32.943,0.0076],[32.947,0.0103],[32.9505,0.0087],[32.9555,0.0101],[32.9468,0.0158],[32.9492,0.0206]]],[[[33.3094,0.0456],[33.3066,0.0502],[33.2939,0.054],[33.2843,0.0711],[33.2789,0.0727],[33.2513,0.0679],[33.2415,0.0544],[33.2401,0.0438],[33.2499,0.0259],[33.2535,0.0151],[33.2536,0.01],[33.2666,0.0119],[33.2756,0.0207],[33.2793,0.0281],[33.2913,0.0394],[33.3038,0.039],[33.3094,0.0456]]],[[[33.1199,0.111],[33.1073,0.1127],[33.1023,0.1095],[33.0842,0.1105],[33.0717,0.1074],[33.072,0.1023],[33.0776,0.0976],[33.0896,0.0937],[33.0855,0.0893],[33.0892,0.0836],[33.0942,0.0813],[33.1139,0.0932],[33.1203,0.0993],[33.1244,0.1012],[33.1246,0.0984],[33.1268,0.1022],[33.1199,0.111]]],[[[33.1551,0.1153],[33.1513,0.1175],[33.1448,0.1326],[33.1375,0.135],[33.1263,0.1356],[33.1245,0.1322],[33.1261,0.129],[33.1242,0.1248],[33.1265,0.1202],[33.1402,0.1148],[33.1402,0.109],[33.1431,0.1063],[33.1541,0.1053],[33.1551,0.1153]]],[[[33.1529,0.1719],[33.1479,0.1685],[33.1515,0.1593],[33.1632,0.1541],[33.1533,0.1527],[33.1497,0.15],[33.1545,0.1404],[33.1585,0.1356],[33.1589,0.1267],[33.163,0.1223],[33.163,0.1167],[33.171,0.1073],[33.1776,0.1079],[33.1762,0.1171],[33.1742,0.1209],[33.1746,0.1382],[33.1919,0.1671],[33.1909,0.1713],[33.1686,0.1703],[33.1529,0.1719]]],[[[33.3687,0.3144],[33.3494,0.3113],[33.3431,0.3035],[33.359,0.2947],[33.3624,0.2858],[33.3508,0.2812],[33.3375,0.2655],[33.3249,0.2587],[33.3267,0.2688],[33.3249,0.2746],[33.317,0.2786],[33.3046,0.2734],[33.2967,0.2778],[33.2993,0.2939],[33.3038,0.2993],[33.3174,0.3037],[33.3241,0.3103],[33.2979,0.3129],[33.2724,0.3111],[33.2521,0.3071],[33.2332,0.2995],[33.2203,0.2908],[33.2075,0.278],[33.2024,0.2629],[33.2032,0.2528],[33.2455,0.2261],[33.261,0.2066],[33.262,0.1916],[33.2353,0.193],[33.2168,0.2057],[33.2037,0.2032],[33.2139,0.1818],[33.228,0.1604],[33.2479,0.1677],[33.2615,0.1682],[33.2678,0.1468],[33.2834,0.1118],[33.3048,0.1011],[33.3142,0.0881],[33.3251,0.0772],[33.3409,0.0881],[33.3409,0.0958],[33.3244,0.103],[33.3241,0.1403],[33.3394,0.1472],[33.3428,0.1565],[33.3319,0.1668],[33.3263,0.1979],[33.3291,0.2107],[33.3696,0.2122],[33.3817,0.22],[33.3842,0.2356],[33.3923,0.2446],[33.3994,0.2583],[33.3929,0.273],[33.3823,0.3095],[33.381,0.3099],[33.3783,0.3099],[33.3687,0.3144]]]]}}]}